a	noun,det_def
nem	noun,neg
az	noun_pron,det_def
hogy	adv,con
és	con
egy	adj_num,det_indef
van	vrb
ez	noun_pron
is	con
de	con
meg	prv,con
csak	con
ha	noun,con
mi	noun_pron,noun
én	noun_pron,noun
azt	UNK
volt	noun,vrb,adj
igen	noun,con
vagy	vrb,con
kell	vrb
el	prv
itt	adv
már	con
még	con
ne	neg
te	noun_pron
ki	noun_pron,prv
mit	noun_pron,noun
ezt	noun_pron
vagyok	vrb
most	adv,con
jó	adj
tudom	vrb
úgy	adv
miért	con,noun_pron,noun
akkor	adv
mint	adv,con
ő	noun_pron,noun
jól	adj
lesz	vrb
nagyon	adv,adj
nincs	vrb
mert	con,vrb
minden	noun,noun_ind,det
sem	neg
amit	noun_pron
olyan	adj_wh
rendben	noun
így	con
be	prv
volna	vrb
oké	sentint,noun
nekem	noun_pron
le	prv
fel	prv
tudod	vrb
ott	adv
lehet	vrb
valami	noun_pron,adj
majd	con,adv
mindig	adv,noun_ind,noun,det
talán	adv
maga	noun_ref_SG_3
köszönöm	vrb
semmi	noun_pron,noun
hát	noun
aki	noun_pron
amikor	adv,noun_pron
hol	adv
neki	noun_pron,prv
szóval	adv,noun
neked	noun_pron
ami	noun_pron
kis	adj
hé	sentint
tényleg	adv
hiszem	vrb
elég	noun,adv,vrb
valamit	noun_pron,adj
fog	noun,vrb
lenne	vrb
ó	sentint,noun
igaz	adj
rá	noun_pron,prv
vele	noun_pron
milyen	adj_wh
ilyen	adj_wh
ide	adv,prv
biztos	noun,adj
uram	noun
őket	noun_pron
vissza	prv,adv
nagy	adj
tudja	vrb
ma	noun,adv
egész	adj
sajnálom	vrb
nos	con
mikor	adv,noun_pron,noun
vagyunk	vrb
gyerünk	vrb
vannak	vrb
azért	noun_pron,con
ember	noun
történt	vrb
persze	con
túl	post,adv,prv
sok	adj_num
mondta	vrb
két	adj_num
értem	noun_pron,vrb
gyere	vrb
szia	sentint
valaki	noun_pron
ahogy	adv
aztán	con
pedig	con
kicsit	adj
engem	noun_pron
ezért	noun_pron,con
velem	noun_pron
arra	adv
voltam	vrb
mondtam	vrb
ugye	con
mindent	noun
őt	noun_pron
na	sentint
kellett	vrb
új	adj
más	adj,noun
semmit	noun_pron,noun
benne	noun_pron
se	neg
nézd	vrb
akarsz	vrb
szerintem	noun_pron
miatt	post
kérem	vrb
jobb	adj,noun
veled	noun_pron
akarok	vrb
akarom	vrb
erre	adv
több	adj_num
kérlek	vrb
baj	noun
mindenki	noun
legyen	vrb
kéne	vrb
soha	neg
menj	vrb
nap	noun
akar	vrb
magát	noun_ref_SG_3
együtt	post,adv,prv
rám	noun_pron
senki	noun_pron
szép	adj
át	post,prv
első	adj_num,adj
mintha	con
pár	noun,adj_num
rossz	adj
este	noun,adv
ezek	noun_pron
minket	noun_pron,noun
után	post
emberek	noun
téged	noun_pron
róla	noun_pron
szerint	post
várj	vrb
hogyan	adv
újra	prv,adj
sosem	neg
láttam	vrb
tudok	vrb
tudtam	vrb
istenem	noun
ön	noun
kellene	vrb
dolog	noun
ja	sentint
akartam	vrb
hittem	vrb
mondja	vrb
egyszer	adv,adj_num
annyira	adj_num_wh
igazán	adv,noun,adj
oda	adv,prv
mondd	vrb
amíg	adv,con
másik	noun_pron,noun
apa	noun
egyik	noun_pron
lenni	vrb
tessék	vrb
megyek	vrb
gondoltam	vrb
tűnik	vrb
lett	noun,vrb,adj
néhány	adj_num_wh,adj
magam	noun_ref_SG_1
inkább	adv
érted	noun_pron,vrb
jobban	adj,noun
anya	noun
innen	post,adv
saját	adj
rajta	noun_pron,prv
ezzel	noun_pron
épp	adv
alatt	post
ebben	noun_pron,noun
elnézést	noun,vrb
úr	noun
legjobb	adj,noun
teljesen	adj
figyelj	vrb
tud	vrb
magad	noun_ref_SG_2
három	adj_num
egyetlen	adj
hozzá	noun_pron,prv
megy	vrb
jön	vrb
mielőtt	adv
szó	noun
mind	noun_ind,noun,det
egyedül	adv,adj_num,noun
menjünk	vrb
komolyan	adj
akarod	vrb
mondani	vrb
micsoda	noun
akik	noun_pron
voltál	vrb
isten	noun
mire	adv,noun_pron,noun
tovább	adv,prv
előtt	post
vége	noun
voltak	vrb,adj
ahol	adv
ők	noun_pron
hadd	adv
nekünk	noun_pron
holnap	noun,adv
szeretném	vrb
nő	noun,vrb
honnan	adv
nélkül	post,adv
ennek	noun_pron
tehát	con
pontosan	adj,noun
azok	noun_pron
áll	noun,vrb
dr.	abr
először	adv,adj_num
mégis	con
fogok	vrb
tudjuk	vrb
csinálsz	vrb
azzal	noun_pron
remek	noun,adj
akarja	vrb
beszélni	vrb
erről	adv
mondom	vrb
idő	noun
megint	adv,vrb
látni	vrb
haver	noun
fogja	vrb
nehéz	adj
leszek	vrb
jött	vrb,adj
rád	noun_pron
lány	noun
gyorsan	adj
remélem	vrb
ti	noun_pron,noun
hallottam	vrb
fogom	vrb
hanem	con
helló	con
tudni	vrb
pont	noun
össze	prv
látom	vrb
igazi	adj
tudsz	vrb
sokat	adj_num
sincs	vrb
nekik	noun_pron
egyet	adj_num
haza	noun,prv
örülök	vrb
utolsó	adj
mondtad	vrb
menni	vrb
szeretnék	vrb
később	adv,adj,vrb
mivel	adv,noun_pron,noun
megvan	vrb
érzem	vrb
ezen	noun_pron
miről	noun_pron,noun
ennyi	adj_num_wh
legalább	adv
ugyan	con
kösz	sentint
azonnal	adv
ideje	noun
magának	adj,noun_ref_SG_3
sokkal	adj_num,noun
fogsz	vrb
csinálni	vrb
férfi	noun
tegnap	noun,adv
bele	prv,noun
hagyd	vrb
fontos	adj,noun
srácok	noun
akit	noun_pron
kedves	adj,noun
arról	adv
nagyszerű	adj
pénzt	noun
végre	adv,noun
gond	noun
érdekel	vrb
annak	noun_pron
azon	noun_pron
reggel	noun,adv
éves	adj,noun
gondolom	vrb
tenni	vrb
többet	adv,adj_num
tetszik	vrb
attól	adv
kész	adj
összes	adj
apám	noun
mennem	vrb
ment	vrb,adj
helyzet	noun
többé	adv,adj_num
abba	noun_pron,prv
néha	adv
meghalt	adj,vrb
biztosan	adj
állj	vrb
egyáltalán	adv
éve	vrb,noun
szükségem	noun
néz	vrb
halott	noun,adj
boldog	adj
szeretlek	vrb
következő	adj,vrb
hely	noun
látod	vrb
képes	adj,noun
fiam	noun
beszélsz	vrb
szeretem	vrb
add	vrb
ezeket	noun_pron
dolgot	noun
számít	vrb
hová	adv
között	post
vagytok	vrb
szerinted	noun_pron
abban	noun_pron
régi	adj
fickó	noun
óta	post
jelent	vrb,noun,adj
segíteni	vrb
történik	vrb
találkozunk	vrb
világ	noun
készen	adj
mondott	adj,vrb
perc	noun
beszél	vrb
míg	adv,con
majdnem	con
jöttem	vrb
ellen	post,prv
aha	sentint
úgyhogy	con
fiú	noun
szabad	adj
öt	adj_num
hova	adv
ahhoz	noun_pron
valakit	noun_pron
megyünk	vrb
jöjjön	vrb
valaha	con
francba	noun
tettem	vrb,noun
óra	noun
barátom	noun,adj
neve	noun
nézze	vrb
dolgokat	noun
s	noun,con
addig	adv
köszi	sentint
mész	noun,vrb
múlva	post,vrb
hozzám	noun_pron
folyik	vrb
enyém	noun_pron
velünk	noun_pron
érte	noun_pron,vrb
tőle	noun_pron
miután	adv
fél	adj_num,noun,vrb
munka	noun
éppen	con
leszel	vrb
valószínűleg	UNK
tedd	vrb
légy	noun
főnök	noun
amint	adv,con,noun
drágám	adj
mondod	vrb
bár	noun,con
bármit	noun_pron
gondolsz	vrb
király	noun,adj
emlékszel	vrb
hülye	adj
emlékszem	vrb
dolgok	noun
jelenti	vrb
kérek	vrb
előbb	adv
mindjárt	UNK
miss	noun
fognak	vrb,noun
ilyet	adj_wh
maradj	vrb
tőlem	noun_pron
gondolod	vrb
napot	noun
mennyi	adj_num_wh,noun
gyönyörű	adj,noun
valóban	adv,noun,adj
utána	noun_pron,prv
bármi	noun_pron
mennyire	adj_num_wh,noun
akár	adv,con
természetesen	con,adj,noun
fogunk	noun,vrb
akart	vrb
valójában	adv,noun,adj
viszlát	sentint
nézz	vrb
vicces	adj,noun
tette	vrb,noun
anyám	noun
négy	adj_num
beszélek	vrb
tökéletes	adj
teljes	adj
éjjel	noun,adv
kapitány	noun
tudta	noun,vrb
embert	noun
tett	noun,vrb,adj
szüksége	noun
való	noun,adj
elment	vrb
helyet	noun
találtam	vrb
év	noun
gyerek	noun
eddig	adv
jaj	sentint
vettem	vrb
tudják	vrb
sikerült	adj,vrb
ezelőtt	adv
fogd	vrb
csinál	vrb
öreg	adj
ég	noun,vrb
velük	noun_pron
annyi	adj_num_wh
életben	noun
mióta	adv
pénz	noun
egyszerűen	adj,adj_num,noun
igazad	noun
mond	vrb
tiszta	adj
otthon	noun,adv
élet	noun
szól	vrb
hosszú	adj,noun
belőle	noun_pron
igazából	noun,adj
üdv	noun
igaza	noun,adj
menjen	vrb
aggódj	vrb
szépen	adj
fogod	vrb
hangzik	vrb
vedd	vrb
helyes	adj,noun
jövök	vrb
bocs	sentint,noun
mást	adj,noun
közel	adv
fiúk	noun
ötlet	noun
viszont	con
tart	vrb,adj
ok	noun
reggelt	noun,adv
végül	adv,noun
halló	noun,con,vrb,adj
hamarosan	adv
hiszed	vrb
jár	vrb
bocsánat	noun
látta	vrb
sose	neg
doktor	noun
hét	noun,adj_num
maguk	noun_ref_PL_3
ebből	noun_pron,noun
furcsa	adj
alig	adv
fenébe	noun
időt	noun
egymást	noun,adj_num
többi	adj
életem	noun
korábban	adv
lennék	vrb,noun
voltunk	noun,vrb
muszáj	con
elő	prv
vagyis	con
h	noun
rosszul	adj
munkát	noun
sokáig	adv
kurva	noun
hat	adj_num,vrb
pillanat	noun
kapcsolatban	noun
szívesen	adj,noun
ismerem	vrb
vigyázz	vrb
mellett	post
önnek	noun
ehhez	noun_pron
melyik	noun_pron
marad	vrb
jössz	vrb
eltűnt	adj,vrb
rendőrség	noun
nyugi	noun
beteg	noun,adj
akarta	vrb
lennie	vrb
srác	noun
ennyire	adj_num_wh
második	adj_num
különleges	adj
gyerekek	noun
dolgozni	vrb,noun
érti	vrb
működik	vrb
jönni	vrb
magával	noun_ref_SG_3
csináld	vrb
apád	noun
rólam	noun_pron
ügy	noun
kérdés	noun,vrb
láttad	vrb
komoly	adj
él	noun,vrb
bennem	noun_pron
keresztül	post,prv,noun
akinek	noun_pron
egyszerű	adj,adj_num,noun
őrült	adj,vrb
dolgozik	vrb,noun
embereket	noun
gondolja	vrb
hívják	vrb
felé	noun_pron,post
erős	adj,noun
belül	post,adv
fehér	adj
fekete	adj
maradt	vrb
csodálatos	adj,noun
annyit	adj_num_wh
lehetséges	adj
szívem	noun
azokat	noun_pron
mindketten	adj_num
kaptam	vrb
várjon	vrb
tudunk	vrb
gyilkos	adj,noun
alá	noun_pron,post,prv
hiszi	vrb
édes	adj
amire	con,noun_pron
vár	noun,vrb
hatalmas	adj,noun
mindegy	adv
tőled	noun_pron
fiatal	adj
köszönjük	vrb
igazság	noun,adj
kibaszott	vrb
apja	noun
közben	post,adv,noun
bárki	noun_pron
kettő	adj_num
nagyobb	adj
nincsenek	vrb
fene	noun
héten	noun,adj_num
úton	noun
segítség	noun
múlt	noun,adj,vrb
érdekes	adj,noun
könnyű	adj,noun
számára	post,adv,noun
akarnak	vrb
szörnyű	adj,noun
uraim	noun
ajtót	noun
mindenkinek	noun
nevem	noun
mármint	con
segít	vrb
kívül	post,adv
előre	adv,prv
asszonyom	noun
nálam	noun_pron
amiért	adv,noun_pron
nézel	vrb
ketten	adj_num
különben	con
része	noun
valahol	adv
mondják	vrb
venni	vrb
csináltam	vrb
elnök	noun
tartani	vrb
hány	adj_num_wh,vrb
lesznek	vrb
probléma	noun
e	noun
beszéltem	adj,vrb
fogjuk	vrb
élni	vrb
ettől	adv
percet	noun
ügynök	noun
máris	con
esetleg	adv
egyre	adv,adj_num
fordította	vrb
tele	noun,prv
leszünk	vrb
igazat	adj,noun
tesz	vrb
kit	noun_pron
egészen	adv,adj
mondjuk	vrb
szükségünk	noun
legnagyobb	adj
tudjátok	vrb
nyomozó	vrb,noun
bent	adv
minek	noun_pron,noun
jöttél	vrb
adni	vrb
tíz	adj_num
szót	noun
évvel	noun
például	adv,noun
mondták	vrb
tűnt	vrb
titeket	noun_pron
család	noun
veszélyes	adj,noun
meleg	noun,adj
ér	noun,vrb
került	vrb
hagyja	vrb
tiéd	noun_pron
halál	noun
fegyvert	noun
kicsi	adj
szent	noun,adj
lányok	noun
kicsim	adj
magukat	noun_ref_PL_3
ránk	noun_pron
adj	vrb
ház	noun
édesem	adj
fogják	vrb
adott	adj,vrb
hozzád	noun_pron
adja	vrb
félek	vrb
lehetett	vrb
eléggé	adv,noun
szükség	noun
újabb	adj
mai	adj,noun
fáj	vrb
amiket	noun_pron
régen	adv
kemény	adj
rengeteg	noun,adj
mindenkit	noun
éreztem	vrb
segíts	vrb
látszik	vrb
amerikai	adj,noun_prs
véget	noun
körül	post,prv,noun
rohadt	vrb,adj
mondok	vrb
kerül	vrb
beszélt	adj,vrb
éjszaka	noun,adv
mondtál	vrb
lehetne	vrb
valahogy	adv
hirtelen	adv,adj
rögtön	adv
barátok	noun,adj
jót	adj
végig	prv,noun
köze	noun
dehogy	con
ért	vrb,noun
biztonsági	noun
bocsi	sentint,noun
békén	noun
szereti	vrb
kinek	noun_pron
tudtad	vrb
kapott	vrb
egyébként	con,noun
helyen	noun
mennünk	vrb
anyu	noun
jönnek	vrb
ölni	vrb
látja	vrb
szar	noun,adj
vajon	noun
szeretnél	vrb
járt	adj,vrb
hisz	noun,vrb
szegény	adj
nektek	noun_pron
érzés	vrb,noun
frank	noun
okos	adj,noun
hoztam	vrb
út	noun
biztonságban	noun
mögött	post
onnan	adv
esküszöm	vrb
ismeri	vrb
bárcsak	con
értettem	vrb
találkoztunk	vrb
segíthetek	vrb
távol	noun,adv
ugyanaz	noun_pron
sajnos	con
napja	noun
kölyök	noun
mindannyian	adv
értelme	noun
érzed	vrb
emberi	adj,noun
hallani	vrb
szeretne	vrb
kint	adv
orvos	noun
senkit	noun_pron
csapat	noun,vrb
elmúlt	adj,vrb
gondol	vrb
lássuk	vrb
ennél	noun_pron,vrb
fia	noun
ismered	vrb
késő	adj,vrb
apu	noun
legyek	vrb,noun
keres	vrb
feleségem	noun
annál	noun_pron
felesége	noun
lányt	noun
egészet	adj
merre	adv
folyton	adv,vrb
mozgás	vrb,noun
talált	vrb
rólad	noun_pron
senkinek	noun_pron
barátja	noun,adj
életét	noun
oka	noun
beszélünk	vrb
valakinek	noun_pron
keresel	vrb
magára	noun_pron,noun_ref_SG_3
tegye	vrb
gyertek	vrb
halt	noun,vrb
dollár	noun
ezer	adj_num
legközelebb	adv
tartok	vrb
szükséged	noun
hihetetlen	vrb,adj
kifelé	adv
fura	adj
város	noun
itthon	adv
szeret	vrb
beszélj	vrb
megértem	vrb
elmegyek	vrb
időben	noun
ülj	vrb
anyád	noun
fogalmam	noun
mondanom	vrb
utat	noun
millió	adj_num
hátra	adv,prv,noun
csinált	vrb
idióta	adj
városban	noun
lassan	adj
nevét	noun
kik	noun_pron
lehetetlen	vrb,adj
megfelelő	adj,vrb
víz	noun
szerelem	noun,vrb
nézni	vrb
számomra	noun
aludni	vrb
imádom	vrb
kivéve	con,vrb
helyre	prv,noun
utoljára	adv,noun
t	noun
lényeg	noun
amúgy	adv
á	noun
bizony	adv
benned	noun_pron
miközben	adv
felejtsd	vrb
teszi	vrb
tettél	vrb
észre	noun
hír	noun
alapján	noun
maradjon	vrb
közül	post,adv,noun
hallom	vrb,noun
gondolok	vrb
őszintén	adj
amivel	noun_pron
önt	vrb,noun
rosszabb	adj
csinálja	vrb
tudott	vrb
életet	noun
dolgozom	vrb,noun
szerettem	noun,vrb
nőt	noun
legyél	vrb
látok	vrb
hozott	vrb
azóta	adv
általában	adv
végén	adv,noun
estét	noun,adv
nyugodtan	adj
éjt	noun
megölni	vrb
tartsd	vrb
részt	noun
anyja	noun
jutott	adj,vrb
drága	adj
i	noun
hiányzik	vrb
hagyjuk	vrb
bizonyos	adj
üzenetet	noun
egyes	noun,adj
próbáltam	vrb
megölte	vrb
gratulálok	vrb
rég	adv
jövő	noun,vrb,adj
kérsz	vrb
napon	noun
kislány	noun
emiatt	adv
állsz	vrb
tudnak	vrb
l	noun
rész	noun
azután	adv
baja	noun
messze	adj,adv
csodás	adj,noun
szemét	noun
hölgyem	noun
föld	noun
találni	vrb
mostanában	adv
csomó	noun,adj_num
szuper	adj
akivel	noun_pron
látott	vrb,adj
állt	noun,vrb
ah	sentint
hívott	adj,vrb
kezd	vrb
ilyesmi	noun_pron
titkos	adj,noun
bocsánatot	noun
lennél	vrb,noun
büszke	adj
játszani	vrb
magas	adj
ideig	adv
házban	noun
o	noun
nők	noun
nézzétek	vrb
dolgom	noun
állok	vrb
szereted	vrb
áldozat	noun
elmondom	vrb
vér	noun
kap	vrb
miféle	adj_wh
adok	vrb
gonosz	adj
nézzük	vrb
hiszen	con
normális	noun,adj
ebbe	noun_pron,noun
nyomás	vrb
terv	noun
mások	adj,noun
sötét	adj
szeretné	vrb
ám	sentint,con
csinálok	vrb
hallgass	vrb
játék	noun
odakint	adv
maradni	vrb
harmadik	adj_num
akarják	vrb
csináljuk	vrb
bíró	noun,vrb
lányom	noun
módon	noun
rajtam	noun_pron
beszélnünk	vrb
érzi	vrb
hagyom	vrb
évben	noun
nálad	noun_pron
találkoztam	vrb
kissé	adv
világon	noun
tehetek	vrb
hölgyeim	noun
hogyne	con
hála	noun
menjetek	vrb
lettem	vrb,noun,adj
házat	noun
tűz	noun,vrb
háború	noun
hagyj	vrb
ennyit	adj_num_wh
hozd	vrb
ügyet	noun
kutya	noun
hadnagy	noun
közös	adj,noun
elmondani	vrb
utálom	vrb
jut	vrb
dühös	adj,noun
szerelmes	adj,noun
őszinte	adj
hagyni	vrb
várjunk	vrb
eszembe	noun
szinte	adv
hajó	noun
enni	vrb
nyisd	vrb
rendbe	noun
nála	noun_pron
tennem	vrb
fegyver	noun
mondjam	vrb
hideg	adj
valódi	adj
picsába	noun
adtam	vrb
mennyit	adj_num_wh,noun
ad	vrb
óvatosan	adj
képet	noun
henry	noun
adta	sentint,vrb
vidd	vrb
éhes	adj,noun
vizet	noun
igenis	con
személyes	adj,noun
szomorú	adj
csináltál	vrb
rajtad	noun_pron
várom	vrb
kávét	noun
hacsak	con
bajod	noun
nevű	noun
állunk	noun,vrb
létezik	vrb,noun
kíváncsi	adj
amiről	noun_pron
gyereket	noun
egyenesen	adv,adj,noun
kár	noun
szét	prv
seggfej	noun
ölte	vrb
szerencsét	noun
bébi	noun,noun_prs
hallottad	vrb
engedd	vrb
m	noun
vette	vrb
évek	noun
maradok	vrb
hibám	noun
meghalni	vrb
lévő	vrb,adj
szeretnéd	vrb
figyeljen	vrb
eljött	vrb
mondj	vrb
vörös	adj
életed	noun
hívd	vrb
baleset	noun
találkozni	vrb
csinálod	vrb
mama	noun
lánya	noun
csupán	con
siess	vrb
hiszek	vrb
tartozik	vrb
teszem	vrb
dolgozott	vrb,noun
megmondtam	vrb
mostantól	adv
mentem	vrb
ismét	adv
szükséges	adj,noun
férjem	noun
férje	noun
gyors	adj
minél	noun_pron,noun
parancsnok	noun
üres	adj
segítsen	vrb
előző	adj,vrb
nyugalom	noun
szemben	post,noun
rájuk	noun_pron
állandóan	adj,vrb
meddig	adv
emlékszik	vrb
kétszer	adj_num
éjszakát	noun,adv
hagytam	vrb
évig	noun
abból	noun_pron
gyakran	adv
életemben	noun
mehet	vrb
mondasz	vrb
bolond	noun,adj
elé	noun_pron,post
finom	adj
kér	vrb
úgyis	con
hónapja	noun
kék	adj
hívj	vrb
dollárt	noun
magunkat	noun_ref_PL_1,noun
akartál	vrb
világos	adj,noun
kapni	vrb
szeretnénk	vrb
szeretek	vrb,noun
régóta	adv
kicsoda	noun
kedvesem	adj,noun
segítek	vrb
szállj	vrb
hívja	vrb
kedvenc	adj
akarunk	vrb
hagyta	vrb
élete	noun
felség	noun
barátod	noun,adj
haragudj	vrb
időm	noun
sziasztok	sentint
földön	noun
történet	noun
rendes	adj,noun
világot	noun
bármilyen	adj_wh
foglak	vrb
őrmester	noun
könnyen	adj
kezét	noun
közelebb	adv
fantasztikus	adj
magadra	noun_ref_SG_2
ártatlan	adj,vrb
főleg	adv
hozzánk	noun_pron
hasonló	adj,vrb
baba	noun
gyilkosság	adj,noun
kezdjük	vrb
jelenleg	adv
hozni	vrb
hölgy	noun
lehetőség	vrb,noun
mutasd	vrb
találtunk	vrb
hívnak	vrb
rájöttem	vrb
vett	vrb,adj
úristen	noun
esetben	noun
fent	adv,vrb
átkozott	adj,vrb,noun
valakivel	noun_pron
embernek	noun
időnk	noun
többiek	adj
kivel	noun_pron
órát	noun
tábornok	noun
korán	adv,noun
amely	adj_wh
csinos	adj
legtöbb	adj_num
kisasszony	noun
ígérem	vrb
amiben	noun_pron
zárva	vrb
ideges	adj,noun
valamilyen	adj_wh
olyat	adj_wh
mennek	vrb
miattad	noun_pron
tudnám	vrb
csinálom	vrb
használni	vrb
során	post,noun
anélkül	adv
kocsi	noun,noun_prs
kocsit	noun,noun_prs
félre	prv,adj_num,noun
bizonyíték	noun
elől	post
keményen	adj
semmilyen	adj_wh,adj
hidd	vrb
hívni	vrb
sokan	adj_num
szeretsz	vrb
mégsem	con
órája	noun
kérni	vrb
pillanatban	noun
jöttünk	vrb
esélyt	noun
mondjak	vrb
szólj	vrb
bármikor	adv,noun_pron
bob	noun
fenét	noun
jöttek	vrb,adj
kezdődik	vrb
terhes	noun,adj
nappal	noun
szerencsés	adj,noun
asszony	noun
aranyos	adj
ezredes	noun,adj_num
álljon	vrb
közepén	noun
beszélnem	vrb
kérdést	noun,vrb
veszi	vrb
szólt	vrb
tök	noun
akiket	noun_pron
percre	noun
ellenére	post,noun_pron
illeti	vrb
hozta	vrb
tartja	vrb
ajtó	noun
földre	noun
tartott	adj,vrb
nyolc	adj_num
próbáld	vrb
hinném	vrb
küldött	noun,adj,vrb
véletlenül	adj,vrb
elhinni	vrb
fickót	noun
amik	noun_pron
nyugodj	vrb
óriási	adj,noun
csinálta	vrb
tudná	vrb
mérges	adj,noun
kapsz	vrb
bocsáss	vrb
esett	vrb
nevetséges	adj,noun
nálunk	noun_pron
miatta	noun_pron
segített	adj,vrb
hónap	noun
atyám	noun
várni	vrb
hinni	vrb
rendőr	noun
remekül	noun,adj
no	sentint
zsaru	noun
örökké	adv,adj
próbálok	vrb
kiderült	vrb
nézek	vrb
örökre	adv,adj
tetted	vrb,noun
által	post,prv
akarjuk	vrb
vártam	vrb
közt	post,noun
választ	vrb,noun
mester	noun
hátha	con
önnel	noun
név	noun
szólsz	vrb
tudna	vrb
esik	vrb
orvosi	adj,noun
vált	vrb
aznap	adv
hű	adj
meghal	vrb
csaj	noun
börtönbe	noun
alkalommal	noun
tegyek	vrb
megtalálni	vrb
szívességet	adj,noun
helyett	post
szart	noun,adj,vrb
adom	vrb
hiba	noun
családi	adj,noun
üdvözlöm	vrb
nevet	vrb,noun
kértem	vrb
miattam	noun_pron
franc	noun
örömmel	noun
lehetsz	vrb
dehogynem	adv
bírom	vrb
találtak	vrb
mentek	vrb,adj
börtönben	noun
különös	adj
lakik	vrb
doki	noun
kórházba	noun
nyitva	vrb
vegye	vrb
ötletem	noun
végeztem	vrb,noun
tudnom	vrb
férfiak	noun
halála	noun
nyilván	UNK
hmm	sentint
maradsz	vrb
helyi	adj,noun
önök	noun
csinálunk	vrb
azelőtt	adv
továbbra	adv
kórházban	noun
testvér	noun
teszek	vrb
biztonságos	adj,noun
elmondta	vrb
személy	noun
menned	vrb
fejét	noun
fasz	noun
baszd	vrb
próbálom	vrb
délután	noun,adv
d	noun
előtte	noun_pron
jók	adj
jártam	noun,vrb
vezető	noun,adj,vrb
órán	noun
elfelejtettem	vrb
kapok	vrb
igazságot	noun,adj
egyszerre	adv
ostoba	adj
némi	adj
elmenni	vrb
üzlet	noun
hete	noun
rosszat	adj
lenned	vrb
bassza	vrb
mihez	noun_pron,noun
látlak	vrb
számodra	noun
nehogy	adv,con
szobában	noun
értek	vrb
segítsek	vrb
viccelsz	vrb
tetszett	vrb,adj
alkalom	noun
aminek	noun_pron
legalábbis	sentint,adv
gazdag	adj
miben	noun_pron,noun
lent	adv,noun
kevés	adj_num,noun_prs
kim	noun_pron
vezet	vrb
egymás	noun,adj_num
rövid	adj
hajlandó	adj
vicc	noun
telefont	vrb,noun
élek	vrb,noun
tartom	vrb
időre	noun
vinni	vrb
barát	noun,adj
tesó	noun
különösen	adv,adj
kezed	noun
ezúttal	adv
köztünk	noun_pron
hamar	adv
segítséget	noun
érzek	vrb
hagyott	adj,vrb
beszéltünk	adj,vrb
állni	vrb
kapcsolat	noun
min	abr,noun_pron,noun
hívom	vrb
istennek	noun
professzor	noun
megnézem	vrb
buli	noun
munkám	noun
pillanatra	noun
ismerek	vrb
akarlak	vrb
megölték	vrb
tagja	noun
sőt	con
mehetünk	vrb
nemsokára	adv,con
papa	noun
barátaim	noun
indulás	vrb
fáradt	vrb,adj
nővér	noun
fogva	post,vrb
sohasem	neg
férfit	noun
gyenge	adj
kért	vrb
veletek	noun_pron
legrosszabb	adj
autó	noun
elmegyünk	vrb
hallod	vrb,noun
hozza	vrb
amin	noun,noun_pron
tudnék	vrb
meglepetés	noun,vrb
bal	adj
film	noun
mekkora	adv
készült	adj,vrb
mark	noun
felett	post
válasz	noun
lehetek	vrb
visszajövök	vrb
neved	noun
figyelem	noun,vrb
látsz	vrb
idegen	noun,adj
amilyen	adj_wh
önöket	noun
hal	noun,vrb
túlságosan	adj,noun
tudnád	vrb
szám	noun
gyorsabban	adj
ráadásul	noun,vrb
hogyhogy	adv
hamis	adj,noun
csináltad	vrb
különböző	adj,vrb
keresek	vrb
embereknek	noun
női	adj,noun
félsz	vrb
megtaláltam	vrb
érdekében	noun
meglátjuk	vrb
veszem	vrb
dolgozol	vrb,noun
bajban	noun
kapd	vrb
lehetőséget	vrb,noun
menjek	vrb
várok	vrb
bizonyára	adv
újság	noun,adj
hálás	adj,vrb,noun
láttalak	vrb
tartunk	vrb
eljön	vrb
évet	noun
mindenhol	adv
szabadon	adj
személyesen	adj,noun
érdekli	vrb
elmentem	vrb
száz	adj_num
csináljak	vrb
csoda	noun
iskola	noun
mik	noun_pron,noun
élő	adj,vrb
érezni	vrb
várjatok	vrb
beszéltél	vrb
igazgató	noun,vrb
ügyvéd	noun
szólok	vrb
állnak	vrb,noun
lenyűgöző	vrb,noun
könyvet	noun
kevesebb	adj_num
nézett	vrb
egymással	noun,adj_num
bátyám	noun
zöld	adj
valamire	noun_pron
tudnál	vrb
kapcsolatot	noun
hátsó	adj
családom	noun
szex	noun
kizárt	vrb
magától	noun_pron,noun_ref_SG_3
klassz	adj
híres	adj,noun
született	adj,vrb
hiszik	vrb
vacsora	noun
mitől	noun_pron,noun
hibát	noun
mondanám	vrb
érkezett	vrb
ingyen	adv
forró	adj,vrb
láttál	vrb
írta	vrb
megmondom	vrb
pasi	noun
engedj	vrb
iskolába	noun
ellene	noun_pron,vrb
csinálnak	vrb
filmet	noun
pofa	noun
rohadék	noun
legfontosabb	adj,noun
mely	adj_wh
magamnak	noun_ref_SG_1
basszus	noun
részeg	adj
lát	vrb
kapcsolatba	noun
gondolj	vrb
friss	adj
elmegy	vrb
gyerekeket	noun
pokolba	noun
végeztünk	vrb,noun
katona	noun
zene	noun
halni	vrb
eleget	adv,noun
jöhet	vrb
csinálj	vrb
levelet	noun
másodperc	noun
kellemes	adj,noun
kép	noun
napig	noun
részét	noun
lettél	vrb
van-e	vrb,adv
beszéljünk	vrb
szemed	noun
apró	adj
aggódom	vrb
halálra	noun
ördög	noun
ügyes	adj,noun
olyanok	adj_wh
fizetni	vrb
azonban	con
utcán	noun
kormány	noun
véletlen	adj,vrb
ribanc	noun
tenned	vrb
sört	noun
belső	noun,adj
olvastam	vrb
nézzék	vrb
gondolta	vrb
elmondtam	vrb
beszélgetni	vrb
tuti	adj
akartad	vrb
végzett	adj,vrb
ügyben	noun
óvatos	adj
inni	vrb
tartsa	vrb
állat	noun,vrb
jobbra	adj,noun
de.	con
oly	adj_wh
odabent	adv
kiváló	adj,vrb
esély	noun
művelsz	vrb
további	adv
indul	vrb
bácsi	noun,noun_prs
képzelni	vrb
örvendek	vrb
közé	noun_pron,post,prv,noun
szerelmére	noun
mindkét	adj_num
aggódjon	vrb
szoba	noun
dolgoztam	vrb,noun
darab	noun
teszed	vrb
tehetem	vrb
akartok	vrb
járni	vrb
nézzen	vrb
sikerül	vrb,noun
hátul	adv,noun
találtál	vrb
várost	noun
hallasz	vrb
b	noun
bármelyik	noun_pron
hitte	vrb
függ	vrb
élt	noun,vrb
hozom	vrb
magányos	noun,adj
tűnj	vrb
mocskos	adj,noun
történni	vrb
lehetnek	vrb
találom	vrb
katonai	adj,noun
törvény	noun
mehetek	vrb
bántani	vrb
hagy	vrb
messzire	adj
hazugság	adj
magadnak	noun_ref_SG_2
fajta	noun
próbálja	vrb
keresni	vrb
rendesen	adj,noun
képesek	adj,noun
szerezni	vrb,noun
természetes	adj,noun
ugyanazt	noun_pron
írt	noun,adj,vrb
rendőrséget	noun
üljön	vrb
nemrég	adv
legyünk	vrb,noun
kevin	noun_prs
fejezd	vrb,noun
pénzem	noun
elfoglalt	adj,vrb
bátor	adj
balra	adj
elvesztettem	vrb,adj
élve	vrb
bobby	noun
zsaruk	noun
felelős	noun,vrb
durva	adj
lennem	vrb
ország	noun
francia	noun,adj
keresünk	vrb
alszik	vrb
világban	noun
kezem	noun
szemem	noun
megmutatom	vrb
ismertem	adj,vrb
cserébe	adv,noun
szeretett	adj,vrb
hazudik	vrb
gondolni	vrb
megtenni	vrb
elképesztő	vrb
tudd	vrb
ruhát	noun
hozok	vrb
dolga	noun
súlyos	adj,noun
vegyél	vrb
írtam	vrb
keresem	vrb
ugyanolyan	adj_wh,adj
beszéljen	vrb
ezután	adv
ül	vrb
angol	noun
esti	adj,noun
üzleti	adj,noun
kocsiban	noun,noun_prs
írja	vrb
lássam	vrb
plusz	noun,adj
eredeti	adj,noun
levegőt	noun
fejem	noun,vrb
bennünket	noun_pron
nemet	noun
szembe	post,prv,noun
hoz	vrb
könyv	noun
nevében	noun
rendszer	noun
bocsásson	vrb
szokott	adj,vrb
italt	noun
magához	noun_ref_SG_3
sokszor	adj_num,adv
felügyelő	noun,vrb
kurvára	adv,noun
életemet	noun
zavar	noun,vrb
döntöttem	vrb
tavaly	noun
cég	noun
gép	noun
eset	noun
fény	noun
nahát	con
szél	noun
tökéletesen	adj
martin	noun
napra	noun
őrület	noun
ismer	vrb
hajót	noun
elmész	vrb
hm	sentint
ilyesmit	noun_pron
ajándék	noun
menjenek	vrb
telefon	noun,vrb
ni	sentint
válik	vrb
adjon	vrb
legyenek	vrb
várja	vrb
bajba	noun
tenne	vrb
fő	noun,vrb,adj
perce	noun
hűha	sentint
kérdeztem	vrb
bíróság	noun
herceg	noun
igazam	noun
oldalon	noun
tennünk	vrb
piros	adj
szörnyen	adj
iránt	post
szexuális	adj
álom	noun
megígérem	vrb
pasas	noun
kezdett	vrb
szeretni	vrb
mellé	noun_pron,post,prv,noun
semmire	noun_pron,noun
egyetértek	vrb
gáz	noun
jöjjenek	vrb
képest	post,adj,noun
autót	noun
vért	noun
elintézem	vrb
nyilvánvalóan	adj
reméltem	adj,vrb
megtaláljuk	vrb
mindezt	noun_pron
tönkre	noun
bonyolult	adj
találta	vrb
könnyebb	adj
jelen	noun,adj
habár	con
támadás	vrb
esélye	noun
legjobban	adj,noun
írni	vrb
hős	noun
megtettem	vrb
huh	sentint
szüleim	noun
hivatalos	adj,noun
kevésbé	adv
fuss	vrb
beléd	noun_pron
megteszem	vrb
hallotta	vrb
várunk	noun,vrb
külön	prv
megtörtént	vrb
hallott	vrb,adj
ismersz	vrb
mindenre	noun
ahogyan	adv
miénk	noun_pron
dolgod	noun
hónapban	noun
húzd	vrb
fontosabb	adj,noun
titokban	noun
csináljunk	vrb
ugyanúgy	adv
elegem	adv,noun
családja	noun
vesz	vrb
kezdeni	vrb
tulajdonképpen	adv,noun,adj
halálos	adj,noun
élnek	vrb,noun
hall	noun,vrb
folyamatosan	adj,noun
hahó	sentint
találták	vrb
teszel	vrb
felnőtt	noun,adj,vrb
bízom	vrb
képtelen	adj,noun
találnunk	vrb
figyeljetek	vrb
ö	noun
gondolkodtam	vrb
életbe	noun
szíves	adj,noun
hallottál	vrb
akartalak	vrb
mindet	noun_ind,noun,det
kínai	adj,noun_prs
arany	noun
másikat	noun,noun_pron
lennének	vrb,noun
hülyeség	adj
mennie	vrb
veszek	vrb
játszik	vrb,adj
matt	noun,adj
kelj	vrb
vezetni	vrb
fiút	noun
jel	noun
teát	noun
kilenc	adj_num
szerelmem	noun
hibád	noun
tied	noun_pron
veszed	vrb
tüzet	noun
hiszel	vrb
megoldás	noun,vrb
testvérem	noun
csendben	noun
öltem	vrb
szellem	noun
emberekkel	noun
kezdtem	vrb
máskor	adv,adj,noun
szintén	con,adv,noun
mutatni	vrb
ekkora	adv
kérdezd	vrb
nővel	noun
bűnös	noun,adj
ismert	adj,vrb
megmenteni	vrb
elérni	vrb
szíve	noun
undorító	vrb
megnézni	vrb
készül	vrb,adj
nyilvánvaló	adj
iskolában	noun
tegyük	vrb
hamarabb	adv
dögös	noun
fájdalmat	noun
ijesztő	noun,vrb
amióta	adv
kaptunk	vrb
kedvéért	noun
használja	vrb
nagyi	noun,noun_prs
szólva	vrb
lépés	noun,vrb
mély	adj
néztem	vrb
tartozom	vrb
éljen	sentint,vrb
unalmas	adj,noun
pete	noun
egyelőre	adv,vrb
miből	noun_pron,noun
övé	noun_pron,noun
sor	noun
keresi	vrb
reggeli	noun,adv
telt	vrb,adj
tisztában	adj
mindez	noun_pron
módja	noun
tudtuk	noun,vrb
totál	noun
beszélnek	vrb
kerülni	vrb
élünk	vrb,noun
parancsot	noun
simán	adj,An_MODE_adv
legutóbb	adv
őrnagy	noun
rakás	vrb
üzletet	noun
magáról	noun_ref_SG_3
tanár	noun
ó.	sentint,noun
üveg	noun
megpróbáltam	vrb
hercegnő	noun
lennénk	vrb,noun
amennyire	adj_num_wh
szoktam	vrb
megtaláltuk	vrb
hív	vrb
azoknak	noun_pron
kisebb	adj
kínos	adj,noun
meglesz	vrb
megpróbálom	vrb
mentél	vrb
találkozott	vrb
harcolni	vrb
sehol	adv
barátnőm	noun
fogadok	vrb
segítségre	noun
hazudott	vrb
döntött	adj,vrb
megváltozott	adj,vrb
fele	post,adj,noun
visszatért	adj,vrb
játékot	noun
helyzetben	noun
ajándékot	noun
ugyanezt	noun_pron
hozz	vrb
tarts	vrb
féltékeny	adj
sehova	adv
la	noun
szexi	adj,noun
dolgozunk	vrb,noun
élsz	vrb
ír	noun,vrb,adj
pokol	noun
különbség	noun
vetted	vrb
küldte	vrb
járok	vrb
ruha	noun
látták	vrb
tőlünk	noun_pron
látjuk	vrb
értékelem	vrb
közelében	noun
tettek	vrb,adj,noun
dolgunk	noun
döntés	noun,vrb
nagyjából	adv,adj
veszélyben	noun
bízz	vrb
ilyenkor	adv,adj_wh
kamera	noun
féltem	vrb
menő	vrb,adj
tehetünk	vrb
táncolni	vrb
fejed	noun,vrb
máshol	adv
hogyha	con
kettőt	adj_num
döntést	noun,vrb
arcát	noun
feleségül	noun
egység	noun
talál	vrb
segítesz	vrb
feje	noun
park	noun
maguknak	noun_ref_PL_3
hívta	vrb
lánnyal	noun
kérdezni	vrb
ötlete	noun
föl	prv
ezekkel	noun_pron
orosz	noun,adj
másképp	adv,adj,noun
kb.	abr
szólnál	vrb
hívtam	vrb
földet	noun
keressük	vrb
szobát	noun
körbe	prv,noun
ágyban	noun
környéken	noun
tisztán	adv,adj,An_MODE_adv
változott	vrb
mehetsz	vrb
bajom	noun
erősen	adj,noun
semmiség	noun
városba	noun
nemde	adv
várnak	vrb,noun
próbáljuk	vrb
hívjon	vrb
kérte	vrb
számot	noun
nőnek	vrb,noun
emberrel	noun
tegyünk	vrb
bizonyítékot	noun
zenét	noun
nélküled	noun_pron
múlik	vrb
szerencse	noun
állítja	vrb
barom	noun
ismeretlen	adj,vrb
oldalán	noun
nincsen	vrb
kezdődött	vrb
keresett	adj,vrb
nézzenek	vrb
idős	adj,noun
keresnek	vrb
bomba	noun
szükségük	noun
amiatt	adv
érzel	vrb
tudnia	vrb
romantikus	adj
belőlem	noun_pron
mélyen	adj
szánalmas	adj,noun
hang	noun
akiknek	noun_pron
magaddal	noun_ref_SG_2
kulcs	noun
tudnod	vrb
házba	noun
tény	noun
egyesült	adj,vrb
német	noun,adj
dobd	vrb
naná	sentint
megmondani	vrb
órával	noun
próbál	vrb
hibája	noun
erő	noun
idáig	adv
gondoltál	vrb
másnak	adj,noun
ütött	vrb
értünk	noun_pron,vrb
vigye	vrb
csoport	noun
akárcsak	adv,con
mögé	noun_pron,post
ajtón	noun
információt	noun
próbálj	vrb
hányszor	adv,adj_num_wh
jóképű	adj
tegyen	vrb
mellettem	noun_pron
kerestem	vrb
számú	noun
lady	noun
gyakorlatilag	noun
feleséged	noun
nagyra	adj
tartalmából	noun
követni	vrb
mondhatom	vrb
folytasd	vrb
idők	noun
olvasni	vrb
magamat	noun_ref_SG_1
hagyjon	vrb
felhívom	vrb
valamikor	adv,adj,noun_pron
olyasmi	noun_pron
kérdése	noun,vrb
barátnője	noun
szövetségi	noun
tőlük	noun_pron
gyermek	noun
szerette	noun,vrb
üzenet	noun
akkora	adv
belőled	noun_pron
estére	noun,adv
követ	noun,vrb
izé	noun
hívlak	vrb
jutni	vrb
engedje	vrb
ahová	adv
hagyod	vrb
mindennek	noun_pron,noun
atya	noun
megvannak	vrb
mára	noun
anyukád	noun
futás	vrb
borzalmas	adj,noun
csináltok	vrb
kapta	noun,vrb
mindegyik	noun_pron,noun,adj_uni
szóljon	vrb
kézzel	noun
utóbbi	adv
hagyják	vrb
egymásnak	noun,adj_num
állapotban	noun
mondanak	vrb
vigyázzon	vrb
mondanod	vrb
szeme	noun
csúnya	adj
megállítani	vrb
benneteket	noun_pron
kezdek	vrb
segíthet	vrb
fájdalom	noun
utánam	noun_pron
állást	noun,vrb
hivatalosan	adj,noun
jársz	vrb
tudtál	vrb
rájött	vrb
hagytad	vrb
izgatott	adj,vrb
megérteni	vrb
ismerte	vrb
tudnánk	vrb
helyesen	adj,noun
használt	adj,vrb
irány	noun
megőrültél	vrb
maradunk	vrb
valamiféle	adj_wh
kapja	vrb
beszélhetnénk	vrb
lépni	vrb
illik	vrb
izgalmas	adj,noun
szóba	noun
manapság	adv
szemmel	noun
magamra	noun_ref_SG_1
emberei	noun
feledd	vrb
megsérült	vrb
részek	noun
hétvégén	noun
helyzetet	noun
láttuk	vrb
tűnsz	vrb
amennyit	adj_num_wh
végső	adj
szív	noun,vrb
parti	noun,adj
dalt	noun
hagyjátok	vrb
ismerjük	vrb
indulunk	vrb
kétlem	vrb
ahelyett	adv
házasság	noun,adj
szeretik	vrb
elveszett	adj,vrb
vitte	vrb
hívták	vrb
íme	sentint
jelentést	vrb
levegő	noun
errefelé	adv
eszed	vrb,noun
vacsorára	noun
nyerni	vrb
profi	adj
találok	vrb
rendkívül	adv
tartanak	vrb
eljöttél	vrb
megtalálta	vrb
vársz	vrb
évad	noun
fogalmad	noun
hadsereg	noun
harc	noun
hiába	adv
magammal	noun_ref_SG_1
kiderül	vrb
apámat	noun
mellette	noun_pron
feleségét	noun
szokásos	adj,noun,vrb
tudták	noun,vrb
telefonon	noun
találjuk	vrb
magáé	noun_ref_SG_3
egyértelmű	adj,adj_num,noun
kedvelem	vrb
húsz	adj_num
ősi	adj,noun_prs,noun
hajrá	noun
hónappal	noun
hívtál	vrb
ellenség	noun
ekkor	adv
elmondja	vrb
kezdem	vrb
csinálják	vrb
bort	noun
mód	noun
seriff	noun
mozdulj	vrb
embere	noun
töltött	adj,vrb
átlagos	adj,noun
kérdésem	noun,vrb
nehezen	adj
hatással	noun,vrb
vén	adj
bizonyítani	vrb
parancs	noun
találunk	vrb
létre	noun
épület	noun
nőket	noun
körülbelül	adv
csakis	adv
erősebb	adj,noun
kellenek	vrb
utca	noun
korai	adj,noun
babát	noun
őrültség	adj,vrb
elvesztette	vrb
test	noun
szedd	vrb
tegyél	vrb
hú	sentint
többször	adj_num,adv
percig	noun
teszünk	vrb
megegyeztünk	vrb
királyi	adj,noun
szülei	noun
vasárnap	noun
engedélyt	noun
felirat	noun
fiad	noun
egyikük	noun_pron
dal	noun
elviszem	vrb
hozzátok	noun_pron,vrb
célpont	noun
életében	noun
lehetünk	vrb
rendőrök	noun
egymáshoz	noun,adj_num
képeket	noun
kezelni	vrb
tudjam	vrb
pontos	adj,noun
öregem	adj
elleni	adj,vrb
eszem	vrb,noun
azokkal	noun_pron
fordulj	vrb
móka	noun
használd	vrb
egészséges	adj,noun
nővérem	noun
bosszút	noun
éven	noun
bajt	noun
vacsorázni	vrb,noun
képzeld	vrb
ismerlek	vrb
ezeknek	noun_pron
tanultam	vrb
történetet	noun
tartják	vrb
hajón	noun
királynő	noun
kocsiba	noun,noun_prs
valamelyik	noun_pron
meglátod	vrb
nézzem	vrb
fa	noun
sikeres	adj,noun
határozottan	adj,vrb,noun
munkája	noun
politikai	adj,noun
amitől	noun_pron
esküvő	noun,vrb,adj
hazudsz	vrb
vacsorát	noun
férjhez	noun
okoz	vrb
öcsém	noun
nyitott	adj,vrb
védeni	vrb
találkozzunk	vrb
fenn	adv,prv
gyanúsított	noun,adj,vrb
okozta	vrb
barátai	noun
választásom	noun,vrb
egyél	vrb
buta	adj
százados	noun,adj_num
megvolt	vrb
érek	vrb
nyoma	noun
jönne	vrb
idősebb	adj,noun
tartozol	vrb
hallgatni	vrb
mellesleg	adv,con
előttem	noun_pron
irodában	noun
sült	noun,adj,vrb
hasonlít	vrb
kezdve	vrb
lábam	noun
találtuk	vrb
útra	noun
jártál	vrb
későn	adj,vrb
szabály	noun
házas	adj,noun
kezeket	noun
lettek	vrb,adj,noun
büdös	adj
közelben	adv
japán	noun,adj
húzz	vrb
működött	vrb
megteszi	vrb
látják	vrb
körülmények	noun
munkáját	noun
szem	noun
halottak	noun,adj
beszéljek	vrb
megérkezett	vrb
kaptál	vrb
hívjuk	vrb
mért	vrb
magában	noun_pron,noun_ref_SG_3
tanulni	vrb
pohár	noun
ételt	noun
nyugodt	adj
néni	noun
visszajön	vrb
kávé	noun
nemcsak	con
megértetted	vrb
egyben	adv,adj_num
kapcsold	vrb
figyeld	vrb
nélküli	adj
fiát	noun
nyert	vrb
állítani	vrb
tégy	vrb
elvitte	vrb
elkapni	vrb
melletted	noun_pron
életre	noun
helye	noun
vak	noun
magán	adj,noun_ref_SG_3
cucc	noun
hazudtam	vrb
hoztál	vrb
állítólag	adv
kulcsot	noun
belém	noun_pron
találd	vrb
problémát	noun
fogtok	vrb
viszem	vrb
tűnés	vrb
golyó	noun
boldoggá	adj
sürgős	adj,vrb
teli	adj
félj	vrb
vigyél	vrb
c	noun
mesélj	vrb
megvédeni	vrb
elmentek	vrb
találja	vrb
verseny	noun
megteszek	vrb
kövér	adj
visszajött	vrb
ifjú	noun,adj
fogjátok	vrb
szörnyeteg	noun
tanács	noun
akartak	vrb
öngyilkos	adj
országban	noun
hírek	noun
róluk	noun_pron
másra	adj,noun
meghalok	vrb
étel	noun
béna	adj
méltó	adj
doboz	noun
megöltem	vrb
alak	noun
kórház	noun
valahova	adv
felvétel	noun
megjött	vrb
vigyázni	vrb
csakhogy	con
erdőben	noun
amelyik	noun_pron
értesz	vrb
jövünk	vrb
hétig	noun,adj_num
indulok	vrb
eső	noun,vrb
tehet	vrb
kaját	noun
ismerős	noun,vrb
megtudja	vrb
nyissa	vrb
figyelmet	noun
hangja	noun
családot	noun
végéig	noun
nézem	vrb
háza	noun
működni	vrb
istenit	adj,noun
donna	noun
voltatok	vrb
emlékezni	vrb,noun
háborút	noun
egy-két	adj_num
hitted	vrb
kaja	noun
mással	adj,noun
dolgoznak	vrb,noun
származik	vrb
érdemes	adj,noun
korábbi	adv
banda	noun
idén	adv
lépett	vrb
gondolt	adj,vrb
címe	noun
vészhelyzet	noun
lennünk	vrb
isteni	adj,noun
baromság	noun
katonák	noun
tették	vrb,noun
válaszolj	vrb
értékes	adj,noun
karácsonyt	noun
sikert	noun
tanácsot	noun
említette	vrb
következik	vrb
jogi	adj,noun
disznó	noun
lefelé	adv
száma	noun
polgármester	noun
nagyapa	noun
megkért	vrb
érthető	adj,vrb
központ	noun
követtem	vrb
harcos	noun,adj
kezet	noun
tolvaj	noun
gyáva	adj
szerencsére	adv,noun
perccel	noun
beszéltek	adj,vrb
csapatot	noun
néznek	vrb
érkezik	vrb
esélyünk	noun
holtan	adj
húgom	noun
héttel	noun,adj_num
rólunk	noun_pron
érez	vrb
srácot	noun
hiányozni	vrb,noun
fiamat	noun
vélem	noun_pron,vrb
miket	noun_pron,noun
igent	noun
induljunk	vrb
végére	adv,noun
megtalálták	vrb
órára	noun
edző	vrb,adj
ébren	adv
járnak	vrb
találsz	vrb
tesznek	vrb
igyál	vrb
megfelel	vrb
ülni	vrb
adtál	vrb
teszik	vrb
halad	vrb,noun
évesen	adj,noun
telik	vrb,adj
levél	noun,vrb
napi	adj,noun
dupla	adj
választás	noun,vrb
úgysem	con
darabig	noun
irányba	noun
mentünk	vrb
hazug	adj
megkaptam	vrb
számunkra	noun
sérült	noun,adj,vrb
szíved	noun
gépet	noun
csendes	adj,noun
régebben	adv
kitűnő	adj,vrb
fizet	vrb
negyedik	adj_num
fogadni	vrb
egek	noun
használta	vrb
fej	noun,vrb
állam	noun
megölöm	vrb
tartottam	vrb
ágyba	noun
reméljük	vrb
had	noun
számítottam	vrb
anyag	noun
kedved	noun
szokatlan	adj,vrb
ahova	adv
múltkor	noun,adj,vrb
erőszak	noun
faszt	noun
vezetője	noun,adj,vrb
sehová	adv
válni	vrb
kedvem	noun
érzésem	vrb,noun
hotel	noun
hold	noun
kellemetlen	adj
ilyenek	adj_wh
adsz	vrb
figyel	vrb
megtiszteltetés	noun,vrb
családod	noun
zsidó	noun,adj
cuki	adj
kutyát	noun
megpróbált	vrb
érezd	vrb
lőni	vrb
erőt	noun
sárga	adj
csajok	noun
megkapja	vrb
mindenféle	adj,noun
keze	noun
alól	post
nemzeti	adj,vrb,noun
negatív	noun,adj
valószínű	adj
szeretet	noun
akkoriban	adv,adj
fejemben	noun
titok	noun
köcsög	noun
csendet	noun
irányítani	vrb
hármas	noun,adj
szád	noun
lányokat	noun
vezetett	vrb
stimmel	vrb
kölcsön	noun,prv
lord	noun
szólni	vrb
járunk	vrb
illegális	adj
állami	adj,noun
háromszor	adj_num
aggódik	vrb
alacsony	adj
ébredj	vrb
mesélt	vrb
javaslom	vrb
töltöttem	vrb
szenátor	noun
elkezdett	vrb
igyunk	vrb
hívás	vrb
küldeni	vrb
klub	noun
hívtak	vrb
elhagyta	vrb
segítene	vrb
lélek	noun
kezében	noun
megölt	vrb
ló	noun
csupa	det
olcsó	adj
magatokat	noun_ref_PL_2
egyfajta	adj,adj_num
gondolják	vrb
n	noun
öröm	noun
éltem	vrb
elején	noun
leginkább	adv
figyelembe	noun
lopott	adj,vrb
pénze	noun
barátnőd	noun
tévedtem	vrb
erőszakos	adj,noun
nyugodjon	vrb
feleség	noun
végezni	vrb,noun
tilos	adj
keresd	vrb
ellopta	vrb
találkoztál	vrb
vihar	noun
sara	noun
félig	adv,adj_num,noun
megbeszéltük	vrb
lábad	vrb,noun
kegyetlen	adj
eszik	vrb
használ	vrb
percben	noun
nehezebb	adj
szóló	noun,vrb
követett	vrb
ült	vrb
ritka	adj
ahonnan	adv
egyértelműen	adj,adj_num,noun
változtatni	vrb
hárman	adj_num
kezdesz	vrb
biztosra	noun,adj
csend	noun,vrb
karácsony	noun
állítsd	vrb
megígértem	vrb
bűnöző	noun,vrb
viccelek	vrb
megpróbálta	vrb
kettes	noun,adj
hívást	vrb
időd	noun
lánynak	noun
áldozatot	noun
ámen	noun
higgye	vrb
beszéd	noun
hazudtál	vrb
joga	noun
többit	adj
tetszeni	vrb
okozott	vrb
legszebb	adj
bárhol	adv
keress	vrb
várt	adj,noun,vrb
béke	noun
bejött	vrb
alaposan	adj,noun
ablakon	noun
hagylak	vrb
bácsikám	noun
állatok	noun,vrb
pénzed	noun
ereje	noun
halált	noun
méter	noun
hozzájuk	noun_pron
néhányan	adv,adj
számos	adj,noun
segítségével	noun
lábát	noun
szabályokat	noun
egyike	noun_pron
boldogan	adj
bumm	sentint
abszolút	adj
visszatér	vrb
gyereke	noun
kezdünk	vrb
odalent	adv
nagyot	adj
lőtt	vrb,adj
várjanak	vrb
vegyen	vrb
tesszük	vrb
vigyétek	vrb
gondoltad	vrb
befelé	adv
közöm	noun
zseni	noun
vigyék	vrb
jelet	noun
örök	adj
tenném	vrb
egyikünk	noun_pron
suliban	noun
hírt	noun
megöllek	vrb
megcsinálni	vrb
megállni	vrb
démon	noun
hallok	vrb,noun
szabályok	noun
kapunk	noun,vrb
randi	noun
tennie	vrb
valamint	adv,con
álló	adj,vrb
adnak	vrb
bemutatom	vrb
mostanra	adv
szóltam	vrb
jele	noun
ettem	vrb
szándékosan	adj
csapdába	noun
nélküle	noun_pron
helyét	noun
lény	noun
elmondod	vrb
egyből	adv,adj_num
halálát	noun
beleértve	vrb
teheted	vrb
fizetett	adj,vrb
nemzetközi	adj
fegyvereket	noun
kelljen	vrb
vicceltem	vrb
cél	noun
magyar	noun
vennem	vrb
testét	noun
lefogadom	vrb
mondhatok	vrb
testet	noun
szívás	vrb
aludtam	vrb
szerencsétlen	adj,noun
érezte	vrb
akarták	vrb
szobába	noun
bárban	noun
bolygó	noun
közvetlenül	adj
szöveg	noun
gondold	vrb
azaz	con
történhetett	vrb
életünk	noun
rájön	vrb
jobbat	adj,noun
használják	vrb
rock	noun
szívét	noun
macska	noun
idején	noun
információ	noun
tehetséges	adj,noun
látjátok	vrb
barátaid	noun
energia	noun
börtön	noun
megöli	vrb
valamiben	noun_pron
magánál	noun_ref_SG_3
elfelejteni	vrb
enyémet	noun_pron
őfelsége	noun
köztük	noun_pron
küldtem	vrb
tudományos	adj,noun
lányát	noun
emlékezz	vrb,noun
visszamegyek	vrb
bűn	noun
pénzzel	noun
meghaltak	vrb,adj
írok	vrb
feltételezem	vrb,noun
győzni	vrb
napján	noun
találnom	vrb
nélkülem	noun_pron
megláttam	vrb
lakást	noun,vrb
mindenütt	adv
felhívott	adj,vrb
mindkettő	adj_num
amelyek	adj_wh
kérünk	vrb
mondjon	vrb
próbált	vrb
bíróságon	noun
bárkit	noun_pron
anyámat	noun
nyom	noun,vrb
hó	noun
dehogyis	adv
útból	noun
karácsonyi	noun
barna	adj
mindenesetre	adv,con
helyette	noun_pron
lövés	vrb,noun
aludj	vrb
szálljon	vrb
angyal	noun
remény	noun
fogalma	noun
parkban	noun
kapnak	vrb
játszunk	vrb
szüleid	noun
gyilkossági	adj,noun
hasznos	adj,noun
folytassa	vrb
hónapig	noun
gazember	noun
félelem	noun
szerzett	vrb
aggódsz	vrb
vad	noun,adj
hallja	vrb,noun
extra	adj
ilyeneket	adj_wh
meló	noun
gyógyszert	noun
gondot	noun
tévedsz	vrb
ötleted	noun
fordul	vrb
kisfiú	noun
rátok	noun_pron
piszkos	adj,noun
ölték	vrb
pénzét	noun
hallgasson	vrb
bank	noun
államok	noun
terület	noun
szokás	noun,vrb
aggódtam	vrb
városi	adj,noun
anyját	noun
valahová	adv
házi	adj,noun
k	noun
mindössze	adv
brit	noun,adj
tisztességes	adj
házában	noun
énekelni	vrb
önöknek	noun
picit	adj
fölött	post
szavak	noun
betegség	noun,adj
munkára	noun
lépj	vrb
menteni	vrb
érni	vrb
megtudni	vrb
valóság	noun,adj
felét	noun
adják	vrb
északi	adj,noun
arca	noun
áruló	vrb
megcsinálom	vrb
déli	adj,noun
mondjátok	vrb
higgy	vrb
lépést	noun,vrb
meghalsz	vrb
fényt	noun
történelem	noun
napom	noun
pénzért	noun
osztály	noun
labdát	noun
vegyük	vrb
nyertem	vrb
arc	noun
beszélgettünk	vrb
tölteni	vrb
hangot	noun
köszönhetően	vrb
legyetek	vrb,noun
szereztem	vrb,noun
hiányoztál	vrb,noun
jönnöd	vrb
valamivel	noun_pron
érzékeny	adj
férjed	noun
láb	noun
eszedbe	noun
engedjen	vrb
akiről	noun_pron
dobja	noun,vrb
drog	noun
műsor	noun
végeztél	vrb,noun
testvére	noun
egyéb	noun,con
lép	noun,vrb
orvosok	noun
anyukám	noun
törődj	vrb
hagyhatom	vrb
pillanatot	noun
apját	noun
változik	vrb
magunk	noun_ref_PL_1,noun
férj	noun,vrb
bennük	noun_pron
csapda	noun
öld	vrb
tiszt	noun
látnod	vrb
hiányzol	vrb
érteni	vrb
közülük	noun_pron
madár	noun
bánja	noun,vrb
menet	noun
híreket	noun
ellenem	noun_pron,vrb
sör	noun
sors	noun
nyugati	adj,noun_prs,noun
szomszéd	noun
megmentette	vrb
véve	vrb
ajánlom	vrb
helyszínen	noun
mutat	vrb
másnap	noun
alkalmas	adj,noun
szervusz	sentint
suliba	noun
bulit	noun
közelébe	noun
bármire	noun_pron
sima	adj
cserben	noun
fizetek	vrb
naponta	adv
kód	noun
helyzetbe	noun
trükk	noun
gyermekem	noun
önző	adj
ugyanakkor	adv
ebéd	noun
külső	adj
másodszor	adj_num
zseniális	adj
borzasztó	noun,vrb
elhagyott	adj,vrb
holnapra	noun
mindenről	noun
álltam	vrb
kéri	vrb
justin	noun_prs
máshogy	adv
megtalálja	vrb
konyhában	noun
kést	noun
bejön	vrb
elviselni	vrb
ismerik	vrb
kérjük	vrb
megölted	vrb
iszom	vrb
szevasz	sentint
jelentsen	vrb
hajnali	adj,noun
hozzák	vrb
listát	noun
szünetet	noun
elmondtad	vrb
segged	noun
megőrült	vrb
napod	noun
program	noun
tervem	noun
történhet	vrb
tennék	vrb
pisztolyt	noun
megkapod	vrb
teszt	noun
szerinte	noun_pron
angolul	noun
küldetés	noun,vrb
akarjátok	vrb
vettél	vrb
elégedett	vrb
mondtak	vrb
tartjuk	vrb
golyót	noun
kérdésre	noun,vrb
francot	noun
rajtuk	noun_pron
nyílt	adj,noun,vrb
gondoltuk	vrb
számát	noun
tudtok	vrb
boldogok	adj
legutóbbi	adv
hibás	adj,noun
gyerekeknek	noun
ajánlatot	noun
ülök	vrb
melyet	adj_wh
modern	adj
dolláros	noun
senkivel	noun_pron
hívtalak	vrb
megoldom	vrb
meglepő	adj,vrb
nyáron	noun
adtak	vrb
célja	noun
készítette	vrb
előttünk	noun_pron
téved	vrb
jövőben	noun,vrb,adj
szemétláda	noun
pompás	adj,noun
orvost	noun
munkád	noun
művel	vrb,noun
folyó	noun,adj,vrb
miniszter	noun
játszott	vrb,adj
beszélgetés	noun,vrb
jelenlegi	adv,adj
feltétlenül	adj
futni	vrb
írd	vrb
sztori	noun
maradjatok	vrb
kéz	noun
bölcs	adj
figyelsz	vrb
teste	noun
hazudni	vrb
szőke	adj
melyek	adj_wh
aggódni	vrb
keleti	adj,noun
folytatjuk	vrb
suli	noun
tartasz	vrb
hús	noun
találkozom	vrb
feladat	noun,vrb
lányod	noun
helyére	noun
maradjanak	vrb
jutunk	vrb
fiatalember	noun
tettünk	vrb,noun
beszélhetnék	vrb
rajtunk	noun_pron,noun
megöl	vrb
engedély	noun
szörny	noun
visz	vrb
bánni	vrb
emeleten	noun
fájt	vrb
elkezdtem	vrb
megvagy	vrb
látnom	vrb
foglalkozik	vrb
vízbe	noun
beszélhetek	vrb
elmentél	vrb
felhívtam	vrb
megtörténik	vrb
gondolkoztam	vrb
nyomozás	vrb,noun
megbeszéljük	vrb
rendszert	noun
feküdj	vrb
önre	noun
években	noun
egyetemen	noun
akarna	vrb
meccs	noun
repülő	noun,vrb
éjszakai	noun,adv
földi	adj,noun
lehető	noun,vrb
megnéztem	vrb
fordult	vrb
nyer	vrb
kérnék	vrb
pap	noun
viselkedik	vrb
indult	vrb
szerződést	noun,vrb
ára	noun
bátyád	noun
bombát	noun
őr	noun
iroda	noun
majom	noun
takarodj	vrb
percen	noun
látható	vrb
elképzelni	vrb
várjuk	vrb
adjuk	vrb
szerezted	vrb,noun
mutatja	vrb
vonat	noun,vrb
közeli	adj
terve	noun
rendőrségi	noun
segítened	vrb
ügyész	noun
segítettem	adj,vrb
magadat	noun_ref_SG_2
viccel	vrb,noun
lakás	noun,vrb
fegyveres	noun,adj
tartod	vrb
bennünk	noun_pron
történtek	vrb
előtted	noun_pron
emlékeztet	vrb,noun
kapcsolatos	adj,noun
tér	noun,vrb
szinten	noun
szóltál	vrb
ugyanis	con
keveset	adj_num
elvette	vrb
társaság	noun
házasok	adj,noun
ittam	vrb
napok	noun
pénzügyi	adj,noun
időbe	noun
társam	noun
kuss	sentint,noun
kormányzó	vrb,noun,adj
áh	sentint
lejárt	adj,vrb
könyörgöm	vrb
cuccot	noun
furcsán	adj,An_MODE_adv
kört	noun
szűz	noun
tartotta	vrb
véres	adj,noun
védelmi	noun
kinyitni	vrb
fekszik	vrb
mértékben	noun,vrb
részben	adv,noun
felvételt	noun
emberünk	noun
felelősséget	noun
elfogadom	vrb
gyerekem	noun
író	noun,vrb
játszol	vrb
hatalom	noun
akartunk	vrb
sétálni	vrb
országot	noun
bátyja	noun
jelentett	vrb
törvényt	noun
felvenni	vrb
egyetem	noun
idejét	noun
magasabb	adj
szobájában	noun
műtét	noun
terved	noun
tegyem	vrb
go	noun
játszom	vrb
szavakat	noun
boszorkány	noun
ügyvédet	noun
megtalálom	vrb
mami	noun
csináltak	vrb
megtette	vrb
megértette	vrb
szeretnek	vrb
beszélhetünk	vrb
akire	noun_pron
valóra	noun,adj
olasz	noun,adj
csináltunk	vrb
hittük	vrb
változás	noun,vrb
tanú	noun
kívánom	vrb
maradnak	vrb
tegyék	vrb
hangosan	adj,noun
pontot	noun
láttunk	vrb
megkapta	vrb
alszom	vrb
valakire	noun_pron
náluk	noun_pron
mondhatnék	vrb
pilóta	noun
tervet	noun
próbálta	vrb
maradjunk	vrb
alszol	vrb
vámpír	noun
iskolai	adj,noun
helyén	noun
újat	adj
állandó	noun,adj,vrb
tűnjön	vrb
égnek	vrb,noun
veszik	vrb
lehetnék	vrb
ágy	noun
vették	vrb
gondolat	noun
fegyverek	noun
egymásra	noun,adj_num
benn	adv,prv
fizikai	adj,noun
jelentés	vrb
eladni	vrb
megnézzük	vrb
apádat	noun
munkámat	noun
istenek	noun
gyanús	adj,noun
készülj	vrb
jártunk	noun,adj,vrb
tárgyalás	noun,vrb
küld	vrb
közvetlen	adj
megtaláltad	vrb
font	noun,adj,vrb
alkut	noun
menne	vrb
pihenj	vrb
heti	noun,adj
elektromos	adj
ügyében	noun
kérj	vrb
kerültem	vrb
győzelem	noun
péntek	noun
támadt	vrb
éjszakára	noun,adv
vigyük	vrb
megoldani	vrb
testvérek	noun
ígérd	vrb
semmiféle	adj,noun_pron,noun
játékos	noun,adj
szabadság	noun,adj
vizsgálat	noun
veszel	vrb
épületet	noun
klasszikus	adj
néven	noun
tehetsz	vrb
háborúban	noun
repülni	vrb
előtti	adj
derek	noun
órában	noun
címet	noun
megjelent	vrb
kapjuk	vrb
félelmetes	adj
sofőr	noun
sötétben	adj
hallgasd	vrb
érdekelne	vrb
megpróbál	vrb
látnak	vrb
idővel	adv,noun
figyelni	vrb
tenné	vrb
csirke	noun
viszi	vrb,noun_prs
tv	noun
elnöke	noun
kerülsz	vrb
egyetemre	noun
akárki	noun_pron
energiát	noun
belőlük	noun_pron
hajad	noun
parton	noun
természet	noun
hozzon	vrb
évre	noun
odafent	adv,vrb
tucat	noun
farkas	noun
tudhatod	vrb
álmodtam	vrb
megpróbálja	vrb
jónak	adj
pokolban	noun
oldal	noun
akárhogy	adv,adj
pozitív	adj
utal	vrb
arcod	noun
jegyet	noun
bor	noun
akármi	noun_pron
vád	noun
lányomat	noun
húst	noun
megkeresem	vrb
érj	vrb
arrébb	adv
nemes	adj,noun
indulj	vrb
embereim	noun
felső	adj
viselkedsz	vrb
szólna	vrb
megtörténni	vrb
szülők	noun,vrb
kié	noun_pron
adod	vrb
nocsak	sentint
gyűrűt	noun
mennék	vrb
bírja	vrb
megszökött	adj,vrb
titkot	noun
bánod	noun,vrb
rendkívüli	noun,adj
sír	noun,vrb
szerezte	vrb,noun
lépjen	vrb
adunk	noun,vrb
téma	noun
általános	adj
nyomot	noun
emberiség	noun,adj
lélegezz	vrb
öntől	noun
találkozik	vrb
itteni	adj
életedben	noun
jóval	adj
fogadja	vrb
pálya	noun
elfelejtetted	vrb
ameddig	adv
tánc	noun
kör	noun
lőttek	vrb,adj
fényes	adj,noun
ital	noun
maradtam	vrb
utánad	noun_pron
anyagot	noun
időzítés	vrb
fair	adj
felejtse	vrb
pénteken	noun
perverz	adj
forduljon	vrb
asztal	noun
nyugton	adv
robbanás	vrb
mer	vrb
hányan	adv
képek	noun
vesszük	vrb
észrevettem	vrb
telefonált	vrb
nyilvános	adj
tudlak	vrb
tévedés	vrb
dologra	noun
anyának	noun
évekig	noun
mindenben	noun
szerzek	vrb
szégyen	noun
valamiért	adj,noun_pron
vigyázok	vrb
értelemben	noun
bemegyek	vrb
küldtek	vrb
hoztad	vrb
gordon	noun
hétre	noun,adj_num
esze	noun
zsarukat	noun
véleményem	noun
művész	noun
számlát	noun
bőven	adv
erejét	noun
utáni	adj,post
férfival	noun
területet	noun
írva	vrb
tenger	noun
fájdalmas	adj,noun
iszik	vrb
szabadna	vrb
marha	noun
biztonság	noun
elmondjam	vrb
ülsz	vrb
mindenképp	adv,noun
kérdezi	vrb
főnöke	noun
városból	noun
haja	noun
típus	noun
történne	vrb
vére	noun
megéri	vrb
hölgyek	noun
folytatni	vrb
nőtt	vrb,adj
barátunk	noun,adj
hírem	noun
seb	noun
szállt	vrb
templom	noun
hiányzott	vrb
tesztet	noun
magukkal	noun_ref_PL_3
akikkel	noun_pron
nézve	post,vrb
úszni	vrb
épületben	noun
teheti	vrb
láttak	vrb
szenvedett	vrb
r	noun
okot	noun
figyelmét	noun
kényelmes	adj,noun
anyádat	noun
kettesben	noun,adj
családját	noun
szeretjük	vrb
hagyhatjuk	vrb
papírokat	noun
darabokra	noun
imádni	vrb
csinálnom	vrb
megkaptad	vrb
magunkra	noun_ref_PL_1,noun
vezeti	vrb
szombaton	noun
házból	noun
keresik	vrb
áron	noun
fal	noun,vrb
hali	noun
tengeri	adj,noun_prs,noun
lába	noun
józan	adj
gondoljuk	vrb
kitől	noun_pron
mozduljon	vrb
vállalat	noun
lakom	noun,vrb
tévében	noun
katasztrófa	noun
közeledik	vrb
gyilkosságot	adj,noun
esni	vrb
szórakozni	vrb
ivott	vrb,adj
dolgokra	noun
születtem	vrb
aludt	vrb
tudtunk	noun,vrb
elfogadni	vrb
klubban	noun
csillag	noun
lassú	adj
öné	noun
rendőrségnek	noun
bizottság	noun
uramisten	sentint
meglehetősen	adj
sorban	noun
cím	noun
mindenképpen	adv,noun
segítsenek	vrb
esélyem	noun
foglaljon	vrb
kérdezte	vrb
forog	vrb
gyógyszer	noun
adag	noun
sírni	vrb
hihetetlenül	vrb,adj
fiatalok	adj
lesztek	vrb
veszély	noun
emberem	noun
méghozzá	adv
félnek	vrb,adj_num,noun
kölykök	noun
csukd	vrb
barátomat	noun,adj
fegyvere	noun
ismétlem	vrb
központi	adj,noun
színész	noun
nemi	adj,noun
mozog	vrb
kérdezem	vrb
anyát	noun
világnak	noun
halok	vrb
áruld	vrb
oldani	vrb
ura	noun
házam	noun
álmom	noun
hangzott	vrb
rájönni	vrb
vétel	noun
elvitték	vrb
eltűnik	vrb
többen	adj_num
elveszíteni	vrb
bánom	noun,vrb
pillantást	vrb
haldoklik	vrb
jelenteni	vrb
kő	noun
tán	adv
harci	adj,noun_prs,noun
nagyszerűen	adj
mutassa	vrb
szórakoztató	adj,vrb
beszélgetést	noun,vrb
legjobbat	adj,noun
engedem	vrb
jesszus	sentint
drogot	noun
másokat	adj,noun
sikerülni	vrb
kedvel	vrb
holttestet	noun
ezüst	noun
állapota	noun
tea	noun
vádat	noun
penny	noun
fejében	post,noun
sütit	noun
nép	noun
illetően	vrb
vendég	noun,adj
használjuk	vrb
esküvői	noun,vrb,adj
vírus	noun
legújabb	adj
főnököm	noun
jelentős	adj,vrb
kedvellek	vrb
éri	vrb,noun
békét	noun
férjét	noun
kezdte	vrb
megoldjuk	vrb
beszédet	noun
show	noun
igazságos	adj,noun
szerelmi	adj,noun
készített	vrb
megértettem	vrb
álljunk	vrb
apának	noun
magyarázat	noun
fiatalabb	adj
kitalálni	vrb
rablás	noun
érünk	vrb
faj	noun
megvagyok	vrb
tért	noun,vrb
rúgva	vrb
lista	noun
ötödik	adj_num
gondolkodom	vrb
hatása	noun,vrb
áldozatok	noun
fickóval	noun
lássa	vrb
csésze	noun
köszönni	vrb
fogni	vrb
szerelmet	noun
választott	adj,vrb
fickónak	noun
alakult	vrb
remélhetőleg	adv
fegyverrel	noun
megoldást	noun,vrb
érdekelt	adj,vrb
koromban	noun
amihez	noun_pron
másfél	adj_num
tört	noun,adj,vrb
szenved	vrb
értük	noun_pron,vrb
látunk	vrb
kárt	noun
fickók	noun
végét	noun
műsort	noun
gondolkodni	vrb
halljuk	vrb,noun
felesleges	adj,noun
kérdezed	vrb
illata	noun
rettenetes	adj,noun
kapcsolja	vrb
érnek	vrb,noun
eszel	vrb
esetre	noun
tisztelettel	noun
kora	noun
adhatok	vrb
törődik	vrb
megbízható	adj,vrb
nyomd	vrb
gyerekekkel	noun
aggódnod	vrb
kideríteni	vrb
megkérdeztem	vrb
veszélybe	noun
seggét	noun
eljárás	noun,vrb
történjen	vrb
hazamegyek	vrb
hotelben	noun
okozni	vrb
buzi	noun,adj
magunknak	noun_ref_PL_1,noun
rák	noun
szemembe	noun
akció	noun
tűnnek	vrb
terrorista	noun
kívánok	vrb
meztelen	adj,noun
hangját	noun
szombat	noun
akarná	vrb
fogadd	vrb
papír	noun
találnak	vrb
szerepet	noun
lelépett	vrb
megtennéd	vrb
nyári	adj,noun
háborús	noun
felejtettem	vrb
esélyed	noun
apát	noun
elkapjuk	vrb
videót	noun
ölt	vrb,noun
csillagok	noun
kés	noun
kerestek	vrb
pajtás	noun
sötétség	adj
eltűntek	vrb,adj
története	noun
virágot	noun
testem	noun
híd	noun
hazafelé	adv
eszébe	noun
használtam	vrb
bájos	adj
kísérlet	noun
kamerát	noun
szülinapot	noun
irodájában	noun
jönnie	vrb
díjat	noun
fejjel	noun
fizetnek	vrb
területen	noun
népszerű	adj,noun
bánt	vrb,noun
gyűrű	noun
félreértés	noun,vrb
küldd	vrb
szünet	noun
urat	noun
bűnösnek	adj,noun
örültem	vrb
hétfőn	noun
hátam	noun
törött	vrb,adj
kocsija	noun,noun_prs
kockázatot	noun
végez	vrb,noun
mókás	adj,noun
vallomást	noun
megpróbálok	vrb
mennyibe	adj_num_wh,noun
kocsival	noun,noun_prs
diák	noun
követte	vrb
pajti	noun
többieket	adj
egyedülálló	adj
úriember	noun
készítettem	vrb
jövőre	adv,noun,vrb,adj
lépcsőn	noun
tudtak	vrb
mexikói	noun,noun_prs
kezdet	noun,vrb
meséltem	vrb
patkány	noun
engedi	vrb
gyűlölöm	vrb
problémája	noun
véleménye	noun
sráccal	noun
busz	noun
válaszolni	vrb
apámnak	noun
kém	noun
ölj	vrb
sírj	vrb
fest	vrb
íze	noun
tehetnék	vrb
szerepel	vrb
lettünk	vrb,noun,adj
ellenséges	adj,noun
otthonról	noun
akartuk	vrb
közöd	noun
hátrébb	adv
árt	vrb,noun
tudomány	noun
elviszlek	vrb
ugorj	vrb
kérdezhetek	vrb
tudós	noun,vrb
akármit	noun_pron
terveztem	vrb,noun
legközelebbi	adj
tudnunk	vrb
megtanultam	vrb
szigeten	noun
mondhatod	vrb
szórakozol	vrb
gyilkost	adj,noun
spanyol	noun,adj
megkérdezem	vrb
pöcs	noun
szállni	vrb
csalódást	vrb
megérti	vrb
beszélgetünk	vrb
szemetet	noun
ügyfelem	noun
iszol	vrb
láttátok	vrb
olyasmit	noun_pron
tűnjünk	vrb
étterem	noun
istenverte	adj
vesznek	vrb
fúj	vrb
részleteket	noun
helytelen	adj,noun
ezekben	noun_pron
evett	vrb,adj
végtelen	adj,noun
elhagyni	vrb
illetve	con,vrb
nyomozást	vrb,noun
eljössz	vrb
rohadtul	adj,vrb
sztorit	noun
álltok	vrb
vásárolni	vrb
mm	noun,abr
pénzre	noun
meccset	noun
gondolnak	vrb
irodába	noun
utazás	noun,vrb
szemébe	noun
kard	noun
falat	noun,vrb
kérnem	vrb
bízol	vrb
idegenek	adj,noun
témát	noun
ragyogó	noun,vrb
listán	noun
tag	noun
pályán	noun
kettőnk	adj_num
eredmény	noun
értik	vrb
húzza	vrb
felkészülni	vrb
imádja	vrb
társa	noun
sztár	noun
randizni	vrb,noun
hülyeséget	adj
tegnapi	adj,noun
indiai	noun,adj,noun_prs
varázslat	noun
kérdéseket	noun,vrb
szigorúan	adj,noun
tévedek	vrb
mindenkivel	noun
templomba	noun
beszéljük	vrb
maradhat	vrb
mozogj	vrb
vigyen	vrb
mérföldre	noun
találtad	vrb
szaros	noun
állás	noun,vrb
választásunk	noun,vrb
elfogyott	vrb
laksz	vrb
alku	noun
hozzuk	vrb
kaphatnék	vrb
ültem	vrb
hívsz	vrb
mosdóba	noun,vrb
megköszönni	vrb
részem	noun
templomban	noun
meglátja	vrb
maradjak	vrb
csók	noun
asztalt	noun
kutyák	noun
veszünk	vrb
vettek	vrb,adj
milliót	adj_num
négyszemközt	adv
próbálsz	vrb
szóra	noun
kaptak	vrb
védelem	noun
vitték	vrb
elvesztettük	vrb
húzni	vrb
fejedben	noun
választotta	vrb
várják	vrb
speciális	adj
dobozt	noun
haltak	vrb
egészségügyi	adj,noun
órás	noun
végzek	vrb
kötni	vrb
robot	noun
álljanak	vrb
magyarázni	vrb
kötött	vrb
pokoli	adj
hallgat	vrb
életünket	noun
éltek	vrb
ritkán	adj,An_MODE_adv
működnek	vrb,noun
éles	adj,noun
hagytál	vrb
bosszú	noun
holnapi	adj,noun
apuci	noun
utcai	adj,noun
szebb	adj
hajam	noun
megcsináltuk	vrb
irányítást	vrb
hazudok	vrb
italra	noun
medve	noun
amelyet	adj_wh
férfinak	noun
egyenes	noun,adj
céget	noun
amerikaiak	adj,noun_prs
sérülés	noun,vrb
amilyennek	adj_wh
békében	noun
fedélzeten	noun
támadást	vrb
halat	noun
próbálni	vrb
eljöttem	vrb
olvasd	vrb
csomag	noun
frászt	noun
érzelmi	adj,noun
találkozót	noun,vrb
csinálnunk	vrb
örülni	vrb
csináljon	vrb
idebent	adv
található	adj,vrb
nyomja	vrb
segítettél	vrb
hűséges	adj
küldje	vrb
adatokat	noun
félt	vrb,adj_num,noun
szeretünk	vrb
bajnok	noun
vágni	vrb
előlem	noun_pron
kamerák	noun
játszottam	vrb
nézzetek	vrb
törni	vrb
meghalunk	vrb
csajt	noun
vigyáz	vrb
viselni	vrb
kígyó	noun
érdekelnek	vrb
eggyel	adj_num
gombot	noun
jutnunk	vrb
megtudtam	vrb
univerzum	noun
évekkel	noun
örülnék	vrb
apáddal	noun
hetet	adj_num,noun
bőr	noun
képviselő	noun,vrb
lelki	adj,noun
sajtó	noun
nukleáris	adj
tehettem	vrb
bárkinek	noun_pron
testvéred	noun
re	noun
állította	vrb
erővel	noun
visszajöttél	vrb
részvétem	noun
ablakot	noun
elérhető	noun,vrb
megteszed	vrb
értitek	vrb
taxit	noun
munkába	noun
ébresztő	noun,vrb
határt	noun
akadt	vrb
tetején	noun
távoli	adj
gondoskodni	vrb
azokra	noun_pron
legenda	noun
értette	vrb
párat	adj_num
szórakozást	vrb
milliárd	adj_num
vizsgálatot	noun
szoktál	vrb
mutassam	vrb
semmivel	noun_pron,noun
mindannyiunknak	adj_num_wh
útban	noun
adtad	vrb
szoktak	vrb
elbűvölő	vrb
oldalt	adv,noun
intézni	vrb
hozhatok	vrb
készíteni	vrb
lakott	adj,vrb
árulja	vrb
többre	adj_num
csapatban	noun
vezetek	vrb
elkezdődött	vrb
pizzát	noun
megkeresni	vrb
válaszol	vrb
találod	vrb
boltban	noun
ügyön	noun
találkozó	noun,vrb
biztosak	adj
csalódott	adj,vrb
istent	noun
étteremben	noun
ügyvédje	noun
apádnak	noun
ronda	adj
gyorsabb	adj
valós	adj,noun
elmentünk	vrb
süket	adj
bízik	vrb
vita	noun
néztek	vrb
királya	noun,adj
agy	noun
csekket	noun
szerencséd	noun
labda	noun
választottam	vrb
kedvencem	adj
videó	noun
csaló	vrb
kapcsolatunk	noun
hetes	adj,noun
magáért	noun_ref_SG_3
eszünk	vrb,noun
időkben	noun
rejtett	adj,vrb
találják	vrb
órakor	noun
iskolát	noun
dologról	noun
tartó	noun,vrb
kapom	vrb
életedet	noun
nyomorult	adj
tiltakozom	vrb
egyfolytában	adv
jutottam	vrb
tagjai	noun
meglátom	vrb
néznem	vrb
vettük	vrb
apámmal	noun
gyereknek	noun
leesett	vrb
tűnni	vrb
versenyt	noun
jártak	adj,vrb
segítenek	vrb
kapod	vrb
tettes	noun
ajánlat	noun
picsa	noun
madame	noun
dolgokról	noun
dolcsi	noun
figyelmen	noun
száját	noun
csúnyán	adj,An_MODE_adv
kifejezés	noun,vrb
jesszusom	sentint
világra	noun
nézzünk	vrb
kerüljön	vrb
nagylelkű	adj
bolygón	noun
lőj	vrb
egyiket	noun_pron
rémálom	noun
öngyilkosság	adj
papírt	noun
vitt	vrb,adj
hónapok	noun
köszönet	noun
vinnünk	vrb
szerezz	vrb,noun
eljönni	vrb
párt	noun,adj_num
aludtál	vrb
pici	adj
vízben	noun
veszíteni	vrb
mondaná	vrb
helyettem	noun_pron
minthogy	con
hoztak	vrb
elhunyt	adj,vrb
hallgatom	vrb
kocsim	noun
rejtélyes	adj,noun
dologban	noun
holttest	noun
mibe	noun_pron,noun
megkértem	vrb
csávó	noun
semmiért	noun_pron,noun
kénytelen	adj,noun
jóvá	prv,adj
utálja	vrb
idegesítő	noun,vrb
győztes	noun,adj
sziget	noun
koncentrálj	vrb
dönt	vrb
helyettes	noun,adj
vall	vrb
boldognak	adj
szaga	noun
édesanyja	noun
reggelit	noun,adv
határ	noun
okból	noun
mondania	vrb
esemény	noun
száll	vrb
tejet	noun
rádió	noun
dolgát	noun
hagyjál	vrb
oldalra	adv,noun
rózsaszín	adj
elkapták	vrb
kocsiból	noun,noun_prs
rémes	adj,noun
válaszoljon	vrb
emberre	noun
rendőrségre	noun
filmben	noun
külföldi	adj,noun
taxi	noun
négyes	noun,adj
kérdezze	vrb
partra	noun
szerető	noun,vrb
edd	vrb
azonnali	adj
egyenlő	adj
fájni	vrb
mintát	noun
perced	noun
szerencsém	noun
befejeztem	vrb,noun
szépség	noun
randira	noun
g	noun
max.	abr
falu	noun
párszor	adv,adj_num
helyedben	noun
hagysz	vrb
megengedi	vrb
visel	vrb
ebédelni	vrb
édesanyád	noun
veszett	vrb
miniszterelnök	noun
kapcsolata	noun
lám	adv
adjak	vrb
engedhetem	vrb
tudhatja	vrb
rendet	noun
ötös	noun,adj
valamiről	noun_pron
őrök	noun
bírónő	noun
gondolkozz	vrb
követi	vrb,noun
táskát	noun
megadom	vrb
kocsiját	noun,noun_prs
tortát	noun
jelentette	vrb
maradhatok	vrb
meghaltam	vrb
kaphatok	vrb
harcot	noun
állítsa	vrb
időnként	adv,noun
adnom	vrb
problémám	noun
amibe	noun_pron
hulla	noun
ezekre	noun_pron
zárt	adj,noun,vrb
gondoskodom	vrb
amiből	noun_pron
okom	noun
pihenni	vrb
aranyat	noun
vonzó	adj,vrb
kerülnek	vrb
befejezni	vrb,noun
biztosíthatom	vrb
abbahagyni	vrb
tanult	adj,vrb
császár	noun
nesze	sentint,noun
számított	vrb
nagymama	noun
vidám	adj
állati	adj,noun
főzni	vrb
megtalálják	vrb
haj	sentint,noun
megérted	vrb
megcsináltam	vrb
feladatot	noun
viszontlátásra	vrb
mindannyiunkat	adj_num_wh
börtönből	noun
éhen	noun
hátralévő	vrb,adj
tegyétek	vrb
irodámba	noun
kártyát	noun
segítünk	vrb
eltört	vrb
igyekszem	vrb
kezdjünk	vrb
mindennap	adv
verni	vrb
kértél	vrb
családban	noun
bizonyítja	vrb
sárkány	noun
ruhákat	noun
falon	noun
mutatott	vrb
ellopták	vrb
szendvicset	noun
eredménye	noun
figyeltem	vrb
közülünk	noun_pron
fák	noun
elvenni	vrb
örülsz	vrb
visszajöttem	vrb
eszköz	noun
tutira	adj
jég	noun
léteznek	vrb,noun
nézünk	vrb
idióták	adj
monsieur	noun
vonal	noun
fut	vrb
úrnak	noun
zárd	vrb
képen	noun
darabot	noun
húga	noun
fejbe	noun
emeld	vrb
kerültél	vrb
száraz	adj,noun
meglehet	vrb
lehetősége	vrb,noun
motor	noun
sikerrel	noun
lények	noun
nyúlj	vrb
álljatok	vrb
válaszokat	noun
kapjátok	vrb
megtudjuk	vrb
tekintve	post,vrb
ablak	noun
adták	vrb
kiment	vrb
egyesek	noun,adj
hangos	adj,noun
beszélned	vrb
lyuk	noun
káosz	noun
lelőtték	vrb
letartóztatták	vrb,noun
bírod	vrb
mm-hmm	UNK
baseball	noun
megfelelően	adj,vrb
összesen	adv,adj
méreg	noun
per	noun
állomás	noun
elrabolták	vrb
értetted	vrb
engedjenek	vrb
családomat	noun
jogom	noun
tetszene	vrb
azonosítani	vrb
elvégre	adv
váratlan	adj,vrb
vadász	noun
szellemek	noun
képtelenség	adj,noun
kezdenek	vrb
meztelenül	adj,noun
addigra	adv
lefeküdni	vrb
kíván	vrb
micsodát	noun
kislányom	noun
fát	noun
dolgoznom	vrb,noun
engedte	vrb
egymástól	noun,adj_num
zavarásért	vrb
titokzatos	adj
adjunk	vrb
mégse	con
készülsz	vrb
elhagyja	vrb
jelentkezett	vrb
végleg	adv
tartson	vrb
hallottuk	vrb
eddigi	adj
elvtárs	noun
csinálnod	vrb
formában	noun
meggyilkolták	vrb
kedve	noun
odaát	adv
veszélyt	noun
térjünk	vrb
adjam	vrb
dél	noun
halljam	vrb
kaput	noun
nézi	vrb
ken	vrb
hívod	vrb
negyed	adj_num,noun
ismerni	vrb
tojás	noun,vrb
mindkettőt	adj_num
segítségedre	noun
értelmetlen	adj
ölted	vrb
önért	noun
németek	adj,noun
alakul	vrb,noun
zavart	adj,noun,vrb
agyam	noun
gyerekkel	noun
kiló	noun
vetni	vrb
meggyőzni	vrb
vesztes	adj
gyerekeim	noun
büntetés	noun,vrb
kulcsa	noun
levegőben	noun
küldök	vrb
kizárólag	adv
kértek	vrb
belé	noun_pron
kibaszottul	vrb
gondja	noun
nevezik	vrb,noun
kereste	vrb
szigorú	adj,noun
szürke	adj
mindenem	noun
együnk	vrb,adj_num
hagyták	vrb
tiszteletet	noun
hozol	vrb
hátulról	adv
felfelé	adv
bármely	adj_wh
kezdjek	vrb
becsületes	adj,noun
mindkettőnknek	adj_num
békés	adj,noun
számítógép	noun
kevesebbet	adj_num
szakértő	noun,adj
cipő	noun
hármat	adj_num
pezsgőt	vrb,noun,adj
utál	vrb
ugyanazon	noun_pron
mindenért	noun
bemutatni	vrb
áram	noun
házamban	noun
átadom	vrb
jövőt	noun,vrb,adj
eressz	vrb
labor	noun
mindenen	noun
viselt	adj,vrb
használom	vrb
korában	noun
évente	adv
várhat	vrb
feleségemet	noun
szeretnének	vrb
húzzunk	vrb
lejjebb	adv
egyetemi	adj,noun
leszámítva	vrb
lelke	noun
egésznek	adj
elkapta	vrb
boldogság	noun,adj
programot	noun
pénzről	noun
segítségére	noun
hurrá	sentint
reményt	noun
kedveli	vrb
ruhában	noun
választani	vrb
sajnálatos	adj,noun
teherbe	noun
megismerni	vrb
történnek	vrb
ütés	vrb
zavarja	vrb
hajóra	noun
hoppá	sentint
szülinapi	noun
viselkedni	vrb
szarházi	adj
imént	adv
változtat	vrb
találkozol	vrb
közénk	noun_pron
partit	noun,adj
zavarni	vrb
lovat	noun
módját	noun
tipikus	adj
tested	noun
modell	noun
tanított	adj,vrb
nős	adj,noun
egyszerűbb	adj,adj_num,noun
nézed	vrb
pisztoly	noun
megkérdezte	vrb
folyosón	noun
fizettem	vrb
beszélve	vrb
szoros	adj
melót	noun
semmiből	noun_pron,noun
vérzik	vrb
üdvözöllek	vrb
fiúkat	noun
kezdd	vrb
szerződés	noun,vrb
megcsináltad	vrb
véleményed	noun
átok	noun
elhiszem	vrb
továbbá	con
feleségével	noun
láthatod	vrb
jóban	adj
közönség	noun
időpontot	noun
vágod	vrb
bámulatos	adj,noun
virág	noun
álltak	vrb
bunkó	noun,adj
okkal	noun
feladata	noun
helyem	noun
kimegyek	vrb
említettem	adj,vrb
iránti	adj
tojást	noun,vrb
hozták	vrb
innét	post,adv
lelőtte	vrb
késtem	vrb
engedni	vrb
felől	post,adv
irányítja	vrb
láthatatlan	vrb,adj
cikket	noun
vegyék	vrb
szeretettel	noun,adj,vrb
használnak	vrb
lógni	vrb
fok	noun
elegendő	adj
módszer	noun
bravó	sentint
visszahívlak	vrb
helyről	noun
hívnom	vrb
viseli	vrb
üsd	vrb
tömeg	noun
érsz	vrb
találkoztak	vrb
kerültek	vrb
találkozásnak	vrb
fasza	adj,noun
sírt	noun,vrb
mérföld	noun
játszanak	vrb
utcára	noun
észak	noun
mondhatjuk	vrb
dobni	vrb
eljöttek	vrb
szeretnélek	vrb
láthatja	vrb
okosabb	adj
raj	noun
késni	vrb
sebész	noun
tartanunk	vrb
hitt	vrb,adj
döntéseket	noun,vrb
csináljátok	vrb
repül	vrb,noun
rávenni	vrb
barátját	noun,adj
elindult	vrb
bírok	vrb
maradék	noun
életüket	noun
semmibe	noun_pron,noun
cipőt	noun
makacs	adj
vezette	vrb
szobájába	noun
áldozata	noun
arcot	noun
puszta	noun,adj
lelkem	noun
ugyanez	noun_pron
élvezni	vrb
ettél	vrb
egyedi	adj,noun_prs,adj_num,noun
fogtam	vrb
egyezik	vrb
válaszolt	vrb
gondom	noun
megérdemli	vrb
sorba	adv,noun
könnyedén	adv,adj,noun
végeztek	vrb,noun
hagyjatok	vrb
segítenél	vrb
önként	adv,noun
agya	noun
folytassuk	vrb
valaminek	noun_pron
furán	adj,An_MODE_adv
bűnügyi	adj,noun
másról	adj,noun
problémánk	noun
tettük	vrb,noun
ehelyett	adv
kockázatos	adj,noun
foglalkozz	vrb
melyiket	noun_pron
használták	vrb
lakásban	noun,vrb
eva	noun
legyőzni	vrb
kártya	noun
tulajdonosa	noun
nulla	adj_num
számok	noun
csata	noun
estén	noun,adv
mérget	noun
szavamat	noun
lehetnél	vrb
egykor	adv,adj_num
meglátogatni	vrb
lehetővé	noun,vrb
elhoztam	vrb
jöttök	vrb
tanítani	vrb
megpróbáljuk	vrb
előfordul	vrb
közöttünk	noun_pron
küldték	vrb
eszméletlen	adj,vrb
ellentétben	noun
esküvőt	noun,vrb,adj
betegek	adj,noun
figyelek	vrb
gyalog	noun
nyitni	vrb
vékony	adj
csináltuk	vrb
foglalt	adj,vrb
szag	noun
bolt	noun
szedni	vrb
válassz	vrb
ütni	vrb
lényege	noun
utálok	vrb
hívtad	vrb
műve	noun
erősítést	vrb,noun
vágyom	vrb
barátot	noun,adj
legkevésbé	adv
előadás	noun,vrb
idd	vrb
nyúl	noun,vrb
esetén	noun
hetente	adv
felejtsük	vrb
meghalnak	vrb
interjút	noun
neten	noun
birodalom	noun
stabil	adj
mindenit	noun
csapata	noun
tölti	vrb
tiszteletes	noun
anyámnak	noun
magamban	noun_ref_SG_1
kaptad	vrb
érezted	vrb
lődd	vrb
dolcsit	noun
idekint	adv
fér	vrb
beteget	adj,noun
megtenné	vrb
részében	noun
hisznek	vrb
éjszakán	noun,adv
haragszol	vrb
moziba	noun
információkat	noun
kézben	noun
meghaltál	vrb
vesztettem	adj,vrb
jutottunk	vrb
ártana	vrb
tennél	vrb
magukra	noun_ref_PL_3
von	vrb
szemében	noun
telefonját	noun
házába	noun
térdre	noun
mostanság	noun
szint	noun
eh	sentint
barátságos	adj
helyben	noun
nyertél	vrb
hagynod	vrb
jen	noun
süti	noun,vrb
hivatal	noun
bír	vrb
maradnia	vrb
megölnek	vrb
f	noun
szerencséje	noun
napunk	noun
lásd	vrb
kire	noun_pron
emellett	adv
bizalmas	adj,noun
tévét	noun
részén	noun
ismeritek	vrb
hölgyet	noun
érezze	vrb
allergiás	adj,noun
kétség	noun
áldott	adj,vrb
vegyem	vrb
bizonyítékok	noun
helyében	noun
vigyázzatok	vrb
belülről	post,adv
elfelejtette	vrb
testi	adj,noun
kötve	vrb
tigris	noun
jobbak	adj,noun
dolgoztunk	vrb,noun
maradhatsz	vrb
jusson	noun,vrb
pénzünk	noun
kicsikém	adj
seggem	noun
felhívta	vrb
gondoljon	vrb
tisztára	adj
gyereked	noun
elkaptuk	vrb
kussolj	vrb
irodája	noun
vittem	vrb
kamu	noun
döntöttél	vrb
megkérdezhetem	vrb
óráig	noun
lyukat	noun
jogos	adj,noun
érzik	vrb
virágok	noun
teremben	noun
várható	vrb
varázsló	vrb,adj
színpadon	noun
elegáns	adj
pizza	noun
szobámban	noun
kinn	adv
hitték	vrb
mindnyájan	noun_pron
zavarba	noun
házát	noun
siker	noun
tisztázzuk	vrb
említett	adj,vrb
megszerezni	vrb,noun
telhetőt	vrb
hallottátok	vrb
örül	vrb
alkohol	noun
kérdezzek	vrb
nedves	adj,noun
kezdj	vrb
kapják	vrb
csomagot	noun
jöhetsz	vrb
kezemben	noun
harminc	adj_num
bűzlik	vrb
megkérdezni	vrb
bírtam	vrb
semmiről	noun_pron,noun
istenre	noun
gyerekei	noun
colin	noun
miszerint	adv
megöltek	vrb
törvényes	adj,noun
megígérte	vrb
soká	adv
játssz	vrb
nőkkel	noun
fogad	vrb,noun
nővére	noun
óriás	noun
ügynökök	noun
válnak	vrb
haladunk	vrb
délre	noun
visszamenni	vrb
mentőt	noun,vrb
térj	vrb
kerestelek	vrb
hangod	noun
szemet	noun
city	noun
apukád	noun
dönteni	vrb
döntöttünk	vrb
kódot	noun
megölik	vrb
ellened	noun_pron,vrb
felveszem	vrb
lakni	vrb
jelek	noun
tudhatjuk	vrb
olvassa	vrb
orvoshoz	noun
dolgoztál	vrb,noun
mondtuk	vrb
mindennel	noun
előbb-utóbb	UNK
eladó	noun,vrb
lényegében	noun
találjam	vrb
kéred	vrb
nyomást	vrb
magából	noun_ref_SG_3
északra	noun
olaj	noun
köztetek	noun_pron
csináljam	vrb
szolgál	vrb
dolognak	noun
irodámban	noun
megállt	vrb
alsó	adj
magyarázza	vrb
élőben	adj,vrb
igyekezz	vrb
megígérted	vrb
felül	post,adv,prv,vrb
otthonom	noun
változnak	vrb
hit	noun
hatalmat	noun
lassíts	vrb
kezdi	vrb
személyi	adj,noun
elvinni	vrb
szabadságot	noun,adj
asztalon	noun
kaptuk	vrb
jutottál	vrb
megtetted	vrb
kardot	noun
láthatom	vrb
múltban	noun,adj,vrb
ügynököt	noun
mostani	adj
j	noun
vég	noun
figyeljenek	vrb
fű	noun
felhívni	vrb
méterre	noun
elmagyarázni	vrb
tudomást	noun
óceán	noun
jutok	vrb
ellenőrizni	vrb
szerintünk	noun_pron
családnak	noun
felteszem	vrb
segítsetek	vrb
hülyének	adj
hagynom	vrb
szintű	noun
öl	noun,vrb
anyádnak	noun
végzi	vrb
idejön	vrb
siessetek	vrb
elmondok	vrb
szemtanú	noun
vendégek	adj,noun
folyamatban	noun
erőd	noun
visszük	vrb
gyermeket	noun
tiszteletben	noun
dolgozok	vrb,noun
újságot	noun,adj
foglalkozni	vrb
környék	noun
húgod	noun
szarul	noun,adj
asztalnál	noun
lőtte	vrb
elmehet	vrb
koszos	adj,noun
látnia	vrb
nevemet	noun
nőttem	vrb
finn	noun,adj
tanácsadó	noun
ebédre	noun
kövesd	vrb
olyannak	adj_wh
útját	noun
csalás	noun_prs,vrb
emlékek	noun
barátommal	noun,adj
jótékonysági	adj
éjfél	noun
beszélgessünk	vrb
autóban	noun
örökbe	adj
ebédet	noun
sarkon	noun
arcom	noun
nevezett	adj,vrb,noun
házassági	noun,adj
aljas	adj,noun
faszom	noun
nyomokat	noun
problémád	noun
nővéred	noun
kezébe	noun
fordítva	adv,vrb
kezdtek	vrb
meséljen	vrb
sport	noun
ravaszt	adj
oldalát	noun
maradnod	vrb
kitaláltam	vrb
szövetség	noun
üdvözöljük	vrb
halnak	vrb,noun
haverom	noun
érzett	adj,vrb
fiúnak	noun
várnunk	vrb
szélén	adv,noun
vállalom	vrb
zaj	noun
füvet	noun
laborban	noun
ugyanabban	noun_pron
hónapot	noun
célzol	vrb
magamtól	noun_ref_SG_1
kérdeznem	vrb
oroszok	noun,adj
viszik	vrb
telefonom	vrb,noun
adjátok	vrb
iskolából	noun
lányokkal	noun
maradtak	vrb
csatorna	noun
leszarom	vrb
férfiakat	noun
indulnunk	vrb
királyt	noun,adj
lámpát	noun
venned	vrb
vinnem	vrb
címét	noun
erdő	noun
elmondaná	vrb
finoman	adj
civil	adj
kritikus	noun,adj
szülő	noun,vrb
kívánja	vrb
készítek	vrb
tartóztatva	vrb,noun
dologgal	noun
eltelt	adj,vrb
meglep	vrb
elkövető	vrb
keresztény	noun,adj
feküdt	vrb
adatok	noun,vrb
baromi	adj
ítélve	vrb
hallottunk	vrb
élvezd	vrb
rengeteget	adj,noun
jellemző	vrb,noun,adj
nevére	noun
órák	noun
fogadott	vrb
bizonnyal	adv
tragédia	noun
laza	adj
célba	noun
érezzük	vrb
szerencsénk	noun
szelet	noun,vrb
hozod	vrb
sehogy	adv
szomszédok	noun
megmagyarázni	vrb
kihívás	noun,vrb
ezennel	adv
küldi	vrb
munkához	noun
privát	adj
online	noun
apjával	noun
színe	noun
szakács	noun
feladatom	vrb,noun
ügyfél	noun
élj	vrb
többnyire	adv
félni	vrb
odaadom	vrb
kapjon	vrb
levő	vrb,adj
születésnapot	noun
elkaptam	vrb
szociális	adj
lehetőségem	vrb,noun
lila	adj
x	noun
viselkedett	vrb
minta	noun
átnéztem	vrb
elmehetsz	vrb
események	noun
szervezet	noun
újságíró	noun
közösen	adj,noun
térkép	noun
hallak	vrb
kapu	noun
hisszük	vrb
elmondanom	vrb
elnököt	noun
kijött	vrb
közösségi	noun,adj
játszd	vrb
utazik	vrb,noun
őrülten	adj,vrb
alfa	noun
rejtély	noun
próbálunk	vrb
büntetést	noun,vrb
szólnak	vrb
haját	noun
hegy	noun
színű	adj,noun
direkt	adj
urak	noun
görög	noun,vrb
pia	noun
ments	vrb
csirkét	noun
című	noun
építeni	vrb
siessen	vrb
megbocsát	vrb
fordítás	vrb
jelölt	noun,adj,vrb
közönséges	adj,noun
érjen	vrb
szórakozz	vrb
gazdagok	adj
bevált	vrb
pasit	noun
jöttetek	vrb
feljebb	adv
vegyek	vrb
felnőttek	vrb,adj,noun
lehettem	vrb
bízni	vrb
értelek	vrb
hagyományos	adj,noun
római	adj,noun_prs
anyámmal	noun
átveszem	vrb
bemegyünk	vrb
könyveket	noun
ellenünk	noun_pron,vrb
irányt	noun
gépen	noun
aktív	adj
jelenet	noun
szerintetek	noun_pron
megmaradt	vrb
lapot	noun
kapaszkodj	vrb
léptem	noun,vrb
legerősebb	adj,noun
ilyesmire	noun_pron
megváltoztatta	vrb
állva	vrb
másoknak	adj,noun
próbát	noun
használod	vrb
csatlakozni	vrb
bárhová	adv
csajszi	noun
fenyegetés	vrb
feszült	adj,vrb
viselkedj	vrb
kezekkel	noun
akad	vrb
bejutni	vrb
elkezd	vrb
bíztam	vrb
lóg	vrb
bűnözők	noun,vrb
kelt	vrb,noun
hetek	adj_num,noun
tv-ben	noun
világosan	adj,noun
rakd	vrb
árat	noun
késik	vrb
hibáztam	vrb,noun
indulni	vrb
magába	noun_ref_SG_3
lenniük	vrb
essen	vrb
csinálták	vrb
elismerem	vrb
faszfej	noun
következőt	adj,vrb
bújj	vrb
szavát	noun
dolgozó	noun,vrb
ár	noun
sereg	noun
engedjék	vrb
maradnom	vrb
kórházból	noun
megcsináljuk	vrb
könyörgök	vrb
emberekre	noun
dobozban	noun
fölé	noun_pron,post
kezdhetjük	vrb
mondhatnám	vrb
nagykövet	noun
mocsok	noun
szobája	noun
legkisebb	adj
megismertem	vrb
elkövetett	adj,vrb
háta	noun
névtelen	adj
példát	noun
próba	noun
megérte	vrb
visszafelé	adv
vonalban	noun
izét	noun
gyermeke	noun
szolgált	vrb
megmutatta	vrb
villám	noun
sorsa	noun
maradtunk	vrb
próbáljon	vrb
puha	adj
szórakozik	vrb
elsőnek	adj_num,adj
többiekkel	adj
vezess	vrb
nyomok	noun,vrb
őrizetbe	noun
sátán	noun
amolyan	adj_wh
költözött	vrb
művészet	noun
szolgálat	noun
kérnek	vrb
odáig	adv
gondját	noun
megmutatja	vrb
bízd	vrb
katolikus	adj
normál	vrb,adj
holttestét	noun
megmentetted	vrb
maradtál	vrb
sírsz	vrb
töltötte	vrb
találj	vrb
ártani	vrb
foglalkozom	vrb
próbálod	vrb
megmondja	vrb
vádlott	noun
padlón	noun
madarak	noun
bohóc	noun
független	adj
kel	noun,vrb
változni	vrb
önhöz	noun
elintézni	vrb
alatti	adj,post
vennünk	vrb
hazudj	vrb
lelkét	noun
mögötted	noun_pron
házhoz	noun
viszed	vrb
követem	noun,vrb
megmagyarázza	vrb
kezelés	vrb
végzünk	vrb
boltba	noun
ezeken	noun_pron
lex	UNK
fegyverét	noun
megérkezik	vrb
v	noun
csúcs	noun
leckét	noun
mutatok	vrb
ostobaság	adj
ötven	adj_num
tragikus	adj
táska	noun
akiben	noun_pron
tej	noun
kövess	vrb
folytatódik	vrb
nyár	noun
segíthetünk	vrb
lefeküdt	vrb
srácnak	noun
támad	vrb
stressz	noun
mobil	noun,adj
vadászni	vrb
időből	noun
mennyivel	adj_num_wh,noun
dagadt	vrb,adj
megjelenik	vrb
felkelni	vrb
ellenőrzés	vrb,noun
magadhoz	noun_ref_SG_2
táncos	noun
bárhogy	adv
bizonytalan	adj
kifejezetten	adj,vrb,noun
hátat	noun
elmennek	vrb
elküldtem	vrb
reménytelen	adj,noun
megváltoztatni	vrb
játékban	noun
faluban	noun
valók	noun,adj
járó	noun,vrb
viszonya	noun
húzás	vrb
úgynevezett	con,adj
üveget	noun
rendőrt	noun
ejha	sentint
hülyén	adj
emelet	noun
mágikus	adj
feladni	vrb
munkával	noun
riporter	noun
problémák	noun
por	noun
kérdezz	vrb
csókot	noun
tartsák	vrb
feleségemmel	noun
visszatérni	vrb
ügye	noun
elölről	adv
megtalálod	vrb
milyenek	adj_wh
tudjon	vrb
indián	noun
helyszín	noun
helyed	noun
alapos	adj,noun
hatos	noun,adj
mennyei	adj,noun
nálatok	noun_pron
emeletre	noun
próbára	noun
vegyétek	vrb
reptérre	noun
ajánlott	adj,vrb
utállak	vrb
felvette	vrb
okát	noun
kedden	noun
kimondani	vrb
minap	adv
tölt	vrb
nemzet	noun,vrb
sejtettem	adj,vrb
lélegzik	vrb
terjed	vrb
széles	adj,noun
váratlanul	adj,vrb
szabadulni	vrb
bűncselekmény	noun
zavarodva	vrb
légi	adj,noun
hétköznapi	adj,noun
jogod	noun
kirúgtak	vrb
vérnyomás	noun
betört	adj,vrb
dollárért	noun
sajnáljuk	vrb
varázslatos	adj,noun
ülünk	vrb
kórházi	noun
különbséget	noun
árva	adj
kedveled	vrb
rémlik	vrb
szomjas	adj,noun
nagyapám	noun
élvezem	vrb
hívjam	vrb
időmet	noun
elsődleges	adj
megmutatni	vrb
zajlik	vrb
figyelmeztetés	vrb,noun
kihez	noun_pron
küldj	vrb
sürgősen	adj,vrb
megbeszélni	vrb
hatalma	noun
többieknek	adj
interneten	noun
figyelnek	vrb
rúgni	vrb
négyen	adj_num
keresed	vrb
lefeküdtél	vrb
hál	vrb
kent	vrb
fotót	noun
konyha	noun
tárgy	noun
megszabadulni	vrb
ravasz	adj
szeptember	noun
összetört	vrb
elsőként	adj_num,adj
szakított	adj,vrb
megteszünk	vrb
szemei	noun
dong	vrb
vágom	vrb
önmagát	noun_ref_SG_3
szűk	adj
lámpa	noun
lehessen	vrb
közeleg	vrb
keressen	vrb
logikus	adj
időzítette	vrb
függetlenül	adj
határon	noun
személyt	noun
érdemel	vrb
terem	noun,vrb
művelt	adj,vrb
barátomnak	noun,adj
anyáddal	noun
történetét	noun
valóságos	adj,noun
újból	adv,adj
visszatérek	vrb
módot	noun
választása	noun,vrb
téves	adj
nyers	adj
mosolyogj	vrb
őrség	noun
jelenetet	noun
siessünk	vrb
fogta	vrb
odakinn	adv
folyamat	noun
céloz	vrb,noun
törzs	noun
másokkal	adj,noun
bevallom	vrb
csodásan	adj,noun
nénikém	noun
kinézni	vrb
kilyukadni	vrb
kettős	adj
nőknek	noun
öcsi	noun,noun_prs
kölyköt	noun
utazni	vrb,noun
áldja	vrb
otthona	noun
zárni	vrb
telefonja	vrb,noun
havi	noun,adj
szakmai	adj,noun
bátorság	noun
irántad	noun_pron
lőtték	vrb
felhívlak	vrb
lopni	vrb
adna	vrb
kockára	noun,adj
magasan	adj
ellenkezőleg	adv
netán	con
napról	noun
reagál	vrb
sajnálattal	noun
lassabban	adj
viccet	noun
alvás	vrb,noun
képzett	adj,vrb
vágyik	vrb
alapvető	adj
egyedüli	adj
kisbaba	noun
mondhatsz	vrb
képét	noun
utamból	noun
néztél	vrb
kulcsokat	noun
leveleket	noun
büszkék	adj
mostanáig	adv
tartsuk	vrb
okoztam	vrb
hallgattam	vrb
üss	vrb
pletyka	noun
szert	noun
családunk	noun
tiltott	adj,vrb
késésért	vrb
tartalék	noun
volt-e	noun,vrb,adj,adv
hatodik	adj_num
enged	vrb
durván	adj,An_MODE_adv
egészségedre	noun,adj
szívemet	noun
közötti	adj
megkérem	vrb
tönkretette	vrb
részemről	noun
esetében	noun
bart	noun
megváltozik	vrb
technológia	noun
tetőn	noun
iszunk	vrb
laborba	noun
öltözz	vrb
megmentett	vrb
túlélte	vrb
visszajössz	vrb
adjatok	vrb
agyad	noun
történelmi	adj,noun
bulizni	vrb,noun
hosszabb	adj
lehetőségünk	vrb,noun
elvesztetted	vrb,adj
törődsz	vrb
védi	vrb
rendező	noun,vrb
szobámba	noun
futott	adj,vrb
készültem	vrb
őrültek	adj,vrb
kérd	vrb
intelligens	adj
pofád	noun
legénység	noun
megérkeztünk	vrb
barátság	adj
végzet	noun
hasonlóan	adj,vrb
hagytak	vrb
feleségének	noun
kijön	vrb
koncentrálni	vrb
legfőbb	adj
j.	noun
tekintettel	noun,vrb
elkapom	vrb
talpra	noun
akármilyen	adj_wh
fiúval	noun
lenn	adv
köszönetet	noun
segítségét	noun
javítani	vrb
karját	noun
menyasszony	noun
motort	noun
gondolkodj	vrb
próbálják	vrb
szerettelek	vrb
szorosan	adj
ellenőriztem	vrb
alma	noun
napban	noun
neveket	noun
junior	noun,adj
mélyén	adj
segítsünk	vrb
gróf	noun
megtörténhet	vrb
elmehetnénk	vrb
estem	noun,vrb
érzést	vrb,noun
vacak	adj
essünk	vrb
álmok	noun
nyilvánosságra	adj
rosszak	adj
eldönteni	vrb
kereskedelmi	adj,noun
jöjj	vrb
meggyőző	noun,vrb
elmenekült	vrb
ittál	vrb
mondana	vrb
ügyről	noun
mégpedig	con
újságban	noun,adj
közösség	noun,adj
mégiscsak	con
mögöttem	noun_pron
alkalmazott	noun,adj,vrb
dicsőség	noun,adj
lényegre	noun
kertben	noun
bizonyítéka	noun
jönnöm	vrb
hajú	noun
látvány	noun
szempontból	noun
iránta	noun_pron
partner	noun
nagyon-nagyon	twin
átment	vrb
elesett	adj,vrb
ellenállni	vrb
ikrek	noun
módján	noun
hülyék	adj
hiszitek	vrb
kislányt	noun
zsír	noun
vágd	vrb
asztalra	noun
mid	noun_pron,noun
kanapén	noun
személyzet	noun
karom	noun
ezekről	noun_pron
gyakorlat	noun
hangokat	noun
feltenni	vrb
erők	noun
kommunikációs	noun
meglepett	adj,vrb
tehén	noun
vártál	vrb
reggelre	noun,adv
gazdasági	noun
rendeltem	adj,vrb
példa	noun
július	noun
jelentenek	vrb
bátran	adj
előzetes	noun,adj
várd	vrb
szépek	adj
baráti	adj,noun
km	noun,abr
szája	noun
késésben	vrb
harcol	vrb
ördögöt	noun
erősek	adj,noun
titka	noun
vesztett	adj,vrb
szabályt	noun
anyjával	noun
csütörtökön	noun
túlzás	vrb,noun
kezdete	noun
máskülönben	con
érintett	adj,vrb
kötelet	noun
rájönnek	vrb
kérted	vrb
hagyjam	vrb
azokról	noun_pron
háromra	adj_num
csokit	noun
megyei	adj,noun
ezerszer	adj_num
gondoltok	vrb
ismernek	vrb
műtétet	noun
megcsinálta	vrb
társadalmi	adj,noun
oldala	noun
boldogságot	noun,adj
aligha	sentint
műanyag	noun
butaság	adj
típusú	noun
cowboy	noun
bemenni	vrb
képzeltem	adj,vrb
hozzak	vrb
kenyeret	noun
sietek	vrb
elvisz	vrb
anyával	noun
magadban	noun_ref_SG_2
ismerd	vrb
tanultál	vrb
napos	adj,noun
rakéta	noun
akarnám	vrb
képzelsz	vrb
megkapom	vrb
visszamegyünk	vrb
hullát	noun
adnod	vrb
média	noun
jegyeket	noun
ítélet	noun
eredetileg	adv,noun
örülünk	vrb
alapvetően	adj
küzdeni	vrb
esne	vrb
elöl	adv,vrb
ty	noun
elvitt	vrb
legkevesebb	adj_num
támadni	vrb
állatokat	noun
gyémánt	noun
vizes	adj,noun
zajt	noun
elhiszed	vrb
pusztán	adv,adj,An_MODE_adv,noun
rákos	noun,adj
cukor	noun
táborban	noun
vártunk	adj,vrb
mesélte	vrb
csodálom	vrb
számítok	vrb
nevetni	vrb
mondhatni	vrb
megfigyelés	noun,vrb
doktornő	noun
férjemet	noun
számítanak	vrb
küldöm	vrb
emlék	noun
ismerted	adj,vrb
utóbb	adv
alison	noun_prs
bíróságra	noun
amennyiben	con,adj_num_wh
korom	noun
válás	vrb
tizedes	noun,adj_num
lépjünk	vrb
apával	noun
zavaros	adj,noun
kétségbe	noun
fejébe	noun
hallották	vrb
lefeküdtem	vrb
esküdtszék	noun
szakítottunk	vrb
megmondta	vrb
utálod	vrb
hülyét	adj
ugrott	vrb,adj
agyát	noun
rendelkezik	vrb
harcolunk	vrb
köztem	noun_pron
fejemből	noun
fejezzük	vrb,noun
tábor	noun
hazamenni	vrb
álltunk	vrb
aggaszt	vrb
emlékeztek	vrb,noun
tét	noun
vigyem	vrb
magyarázatot	noun
jöjjek	vrb
sarokba	noun
kellet	vrb
nigger	noun
miként	noun,noun_pron
rádiót	noun
feltűnt	vrb
elmélet	noun
öccse	noun
orra	noun
tartottunk	vrb
másként	adv,adj,noun
kerültünk	vrb
írtál	vrb
időszak	noun
kérés	vrb
gépre	noun
azzá	noun_pron
csatlakozik	vrb
társadalom	noun
elmúlik	vrb
énekel	vrb
szerelme	noun
ellopott	adj,vrb
kudarcot	noun
biológiai	adj,noun
beszélhetsz	vrb
gőzöm	noun
odamegyek	vrb
loptam	vrb
írsz	vrb
várod	vrb
rend	noun
projekt	noun
élmény	noun
parancsoljon	vrb
embereit	noun
jelentése	vrb
magadról	noun_ref_SG_2
mentén	vrb,adj,noun
olvasta	noun,vrb
tanul	vrb,noun
szerelmesek	adj,noun
szerzünk	vrb
vágjunk	vrb
tó	noun
számukra	noun
cimbora	noun
pszichopata	noun
nagypapa	noun
sorozat	noun
imádtam	vrb
gyilkosok	adj,noun
fenében	noun
kerestél	vrb
féreg	noun
elveszítjük	vrb
maximum	noun
készít	vrb
foglalj	vrb
harag	noun
küzd	vrb
írják	vrb
hétvégére	noun
elengedni	vrb
kérdezett	adj,vrb
oroszlán	noun
befejezem	vrb,noun
számokat	noun
menekült	noun,vrb
anyukája	noun
nyomozók	vrb,noun
szolgálni	vrb
felállni	vrb
térképet	noun
akarnék	vrb
virágokat	noun
dolgoztak	vrb,noun
volnék	vrb
tennéd	vrb
sms-t	noun
vettünk	vrb
ingyenes	adj
alelnök	noun
könyve	noun
tehetted	vrb
tőletek	noun_pron
elviszi	vrb
mondjad	vrb
híreim	noun
vonatkozik	vrb
követnek	vrb,noun
legfeljebb	adv
leülni	vrb
végzem	vrb
körüli	adj
ötletet	noun
hónapra	noun
felrobbant	vrb
döntesz	vrb
szék	noun
ezentúl	adv
kiút	noun
felejtem	vrb
tartsátok	vrb
zombi	noun
önmagad	noun_ref_SG_2
lányoknak	noun
távozott	vrb,noun
partira	noun,adj
egységet	noun
feladom	vrb
veszteség	noun
keresse	vrb
szerettél	vrb
életük	noun
szeretted	noun,vrb
felébredt	vrb
orrom	noun
szórakozás	vrb
ellenőrizd	vrb
orrod	noun
század	adj_num,noun
romlott	adj,vrb
maradna	vrb
álltál	vrb
akarata	noun
kerületi	adj,noun
aranyom	noun
útközben	adv
színésznő	noun
környékén	noun
okozhat	vrb
dolgokkal	noun
lelőni	vrb
mozogni	vrb
apjának	noun
srácokat	noun
menekülni	vrb
bement	vrb
télapó	noun
felismeri	vrb
világba	noun
vegyünk	vrb
mondunk	vrb
magadtól	noun_ref_SG_2
hord	vrb
bezárva	vrb
kérdezel	vrb
irodájába	noun
szemek	noun
helyetted	noun_pron
érdekelte	vrb
dugni	vrb
mérgező	vrb,noun
megmentettem	vrb
gyerekes	adj,noun
visszatérünk	vrb
hoznak	vrb
összeget	noun
mersz	noun,vrb
szerény	adj
mialatt	adv
létező	vrb,noun
tehette	vrb
megvagyunk	vrb
mesélni	vrb
kötelező	noun,adj,vrb
fejezet	noun
genetikai	noun
leszbikus	adj
hatásos	adj,noun,vrb
közéjük	noun_pron
esküvőre	noun,vrb,adj
atyaég	noun
térni	vrb
szarban	noun,adj
vezettem	vrb
tévedett	vrb
főiskolára	noun
környéket	noun
apukám	noun
rendezte	vrb,noun
fogott	adj,vrb
tehetjük	vrb
gimiben	noun
tartoznak	vrb
beleegyezett	vrb
napokban	noun
engedhetjük	vrb
képbe	noun
halom	noun
megtartani	vrb
lássunk	vrb
esznek	vrb
úgyse	con
megszerzem	vrb
állna	vrb
cigit	noun
mars	sentint
vérét	noun
nyomon	noun
engedjetek	vrb
államban	noun
partin	noun,adj
nyűgözve	vrb,noun
írj	vrb
európai	adj,noun_prs
héj	noun
jelentkezz	vrb
belefáradtam	vrb
gondoskodik	vrb
gondoljátok	vrb
kor	noun
hídon	noun
erdőbe	noun
felvettem	vrb
bámulsz	vrb
hónapos	noun
anyuci	noun
megáll	vrb
cseszd	vrb
kapcsolva	vrb
lúzer	noun
elvették	vrb
ajánlatom	noun
legtöbben	adj_num
ezret	adj_num
pocsék	adj
pasik	noun
vonalat	noun
gyerekünk	noun
politika	noun
semmiben	noun_pron,noun
fejeztem	vrb,noun
látszott	vrb,adj
balhét	noun
nagyfiú	noun
cal	noun
vidéki	adj,noun
bánik	vrb
magamról	noun_ref_SG_1
ugyanígy	adv
járja	vrb
elérte	vrb
anyuka	noun
visszajönni	vrb
kezdő	noun,vrb
intéznem	vrb
felelősség	noun
riadó	noun,vrb
óránk	noun
csepp	noun
buliba	noun
játssza	vrb
torta	noun
cégnél	noun
közbe	prv,noun
angyalok	noun
megtámadták	vrb
ruhák	noun
amilyet	adj_wh
okozza	vrb
mondanék	vrb
kísérleti	adj,noun
bolygót	noun
innentől	adv
ácsi	sentint,noun_prs,noun
időpont	noun
használtak	adj,vrb
mutass	vrb
elhagytam	vrb
megvallva	vrb
kaland	noun
bírósági	noun
irodát	noun
intézem	vrb
elvileg	noun
mese	noun
hasznát	noun
megtudta	vrb
mögötte	noun_pron
beépített	vrb
koreai	noun_prs
felém	noun_pron
megtámadta	vrb
támogatást	noun,vrb
területén	noun
szokta	vrb
mennyiségű	noun
démonok	noun
megszökni	vrb
helikopter	noun
csináltatok	vrb
igazgatója	noun,vrb
dobott	vrb
kényes	adj,noun
e-mailt	noun
idejött	vrb
vámpírok	noun
kerülök	vrb
számom	noun
lövöldözés	vrb
rendőri	noun
rendszeresen	adj,noun
drogos	noun
kockázat	noun
mehetnénk	vrb
merész	adj
hírekben	noun
átmeneti	adj,noun
tehetnénk	vrb
arcán	noun
munkánk	noun
csont	noun
fizetem	vrb
közted	noun_pron
szobádba	noun
kijutni	vrb
örült	vrb
küldenek	vrb
elküldöm	vrb
tulajdonos	noun
elmondanád	vrb
elmehetek	vrb
barátjával	noun,adj
tanúk	noun
gusztustalan	adj,noun
elme	noun
kicsivel	adj
köszönj	vrb
feliratot	noun
hívok	vrb
ilyennek	adj_wh
rosszabbul	adj
próbálkozás	noun,vrb
néznünk	vrb
felőlem	noun_pron
fotó	noun
szexelni	vrb
olvastad	vrb
bolondok	noun,adj
mindkettőnket	adj_num
hölgynek	noun
vágy	noun
életének	noun
szavakkal	noun
délelőtt	noun,adv
autója	noun
küldjön	vrb
munkában	noun
haragudjon	vrb
kellek	vrb
kapcsolatom	noun
dolgozz	vrb,noun
százalék	noun
legnehezebb	adj
duma	noun
elrabolta	vrb
számon	noun
lövést	vrb,noun
rendőrségen	noun
álma	noun
lelked	noun
hallgatsz	vrb
pasast	noun
nagyok	adj
ízlik	vrb
jeleket	noun
cukrot	noun
viselkedés	vrb
szerencsések	adj,noun
gondunk	noun
tudnák	vrb
bejönni	vrb
előadást	noun,vrb
csoki	noun
füst	noun
bázis	noun
harcolt	vrb
melynek	adj_wh
egyház	noun
készülnek	vrb
elveszem	vrb
étvágyat	noun
ver	vrb
mélyre	adj
elkezdte	vrb
hoztunk	vrb
színpadra	noun
számtalan	adj,noun
támadó	noun,vrb
nevezte	vrb,noun
boltot	noun
sajnálod	vrb
megenni	vrb
hagynunk	vrb
kívülről	adv
otthoni	adj,noun
tűnnünk	vrb
ördögi	adj,noun
megszületett	vrb
klubba	noun
nevén	noun
rajongó	noun,vrb
fizeti	vrb
vetett	vrb,adj
útról	noun
kötelességem	adj,noun
bankot	noun
kedvence	adj
lazíts	vrb
diákok	noun
megesik	vrb
kiesett	vrb
egészben	adj
biztonságosabb	adj,noun
megakadályozni	vrb,noun
rendelt	adj,vrb
ugrani	vrb
sebet	noun
foglalkozol	vrb
elintézzük	vrb
élvezi	vrb
felébred	vrb
tévé	noun
semmihez	noun_pron,noun
pénzemet	noun
részére	post,adv,noun
kara	noun
kezedben	noun
hogy-hogy	UNK
havonta	adv
zenei	adj,noun
csöndben	noun
bizarr	adj
telefonod	vrb,noun
kérdezted	vrb
frankó	adj
vízzel	noun
kapták	noun,vrb
visszajövünk	vrb
áldjon	vrb
elmondott	adj,vrb
melyeket	adj_wh
fertőzés	vrb,noun
küzdelem	noun
nyilvánosan	adj
bármennyire	adv,adj_num_wh
karácsonykor	noun
tisztelt	vrb
sajt	noun
mától	noun
enyémek	noun_pron
egyetért	vrb
követjük	vrb
szakítani	vrb
eme	noun_pron
meghívott	noun,adj,vrb
reptéren	noun
tűntek	vrb
mindennél	noun_pron,noun
hiányzó	vrb,noun,adj
haszontalan	adj,noun
oldalról	adv,noun
elfogadja	vrb
engedjétek	vrb
pincében	noun
megismerhetem	vrb
tudhattam	vrb
utcában	noun
lehetnénk	vrb
higgyen	vrb
szolgálatban	noun
hagynak	vrb
tervez	vrb,noun
öregember	noun
nyílik	vrb
fontosak	adj,noun
zaklatott	vrb
találkozóm	noun,vrb
állomáson	noun
királynak	noun,adj
kijönni	vrb
filmeket	noun
mosoly	noun
okod	noun
rakni	vrb
jelentkezik	vrb
z	noun
megbocsátani	vrb
griffin	noun
ünnepelni	vrb
anyagi	adj,noun
kormányt	noun
semmiképp	adv,noun_pron,noun
sejtem	noun,vrb
fenség	noun
jutnom	vrb
édesanyám	noun
szervezett	adj,vrb,noun
önkéntes	noun,adj
rajongója	noun,vrb
égen	noun
mondanunk	vrb
kövessen	vrb
bizonyítékokat	noun
pontosabban	adj,noun
kifizetni	vrb
igencsak	con
közti	adj
vágytam	vrb
élveztem	vrb
kényelmetlen	adj
rájössz	vrb
hoznom	vrb
köszönök	vrb
órám	noun
odébb	adv
akard	vrb
színes	adj,noun
köré	noun_pron,post,noun
fiának	noun
döntése	noun,vrb
megtudják	vrb
égett	vrb
sajnálja	vrb
helyszínt	noun
megijedtem	vrb,adj
keressünk	vrb
elromlott	adj,vrb
elnöki	adj,noun
hátborzongató	adj
üdvözlet	noun
tönkrement	vrb,adj
lépek	vrb,noun
szökött	vrb
jelenthet	vrb
fegyverem	noun
kilométerre	noun
osztályú	noun
keveredett	vrb
ragaszkodik	vrb
értsd	vrb
kérdések	noun,vrb
szín	noun
körben	noun
zárja	noun,vrb
származó	vrb
özvegy	noun
alkoholista	noun
számolni	vrb
célt	noun
képe	noun
egyikőtök	noun_pron
közlegény	noun
legmagasabb	adj
hoznunk	vrb
olyanokat	adj_wh
üljetek	vrb
átverés	vrb
őrületbe	noun
harcosok	noun,adj
megígéred	vrb
tartozunk	vrb
bemutatja	vrb
találat	noun
halottnak	noun,adj
lehettek	vrb
szóltak	vrb
cikk	noun
hinné	vrb
tisztázni	vrb
fogadom	vrb
ellopni	vrb
hetedik	adj_num
adjanak	vrb
mindannyiunk	adj_num_wh
adást	vrb
csönd	noun
társak	noun
hagynám	vrb
megbeszélés	noun,vrb
ideiglenes	adj
szívemben	noun
nyavalyás	adj,noun
hagyjanak	vrb
kedvesek	adj,noun
elintéztem	vrb
lopta	vrb
mentőket	noun,vrb
szívet	noun
csakugyan	adv
méretű	adj,noun
elsőre	adj_num,adj
váltak	vrb
túlzásba	vrb,noun
érkeztek	vrb
legtöbbet	adj_num
mágia	noun
lusta	adj
váltani	vrb
munkából	noun
elkerülni	vrb
erkölcsi	adj,noun
hajléktalan	noun,adj
gyilkossággal	adj,noun
elkapnak	vrb
kalap	noun
kilót	noun
búcsút	noun
túloldalán	noun
panaszt	noun
ponton	noun
izgat	vrb
kapitányt	noun
kellesz	vrb
hasonlót	adj,vrb
szöveget	noun
elveszi	vrb
időjárás	noun
fárasztó	vrb
song	noun
halj	vrb
garantálom	vrb
állítanunk	vrb
parkolóban	vrb
visszament	vrb
aggódott	vrb
rendőrtiszt	noun
rendszerben	noun
jelentéktelen	adj
fejére	noun
rendőrfőnök	noun
pulzus	noun
magyarázzam	vrb
körzetben	noun
írás	noun,vrb
pillanatig	noun
folyosó	noun
tökös	noun
jő	vrb
határozott	adj,vrb,noun
arrafelé	adv
figyelmes	adj,noun
elmebeteg	adj
szintre	noun
megtörténjen	vrb
sokra	adj_num
csitt	sentint
kezemet	noun
gondoltunk	vrb
reklám	noun
megkeressük	vrb
lőttem	vrb
mindenfelé	adv
véged	noun
királyság	noun,adj
maradnunk	vrb
y	noun
megtenném	vrb
hékás	noun
átkozottul	adj,vrb,noun
hibákat	noun
támogatja	vrb
nyerek	vrb
szerez	vrb,noun
üzletember	noun
tanulnod	vrb
telefonálok	vrb
semmim	noun_pron,noun
jelentkezem	vrb
kisfiam	noun
elvisszük	vrb
percünk	noun
kedvemért	noun
mentsd	vrb
május	noun
szokták	vrb
mellém	noun_pron
vonaton	noun
azonos	adj
ideér	vrb
kopasz	adj
vágás	vrb
legjobbak	adj,noun
holmi	noun
választásod	noun,vrb
megtartom	vrb
mily	adj_wh
pincér	noun
tanulok	vrb
paranoiás	noun
apropó	sentint,noun
széket	noun
unom	vrb
lépsz	vrb
főnököd	noun
urunk	noun
szégyellem	vrb
lőjön	vrb
udvarias	adj
szexet	noun
vezetsz	vrb
levest	noun,adj
megérdemled	vrb
erőm	noun
támogatni	vrb
jeget	noun
esetet	noun
nyugat	noun
befejezted	vrb,noun
újonc	noun
elvesztem	vrb
követtek	vrb
felrobban	vrb
önről	noun
nyertünk	vrb
911-et	adj_num
művészeti	noun
küldetést	noun,vrb
legális	adj
bocsássanak	vrb
elképzelhető	vrb
meglátta	vrb
mindvégig	adv
beszélhet	vrb
miami	noun_prs
üggyel	noun
ügynökség	noun
visszatértem	vrb,adj
elejétől	noun
magamhoz	noun_ref_SG_1
keresnünk	vrb
elpusztítani	vrb
imádok	vrb
múltat	adj,noun,vrb
üzletben	noun
nyíltan	adj,vrb
egyformák	adj,adj_num
mondhatja	vrb
dilis	adj,noun
utánuk	noun_pron
ügyesen	adj,noun
fejet	vrb,noun
mikorra	adv
feledje	vrb
gyakorolni	vrb
pályára	noun
piacon	noun
fejezze	vrb,noun
elolvastam	vrb
part	noun
minisztérium	noun
ügyvédem	noun
elmondhatom	vrb
megőrülök	vrb
mentális	adj
amennyi	adj_num_wh
hálásak	adj,noun
néhányat	adj,adj_num_wh
konyhába	noun
részed	noun
részese	adj,noun
tetejére	noun
piát	noun
jogot	noun
eredményt	noun
élne	vrb
kezelést	vrb
tanuló	vrb
próbáltad	vrb
ellenük	noun_pron
változást	noun,vrb
korban	noun
könyvben	noun
fenyegetést	vrb
részéről	noun
kiről	noun_pron
nyelven	noun
felejts	vrb
álmomban	noun
temetés	vrb
terroristák	noun
felébredtem	vrb
dobta	vrb
rasszista	adj
végezte	noun,vrb
kezdjem	vrb
cseppet	noun
szándékomban	noun
fizetsz	vrb
védett	adj,vrb
kocka	noun,adj
születésnapja	noun
nyugdíjba	noun
utazott	adj,vrb,noun
égő	vrb
kiválasztott	adj,vrb
felel	vrb
kilátás	noun,vrb
magunkkal	noun_ref_PL_1,noun
suliból	noun
ugyanazok	noun_pron
kérdez	vrb
sírok	noun,vrb
rács	noun
parancsol	vrb
késsel	noun
eléri	vrb
farmer	noun
pasival	noun
eredmények	noun
állatot	noun
árul	vrb,noun
akárhányszor	adv,adj_num_wh
mennél	vrb
védelmet	noun
rohadékok	noun
fogadta	vrb
vet	vrb
mikulás	noun
agresszív	adj
veszít	vrb
vastag	adj
imádják	vrb
megér	vrb
hagyomány	noun
kerülhet	vrb
ujjlenyomat	noun
megosztani	vrb
ellensége	noun
bárba	noun
állítják	vrb
beszélnie	vrb
beljebb	adv
megalázó	vrb
árát	noun
boldogtalan	adj
családjával	noun
lovak	noun
öcséd	noun
ígéretet	noun
barátnő	noun
járat	noun,vrb
megnézhetem	vrb
táncol	vrb
kérjen	vrb
ellenséget	noun
közelről	adv
vezér	noun
lássák	vrb
biztosítani	vrb
beteges	adj,noun
vadászik	vrb
felszínre	noun
kitalálom	vrb
indulhatunk	vrb
szeretnétek	vrb
másikra	noun_pron,noun
köt	vrb
keresést	vrb
mássz	vrb
vesztette	vrb
tanárnő	noun
vigyázol	vrb
gázt	noun
dolgon	noun
tv-t	noun
szarok	noun,adj,vrb
laknak	vrb,noun
nézte	vrb
bűntény	noun
deríteni	vrb
raktárban	noun
nyuszi	noun
kétségtelenül	adj,noun
április	noun
kincs	noun
öregek	adj
gondod	noun
tengerész	noun
ahányszor	adv,adj_num_wh
tiétek	noun_pron
álmokat	noun
ruhám	noun
felvételeket	noun
rendőrségtől	noun
eladta	vrb
hangulatban	noun
évesek	adj,noun
tizenöt	adj_num
létezett	vrb,noun
megtudod	vrb
félelmet	noun
jutnak	vrb
játéknak	noun
díj	noun
internet	noun
szekrényben	noun
fáradjon	vrb
idelent	adv
elkapott	vrb
könyvek	noun
szakasz	noun
türelmes	adj,noun
családtag	noun
lényegtelen	adj,noun
igazságtalan	adj,noun
annyiban	adj_num_wh
tartották	vrb
poén	noun
megjöttem	vrb
autóval	noun
forrás	noun,vrb
menekül	vrb
követsz	vrb
találkoznunk	vrb
elnöknek	noun
séf	noun
amelyeket	adj_wh
illet	vrb
kórházat	noun
engedik	vrb
kaphat	vrb
benyomást	noun,vrb
reggelig	noun,adv
szörnyek	noun
imádkozom	vrb
óránként	adv,noun
magasra	adj
házasságot	noun,adj
tavaszi	adj,noun
mindenkire	noun
ideális	adj
kockán	adj,An_MODE_adv,noun
balesetet	noun
tengeren	noun
elaludt	vrb
fiamnak	noun
gyerekét	noun
tárgyalást	noun,vrb
vigyázat	noun
régimódi	adj
jói	adj
vezetés	noun,vrb
kómában	noun
londoni	noun,noun_prs
30-kor	adj_num
ragadt	vrb
lakása	noun,vrb
vágysz	vrb
sértésnek	vrb
próbálnak	vrb
mosdóban	noun,vrb
zár	noun,vrb
figyelmeztetlek	vrb,noun
alap	noun
feldúlt	vrb
vonatot	noun
jövője	noun,vrb,adj
tiédet	noun_pron
meccsre	noun
vallásos	adj,noun,vrb
kedd	noun
harcolj	vrb
türelem	noun
imádta	vrb
drogok	noun
paradicsom	noun
csökken	vrb
eszek	vrb,noun
hétvége	noun
pitét	noun
kijárat	noun,vrb
feleségemnek	noun
tudósok	noun,vrb
helyzetét	noun
alatta	noun_pron
csütörtök	noun
hallottak	vrb,adj
évi	adj,noun
készüljetek	vrb
náci	adj
lovag	noun
érett	vrb,adj
menekülj	vrb
számíthatsz	vrb
admirális	noun
szál	noun
ajándéka	noun
segíthetnék	vrb
hangosabban	adj,noun
kutatás	noun,vrb
nyírni	vrb
jutottak	adj,vrb
nyelv	noun
dollárral	noun
intézd	vrb
maradhatunk	vrb
tartanom	vrb
könnyebben	adj
értelmes	adj,noun
szégyent	noun
szajha	noun
levelek	noun
június	noun
eredményeket	noun
helyeken	noun
házunk	noun
páran	adj_num
feküdtem	vrb
gyerekként	noun
állítsák	vrb
írtad	vrb
erőszakot	noun
cent	noun
istenért	noun
szobám	noun
olyannal	adj_wh
adnunk	vrb
bízzon	vrb
készülök	vrb
meggondoltam	vrb
eltekintve	vrb
roppant	vrb,adj
hagytuk	vrb
fertőzött	adj,vrb,noun
kezded	vrb
úrnő	noun
önmagam	noun_ref_SG_1
tényt	noun
megfigyelő	vrb
megvenni	vrb
elszúrtam	vrb
ígértem	vrb
szerezzen	vrb,noun
elhagyatott	adj,vrb
kerülne	vrb
patkányok	noun
szava	noun
barátaink	noun
mobilját	noun,adj
másolatot	noun
szemetek	noun
kérjek	vrb
történetesen	noun
vírust	noun
megbántani	vrb
túlélni	vrb
otthont	noun
halálának	noun
máshova	adv
találkoznom	vrb
elkerülhetetlen	adj,vrb
gépek	noun
mutatta	vrb
torony	noun
lopás	vrb
lelket	noun
cselekedni	vrb
országos	adj,noun
hétfő	noun
eljutni	vrb
alszanak	vrb
meghallgatás	noun,vrb
p	noun
incidens	noun
aggódnia	vrb
fiammal	noun
bankban	noun
idejöttem	vrb
tökfej	noun
pánik	noun
alibije	noun
lépéssel	noun,vrb
gyógyszerek	noun
óvatosak	adj
értjük	vrb
rémisztő	vrb
orrát	noun
törpe	noun,adj
házad	noun
röviden	adv,adj
főfelügyelő	noun
földönkívüli	noun
problémái	noun
gyomrom	noun
egyetértünk	vrb
3-as	adj_num
hinnéd	vrb
kifogás	noun,vrb
kérném	vrb
törékeny	adj
csapás	vrb,noun
őrt	noun
magatokra	noun_ref_PL_2
segítségért	noun
dráma	noun
borzasztóan	vrb
megbocsátasz	vrb
halottkém	noun
azokon	noun_pron
azokban	noun_pron
koncert	noun
ellenőrzöm	vrb
cserélni	vrb
sivatagban	noun
óvatosnak	adj
holt	noun,adj
bírni	vrb
fazon	noun
őszinték	adj
egészség	noun,adj
papírok	noun
maszkot	noun
tapasztalt	adj,vrb
észrevette	vrb
valahányszor	adv,adj_num_wh
kinyitom	vrb
október	noun
hátán	noun
szavam	noun
erősnek	adj,noun
többek	adj_num
lehetőséged	vrb,noun
javította	vrb
amatőr	adj
forgalom	noun
enyhe	adj,noun
szerezd	vrb,noun
gyerekkoromban	noun
november	noun
zavarban	noun
bárkivel	noun_pron
hívnunk	vrb
megerősítette	vrb,noun
táncolj	vrb
üljünk	vrb
torkát	noun
harcban	noun
figyelt	vrb
befejezte	noun,vrb
egyen	adj_num,vrb
szarság	adj
gyakori	adj
aktát	noun
elvettem	vrb
versenyen	noun
ázsiai	noun_prs
csapatom	noun,vrb
énekes	noun
téli	noun
gondolkozom	vrb
teherautó	noun
gyógyszereket	noun
bizalom	noun
szendvics	noun
leállt	vrb
alkalmat	noun
csatlakozz	vrb
legutolsó	adj
eljárást	noun,vrb
államokban	noun
meséld	vrb
túlélő	vrb
óránál	noun
tükör	noun
találjátok	vrb
valamim	adj,noun_pron
láthatóan	vrb
máshová	adv
használható	adj,vrb
megtámadtak	vrb
barátokat	noun,adj
középső	adj
osztag	noun
csini	adj
00-kor	adj_num
gyűlölet	noun
sarkán	noun
tehetség	noun
efféle	adj_wh
téren	noun
távolság	noun
egér	noun
irántam	noun_pron
lezárva	vrb
viszel	vrb
biztonságiak	noun
fejezni	vrb,noun
hotelbe	noun
szépségem	noun
szívből	noun
ezáltal	adv
bulin	noun
gyilkosságok	adj,noun
vezetnek	vrb
interjú	noun
kutatást	noun,vrb
lemegyek	vrb
elküldte	vrb
fontot	noun,adj
sürgősségi	adj,vrb
tartanod	vrb
falra	noun
mehetnek	vrb
tartozott	vrb
nyugatra	noun
bízott	vrb
hazudnak	vrb
tervezte	vrb,noun
teher	noun
b.	noun
számítógépes	noun
táborba	noun
úrnőm	noun
születtél	vrb
falak	noun
férjével	noun
jegy	noun
lefekszem	vrb
tudatában	noun
alkoholt	noun
furgon	noun
tetszenek	vrb
mosolyog	vrb
folytatja	vrb
főzök	vrb
anyjának	noun
fogoly	noun
kérhetek	vrb
frissen	adj
jöhetnek	vrb
tartottak	adj,vrb
halkabban	adj
megmondaná	vrb
segítenie	vrb
éltünk	vrb
kezeit	noun
keményebben	adj
ezekből	noun_pron
edzés	vrb
nyakát	noun
zsebében	noun
találkoztatok	vrb
bérelt	vrb
szelleme	noun
lap	noun
irányítás	vrb
mehetett	vrb
ismerünk	vrb
seggfejek	noun
vagy-e	vrb,con+,adv
ennyivel	adj_num_wh
örülne	vrb
kanadai	adj,noun_prs
olvasok	vrb
felséged	noun
folyamatos	adj,noun
láthatnám	vrb
szabadok	adj
cső	noun
induljon	vrb
szeretője	noun,vrb
tervünk	noun
bejöhetek	vrb
jeges	adj,noun
delta	noun
értetek	noun_pron,vrb
képzeled	vrb
döntésem	noun,vrb
történeteket	noun
letartóztatom	vrb,noun
forradalom	noun
állhat	vrb
tulajdona	noun
csapatnak	vrb,noun
fizettek	vrb
jóságos	adj,noun
hajnalban	noun
éli	vrb,noun
fények	noun
normálisan	adj
séta	noun
késtél	vrb
est	noun
kapcsolódik	vrb
családjának	noun
összeset	adj
fiúkkal	noun
nézned	vrb
zavarok	noun,vrb
háttérben	noun
készenlétben	noun
vendégünk	noun,adj
mélyebbre	adj
engedjük	vrb
gyanúsítottat	noun,adj,vrb
számla	noun
zárják	vrb
skacok	noun
királyné	noun
fém	noun
kezdetnek	vrb,noun
egyforma	adj,adj_num
emelni	vrb
írták	vrb
étterembe	noun
medence	noun
írom	vrb
döglött	vrb,adj
válaszom	noun
vágott	adj,vrb
tanulsz	vrb
figyeli	vrb
nevetsz	vrb
szingli	noun
ágyat	noun
zsarut	noun
támadnak	vrb
brutális	adj
megszokott	adj,vrb
esküdtek	adj,vrb
hősök	noun
alakú	adj,noun
tisztelet	noun
bérleti	noun
köszönhetem	vrb
zavaró	vrb
jutsz	vrb
trükköt	noun
sietnünk	vrb
ruhád	noun
lő	vrb
lányával	noun
osztályon	noun
pszichológiai	adj,noun
észrevetted	vrb
segítséged	noun
hagyhatod	vrb
akciót	noun
felfogtad	vrb
kocsimat	noun
szádat	noun
nejem	noun
viselte	vrb
harcra	noun
harcolnak	vrb
tisztelem	vrb
ügyét	noun
jelentkezzen	vrb
fiával	noun
pasim	noun
szoktunk	vrb
port	noun
kreatív	adj
megadta	vrb
d.	noun
tél	noun
véli	vrb
kutyákat	noun
részletet	noun
délben	noun
nyilvánosság	adj
ügyek	noun
lovakat	noun
naiv	adj
tudniuk	vrb
kérned	vrb
utánunk	noun_pron
kutyája	noun
lazán	adj,An_MODE_adv
szilárd	adj
kelet	noun
biztosítási	vrb
feltéve	con,vrb
súlyosan	adj,noun
csodát	noun
raktár	noun
találkozzon	vrb
olvasol	vrb
tűzoltó	noun
fején	noun
részleg	noun
semmin	noun_pron,noun
felmegyek	vrb
erősebben	adj,noun
elvittem	vrb
állom	vrb
kenyér	noun
haragszom	vrb
cica	noun
családdal	noun
kulcsok	noun
szereztél	vrb,noun
holnapig	noun
hallanak	vrb
buszon	noun
divat	noun
ajtók	noun
bámul	vrb
düh	noun
parkba	noun
nézzek	vrb
gondok	noun
fedezékbe	noun
hangok	noun
kellős	adj
jármű	noun
esve	vrb
gondolták	vrb
garázsban	noun
lázadó	vrb
látszol	vrb
vagyont	noun
szándékos	adj,noun
megtennék	vrb
másért	adj,noun
bízok	vrb
tervezett	vrb,noun
mesterséges	adj,noun
lányunk	noun
kívüli	adj
végzetes	adj,noun
igyon	vrb
központban	noun
követően	vrb
bezárt	adj,vrb
éj	noun
féljen	vrb
lelépek	vrb
ütötte	vrb
támadtak	vrb
történnie	vrb
közlekedési	noun,vrb
forrása	noun,vrb
dobás	vrb
megölöd	vrb
képzelje	vrb
házamba	noun
penge	noun
tüzes	adj,noun
egykori	adj,adj_num,noun
születik	vrb
ellenfél	noun
megbízott	noun,adj,vrb
várta	noun,vrb
fogadjunk	vrb
hallgatlak	vrb
leves	noun,adj
megöljük	vrb
érzelmileg	noun
naptól	noun
lőnek	vrb
levenni	vrb
hallgatott	adj,vrb
ügyvédi	noun
barátodat	noun,adj
műveltél	vrb
sikeresen	adj,noun
magabiztos	adj
próbáltalak	vrb
eszközt	noun
szellemet	noun
seggbe	noun
otthagyta	vrb
adnék	vrb
akarnál	vrb
illető	noun,vrb
lecke	noun
randim	noun
meglepődtem	vrb
véleményét	noun
súgja	vrb
szerepelt	vrb
globális	adj
festmény	noun
producer	noun
magazin	noun
órákat	noun
ragaszkodom	vrb
magyarázd	vrb
elém	noun_pron
mosolyt	noun
fiatalon	adj
trauma	noun
munkás	noun
epizód	noun
éjjel-nappal	UNK
csatát	noun
macskát	noun
elmenekülni	vrb
próbálkozom	vrb
klán	noun
választom	vrb
izgulj	vrb
pezsgő	vrb,noun,adj
csatlakozott	vrb
útja	noun
nagyúr	noun
nyelvet	noun
jönnél	vrb
elcsesztem	vrb
övék	noun_pron,noun
imádlak	vrb
odabenn	adv
nyissák	vrb
ítéletet	noun
elmagyarázom	vrb
regina	noun
járőr	noun
lényeges	adj,noun
egymillió	adj_num
sebességgel	adj,noun
bűnt	noun
tiszteletem	noun
szóltok	vrb
zsaruknak	noun
kezdje	vrb
szereznünk	vrb,noun
mesés	adj,noun
szerte	adv,prv
odaadtam	vrb
útjába	noun
ily	adj_wh
lányommal	noun
kerülünk	vrb
eladtam	vrb
jobbá	adj,noun
nevedet	noun
tanúja	noun
növekszik	vrb
legendás	adj,noun
akitől	noun_pron
fogás	vrb
kormányzati	noun
lezuhant	vrb
felfogtam	vrb
érzelmek	noun
minimum	noun
célpontot	noun
tudás	noun,vrb
hajnal	noun
tanulj	vrb
pokolra	noun
álmodom	vrb
kiutat	noun
helyrehozni	vrb
karácsonyra	noun
tények	noun
haragszik	vrb
pápa	noun
imádkozni	vrb
megölje	vrb
beszélik	vrb
kocsid	noun
összeesküvés	noun,vrb
lásson	vrb
elkapják	vrb
faszba	noun
elloptad	vrb
tűnjetek	vrb
konkrét	adj
érkeztem	vrb
ereszd	vrb
befejeztük	vrb,noun
grand	noun
fizikailag	noun
eközben	adv
elfelejtem	vrb
elárulta	vrb
megtesz	vrb
baszódj	vrb
megadja	vrb
halak	noun
kötél	noun
lányról	noun
maffia	noun
látszólag	con
csókolj	vrb
hatóságok	noun
boldogabb	adj
mosdó	noun,vrb
old	vrb
aggódjatok	vrb
családból	noun
néma	adj
benzin	noun,noun_prs
kicsik	adj
vádakat	noun
szélhámos	noun
juttatni	vrb
fizetés	noun,vrb
sorozatgyilkos	noun
megkérte	vrb
éttermet	noun
kapcsolatok	noun
reggelire	noun,adv
hajók	noun
jog	noun
éveken	noun
bátyó	noun
hízelgő	vrb,noun,adj
csakúgy	adv
irányító	noun,vrb
táncot	noun
ugyanilyen	adj_wh
oldalára	noun
rendőröket	noun
reakció	noun
ellenőrizze	vrb
jutalmat	noun
ész	noun
mindenkinél	noun
szagát	noun
utáltam	vrb
tulaj	noun
gondolkodik	vrb
estig	noun
önökkel	noun
elfogadható	adj,vrb
kezedet	noun
kitartás	noun,vrb
átmegyek	vrb
segg	noun
puskát	noun
választást	noun,vrb
zsidók	noun,adj
maradnék	vrb
halállal	noun
foci	noun
írnom	vrb
valahonnan	adv
franciák	noun,adj
hinned	vrb
folyamán	post,noun
oxigén	noun
eljöttetek	vrb
szerdán	noun
feküdni	vrb
elit	noun,adj
hozzam	vrb
bizonyítékunk	noun
örömet	noun
szükségetek	noun
híre	noun
krumpli	noun
amellett	adv
szívesebben	adj,noun
sugárzás	vrb
utánanéztem	vrb
puszit	noun
nővérek	noun
gondolnád	vrb
papi	adj,noun_prs,noun
buszt	noun
élte	vrb
áramot	noun
félénk	adj
ruhája	noun
tréfa	noun
adtunk	vrb
fenéről	noun
fegyvered	noun
festesz	vrb
palota	noun
megsérültél	vrb
sebesség	adj,noun
szikla	noun
amelyben	adj_wh
páciens	noun
vallási	noun,vrb
babám	noun
lemaradtam	vrb
elmondanám	vrb
meglát	vrb
láttára	noun
csapatok	noun,vrb
ajtókat	noun
szolgálja	vrb
ugrás	vrb
üdvözletem	noun
vallanom	vrb
vezetem	vrb
eleinte	adv
vezetői	noun,adj,vrb
ügyfele	noun
bál	noun
olvas	vrb
megváltoztatja	vrb
taktikai	adj,noun
személyiség	noun,adj
szőrös	adj,noun
ébredtem	vrb
nagybátyám	noun
játszottunk	vrb
négyszer	adj_num
fedélzetre	noun
kaptok	vrb
cápa	noun
megbocsátok	vrb
kopj	vrb
elkaplak	vrb
szedje	vrb
folyón	noun,adj,vrb
könyvtárban	noun
indultam	vrb
megismertelek	vrb
adnál	vrb
fehérek	adj
fejemet	noun
átadni	vrb
éppenséggel	con
ügyem	noun
várva	vrb
zsák	noun
mindezek	noun_pron
épségben	adj
igazuk	noun,adj
találtatok	vrb
nevezni	vrb,noun
kesztyűt	noun
körülötte	noun_pron
tollat	noun
vágta	noun,vrb
ciki	adj
erősítés	vrb,noun
szenvedni	vrb
mindennapi	adj
szádra	noun
éjjeli	adj,noun,adv
hatékony	adj
választási	noun,vrb
alapja	noun
történteket	vrb
éhesek	adj,noun
szívében	noun
méteres	noun
bátorságot	noun
feküdjön	vrb
ráérsz	vrb
népe	noun
hiányoznak	vrb,noun
egységnek	noun
heves	adj,noun
megtett	vrb,adj
páros	adj,noun
láthatjuk	vrb
egészségünkre	noun,adj
pipa	noun
megérkeztek	vrb
december	noun
ülnek	vrb
énekelj	vrb
krumplit	noun
kérdem	vrb
szerepét	noun
árthat	vrb
top	noun
ócska	adj
okunk	noun
mindazt	noun_pron
tini	noun
infót	noun
farkasok	noun
büszkén	adj
ironikus	adj
akihez	noun_pron
repült	vrb
gondolkodsz	vrb
távozzon	vrb,noun
telefonálni	vrb
végleges	adv,adj
menedéket	noun
vérrel	noun
kétségbeesett	adj,vrb
kar	noun
megmentettél	vrb
elkéstem	vrb
pletykák	noun
többről	adj_num
kirúgták	vrb
figyelmeztetni	vrb,noun
házasodni	vrb,noun
lehetőségek	vrb,noun
pulzusa	noun
hátad	noun
pszt	sentint
lelkész	noun
felejteni	vrb
kastély	noun
4-es	adj_num
visszamegy	vrb
történelmet	noun
tinédzser	noun
szavai	noun_prs,noun
aggódok	vrb
hátba	noun
farmon	noun
testvéreim	noun
legszívesebben	adj,noun
tartsam	vrb
istenkém	noun
tegyenek	vrb
belépett	vrb
végződik	vrb
sokba	adj_num
verte	vrb
telefonban	noun
hajóval	noun
bementem	vrb
kihozni	vrb
keletre	noun
számíthatok	vrb
gyilkosságért	adj,noun
tönkretenni	vrb
találkozóra	noun,vrb
érzéseim	vrb,noun
találkoznak	vrb
részegen	adj
sérülést	noun,vrb
leendő	vrb,adj
szörnyet	noun
centi	noun
célom	noun
visszamész	vrb
érdemli	vrb
ismernem	vrb
hazajön	vrb
visznek	vrb
rendezni	vrb,noun
mindkettőnk	adj_num
fotókat	noun
afrikai	noun_prs
szertartás	noun
ülve	vrb
költözni	vrb
írnak	vrb
negyven	adj_num
helyszínre	noun
megpróbálod	vrb
fejedet	noun
istenben	noun
vész	noun
érkeznek	vrb
szovjet	noun
megtesszük	vrb
hazamegyünk	vrb
elmond	vrb
tükörbe	noun
hangulat	noun
ellenállás	noun,vrb
önmaga	noun_ref_SG_3
rájöttek	vrb
eget	noun
másodpercet	noun
halljátok	vrb
túléli	vrb
legtöbbször	adj_num,adv
emelje	vrb
lényeget	noun
elfogadod	vrb
parancsokat	noun
elvált	vrb
bulira	noun
skót	noun
mesét	noun
élvezed	vrb
döntöttek	adj,vrb
vittek	vrb,adj
elájult	vrb
pusztítani	vrb
szerkezet	noun
épült	vrb
szerelmed	noun
digitális	adj
vitatkozni	vrb
gondolná	vrb
engedtem	vrb
arccal	noun
nyilatkozatot	noun
fiúknak	noun
felkészült	adj,vrb
térjen	vrb
kitalálok	vrb
szemeid	noun
folytatom	vrb
mentő	noun,vrb
vegyenek	vrb
lift	noun
e-mail	noun
szeretetet	noun
megegyezik	vrb
játsszunk	vrb
sajtot	noun
csajjal	noun
franciául	noun,adj
hazajött	vrb
öltözve	vrb
rövidebb	adj
férjemmel	noun
gengszter	noun
maguktól	noun_ref_PL_3
vagyok-e	vrb,adv
egymásba	noun,adj_num
nőre	noun
vág	vrb
háborúnak	noun
visszahívom	vrb
veszélyesek	adj,noun
hidat	noun
augusztus	noun
árut	noun
bosszantó	vrb
kimenni	vrb
paris	noun
anyák	noun
korrupt	adj
hajt	vrb,sentint,noun
dolgokon	noun
visszaadom	vrb
bandát	noun
kitalált	adj,vrb
fontosat	adj,noun
tárgyalni	vrb
pláne	sentint
elmondjuk	vrb
esténként	noun,adv
gyerekeid	noun
technikai	adj,noun
ragaszkodott	vrb
valamennyi	adj_num_wh
haverod	noun
ezalatt	adv
fordított	adj,vrb
könyvét	noun
hagynia	vrb
elkéstél	vrb
vesztettél	vrb
paraszt	noun
motoros	noun
ölelj	vrb
apánk	noun
parancsnoka	noun
barátaimmal	noun
terén	noun
táblát	noun
követtél	vrb
gimis	noun
üljenek	vrb
megvárom	vrb
megcsinálja	vrb
évnyi	noun
cuccokat	noun
töltsd	vrb
depressziós	noun
elhoztad	vrb
válaszolok	vrb
kilométer	noun
kövesse	vrb
briliáns	noun,adj
összeházasodunk	vrb,noun
fiunk	noun
vállalni	vrb
hangom	noun
megette	vrb
kacsa	noun
keresztbe	noun
csatában	noun
róka	noun
latin	noun,adj
kötöttem	vrb
harcolok	vrb
fénykép	noun
esküvőn	noun,vrb,adj
cigarettát	noun
riasztó	noun,vrb
választottad	vrb
kedveltem	adj,vrb
haszna	noun
eltart	vrb
elmondhatod	vrb
megértelek	vrb
betegem	noun,adj
autóját	noun
felbukkant	vrb
megijeszteni	vrb
80-as	adj_num
dög	noun
játszottál	vrb
érvényes	adj,noun
megnyugtató	vrb
erőszakkal	noun
rosszra	adj
készültek	adj,vrb
képzel	vrb
tartalmaz	vrb,noun
helyek	noun
vennie	vrb
megszállott	adj,vrb
távolságot	noun
felajánlotta	vrb
tör	vrb
szereznem	vrb,noun
mondás	vrb,noun
haladjunk	vrb
legfelsőbb	adj
március	noun
elmenjek	vrb
láthatják	vrb
készek	adj
emberré	noun
kimerült	adj,vrb
megvettem	vrb
gondjai	noun
vérem	noun
bíznod	vrb
választja	vrb
bingó	noun
hallják	vrb
kiszállok	vrb
automata	noun,adj
égből	noun
távozik	vrb,noun
híján	UNK
megölsz	vrb
vevő	noun,vrb,adj
1-es	adj_num
főnöknek	noun
vallomását	noun
sűrű	adj
döntő	noun,vrb
drámai	adj,noun
megoldja	vrb
szobából	noun
haláláért	noun
fincsi	adj
próbáltuk	vrb
felőle	noun_pron
otthagytam	vrb
elkészült	adj,vrb
végem	noun
pillanatok	noun
mennénk	vrb
szellemi	adj,noun
pánikba	noun
érhet	vrb
apróság	adj
uralkodó	noun,vrb
gyakrabban	adj
vérzés	vrb
senkire	noun_pron
ördögbe	noun
véghez	noun
tudnának	vrb
forgatókönyv	noun
kihagytam	vrb
pillanatnyilag	adv
ajánlani	vrb
tervezi	vrb,noun
hónapokig	noun
rosszfiú	noun
nevezzük	vrb,noun
alagút	noun
mehetnék	vrb
űrben	noun
megtanulni	vrb
nyomában	noun
lemez	noun
tanya	noun
fényképet	noun
képzeli	vrb
leállni	vrb
szóljak	vrb
mosni	vrb
holland	noun
autóba	noun
egye	vrb
senkiben	noun_pron
komputer	noun
barátjának	noun,adj
egy-egy	twin
családommal	noun
mindenható	adj
házához	noun
lőjenek	vrb
bárhova	adv
stop	noun
kezdtünk	vrb
várjál	vrb
tesztek	vrb,noun
magasabbra	adj
vallomása	noun
értelmet	noun
visszaút	noun
engedett	adj,vrb
sort	noun
menedzser	noun
elolvasni	vrb
elmehetünk	vrb
pite	noun
acél	noun
lehessek	vrb
c.	noun,adj_num
emberről	noun
lépcső	noun
szüleit	noun
pornó	noun
bízhatok	vrb
sajtos	noun
lovas	noun
válaszolsz	vrb
kinyírlak	vrb
eltörte	vrb
csokis	noun
fogadtam	vrb
megtámadott	vrb
halloween	noun
buszra	noun
szamár	noun,adj
rokona	noun
elkezdjük	vrb
haláltól	noun
kértelek	vrb
valamin	adj,noun_pron
whiskyt	noun
tönkreteszi	vrb
fesztivál	noun
áldás	vrb
foglalva	vrb
sarokban	noun
télen	noun
éljek	vrb
köd	noun
toll	noun
tényeket	noun
vőlegény	noun
vehetsz	vrb
lakásán	noun,vrb
tartsunk	vrb
polgári	adj,noun_prs,noun
küldtél	vrb
elveszti	vrb
lakásában	noun,vrb
vega	noun
találnod	vrb
barátaimat	noun
követik	vrb
terepen	noun
várlak	vrb
végzős	noun,vrb
beugrott	vrb,adj
bankba	noun
elaludtam	vrb
leteszem	vrb
mestere	noun
nyerünk	vrb
eldöntöttem	vrb
körülöttem	noun_pron
ajándékom	noun
felbukkan	vrb
abszurd	adj
mégy	vrb
tábla	noun
ígéret	noun
százszor	adj_num
átverni	vrb
kifizetem	vrb
gyilkosát	adj,noun
műveltek	adj,vrb
zenekar	noun
tűntél	vrb
szentségit	adj
hátralevő	adj,vrb
beragadt	vrb
nyomát	noun
dolgoznod	vrb,noun
botrány	noun
szenvedély	noun
felügyelet	noun
városnak	noun
megjöttek	vrb
idejönni	vrb
főiskolán	noun
megveszem	vrb
kerek	adj
bejárati	noun
tetves	adj
hülyéskedsz	vrb
észrevenni	vrb
nyomozni	vrb,noun
kezeli	vrb
viselkedtem	vrb
elárult	vrb
illő	vrb,adj
tészta	noun
parancsára	noun
meglepetést	noun,vrb
rab	noun
raktam	vrb
leggyorsabb	adj
bírta	vrb
srácokkal	noun
vérzést	vrb
egyezséget	noun
adás	vrb
kapcsolni	vrb
álmaim	noun
találjon	vrb
töltöm	vrb
viszek	vrb
kivétel	noun
elragadó	vrb
pokolian	adj
összeg	noun
kokain	noun
sül	noun,vrb
beszélnék	vrb
tervezték	vrb,noun
értéke	noun
megijesztettél	vrb
tégla	noun
busszal	noun
megmutassam	vrb
kitalálunk	vrb
kölcsönt	noun
eleve	adv
úrral	noun
korodban	noun
világában	noun
meghaljon	vrb
szemeim	noun
gondolnom	vrb
roll	noun
indíték	noun
válhat	vrb
munkádat	noun
nyugtalan	adj
fattyú	noun
kutyám	noun
jutalom	noun
megkaptuk	vrb
megpróbálják	vrb
megszereztem	vrb,noun
utasításokat	vrb,noun
tízezer	adj_num
engedték	vrb
kormánynak	noun
furcsának	adj
feladta	vrb
tetszel	vrb
rendőrséggel	noun
kapj	vrb
lelkes	adj,noun
városon	noun
segíthetne	vrb
lábon	noun
megpróbálsz	vrb
kapitánynak	noun
társad	noun
felénk	noun_pron
szerda	noun
vezessen	vrb
terveim	noun
megvédje	vrb
flotta	noun
titkát	noun
függő	noun,vrb
észhez	noun
elfogadhatatlan	adj,vrb
süt	vrb
rájöttél	vrb
bemegy	vrb
túlzottan	adj,vrb
feszültség	noun,adj,vrb
embered	noun
emelkedik	vrb
szánt	vrb,noun
vágja	vrb
írtak	vrb
engedélye	noun
félbe	prv,adj_num,noun
születési	vrb
ülés	noun,vrb
merj	vrb
sas	noun
elintézi	vrb
spanyolul	noun,adj
szegények	adj
útján	post,noun
szemtanúk	noun
ártalmatlan	adj
igénybe	noun
gondolkodás	noun,vrb
tapasztalatom	noun
értened	vrb
kampány	noun
ügyünk	noun
futottam	vrb
gyűlöllek	vrb
lépünk	vrb,noun
nadrágot	noun
üt	vrb
térerő	noun
szülői	noun,vrb
kockáztatni	vrb,noun
sétálok	vrb
ujjlenyomatot	noun
gratulálunk	vrb
nyomozót	vrb,noun
törvények	noun
élnem	vrb
hegyi	noun
éjfélkor	noun
abbahagynád	vrb
jelentene	vrb
intézzük	vrb
tudjak	vrb
órákig	noun
emberként	noun
szomszédban	noun
ügyvédek	noun
kérhetnék	vrb
elsősorban	adv
visszamentem	vrb
gyerekeink	noun
tudnátok	vrb
megöltél	vrb
tanít	vrb
repülőn	noun,vrb
kamerákat	noun
hívjanak	vrb
kitaláljuk	vrb
tető	noun
szamuráj	noun
nadrág	noun
ugrik	vrb
hiánya	noun
hőmérséklet	noun
beugrottam	vrb
befejezzük	vrb,noun
szülés	vrb,noun
egyikünknek	noun_pron
komolyabb	adj
tizenkét	adj_num
marhaság	noun
férjének	noun
művelet	noun
működjön	vrb
darabja	noun
zuhany	noun
félned	vrb
hétben	noun,adj_num
bízhatsz	vrb
elkezdtek	vrb
törvénytelen	adj,noun
cégnek	noun
fizetnie	vrb
édesapja	noun
problémás	noun
megállapodás	noun,vrb
megszerezte	vrb,noun
számolok	vrb
vegyi	adj
autók	noun
pasid	noun
kezekben	noun
kóstold	vrb
keressétek	vrb
ajándékokat	noun
kerülj	vrb
árulás	vrb
gyanítom	vrb
adnia	vrb
sós	adj,noun
hajója	noun
u	noun
bűntudat	noun
helynek	noun
babának	noun
eredj	vrb
bántam	vrb
sértő	vrb
törődjön	vrb
gyengéd	adj
távolról	adv,noun
fordítani	vrb
ismerték	adj,vrb
mered	vrb
elfogadta	vrb
szerintük	noun_pron
színház	noun
hunt	noun,adj
győződve	vrb
üzeneteket	noun
ismerősnek	noun,vrb
utánanézek	vrb
köszönhető	vrb
szorul	vrb
nyerő	vrb
nevezem	vrb,noun
küldjük	vrb
elkapja	vrb
lakásom	noun,vrb
jelentősége	noun
üzemanyag	noun
tanácsos	noun,adj
kérded	vrb
bántott	vrb
homok	noun
mutatják	vrb
megkönnyebbülés	noun,vrb
repülőgép	noun
különbözik	vrb
nyakig	noun
segítettek	adj,vrb
öltözött	adj,vrb
küldjenek	vrb
megtudom	vrb
szökni	vrb
megijedt	adj,vrb
hegyek	noun
megvédjem	vrb
2-es	adj_num
adat	noun,vrb
tervei	noun
asszisztense	noun
elcseszett	vrb
megmentse	vrb
fordítsd	vrb
emlékeznek	vrb,noun
beszélne	vrb
mindegyiket	noun_pron,noun,adj_uni
jóra	adj
hónapon	noun
gomb	noun
francokat	noun
hűvös	adj
pihenjen	vrb
lélegezni	vrb
érint	vrb
nevelt	vrb
hívnod	vrb
karod	noun
semmitől	noun_pron,noun
észben	noun
csillagokat	noun
lábbal	noun
rettenetesen	adj,noun
levegőbe	noun
idejében	noun
törődöm	vrb
lássalak	vrb
pá	sentint
folt	noun
karrierem	noun
megszakadt	vrb
házamból	noun
kezdjen	vrb
elvetted	vrb
lágy	adj
idei	adj
szememmel	noun
verekedni	vrb
ölnek	vrb,noun
kincsem	noun
arcodat	noun
magadon	noun_ref_SG_2
készüljenek	vrb
kezdtük	vrb
visszajönnek	vrb
kabátot	noun
ottani	adj
fogadást	vrb
maradtok	vrb
szobáját	noun
őrültnek	adj,vrb
dolgozzon	vrb,noun
orvosa	noun
nevek	noun
férjnél	noun
sértés	vrb
indulsz	vrb
sírtam	vrb
ötletnek	noun
haverok	noun
támogatom	vrb
kávézóban	vrb,noun
mozi	noun
heroin	noun
bajuk	noun
elkaptak	vrb
meghívást	noun,vrb
vennék	vrb
meglátott	vrb,adj
teret	noun
halvány	adj
mennybe	noun
biblia	noun
megtennél	vrb
megtaláljam	vrb
ágyból	noun
embereink	noun
leállítani	vrb
csatornát	noun
dolguk	noun
vadállat	noun
rákot	noun
meséltél	vrb
önnél	noun
rabszolga	noun
ötször	adj_num
megállj	vrb
feketék	adj
szed	vrb
szállítmány	noun
idődet	noun
feladatunk	vrb,noun
kalóz	noun
szexuálisan	adj
csinálhatnánk	vrb
sebesült	adj,vrb
kedvelsz	vrb
érezném	vrb
hiszünk	vrb
tárgyaláson	noun,vrb
naplója	noun
bérgyilkos	noun
dolgoznunk	vrb,noun
vidéken	noun
kerestünk	vrb
sz	noun
adagot	noun
üveggel	noun
árnyék	noun
koponya	noun
tervek	noun
mennyország	noun
állít	vrb
képessége	noun,adj
megadni	vrb
vigyázzanak	vrb
fordulni	vrb
ellenőrizzük	vrb
hasznot	noun
életébe	noun
emlékeket	noun
módszert	noun
szenvedélyes	adj,noun
megkapják	vrb
előkelő	adj,vrb
szívvel	noun
sikátorban	noun
higgadj	vrb
törvényszéki	adj,noun
tartania	vrb
sebek	noun
egybeesés	noun,vrb
gyakornok	noun
asztalhoz	noun
előnye	noun
rádióban	noun
döntésed	noun,vrb
piacra	noun
érdekelni	vrb
végünk	noun
mennyben	noun
autóm	noun
indulásra	vrb
igényel	vrb
tolvajok	noun
hagyná	vrb
vinnie	vrb
épületbe	noun
bánat	noun
olykor	adv
fizetést	noun,vrb
pasija	noun
álljak	vrb
fagyit	noun
falhoz	noun
homályos	adj,noun
felfogni	vrb
emberekről	noun
öljön	vrb
készüljön	vrb
ipari	adj,noun
mozdul	vrb
későre	adj,vrb
próbáltál	vrb
tetőre	noun
nagymamám	noun
barátnőjét	noun
átveszi	vrb
nyersz	vrb
szintet	noun
irányít	vrb
asszonyt	noun
találkozhatunk	vrb
sok-sok	twin
háborúba	noun
szabadott	vrb
viselem	vrb
készpénzben	noun
aktáját	noun
elveszítettem	vrb
segítsége	noun
hitvány	adj
kérdésemre	noun,vrb
mamád	noun
lelépni	vrb
említetted	adj,vrb
legbelül	post,adv
nagyapád	noun
kezdtél	vrb
lányra	noun
amikről	noun_pron
húzta	vrb
szavazni	vrb,noun
pók	noun
visszakapni	vrb
szüleimet	noun
számíthat	vrb
égve	vrb
elrejteni	vrb
megváltoztak	vrb
rájöttünk	vrb
rémült	adj,vrb
hagyok	vrb
hétvégét	noun
hívjátok	vrb
gyerekkori	noun
kaliforniai	noun_prs
próbálkozik	vrb
rosszkor	adj
tervezem	vrb,noun
odaérünk	vrb
felszerelést	noun,vrb
jelszó	noun
dugd	vrb
gyönyörűek	adj,noun
báró	noun
tűnhet	vrb
munkahelyi	noun
állapot	noun
nőről	noun
váltam	vrb
értékű	adj,noun
részletek	noun
kényszerített	vrb
tárgya	noun
fiacskám	noun
higgyék	vrb
vallás	noun,vrb
önben	noun
vérnyomása	noun
terápia	noun
értve	vrb
mondanál	vrb
mérnök	noun
választottál	vrb
lemezt	noun
hullám	noun
neje	noun
figyelmüket	noun
foglalkozunk	vrb
eladja	vrb
nyerte	vrb
hallgatok	vrb
adásban	vrb
életeket	noun
tudat	noun,vrb
bátyámat	noun
téve	vrb
érzéseit	vrb,noun
megpróbálni	vrb
mindene	noun
barátaival	noun
nézik	vrb
fejlett	adj,vrb
nyomait	noun
értél	vrb
szalagot	noun
mini	noun
embereken	noun
tanította	vrb
okokból	noun
szedjétek	vrb
hegyen	noun
nevess	vrb
mehettek	vrb
töröld	vrb
keresnem	vrb
tippet	noun
vert	vrb
hűtőben	noun,vrb
ruháit	noun
gyilkosa	adj,noun
részei	noun
fizette	vrb
nagybácsi	noun
barátait	noun
egyenruhát	noun
ing	noun,vrb
időpocsékolás	noun,vrb
kommunista	noun,adj
mosolyogsz	vrb
elloptam	vrb
messziről	adj
földről	noun
játékok	noun
győzött	adj,vrb
tudhat	vrb
lépéseket	noun,vrb
betörés	noun,vrb
gyógyító	vrb
megmentsem	vrb
bejárat	noun,vrb
nevezi	vrb,noun
helyesnek	adj,noun
szigetre	noun
falut	noun
unokaöcsém	noun
kevesen	adj_num
szállodában	noun
hegyekben	noun
katonákat	noun
mentette	vrb
zenész	noun
fürdőszoba	noun
mink	noun_pron,noun
ered	vrb,noun
látva	vrb
tanítottam	vrb
utasítást	vrb,noun
haladsz	vrb
hibázott	vrb,noun
hajtott	adj,vrb
versenyre	noun
parancsa	noun
vonalon	noun
törd	vrb
megváltozni	vrb
dögölj	vrb
furgont	noun
fegyverekkel	noun
ezt-azt	UNK
felveszi	vrb
középen	noun
múzeum	noun
érezzem	vrb
időket	noun
földalatti	noun,adj
eskü	noun
belvárosban	noun
állomásra	noun
hun	noun,adj
áldozatokat	noun
megnézzem	vrb
robbant	vrb
otthonában	noun
életemből	noun
arrogáns	adj
páratlan	adj
főnököt	noun
nyit	vrb
vadásznak	vrb,noun
politikus	noun,adj
fogadás	vrb
engednek	vrb
tanulnom	vrb
bármiben	noun_pron
palacsintát	noun
keserű	adj
mindörökké	adv
vodka	noun
villanyt	noun
végeznek	vrb,noun
megfenyegette	vrb
megkapjuk	vrb
piac	noun
megütött	vrb
őrizetben	noun
királynője	noun
segítenem	vrb
jelentkeztem	vrb
rózsa	noun
kivételes	adj,noun
ettünk	vrb
mindegyikük	noun_pron,noun,adj_uni
liter	noun
ígért	vrb
arab	noun,adj
lányának	noun
betegnek	noun,adj
műtőben	noun,vrb
kémiai	adj,noun
álmot	noun
telefonál	vrb
földrengés	noun
megszállottja	adj,vrb
amink	noun_pron
elhozta	vrb
mérföldet	noun
géppel	noun
vitát	noun
hajóról	noun
gyökér	noun
könyvtár	noun
kihagyom	vrb
szóljatok	vrb
távolabb	adj
közelebbről	adv
rémülve	vrb
igazságszolgáltatás	noun
húzzon	vrb
niles	noun_prs
megbocsáss	vrb
katonát	noun
török	noun,vrb
használtad	vrb
láss	vrb
megvédjük	vrb
találkozz	vrb
dalokat	noun
végzel	vrb
gray	noun
mondanád	vrb
technika	noun
bemutató	noun,vrb
országból	noun
szerzetes	noun
elveszik	vrb
bőre	noun,adj
tartana	vrb
öljétek	vrb
érő	vrb
képzelem	vrb
márpedig	con
parancsolj	vrb
kíváncsiak	adj
megnyerni	vrb
elérjük	vrb
állásom	noun,vrb
odanézz	vrb
enned	vrb
történjék	vrb
melletti	adj
bukkant	vrb
szakadt	vrb
zuhant	vrb
összezavarodtam	vrb
hullámok	noun
feladja	vrb
öltönyt	noun
elméletileg	noun
halhatatlan	adj,vrb
szerepe	noun
vendégem	noun,adj
maradnál	vrb
kocsihoz	noun,noun_prs
szemtől	noun
csődbe	noun
alakulnak	vrb
egyenruha	noun
afféle	adj_wh
feladtam	vrb
é	noun
eljövök	vrb
öltöny	noun
csábító	noun,vrb
indiánok	noun
tarthat	vrb
lázadók	vrb
belépni	vrb
bírót	noun,vrb
odaadta	vrb
ép	adj
otthonod	noun
szexről	noun
üzenete	noun
esküt	noun
bálba	noun
házkutatási	noun
kontra	noun
alján	noun
elveszíti	vrb
pólót	noun
gyümölcs	noun
elképesztően	vrb
unokám	noun
származnak	vrb
jelzi	vrb
hozunk	vrb
bárány	noun
változtál	vrb
ász	noun
verje	vrb
átvette	vrb
kezdetét	noun
megtisztelő	vrb
vészes	noun
hittél	vrb
eljönnek	vrb
éreztük	vrb
színben	noun
tűt	noun
kisgyerek	noun
jelét	noun
titkok	noun
engedélyem	noun
hagyhatja	vrb
osztályban	noun
veszekedni	vrb
táncolok	vrb
csalódtam	vrb
megfordult	vrb
állnom	vrb
hadsereget	noun
meccsen	noun
rejteget	vrb
eltűnni	vrb
ajándékba	noun
tonna	noun
iszonyú	adj,noun
csapatba	noun
távozz	vrb,noun
védelme	noun
melegek	adj,noun
melyben	adj_wh
pszichiáter	noun
felháborító	adj,vrb
elárulja	vrb
csoportot	noun
kalapot	noun
elvesztett	adj,vrb
felszerelés	noun,vrb
átvert	vrb
farm	noun
béka	noun
halunk	noun,vrb
használunk	vrb
passzol	vrb
engeded	vrb
előrébb	adv
festék	noun
óvadékot	noun
sovány	adj
irányban	noun
várhatunk	vrb
földbe	noun
utcákon	noun
dolgokban	noun
bejelentés	noun,vrb
embertől	noun
űrhajó	noun
öltek	vrb
kihívást	noun,vrb
kifinomult	adj,vrb
húzzatok	vrb
indítsd	vrb
tavalyi	adj,noun
kötöttünk	vrb
listája	noun
válaszoltál	vrb
lányomnak	noun
segítenünk	vrb
átadja	vrb
módjára	noun
hagytalak	vrb
lövök	vrb
küzdött	vrb
herceget	noun
megmondod	vrb
működne	vrb
várnia	vrb
mutattam	vrb
anyunak	noun
figura	noun
állnod	vrb
ügynek	noun
mindenkorra	adv
folytassák	vrb
négyet	adj_num
elmenjen	vrb
fekszem	vrb
francos	noun
szántam	vrb
mondhat	vrb
útnak	noun
akta	noun
vonni	vrb
járjon	vrb
odavan	vrb
figyelmeztettelek	vrb,noun
mobilja	noun,adj
szenvedés	vrb
üzletbe	noun
ittas	adj
visszatértél	vrb
salátát	noun
nyaralni	vrb
reagált	vrb
nyissátok	vrb
újdonság	noun,adj
írunk	vrb
öljük	vrb
kiderítem	vrb
működő	noun,vrb
punk	noun
viselkedése	vrb
felejtsétek	vrb
kaphatsz	vrb
kösd	vrb
részletes	adj,noun
épített	adj,vrb
bánnak	vrb,noun
intenzív	adj
elmennék	vrb
éltél	vrb
kilépett	vrb
bevallotta	vrb
hívtuk	vrb
férfiakkal	noun
megnézed	vrb
kelleni	vrb
tanút	noun
célra	noun
szívrohamot	noun
ajánlok	vrb
főz	vrb
kocsijában	noun,noun_prs
kifejezést	noun,vrb
néhányszor	adv,adj_num_wh
nagymenő	noun
hibáztatom	vrb,noun
várnom	vrb
megvárjuk	vrb
szövetségiek	noun
pénzből	noun
kiabálj	vrb
egészségére	noun,adj
biztosítva	vrb
ujját	noun
disznók	noun
ügyeket	noun
pihenned	vrb
értett	vrb
lépnünk	vrb
hajlamos	adj,noun
ruháját	noun
érdekedben	noun
aggódnom	vrb
adhatom	vrb
fizetünk	vrb
ünnepeljük	vrb
figyelemre	noun
edzeni	vrb
padlót	noun
sosincs	neg
bolondot	noun,adj
sétál	vrb
adatait	noun
fánkot	noun
január	noun
viszlek	vrb
aggodalomra	noun
szükségtelen	adj,noun
eszerint	adv
lapos	adj,noun
dob	noun,vrb
kezei	noun
szakítottam	vrb
vádolják	vrb
állnunk	vrb
belegondolok	vrb
sírba	noun
kutató	noun,vrb
értelmében	noun
japánban	noun,adj
kapcsán	noun
veszekedtek	vrb
városa	noun
biztonságba	noun
királyok	noun,adj
fürdő	noun,vrb,adj
szigony	noun
felhők	noun
ásni	vrb
kikötőben	noun,vrb
megláttalak	vrb
mondhattam	vrb
munkanélküli	noun,adj
gondoskodj	vrb
imád	vrb,noun
unni	vrb
érték	noun,vrb
állított	vrb
futok	vrb
érzések	vrb,noun
tavasz	noun
adó	noun,vrb
értenek	vrb
sietsz	vrb
bocsátani	vrb
műszaki	adj,noun
megpróbáltuk	vrb
elmenj	vrb
pillanata	noun
ragyog	vrb
cége	noun
meglepve	vrb
vezesd	vrb
miattuk	noun_pron
bejelentést	noun,vrb
karcolás	vrb
meglőtték	vrb
lázadás	vrb
tennénk	vrb
búcsú	noun
halnia	vrb
ünnepi	adj,noun
stílus	noun
hordani	vrb
bogár	noun
helyénvaló	adj
fejembe	noun
só	noun
fürdőben	noun,vrb,adj
hagynád	vrb
szigetet	noun
valahogyan	adv
hívunk	vrb
társaságot	noun
szagot	noun
darabban	noun
adót	noun,vrb
kereskedő	noun,vrb
reménykedtem	vrb
elszökött	adj,vrb
vas	noun
teremtés	vrb
leléptem	vrb
eldobni	vrb
utamba	noun
kipróbálni	vrb
illatát	noun
fi	noun
tudtátok	noun,vrb
léptek	noun,vrb
kényelmetlenül	adj
kapitánya	noun
golyók	noun
születésnapi	noun
világból	noun
helyszínelők	noun,adj,vrb
becsület	noun
övét	noun_pron,noun
rohadékot	noun
megússza	vrb
részlet	noun
kommunikáció	noun
hazament	vrb
körzet	noun
döntök	vrb
babák	noun
írjon	vrb
tiszteletére	noun
meglátogatom	vrb
repülőt	noun,vrb
férfiaknak	noun
próbálkozz	vrb
csatlakozol	vrb
jelentések	vrb
másodpercig	noun
uralkodni	vrb
megjön	vrb
mágneses	adj,noun
eszközök	noun
nappaliban	noun,adj
matek	noun
melyikük	noun_pron
testtel	noun
fázom	vrb
házra	noun
fenyeget	vrb
információk	noun
hibáztatni	vrb,noun
repülés	vrb
állítom	vrb
bika	noun
közölni	vrb
ráér	vrb
utas	noun
fürdőszobában	noun
nyakán	noun
kutatási	noun,vrb
foglalkozott	vrb
üzeni	vrb
siessenek	vrb
miattunk	noun_pron
tank	noun
célunk	noun
szívemből	noun
elveszítem	vrb
tengerparton	noun
gyertyát	noun
mutatom	vrb
alakot	noun
lennétek	vrb,noun
lep	vrb
zsákutca	noun
lószart	noun
kérdi	vrb
fülem	noun
madarat	noun
szobádban	noun
esete	noun
hagyunk	vrb
harcba	noun
elefánt	noun
horgászni	vrb
bezárni	vrb
összetörte	vrb
öcskös	noun
otthonunk	noun
képed	vrb,noun
padlóra	noun
verekedés	vrb
meggondolta	vrb
jövőbe	noun,vrb,adj
derült	adj,vrb
hoztuk	vrb
maszk	noun
összehozni	vrb
fizetnem	vrb
csatlakozzon	vrb
látogatóba	noun,vrb
helyzete	noun
szobor	noun
kiadó	noun,vrb
hallgatnom	vrb
ingatlan	noun,adj
teremtmény	noun
gyerekekre	noun
olyasvalaki	noun_pron
nyújtani	vrb
zárat	vrb,noun
kérdezzük	vrb
viseled	vrb
bízza	vrb
tanárok	noun
szobád	noun
valóságban	noun,adj
váljon	vrb
venné	vrb
mernék	vrb
teljesíteni	vrb
viccelj	vrb
járna	vrb
svéd	noun,adj
megmutattam	vrb
hálát	noun
legokosabb	adj
könnyek	noun
aktákat	noun
területre	noun
megsebesült	vrb
lógsz	vrb
segíthetsz	vrb
mentett	vrb
szerettek	vrb
álmod	noun
csillagos	adj,noun
francban	noun
haladnak	vrb,noun
alapul	vrb,noun
mögöttünk	noun_pron
csali	noun
fantasztikusan	adj
kezeim	noun
haldoklom	vrb
bizonyítsd	vrb
zavarom	noun,vrb
elsők	adj_num,adj
érdekelné	vrb
csere	noun
múltkori	adj
jövőbeli	adj,noun
életemnek	noun
fejezzétek	vrb,noun
távozni	vrb,noun
álca	noun
kocsmában	noun
nevetés	vrb
megütötte	vrb
doktort	noun
megható	vrb
kvittek	adj
kövessenek	vrb
piti	adj
rövidre	adj
problémákat	noun
irodai	noun
mászni	vrb
tartózkodik	vrb
köszönd	vrb
priusza	noun
előnyt	noun
bűnözés	vrb,noun
adhat	vrb
bízhatunk	vrb
betegséget	noun,adj
önmagában	noun_ref_SG_3
utaló	vrb
nappali	noun,adj
emlékére	noun
noha	con
hoznod	vrb
lakását	noun,vrb
ülésen	noun,vrb
központba	noun
életnek	noun
eljegyzési	vrb,noun
gyermekek	noun
sitten	noun
mindentől	noun
szökevény	noun
jelentését	vrb
templomot	noun
nevezték	vrb,noun
leveszem	vrb
í	noun
űr	noun
kövessetek	vrb
tehetnek	vrb
napfény	noun
biztosíthatlak	vrb
mosolyogni	vrb
tál	noun
karja	noun
csökkent	vrb
elítélt	vrb
világa	noun
utálsz	vrb
azoktól	noun_pron
embereid	noun
feledjétek	vrb
vigyelek	vrb
ezelőtti	adj
kabát	noun
centet	noun
kezdenünk	vrb
zárjuk	noun,vrb
betű	noun
elkezdeni	vrb
szőnyeg	noun
költő	noun,vrb
társ	noun
követő	noun,vrb
felkészültél	vrb
munkások	noun
feladatod	vrb,noun
előle	noun_pron
meghallottam	vrb
vállalati	noun
hívjatok	vrb
kitalálta	vrb
olajat	noun
másolat	noun
takarítani	vrb
segítenék	vrb
nyújt	vrb
tökre	noun
badarság	adj
dolgoznia	vrb,noun
ühüm	sentint
csípős	noun,vrb
tűzben	noun
készpénz	noun
térek	vrb
mindkettőtöket	adj_num
udvaron	noun
megérdemlem	vrb
holtak	noun,adj
szedtem	vrb
harcoltam	vrb
középiskolában	noun
valakitől	noun_pron
szarba	noun,adj
halálba	noun
nyelvét	noun
póló	noun
emlékeztem	vrb,noun
kezdted	vrb
emberrablás	noun
sebezhető	vrb,noun
látná	vrb
férfias	adj
járvány	noun
unokatestvérem	noun
tábort	noun
gyermekét	noun
festeni	vrb
illat	noun
megnézi	vrb
lépnem	vrb
személyek	noun
nézne	vrb
elpusztult	adj,vrb
jelentették	vrb
jellegű	adj
tervezel	vrb,noun
napját	noun
végezzük	vrb,noun
megőrültem	vrb
kábítószer	noun
tűnök	vrb
keményebb	adj
halsz	vrb
bánsz	vrb
kényelmesen	adj,noun
fogadják	vrb
rokonok	noun,adj
bennetek	noun_pron
emlékezzen	vrb,noun
rejlik	vrb
belép	vrb
használok	vrb
arcomat	noun
melegen	adj,noun
érezzétek	vrb
töltve	vrb
ajtónál	noun
veszekedtünk	vrb
puska	noun
csal	vrb
szavad	noun
agyi	noun
csodálatosan	adj,noun
palotában	noun
hagyhattam	vrb
meggondolom	vrb
pert	noun
ess	vrb
jelentettek	vrb
srácoknak	noun
megértjük	vrb
lakunk	noun,vrb
könyvem	noun
beszélgettek	vrb
zászlós	noun
lengyel	noun,adj
megvette	vrb
vágj	vrb
köztársaság	noun
tizenegy	adj_num
teljességgel	adj
körülötted	noun_pron
jönnünk	vrb
kinél	noun_pron
szálljatok	vrb
alapon	noun
filmekben	noun
nagyban	adj
használsz	vrb
randizik	vrb,noun
sétálj	vrb
űrhajós	noun
bukott	vrb
táncoljunk	vrb
elárulni	vrb
vénember	noun
imádkoztam	vrb
tárgyak	noun
váltott	vrb
sápadt	vrb,adj
t.	noun
lőjetek	vrb
érdeklődik	vrb
korona	noun
félúton	noun
fertőző	vrb,noun
beszéltetek	adj,vrb
látogatás	vrb
magamból	noun_ref_SG_1
családok	noun
derül	vrb
iszok	vrb
tiszták	adj
vadászok	noun,vrb
nyamvadt	adj
érem	noun,vrb
műtőbe	noun,vrb
cm	noun,abr
fejezzem	vrb,noun
állítottam	vrb
visszaszerezni	vrb,noun
nyugdíjas	adj,noun
megállapodtunk	vrb
karma	noun
messzebb	adj
tízszer	adj_num
meglepetésem	noun,vrb
koncertre	noun
számlákat	noun
folytatod	vrb
bejössz	vrb
jelenik	vrb
őrsre	noun
húgomat	noun
században	adj_num,noun
kívánni	vrb
majmok	noun
férjet	noun
édesapád	noun
elhagyom	vrb
megmarad	vrb
töltse	vrb
szúrt	vrb
közepébe	noun
elrabolt	vrb
barátoddal	noun,adj
csapdát	noun
élettel	noun
erőteljes	adj
szolgálatot	noun
punci	noun
gyerekjáték	noun
szerep	noun
kiabálni	vrb
külföldön	noun
megszűnt	vrb
indok	noun
megpróbálnak	vrb
bonyolultabb	adj
filmek	noun
lement	vrb
legelső	adj_num,adj
akadémia	noun
vallomás	noun
főiskola	noun
tehetném	vrb
megpróbáltad	vrb
inget	noun
golf	noun
elfelejted	vrb
egyek	vrb,adj_num
amim	noun_pron
vonattal	noun
lélegezzen	vrb
törődött	vrb
csekk	noun
feltétellel	noun
tehetik	vrb
utazást	noun,vrb
randizol	vrb,noun
rájövök	vrb
szálloda	noun
megnyerte	vrb
hozzatok	vrb
élhet	vrb
barátaiddal	noun
kétségkívül	con
kifejezni	vrb,noun
országba	noun
tanúskodni	vrb
indítani	vrb
táskám	noun
megcsinálod	vrb
tűnődtem	vrb
elem	noun
rázd	vrb
nevemben	noun
ötöst	noun,adj
dagi	adj
kérdéses	adj,noun,vrb
megkérni	vrb
lezárták	vrb
hazaviszlek	vrb
hetekig	adj_num,noun
villa	noun
szülinapja	noun
szolga	noun
mutatnak	vrb
kifutunk	vrb
egyaránt	adv
hiányoztam	vrb,noun
tölts	vrb
bántsd	vrb
érnem	vrb
összeomlott	adj,vrb
könyörgött	vrb
megmagyarázná	vrb
folytatott	vrb
elnökkel	noun
telefonáltam	vrb
kísérletet	noun
úrfi	noun
goromba	adj
kecske	noun
vinned	vrb
ityeg	vrb
láz	noun
főiskolai	adj,noun
lelkek	noun
csillogó	vrb
ölje	vrb
kérdezzem	vrb
kimondom	vrb
felnőni	vrb
fordulnak	vrb
elintézte	vrb
vártuk	vrb
nyugszik	vrb
elvezet	vrb
súlya	noun
legkedvesebb	adj,noun
folyadék	noun
féltek	vrb
szívedet	noun
csatlakozom	vrb
tönkretetted	vrb
rohan	vrb
csinálnia	vrb
sérülések	noun,vrb
izgalom	noun
meglátják	vrb
jegyek	noun
megmenti	vrb
férjemnek	noun
folyt	vrb
sokk	noun
táskában	noun
kristály	noun
gondolkozni	vrb
biztonsága	noun
pisilni	vrb
hawaii	noun_prs
kilépek	vrb
agyon	prv,noun
told	vrb
védd	vrb
testvérét	noun
szuka	noun
hozzanak	vrb
birtokában	noun
fogalmunk	noun
csecsemő	noun
szalag	noun
tündér	noun
rólatok	noun_pron
tompa	adj
emberektől	noun
harcolsz	vrb
semmirekellő	adj
főként	adv,noun,adj
szívesség	adj,noun
istennő	noun
költöztem	vrb
hoznál	vrb
km-re	noun
kapun	noun
túlélők	vrb
műholdas	noun
mamám	noun
ejtett	vrb
nyertes	noun,adj
ügyre	noun
átmentem	vrb
pihen	vrb
megpróbálták	vrb
várnod	vrb
mag	noun
készítsd	vrb
egyszeri	adj,adj_num,noun
hiábavaló	adj
bocsánatkérés	noun
terep	noun
beszéljenek	vrb
vadászat	noun
moziban	noun
szerelemben	noun
küldted	vrb
végződött	vrb
imádkozz	vrb
rendőröknek	noun
szedett	vrb
nemzetbiztonsági	noun
sokkoló	vrb
vízből	noun
venném	vrb
csomót	noun
dobozba	noun
kérdezek	vrb
fejenként	noun
megérdemel	vrb
csinálnék	vrb
szépet	adj
utazom	vrb,noun
szabadulj	vrb
helyeket	noun
lökött	vrb,adj
mindenkitől	noun
padló	noun
megjöttünk	vrb
kalózok	noun
gondolunk	vrb
mentse	vrb
tudatni	vrb
megjavítani	vrb
rangú	adj,noun
technikailag	noun
vádak	noun
kedvesnek	adj,noun
pusztító	noun,vrb
kezeljük	vrb
bírsz	vrb
rajongók	noun,vrb
megért	vrb
megbízom	vrb
perces	noun
istene	noun
ima	noun
számat	noun
börtönt	noun
farkad	noun
szeress	vrb
üldöz	vrb
figyelmeztetem	vrb,noun
fogy	vrb
kérdésekre	noun,vrb
célzok	vrb
balesetben	noun
győzelmet	noun
közöttük	noun_pron
szerencsével	noun
akadály	noun
zűrös	noun
svájci	noun_prs
készülünk	vrb
megszerezzük	vrb,noun
nyúljon	vrb
irodám	noun
parkoló	vrb
nagyuram	noun
húz	vrb
geci	noun,adj
öltél	vrb
műszak	noun
kezén	noun
vizsga	noun
faluba	noun
használhatom	vrb
másodpercre	noun
visszatértek	vrb,adj
beszélnél	vrb
farka	noun
arcára	noun
délutáni	adj,noun,adv
csajom	noun
javára	noun
meghallgatni	vrb
mező	noun
napokig	noun
gyűlöl	vrb
dobtam	vrb
megengeded	vrb
szembenézni	vrb
tárgyat	noun
kezével	noun
felismerem	vrb
fáradtnak	vrb,adj
szerelemről	noun
felelősek	noun,vrb
semmink	noun_pron,noun
húzzuk	vrb
hatására	noun,vrb
kapcsolják	vrb
kifogyott	vrb
keresés	vrb
terveztük	vrb,noun
árán	noun
újságok	noun,adj
tértem	vrb
halkan	adj
egyenlőre	adj
ezektől	noun_pron
jegyezd	vrb,noun
számítana	vrb
órád	noun
kezdetben	noun
zsúfolt	adj,vrb
visszatérnek	vrb
körözést	noun
lezárni	vrb
alvó	vrb,adj
betörni	vrb
plasztikai	noun
vehet	vrb
zászló	noun
feléd	noun_pron
végzést	vrb,noun
szerelő	noun,vrb
doris	noun_prs
ügyészség	noun
bujkál	vrb
liba	noun
következményei	noun
színt	noun
szarságot	adj
potenciális	adj
jelentek	vrb
létrehozni	vrb
javasolta	vrb
munkánkat	noun
beválik	vrb
emberét	noun
idegesít	vrb,noun
megállapodást	noun,vrb
zászlót	noun
mínusz	adj
győz	vrb
kiket	noun_pron
annyiszor	adv
ötöt	adj_num
megtanított	adj,vrb
dolgait	noun
édességet	adj
szekrény	noun
eltűnnek	vrb
piszok	noun
terepet	noun
mertem	vrb
állnia	vrb
forgatókönyvet	noun
futó	noun,vrb
elraboltak	vrb
feladatra	noun
szavazás	vrb,noun
irodából	noun
sokára	adv
fogj	vrb
esetek	noun
ártatlanok	adj,vrb
8-kor	adj_num
helyekre	noun
falnak	vrb,noun
nevezed	vrb,noun
kezembe	noun
számod	noun
álmodtál	vrb
lovagolni	vrb
nézted	vrb
bántotta	vrb
stílusa	noun
építették	adj,vrb
babával	noun
almát	noun
megváltoztam	vrb
szólnom	vrb
szabadságra	noun,adj
őrültségnek	adj,vrb
hatni	vrb
letartóztatni	vrb,noun
fickóról	noun
fenéért	noun
meghallgatásra	noun,vrb
bejövő	adj,vrb
sétáljunk	vrb
olcsóbb	adj
gyanúsítottak	noun,adj,vrb
nyomni	vrb
olvasott	adj,vrb
derítsük	vrb
állampolgár	noun
elfogadtam	vrb
rejtőzik	vrb
angolok	noun
megadtam	vrb
középiskola	noun
életembe	noun
stúdió	noun
előfordulhat	vrb
ügyhöz	noun
északon	noun
eltarthat	vrb
használva	vrb
február	noun
kongresszus	noun
üzenetem	noun
vonatra	noun
segge	noun
esetem	noun
összeomlik	vrb
csapos	noun
lehetőségeket	vrb,noun
balhé	noun
növény	noun
tétlenül	adj
uncsi	adj
félünk	vrb
áru	noun
rabolni	vrb
történetek	noun
felderítő	noun,vrb
olvasom	vrb
vásárolt	vrb
vállalja	vrb
ellenségei	noun
időn	noun
whisky	noun
megbízni	vrb
kimegyünk	vrb
aggódnak	vrb
utazó	noun,vrb
elkezdődik	vrb
elaludni	vrb
ellenkezőjét	adj,vrb
legboldogabb	adj
gyár	noun
lesz-e	vrb,adv
dolgoknak	noun
mozdulat	noun
farkát	noun
ezenkívül	adv
listára	noun
listáján	noun
kivenni	vrb
anyánk	noun
tapsot	noun
elveszítette	vrb
siet	vrb
prosti	noun
műsorban	noun
feletti	adj
bekapcsolva	vrb
eladom	vrb
sokkot	noun
barlang	noun
csajokat	noun
amikre	noun_pron
pisilnem	vrb
percenként	adv,noun
poharat	noun
halálosan	adj,noun
néznie	vrb
alacsonyabb	adj
elvesztése	noun,vrb
nyitom	vrb
stresszes	noun
vártak	adj,vrb
elindul	vrb
ünnep	noun
révén	post,adv,noun
számban	noun
képesség	noun,adj
fenséges	adj,noun
találkozás	vrb
lépésre	noun,vrb
kerék	noun
hálaadás	noun
jutna	vrb
amelynek	adj_wh
komplett	adj
sólyom	noun
reggelizni	vrb,noun
ismertek	adj,vrb
befolyásos	adj,vrb,noun
orvosnak	noun
elmesélem	vrb
próbáljam	vrb
lehetőségét	vrb,noun
mobilom	noun,adj
varázslatot	noun
egyenként	adv,adj_num
ízletes	adj
vesztettünk	adj,vrb
rendelni	vrb
különféle	adj
festett	adj,vrb
fontosnak	adj,noun
konferencia	noun
tetszem	vrb
elhiszi	vrb
erejével	noun
válsz	vrb
rajt	noun
kegyelem	noun,vrb
elfogták	vrb
gyermekeim	noun
működhet	vrb
kicsúszott	vrb
alszunk	vrb
örömöt	noun
kiverni	vrb
gyümölcsöt	noun
vizsgálni	vrb
bújt	vrb
betegsége	noun,adj
verset	noun
megmutatjuk	vrb
felkészülve	vrb
barlangban	noun
lövész	noun
csillagflotta	noun
oldali	noun
mozgásban	vrb,noun
elhozom	vrb
holnapután	adv
próbáljunk	vrb
gong	noun
sírva	vrb
autós	noun
elkezdtünk	vrb
estek	noun,vrb
építette	vrb
néhai	adj
mindenből	noun
kölcsönös	adj,noun
késett	vrb
terhet	noun
pohárral	noun
akarj	vrb
rejtve	vrb
nyelved	noun
közületek	noun_pron,noun
neveznek	vrb,noun
puszi	noun
csapattal	noun
szemüveg	noun
használhatatlan	adj,vrb
aludjon	vrb
körbe-körbe	twin
választottak	adj,vrb
gyógymód	noun
fuvart	noun
kert	noun
válság	noun
kellő	vrb
törve	vrb
ejtette	vrb
foglalkoznak	vrb
utálni	vrb
bármiféle	adj_wh
lakásba	noun,vrb
konkrétan	adj
intézte	vrb
gyanút	noun
üzletről	noun
kerestük	vrb
barátodnak	noun,adj
barátnőjével	noun
vagyon	noun
formája	noun
válasszon	vrb
hálózat	noun
püspök	noun
felvett	vrb,adj
rendelte	vrb
népem	noun
gépe	noun
nevüket	noun
bocsássatok	vrb
tapasztalata	noun
játszod	vrb
figyeljük	vrb
odaadni	vrb
tagadja	vrb
időnket	noun
életére	noun
töltöttünk	vrb
szabadlábra	adv
kanapé	noun
haldokló	vrb,adj
táncolsz	vrb
vallott	vrb
fogalmuk	noun
hálátlan	adj,noun
joguk	noun
festő	noun,vrb
füle	noun
harmadszor	adj_num
folytassátok	vrb
70-es	adj_num
apátok	noun
lemondani	vrb
csalni	vrb
izgulok	vrb
lábai	noun
vess	vrb
támadásra	vrb
okosak	adj
kövek	noun
tyúk	noun
riasztás	vrb
kiszámíthatatlan	adj,vrb
bizalmát	noun
sétáltam	vrb
lábaim	noun
barátnőmet	noun
megmentem	vrb
meglőttek	vrb
zsíros	adj,noun
léptél	vrb
mutatnom	vrb
húztam	vrb
nevük	noun
árulni	vrb
zacskó	noun
idősek	adj,noun
énem	noun_pron,noun
fiadat	noun
ajtóhoz	noun
elképzeltem	vrb,adj
sétált	vrb
mindenek	noun
devon	noun
kelteni	vrb
érdekesnek	adj,noun
asszisztens	noun
életünkben	noun
randit	noun
ujjal	noun
derítsd	vrb
láza	noun
alany	noun
érzéketlen	adj
leáll	vrb
randin	noun
másikkal	noun_pron,noun
vágtam	vrb
munkáról	noun
körre	noun
7-es	adj_num
osztani	vrb
haltam	vrb
hajlandóak	adj
felhő	noun
láda	noun
milliókat	adj_num
figyelik	vrb
heló	con
unokája	noun
kiszállni	vrb
kubai	noun,noun_prs
farkam	noun
égi	adj,noun
ölelés	vrb
folyóba	noun,adj,vrb
mindenhová	adv
fotók	noun
pincérnő	noun
kezdték	vrb
pajzs	noun
álmos	adj,noun
összeszedni	vrb
luxus	noun
kívánj	vrb
teknős	noun
jelentem	vrb
kocsira	noun,noun_prs
kocsikat	noun
alakultak	vrb
okok	noun
művelnek	vrb
bocsánatkéréssel	noun
megvéd	vrb
vasárnapi	adj,noun
pozíciót	noun
tű	noun
mindkettőtöknek	adj_num
eltűnése	noun,vrb
szakad	vrb
rádión	noun
lábamat	noun
mozgó	vrb,noun,adj
segítő	noun,vrb
állítod	vrb
csillagot	noun
kívánsz	vrb
gyengék	adj
hallgassa	vrb
hatást	noun,vrb
figyeljétek	vrb
meglepően	adj,vrb
máshoz	adj,noun
kapcsolatod	noun
megtettük	vrb
ütős	noun,vrb
olyankor	adv,adj_wh
egyiptomi	adj,noun_prs
ízlése	vrb
festményt	noun
szerezzünk	vrb,noun
csap	noun,vrb
kirúgott	vrb
motel	noun
kötelesség	adj,noun
extrém	adj
valamibe	noun_pron
cirkusz	noun
értéktelen	adj,noun
trükkös	noun
hagynál	vrb
eltévedt	adj,vrb
hőse	noun
hopp	sentint
figyelmeztettem	vrb,noun
könyörtelen	adj
felhívja	vrb
meghallja	vrb
próbáltunk	vrb
tudhatom	vrb
bolygóról	noun
menjél	vrb
seregben	noun
másiknak	noun_pron,noun
kezdetektől	noun
küzdj	vrb
visszahozni	vrb
váltunk	vrb
háznál	noun
narancs	noun
tanulnia	vrb
aprócska	adj
csodálkozom	vrb
gimi	noun
figyelje	vrb
befolyásolja	vrb
benézek	vrb
les	noun,vrb
istenhez	noun
megöljön	vrb
kényelembe	noun
szedjük	vrb
felelőtlen	adj,noun
pszichiátriai	noun
irodáját	noun
pontja	noun
akárhol	adv
megkérdezted	vrb
bázisra	noun
megváltoztál	vrb
sereget	noun
fizess	vrb
szerettük	noun,vrb
elvégezni	vrb,noun
valld	vrb
játékokat	noun
feladod	vrb
számba	post,noun
mienk	noun_pron
kijelölt	vrb
versenyző	vrb,noun,adj
csövet	noun
magadból	noun_ref_SG_2
tévednek	vrb
családomnak	noun
gondnok	noun
mozogjon	vrb
elértem	vrb
szakmában	noun
kerti	noun
párizsi	noun,noun_prs
alagsorban	noun
világgal	noun
állása	noun,vrb
barátaidat	noun
estéjén	noun,adv
szépfiú	noun
büntetni	vrb
fájdalmai	noun
bírják	vrb
vizsgálja	vrb
kitört	vrb
történő	noun,vrb
törölni	vrb
internetes	noun
céges	noun
hah	sentint
tanúm	noun
magamon	noun_ref_SG_1
kezelésre	vrb
ellopja	vrb
családodat	noun
hallgatnak	vrb
megbocsátanak	vrb
viccesnek	adj,noun
szólíts	vrb
felkel	vrb
hasonlítasz	vrb
kereszt	noun
teremtett	vrb
nyakláncot	noun
kávéra	noun
balszerencse	noun
apuka	noun
élned	vrb
ezekhez	noun_pron
hazaértem	vrb
szolgálati	adj,noun
kívánt	adj,vrb
gyilkosnak	adj,noun
hercegnőt	noun
spirituális	adj
chicagói	noun_prs
küldünk	vrb
megállás	noun,vrb
embereimet	noun
számíthatunk	vrb
megölése	vrb
listáját	noun
bázison	noun
vodkát	noun
dobj	vrb
folyamatot	noun
fürdőt	noun,vrb,adj
élvezet	noun
borravalót	noun
örülj	vrb
tanultad	vrb
felette	noun_pron,vrb
biztonságiakat	noun
mintegy	con
ragadtam	vrb
hagyna	vrb
esküvője	noun,vrb,adj
gyermekei	noun
tehetetlen	vrb,adj
éjszakáján	noun,adv
intézi	vrb
felhív	vrb
estéről	noun,adv
megérzés	noun,vrb
bántja	vrb
lakbért	noun
hamburgert	noun
tavasszal	noun
derék	noun,adj
árulta	vrb
megengedte	vrb
töltöd	vrb
örökös	noun,adj
épphogy	adv
profik	adj
baszod	vrb
nyújtott	adj,vrb
nőstény	noun
gyerekeimet	noun
hallottalak	vrb
megnézted	vrb
alul	post,adv
pillanattól	noun
árult	vrb
látásra	vrb
bármivel	noun_pron
hasonlók	adj,vrb
rabló	noun
vitted	vrb
stratégia	noun
emberekben	noun
bűntudatot	noun
királynőt	noun
fogat	noun,vrb
biztosított	noun,adj,vrb
gyógyítani	vrb
e.	noun
követték	vrb
azonosította	vrb
nevetett	vrb
ágyon	noun
fénye	noun
nagydarab	adj
szerezzek	vrb,noun
akarnád	vrb
felelősségre	noun
élnie	vrb
megoldható	vrb
kiszedni	vrb
dátum	noun
műtétre	noun
vezesse	vrb
semmiképpen	adv,noun_pron,noun
menniük	vrb
legnagyszerűbb	adj
feldolgozni	vrb,noun
csókolni	vrb
állhatom	vrb
elveszteni	vrb
elrejtve	vrb
csinálnál	vrb
letartóztattak	vrb,noun
holnaptól	noun
szájába	noun
létfontosságú	noun,adj
csendesen	adj,noun
spontán	adj
törődnek	vrb
elfoglalva	vrb
country	noun
öngyilkosságot	adj
mindaddig	adv
elkések	vrb
fából	noun
aláírta	vrb
személyre	noun
hotelt	noun
tudj	vrb
megszerzi	vrb
táncra	noun
nevetek	vrb,noun
századi	adj_num,noun
republikánus	adj
fejedbe	noun
világszerte	noun,szerte_PLACE_adj
névre	noun
próbálnunk	vrb
könyörögni	vrb
mobilt	noun,adj
5-ös	adj_num
cipőm	noun
intézet	noun
alkalmi	adj,noun
elviszik	vrb
aláírás	noun,vrb
hülyeségeket	adj
múltja	noun,adj,vrb
tengerbe	noun
hallgassatok	vrb
lelőtt	vrb
szer	noun
őrsön	noun
letette	vrb
elmesélte	vrb
csatornán	noun
kezek	noun
mindenáron	adv
elektronikus	adj
építettem	adj,vrb
cellában	noun
elrontottam	vrb
univerzumban	noun
érezzék	vrb
art	adv
kínaiak	adj,noun_prs
érinti	vrb
széfet	noun
rizs	noun
leírni	vrb
emeljük	vrb
sivatag	noun
randiztam	vrb,noun
szerencsejáték	noun
partnerem	noun
országnak	noun
vízen	noun
muszlim	noun,adj
figyeltél	vrb
megmondanád	vrb
választották	vrb
vigyázunk	vrb
hozzáállás	vrb
sittre	noun
felvételi	noun
hadművelet	noun
átadta	vrb
6-os	adj_num
kötelék	noun
óhajt	vrb,noun
pisztollyal	noun
megkapni	vrb
gyűlés	vrb
pályát	noun
repülök	vrb
kulturális	adj
környezet	noun
ugyanott	con
érdemelsz	vrb
elkezdem	vrb
vakon	noun
keressék	vrb
receptet	noun
elmennél	vrb
államügyész	noun
végzik	vrb
maximális	adj
holdra	noun
kaszinó	noun
idefigyelj	vrb
érdeklik	vrb
elvittek	vrb
végzed	vrb
testében	noun
megtenne	vrb
a.	noun,det_def
diplomáciai	adj,noun
kihagyni	vrb
hírszerzés	noun,vrb
rakta	vrb
sikerülne	vrb
verd	vrb
elrontani	vrb
sorsát	noun
döntését	noun,vrb
temetésre	vrb
kincset	noun
tésztát	noun
bíboros	noun
csalt	vrb
kérik	vrb
különlegeset	adj
ügynöke	noun
merev	adj
gyűlöli	vrb
feleséget	noun
jövőjét	noun,vrb,adj
vallja	vrb
ő.	noun_pron,noun
szóbeszéd	noun
sót	noun
idegesnek	adj,noun
hurrikán	noun
kijöttem	vrb
hozna	vrb
összejött	vrb
dog	noun
megye	noun
fölösleges	adj,noun
aktája	noun
lógott	vrb
kollégám	noun
gyilkolni	vrb
sora	noun
vízre	noun
állítólagos	adj
csúcsra	noun
dolgoztok	vrb,noun
emelt	adj,vrb
önvédelem	noun
terveket	noun
elköltözött	vrb
legjobbakat	adj,noun
dühösek	adj,noun
eltűntél	vrb
ellenségek	noun
vegyetek	vrb
állását	noun,vrb
egyéni	adj,adj_num,noun_pron,noun
sütni	vrb
aggódunk	vrb
szólunk	vrb
kurvát	noun
ocsmány	adj
kívánod	vrb
szereplők	vrb,noun,adj
halálához	noun
meggyilkolása	noun,vrb
nyúlt	noun,vrb
foga	noun
szörnyűség	adj,noun
meghívtam	vrb
megpróbálunk	vrb
dollárba	noun
veterán	noun
kivettem	vrb
zsarolás	vrb
oxigént	noun
irányába	noun
tapasztalat	noun
bíznak	vrb
szétrúgom	vrb
szüleink	noun
pucér	adj
fontolóra	vrb
saláta	noun
ajánl	vrb
beszélő	noun,vrb
segíti	vrb
ujjam	noun
kezeddel	noun
szerezzük	vrb,noun
12-es	adj_num
eljöttünk	vrb
milyennek	adj_wh
fekszel	vrb
adatot	noun
egyesével	noun,adj
farok	noun
kultúra	noun
szégyenlős	adj,vrb
művészi	noun
csukja	vrb,noun
kutyus	noun
nyomkövető	noun,vrb
helyszínén	noun
próbálnod	vrb
rendezett	adj,vrb,noun
gyűjteni	vrb
elviselhetetlen	adj,vrb
változtatta	vrb
parancsnoki	noun
szívni	vrb
mosolygott	vrb
ittunk	vrb
lelövöm	vrb
életéért	noun
halálom	noun
többszörös	noun,adj,adj_num,adv
csináljanak	vrb
nyaklánc	noun
ajánlatát	noun
összejönni	vrb
ijeszteni	vrb
gondolnod	vrb
menyasszonya	noun
tünetek	noun
idejük	noun
élénk	adj
ilyesmiről	noun_pron
juthat	vrb
bármiről	noun_pron
legidősebb	adj,noun
utam	noun
csontok	noun
felvételen	noun
kívántam	vrb
öten	adj_num
hordja	vrb
soron	noun
lyukba	noun
kinyitja	vrb
tablettát	noun
múlté	noun,adj,vrb
papíron	noun
pulyka	noun
álmában	noun
bebizonyítom	vrb
hím	noun
rosszabbat	adj
ártott	vrb
távozhat	vrb,noun
szokni	vrb
titkokat	noun
texasi	noun_prs
mintsem	con
törés	vrb
kihúzni	vrb
mar	noun,vrb
érts	vrb
méret	noun,vrb
indítéka	noun
fedezi	vrb
elfoglaltak	vrb,adj
űrbe	noun
értelmét	noun
érzitek	vrb
életről	noun
szabadult	vrb
veheti	vrb
hajókat	noun
zóna	noun
elvett	vrb,adj
közeledünk	vrb
értékelni	vrb
szavait	noun,noun_prs
amerre	adv
vállalkozó	noun,vrb
viselkednek	vrb
jókor	adv,adj
szüntess	vrb
szabályai	noun
norma	noun
húzódj	vrb
körülöttünk	noun_pron
futsz	vrb
haláláról	noun
nevezném	vrb,noun
fejeznem	vrb,noun
kinyitottam	vrb
szerzel	vrb
üzletelni	vrb
kinyitotta	vrb
merészeled	vrb
azokból	noun_pron
bezzeg	sentint
beszélgetek	vrb
civilizáció	noun
beszélgettem	vrb
tiszteletlen	adj,vrb
kinyírom	vrb
találjunk	vrb
csöndet	noun
apunak	noun
élők	adj,vrb
elfelejtett	vrb
lényt	noun
ősz	noun,adj
amikkel	noun_pron
elkövettem	vrb
terhesség	adj,noun
indított	vrb
mezőn	noun
véljük	vrb
csinálna	vrb
veszített	vrb
büszkeség	adj
egészről	adj
bezárták	vrb
emberhez	noun
cigaretta	noun
rúgd	vrb
hazajöttem	vrb
zsebemben	noun
lehettél	vrb
kezdik	vrb
halálával	noun
átkot	noun
emögött	adv
feltűnő	adj,vrb
szedte	vrb
sulit	noun
hosszan	adj
gyerekeit	noun
haverja	noun
nyomozunk	vrb,noun
házasságban	noun,adj
hercege	noun
köti	vrb
liftben	noun
olyanná	adj_wh
kiskorú	adj
füled	noun
széf	noun
nyolcadik	adj_num
talaj	noun
gemma	noun
lábra	noun
töltök	vrb
lóra	noun
esőben	noun,vrb
csináljatok	vrb
hölggyel	noun
természetfeletti	adj
vezeték	noun
dönti	vrb
vérében	noun
megtört	adj,vrb
vakmerő	adj
játékosok	noun,adj
miamiban	noun_prs
eresszen	vrb
megkönnyebbültem	vrb
autókat	noun
alternatív	adj
esélyük	noun
kihallgatás	noun,vrb
igyekszik	vrb
lepve	vrb
bánok	noun,vrb
ígérte	vrb
megleszek	vrb
énekelt	adj,vrb
megszegte	vrb
ügynöknek	noun
as	noun
macskák	noun
kulcsát	noun
megnézte	vrb
kikapcsolni	vrb
hűség	adj
vágyott	vrb
helyzeten	noun
érnünk	vrb
lepedőt	noun
lerobbant	vrb
meginni	vrb
elutazott	adj,vrb,noun
előttük	noun_pron
bebizonyítani	vrb
megeszem	vrb
segítségemre	noun
szabadlábon	adv
bong	vrb
porig	noun
valamid	adj,noun_pron
megettem	vrb
m.	noun
szenvedést	vrb
szóljanak	vrb
áldozatai	noun
jártok	adj,vrb
keressek	vrb
bajunk	noun
társai	noun
aggódnunk	vrb
elszabadult	vrb
hányni	vrb
megvédi	vrb
protokoll	noun
élem	noun,vrb
éreztél	vrb
jégkrémet	noun
válok	vrb
nővért	noun
közük	noun
felvételek	vrb,noun
biztosító	noun,vrb
pimasz	adj
ítélték	vrb
szemtelen	adj,noun
dékán	noun
törte	vrb
kínzás	vrb,noun
mindenhova	adv
kiabált	vrb
elvesztették	vrb,adj
meggondolja	vrb
ellenkező	adj,vrb
szolgálatára	noun
kérhetem	vrb
állítsátok	vrb
korrekt	adj
csinálhatjuk	vrb
gondolatok	noun
tettetek	vrb,noun
telihold	noun
többsége	noun
tévedtél	vrb
bánná	noun,vrb
belefér	vrb
immár	adv
hálószoba	noun
istennel	noun
okoznak	vrb
szüleivel	noun
kurvák	noun
értse	vrb
férne	vrb
kiadni	vrb
megérdemelte	vrb
földszinten	noun
vállalkozás	noun,vrb
rakott	vrb,adj
csonti	noun
családoddal	noun
zavarodott	adj,vrb
szolgáltam	vrb
érkeztünk	vrb
gondoskodott	vrb
kimentem	vrb
kommunikálni	vrb
illúzió	noun
gondoskodunk	vrb
önálló	adj
közlöm	vrb
árulnak	vrb
örökölte	vrb
testvéremet	noun
kimondja	vrb
átjön	vrb
apjuk	noun
jelenség	noun,adj
megteheti	vrb
helyezni	vrb,noun
napló	noun
üzenetét	noun
sajtónak	noun
mindazonáltal	noun_pron,adv
éjszakája	noun,adv
beszari	adj
rakétát	noun
hazai	adj,noun
lázas	adj,noun
hallgatnod	vrb
képzeletbeli	adj,noun
ízét	noun
házon	noun
lotyó	noun
folyékony	adj
kordában	noun
ejteni	vrb
ültünk	vrb
állítsuk	vrb
szemével	noun
közelednek	vrb
alkalomra	noun
kereső	noun,vrb
jelentené	vrb
lelőttem	vrb
bemész	vrb
megakadályozza	vrb,noun
mázlista	noun
jazz	noun
fül	noun
elszállt	vrb
menny	noun
hasztalan	adj
volnál	vrb
megerősíti	vrb,noun
megbeszélést	noun,vrb
tudva	vrb
japánok	noun,adj
ünnepség	noun
megtehetem	vrb
etetni	vrb
ütést	vrb
orvosra	noun
honnét	adv,noun
következtében	post,noun
köveket	noun
elkésünk	vrb
társasági	noun
robotok	noun
vessünk	vrb
boszorkányok	noun
arcodon	noun
szorult	adj,vrb
küldik	vrb
közbejött	adj,vrb
fiuk	noun
felment	vrb
ügyetlen	adj
álmodni	vrb
primitív	adj
eseményeket	noun
osztályt	noun
állítjuk	vrb
választod	vrb
csavargó	vrb,adj
keresve	vrb
hazamegy	vrb
feszültséget	noun,adj
szakértője	noun,adj
mesterlövész	noun
számítani	vrb
alapítvány	noun
szándék	noun
sorozatot	noun
rendjén	noun
elhozza	vrb
betörtek	vrb,adj
kettővel	adj_num
kidobott	vrb
sokféle	adj_wh,adj
másrészt	adv
emlékeztetni	vrb,noun
boy	noun
bizonyult	vrb
megerősítve	vrb,noun
belsejében	noun
mozgatni	vrb
gondosan	adj,noun
zombik	noun
féltél	vrb
eljönnél	vrb
zaklatás	vrb
számotokra	noun
felhasználni	vrb
lemegy	vrb
emléket	noun
rendszerbe	noun
pincébe	noun
óhajtja	vrb
hajat	noun
isznak	vrb
vigyázott	vrb
nagyapja	noun
kinti	adj
mosd	vrb
általam	noun_pron
túsz	noun
nyaka	noun
húzott	vrb
puccos	noun
mindened	noun
kössünk	vrb
válaszoltam	vrb
szerinti	adj
vizsgálják	vrb
üdítőt	noun,vrb
lenyomozni	vrb,noun
járművet	noun
megvédem	vrb
technológiát	noun
vezethet	vrb
malac	noun
tetoválás	vrb
segítőkész	adj
hoztalak	vrb
járj	vrb
infó	noun
tagját	noun
elbaszott	vrb
barmok	noun
gumi	noun
nyolcas	noun,adj
megfulladt	vrb
tisztelni	vrb
karrierjét	noun
megerősítették	vrb,adj,noun
kényszeríteni	vrb
rakja	vrb
fentről	adv,vrb
határokat	noun
sapkát	noun
megtalál	vrb
azokhoz	noun_pron
játékba	noun
kedvenced	adj
szerették	vrb
kapható	vrb
kimegy	vrb
magáét	noun_ref_SG_3
másfajta	adj,noun
here	noun
tucatnyi	noun
intim	adj
hegyet	noun
elárulom	vrb
fán	noun
bolondnak	noun,adj
kifogytam	vrb
rizst	noun
mérföldes	noun
démont	noun
sorsom	noun
gonoszt	adj
kudarc	noun
fogható	vrb
anyut	noun
megsemmisült	vrb
kézi	adj,noun
világháború	noun
haljon	vrb
10-kor	adj_num
hülyéskedj	vrb
cipők	noun
testén	noun
középiskolás	noun
következménye	noun
passz	noun
foglaljanak	vrb
vendégeket	adj,noun
mutassuk	vrb
átjött	vrb
éljünk	vrb
megfenyegetett	vrb
kezüket	noun
államokba	noun
asszisztensem	noun
vetek	vrb
váljunk	vrb
nácik	adj
példány	noun
hazudnék	vrb
tegyetek	vrb
állították	vrb
desszert	noun
elkezdek	vrb
veri	vrb
undok	adj
szívroham	noun
gazdám	noun
címre	noun
szándékkal	noun
kapcsolatunkat	noun
cukorkát	noun
meggyilkolásáért	noun,vrb
moss	vrb
indíts	vrb
lássanak	vrb
színpad	noun
várjak	vrb
próbállak	vrb
kézbe	noun
takarót	noun,vrb
milliós	adj,adj_num
nőszemély	noun
kiszálltam	vrb
indulnom	vrb
vacsorázunk	vrb,noun
végtére	adv
versenyezni	vrb,noun
számoltam	vrb
érdemlem	vrb
hagyjad	vrb
dolgával	noun
pornót	noun
ajtaja	noun
mutassak	vrb
helikoptert	noun
feltétel	noun
kitart	vrb
terembe	noun
evés	vrb,noun
odalenn	adv
temetőben	noun,vrb
zűrzavar	noun
bácsikád	noun
atyánk	noun
igazit	adj
sietünk	vrb
horror	noun
mellettünk	noun_pron
szemeit	noun
ilyesmivel	noun_pron
vizsgán	noun
nyakam	noun
törzsi	adj,noun
barátként	noun,adj
desszertet	noun
behatolás	noun,vrb
szereplő	vrb,noun,adj
9-es	adj_num
apák	noun
kérje	vrb
megyében	noun
tárgyalásra	noun,vrb
tudhatta	vrb
vigyenek	vrb
körülnézek	vrb
fiai	noun
beismerem	vrb
vérfarkas	noun
szellemeket	noun
álmaid	noun
elfelejti	vrb
megváltoztat	vrb
élvezze	vrb
értékelném	vrb
ismerned	vrb
szedi	vrb
jelenléte	noun
bántottam	vrb
függöny	noun
cselekedett	vrb
találkozok	vrb
hazugságok	adj
szezon	noun
értenie	vrb
hazugságot	adj
ragadozó	noun,vrb
ex	sentint,noun
rendelkező	noun,vrb
akinél	noun_pron
ennivalót	noun
költözik	vrb
üzeneted	noun
imádott	vrb
kikötő	noun,vrb
fejedre	noun
filmre	noun
utak	noun
mieink	noun_pron
húzzátok	vrb
robbanást	vrb
tanulás	noun,vrb
kiderítjük	vrb
beszélget	vrb
látszanak	vrb
britek	adj,noun
költői	noun,vrb
változtatott	vrb
kamion	noun
fokos	noun
rohanj	vrb
cigi	noun
bilincset	noun
bejelenteni	vrb
fedélzetén	noun
eltemetve	vrb
udvariatlan	adj
ugyanazzal	noun_pron
véred	noun
tartós	adj,noun,vrb
karakter	noun
szolgája	noun
üresen	adj
90-es	adj_num
lépjenek	vrb
szerelmét	noun
lakozik	vrb,noun
emléke	noun
ölnöm	vrb
utazunk	vrb,noun
autóból	noun
merem	vrb
elfáradtam	vrb
világvége	noun
ütöttem	vrb
fáradj	vrb
pontban	noun
léphet	vrb
kezemmel	noun
detektív	noun
növények	noun
elfogni	vrb
naplót	noun
tűzzel	noun
kólát	noun
épül	vrb,adj
kilép	vrb
kérdezik	vrb
demokrácia	noun
csoportban	noun
sűrűn	adj
hagyhatsz	vrb
talállak	vrb
válunk	vrb
partnere	noun
rém	noun
beszéltük	vrb
utazási	noun,vrb
visszavonulás	noun,vrb
öli	vrb,noun
vonja	vrb
tábornokot	noun
lófaszt	noun
rideg	adj
tehetett	vrb
ürge	noun
hever	vrb
nyolckor	adj_num
fújd	vrb
feleslegesen	adj,noun
kijáratot	noun
pihenés	vrb
érzéseimet	vrb,noun
amiken	noun_pron
írjak	vrb
öv	noun
fizetned	vrb
engedned	vrb
minimális	adj
békésen	adj,noun
születése	vrb
mindazok	noun_pron
ráérek	vrb
összetett	adj,vrb
édesapám	noun
rongy	noun,adj
képviseli	vrb
vezetők	noun,adj,vrb
drágaságom	adj
láttatok	vrb
táskáját	noun
roham	noun
bárt	noun
leégett	vrb
fizettél	vrb
engedted	vrb
lövések	vrb,noun
liga	noun
volnánk	vrb
szüleimnek	noun
látogatni	vrb
megbánni	vrb
bizonyítékom	noun
játsszuk	vrb
bevallani	vrb
betegeket	adj,noun
életével	noun
ágyában	noun
kijutunk	vrb
felismerte	vrb
kérdezzen	vrb
okosan	adj
figyelmeztetett	vrb,noun
lehangoló	vrb
vegetáriánus	noun
mondtátok	vrb
némelyik	noun_pron
ábra	noun
megtudjam	vrb
gyerekkorom	noun
unokatestvére	noun
kóbor	adj
hibáztatlak	vrb,noun
imádod	vrb
próbálták	vrb
pénzüket	noun
röntgen	noun
light	noun
annyival	adj_num_wh
foglalkozzon	vrb
halandó	noun,vrb
órákon	noun
gazemberek	noun
bizalmat	noun
visszatérsz	vrb
hozzáférést	noun,vrb
9-kor	adj_num
felettem	noun_pron,vrb
támogató	noun,vrb
küldjék	vrb
totális	adj
süteményt	noun
gazda	noun
érzéseket	vrb,noun
raktárba	noun
meghalnia	vrb
sikerülhet	vrb
összejön	vrb
egészből	adj
vesztek	vrb
megnézném	vrb
azonkívül	adv
semleges	adj
milliomos	noun
üzletnek	noun
bon	noun
elkövetni	vrb
legveszélyesebb	adj,noun
szemtanúja	noun
igazságügyi	noun
emlékeim	noun
összeházasodtunk	vrb,noun
vártalak	vrb
pontokat	noun
másikban	noun_pron,noun
elmondd	vrb
lövedék	noun
kötelessége	adj,noun
pénzünket	noun
néztük	vrb
esélytelen	adj,noun
utaztam	vrb,noun
merült	vrb
valakihez	noun_pron
percem	noun
hatás	noun,vrb
erősebbek	adj,noun
szívedben	noun
légierő	noun
10-es	adj_num
figyelmemet	noun
kényszerítette	vrb
elengedem	vrb
fenyegeti	vrb
baromságot	noun
gyilkosságról	adj,noun
anyukádnak	noun
beléptem	vrb
garancia	noun
valóságot	noun,adj
nagybátyja	noun
szobalány	noun
elébe	noun_pron,post
gyerekük	noun
rongyot	noun,adj
mulatást	vrb
történetében	noun
elkötelezett	vrb,noun
életemmel	noun
énekelsz	vrb
fára	noun
megértő	vrb
alkalmam	noun
leesik	vrb
látnám	vrb
szemű	noun
hatalmát	noun
folytathatjuk	vrb
röhejes	adj,noun
sorra	noun
közölte	vrb
ellenséggel	noun
irtó	noun,vrb
odamenni	vrb
ténylegesen	adj
venne	vrb
világom	noun
birodalmi	adj,noun
vállalok	vrb
kétségbeesetten	adj,vrb
nyakad	noun
élvezte	vrb
utálta	vrb
házasságunk	noun,adj
kezdettől	noun,vrb
indulnak	vrb
ügynökkel	noun
esnek	vrb
pihennie	vrb
felhajtás	noun,vrb
kávézó	vrb,noun
kívánsága	noun
ültél	vrb
belement	vrb
számítottál	vrb
tumor	noun
pénzük	noun
kérték	vrb
házunkban	noun
szerelemre	noun
eltűnök	vrb
körében	noun
odajött	vrb
apámtól	noun
válna	vrb
dobják	vrb
lóvét	noun
okoztál	vrb
nyelve	noun,vrb
menti	adj,vrb
őrültséget	adj
készítünk	vrb
karrier	noun
házak	noun
igazak	noun,adj
ruhámat	noun
napokat	noun
hangulatot	noun
ujjat	noun
elfutott	adj,vrb
jogait	noun
cselekszik	vrb
készíts	vrb
pókember	noun
fogadhatom	vrb
szavazat	noun
bántson	vrb
bérelte	vrb
barátnőmmel	noun
mérföldnyire	noun
menekülsz	vrb
apáca	noun
kölyköket	noun
ringyó	noun
vehetek	vrb
használhatjuk	vrb
átmegy	vrb
kezdenem	vrb
beugrom	vrb
látnunk	vrb
visszaadni	vrb
részletesen	adj,noun
lépnek	vrb,noun
táncolunk	vrb
remélve	vrb
eshet	vrb
megpróbáltak	vrb
biztosítás	vrb
vállalta	vrb
rutin	noun
csókold	vrb
rajongói	noun,vrb
vártok	adj,vrb
őröket	noun
támogatás	noun,vrb
adnám	vrb
hívjalak	vrb
építész	noun
ajjaj	sentint
jelentéseket	vrb
képtelenek	adj,noun
fotós	noun
fizika	noun
hiteles	adj,noun
mondat	noun,vrb
fordulat	noun
nyugtató	vrb
elhatároztam	vrb,noun
számítógépet	noun
magamért	noun_ref_SG_1
aggódnék	vrb
rohannom	vrb
imádkozzunk	vrb
egzotikus	adj
mondatot	noun
megúszta	vrb
húzzál	vrb
élelmet	noun
bármibe	noun_pron
optimista	adj
szintje	noun
kedvesebb	adj,noun
titkosított	vrb,noun
radioaktív	adj
tönkretettem	vrb
lábán	noun
tisztázzunk	vrb
gyárban	noun
ajánlotta	vrb
palotába	noun
őszintének	adj
kivételt	noun
csontot	noun
recept	noun
palacsinta	noun
klinika	noun
kong	vrb
mérete	noun
kedvesen	adj,noun
kapzsi	adj
értesítem	vrb
fussatok	vrb
határidő	noun
követed	noun,vrb
figyelemmel	noun
tettest	noun
fejezte	vrb,noun
vonatkozó	adj,vrb
meghívtak	vrb
csokoládé	noun
hidegen	adj
banki	noun
megnéztük	vrb
dől	vrb
belőlünk	noun_pron
buliban	noun
győzelemre	noun
övet	noun
lejár	vrb
gondolkodtál	vrb
dolgozzunk	vrb,noun
dolgai	noun
feltételezni	vrb,noun
halotti	adj,noun
ostobák	adj
neveztek	vrb,noun
tervét	noun
fejüket	noun
kétségtelen	adj,noun
mögül	post
átvenni	vrb
viselsz	vrb
éjszakánként	noun,adv
kitartó	adj,vrb
felhívtad	vrb
sapka	noun
ilyenre	adj_wh
keljen	vrb
töltés	noun,vrb
lábait	noun
utcáról	noun
állapotát	noun
megbocsásson	vrb
égre	noun
reggelente	adv
klubot	noun
szuperhős	noun
maguknál	noun_ref_PL_3
álmodik	vrb
hírhedt	adj
cipőjét	noun
terápiára	noun
bőröd	noun
eszét	noun
átmenetileg	noun
elutasítom	vrb,noun
résen	noun,noun_prs
koktélt	noun
törvénye	noun
vádolnak	vrb
érdekesebb	adj,noun
napokon	noun
időről	noun
vers	noun
ugyanarra	adv
cuccok	noun
végezz	vrb,noun
korlátozott	adj,vrb,noun
jelmez	noun
taxival	noun
stúdióban	noun
ismételd	vrb
ígéretes	adj,noun
állja	vrb
tervezed	vrb,noun
balesete	noun
szállító	noun,vrb
visszatartani	vrb
játszottak	vrb,adj
beleszerettem	vrb
százezer	adj_num
nyakkendő	noun
gyerekre	noun
veszekedés	vrb
nyomoz	vrb,noun
tetőről	noun
vállaltam	vrb
kerítés	vrb
országunk	noun
ismertelek	vrb
arcába	noun
egyetemet	noun
láthat	vrb
kidobta	vrb
i.	noun,adj_num
keverni	vrb
férgek	noun
jelszót	noun
olyanra	adj_wh
valószínűtlen	adj
szexre	noun
színészek	noun
jelöltek	adj,noun,vrb
csónak	noun
ugyebár	con
meghalnék	vrb
jelzés	vrb,noun
ösztöndíjat	noun
csalódás	vrb
megcsókolni	vrb
hallban	noun
megtudná	vrb
koncentráljunk	vrb
ránézek	vrb
továbblépni	vrb
normálisnak	noun,adj
balul	adj
erkölcstelen	adj,noun
hazaviszem	vrb
tárgyra	noun
utad	noun
mennetek	vrb
ragaszkodsz	vrb
unokahúgom	noun
elkezdtük	vrb
seggedet	noun
magány	noun
hatását	noun,vrb
érzéseid	vrb,noun
összefutottam	vrb
célpontja	noun
szállítani	vrb
szórakozunk	vrb
közte	noun_pron
olcsón	adj
helyünk	noun
beszéljetek	vrb
beképzelt	adj,vrb
rettentő	adj,vrb
hősöm	noun
születésnapom	noun
karddal	noun
célból	noun
elmondták	vrb
zéró	noun
jókat	adj
misztikus	noun,adj
tekint	vrb
marta	vrb
robbanni	vrb
butus	adj
termék	noun
fickókat	noun
anyagok	noun
megesküdtem	vrb
poklot	noun
cityben	noun
kazettát	noun
csodák	noun
tűnjenek	vrb
galaxis	noun
visszavonom	vrb
innom	vrb
láthatta	vrb
dobjátok	vrb
politikusok	noun,adj
alkalmazni	vrb,noun
rokon	noun,adj
lezárt	noun,vrb
házakat	noun
tudjunk	vrb
unokaöccse	noun
támadások	vrb
ügyfelek	noun
hinnék	vrb
automatikusan	adj
átmenni	vrb
szülinapom	noun
tűröm	vrb
szimpla	adj
nyomom	noun,vrb
mesélek	vrb
porrá	noun
lelőttek	vrb
kekszet	noun
golyóálló	adj
karrierje	noun
abbahagyta	vrb
anyai	adj,noun
megütni	vrb
milliárdos	noun,adj,adj_num
fényben	noun
játsszon	vrb
beavatkozás	noun,vrb
sétálunk	vrb
zuhanyozni	vrb,noun
használhatod	vrb
világossá	adj,noun
szaladj	vrb
teljesítmény	noun
antik	adj
fázis	noun
rabolta	vrb
játszotta	vrb
hitelkártya	noun
mindenhez	noun
ketyeg	vrb
barátaimnak	noun
rabolták	vrb
aludnod	vrb
nyugodni	vrb
mosdót	noun,vrb
érthetően	adj,vrb
közepes	adj,noun
törtem	vrb
találkozzak	vrb
eredményei	noun
fényében	noun
versenyben	noun
érzelgős	adj,vrb
konyhát	noun
képben	noun
utalt	vrb
butáskodj	vrb
leszállni	vrb
modellt	noun
mókus	noun
kastélyban	noun
gondolkozol	vrb
bálna	noun
oldalunkon	noun
gyönyörűen	adj,noun
klinikán	noun
meggondolatlan	adj,vrb
termet	noun
állomást	noun
kérdésed	noun,vrb
bagoly	noun
utalnak	vrb
mulatságos	adj,noun
hátamon	noun
illene	vrb
bunyó	noun
hadseregben	noun
mintákat	noun
éreznéd	vrb
szálljanak	vrb
múzeumban	noun
megtennem	vrb
biztosítja	vrb
eltalálta	vrb
eltérő	vrb
kukorica	noun
lepni	vrb
aláírni	vrb
pszichológus	noun
hazamész	vrb
előlünk	noun_pron
véded	vrb
csapni	vrb
sincsenek	vrb
megjegyzés	noun,vrb
takaró	noun,vrb
holdat	noun
tartóztatni	vrb,noun
károkat	noun
felkelt	vrb
turista	noun,adj
hamisítvány	noun
emlékezett	vrb,noun
randid	noun
cselekedtél	vrb
boncolás	vrb
csapatokat	noun
üldözni	vrb
rangidős	adj
érdekeset	adj,noun
anyjuk	noun
iraki	noun_prs
istenemre	noun
mutatod	vrb
legtöbbjük	adj_num
tartalak	vrb
odamegyünk	vrb
kegyelmet	noun
véletlenszerű	adj,vrb
segítségünkre	noun
kagylót	noun
őszinteség	adj
ablakok	noun
exkluzív	adj
igazolja	vrb
könyörögtem	vrb
lelép	vrb
kabátod	noun
ide-oda	adv
kiakadt	vrb
elszánt	adj,vrb
mindenfélét	adj,noun
projektet	noun
anyukáddal	noun
barátnak	noun,adj
gépem	noun
stratégiai	noun
strici	noun
tökéletesek	adj
kortyot	noun
színházban	noun
idefent	vrb
legyőzte	vrb
választanom	vrb
személyzeti	noun
nemigen	adv
meglátogatta	vrb
szavazok	vrb,noun
érne	vrb
munkának	noun
menekülés	vrb
fényeket	noun
öregebb	adj
kölyöknek	noun
segíthetnél	vrb
felelek	vrb
team	noun
alkalmatlan	adj
fenének	noun
helyezték	vrb,noun
rejtette	vrb
emberölés	noun
kongresszusi	noun
megszakad	vrb
repülj	vrb
csaknem	adv
lángra	noun
szólítson	vrb
írnia	vrb
áldozattal	noun
társaságában	noun
megbízik	vrb
dolgozzak	vrb,noun
kocsik	noun
kiabál	vrb
teremteni	vrb
idejössz	vrb
dologhoz	noun
kanos	noun
pihenésre	vrb
birtok	noun
csapatunk	noun,vrb
papírmunkát	noun
kétszáz	adj_num
törölközőt	vrb
könyvelő	vrb
pofon	noun
rettentően	adj,vrb
örömömre	noun
ilyennel	adj_wh
térképen	noun
oldaladon	noun
gondoskodjon	vrb
szegénykém	noun,adj
apámról	noun
abbahagytam	vrb
robbantani	vrb
üti	vrb
használj	vrb
tudnálak	vrb
gépeket	noun
élvezzük	vrb
elkésett	adj,vrb
dzsungel	noun
szoktad	vrb
egyezség	noun
emberiséget	noun,adj
tagok	noun
ágyamban	noun
nyomunk	noun,vrb
összeesett	vrb
támadta	vrb
központot	noun
bőrt	noun
munkájukat	noun
koordinátákat	noun
üzent	vrb
nyeri	vrb
szállok	vrb
hajtani	vrb
mentség	noun,vrb,adj
születtek	vrb
ujjad	noun
futár	noun
tudomásom	noun
mélyebb	adj
kesztyű	noun
osztályba	noun
baromira	adj
elfogadva	vrb
műhold	noun
kokaint	noun
időpontja	noun
lakásomban	noun,vrb
javaslat	noun
adatbázisban	noun
valamennyit	adj_num_wh
higgyek	vrb
mozognak	vrb
barbár	adj
melegebb	adj
g.	noun
életéről	noun
felmerült	vrb
esküdt	noun,adj
bújni	vrb
anyátok	noun
csukva	vrb
kapunál	noun
megőrjít	vrb
küldetésre	noun,vrb
látnád	vrb
őrzik	vrb
menekültek	noun,vrb
viselkedést	vrb
oldalamon	noun
visszataszító	noun,adj,vrb
másodperccel	noun
vonzónak	adj,vrb
óvadék	noun
mögötti	adj
nagyobbat	adj
bostoni	noun_prs
kiengedték	vrb
elfutni	vrb
generáció	noun
emelkedett	adj,vrb
járhat	vrb
tartózkodási	vrb
iszlám	noun,adj
kipróbáltam	vrb
történetem	noun
égni	vrb
általa	noun_pron
dicső	adj
banditák	noun
elkövetkező	vrb
szakítás	vrb
elütötte	vrb
főztem	vrb
mesél	vrb
költöztünk	vrb
szerelembe	noun
ajtaját	noun
belépés	noun,vrb
lefekszik	vrb
láttok	vrb
reméli	vrb
megérkeztem	vrb
szemüveget	noun
néger	noun
végezze	vrb,noun
támadott	vrb
jöhetett	vrb
betege	noun,adj
jövőnk	noun,vrb,adj
kilences	noun,adj
szívtelen	adj,noun
elhiheted	vrb
agyat	noun
magatok	noun_ref_PL_2
szentlélek	noun
zöldfülű	adj
temetésen	vrb
onnantól	adv
bemehetek	vrb
utasítás	vrb,noun
visszautasította	vrb,noun
egyiküket	noun_pron
lánc	noun
lábat	noun
hálószobában	noun
raja	noun
testben	noun
ágyam	noun
kinyírni	vrb
elkéstünk	vrb
kirúgnak	vrb
kénytelenek	adj,noun
értékeljük	vrb
indultunk	vrb
békére	noun
akadémián	noun
mondanivalóm	noun
feltűnik	vrb
felejtette	vrb
megmagyarázom	vrb
meghívni	vrb
megmentsük	vrb
fedezni	vrb
rendszere	noun
végrehajtani	vrb
foglaltam	vrb
mérgezett	vrb,noun
környezetben	noun
hitelt	noun
készítették	vrb
élhetek	vrb
ugyanazokat	noun_pron
elváltak	vrb
éreznek	vrb
közelít	vrb
vaj	noun
udvar	noun
megírni	vrb
szerves	adj,noun
írnod	vrb
hibánk	noun
véd	vrb
baszni	vrb
eséllyel	noun
szarvas	noun
elhagytad	vrb
elviszel	vrb
lefekszel	vrb
befektetési	vrb,noun
tipp	noun
csőbe	noun
nélkülük	noun_pron
képem	noun
mindkettőjüket	adj_num
homokos	adj,noun
elsőt	adj_num,adj
zsákot	noun
gyertya	noun
élethez	noun
feltételeztem	vrb,noun
olvasod	vrb
húgát	noun
amelyiket	noun_pron
színjáték	noun
városában	noun
egyetek	vrb,adj_num
elfogadjuk	vrb
kísértet	noun,vrb
láthassam	vrb
lógok	vrb
fenyegető	vrb
bejelentette	vrb
átgondoltam	vrb
irányítását	vrb
pillangó	noun
megismerhetlek	vrb
reptér	noun
káprázatos	noun
elmondanod	vrb
győztem	vrb
áldozatunk	noun
ragadtunk	vrb
pénzhez	noun
érzései	vrb,noun
szemünk	noun
fákat	noun
emlékeit	noun
idiótának	adj
próbálnom	vrb
pénzes	adj,noun
vigyázzak	vrb
rosszban	adj
lakására	noun,vrb
öcsémet	noun
helyiek	adj,noun
hinnem	vrb
kémek	noun
elnézését	noun,vrb
negyedben	adj_num,noun
p.	noun
megszűnik	vrb
befognád	vrb
meglátogatott	vrb
szenvedek	vrb
védtelen	adj
ennem	vrb
elege	adv,noun
veheted	vrb
donor	noun
aranyosak	adj
fivérem	noun
iratokat	noun
vesztegetni	vrb
cuccom	noun
csajos	noun
tartva	vrb
kihalt	adj,vrb
faszkalap	noun
nőttél	vrb
felveszed	vrb
meghoztam	vrb
nyugtatót	vrb
sorrendben	noun
napközben	noun
smink	noun
ellenőrzi	vrb
sofőrt	noun
bandája	noun
nagyanyám	noun
előfordult	vrb
hajts	vrb
ideérnek	vrb
elfogy	vrb
marion	noun
nyakkendőt	noun
kimondtam	vrb
elveszed	vrb
lemondtam	vrb
robban	vrb
hívását	vrb
éget	vrb
hatkor	adj_num
koronát	noun
képességei	noun,adj
repülési	vrb
rohama	noun
játéka	noun
engedtek	vrb
tagot	noun
kutyának	noun
háló	noun,vrb
tanárom	noun
megünnepeljük	vrb
fizessen	vrb
biztonságát	noun
energiával	noun
pletykát	noun
megtegye	vrb
megmutatod	vrb
mérni	vrb
egybe	prv,adj_num
sírás	vrb
cégem	noun
irányítják	vrb
autóbalesetben	noun
leszállt	adj,vrb
tízes	adj
unatkozom	vrb
faszi	noun
kényelmesebb	adj,noun
megdöbbentő	adj,vrb
szempontjából	noun
átlag	noun
mogyoró	noun
lövéseket	vrb,noun
pardon	noun
felfordulás	noun,vrb
hatott	vrb
dologba	noun
kényszerít	vrb
szeretitek	vrb
oldja	vrb
gondoljak	vrb
megeszi	vrb
délen	noun
külügyminiszter	noun
megjegyzem	vrb
futball	noun
égési	vrb
készpénzt	noun
találnia	vrb
idejöttél	vrb
kelni	vrb
pontra	noun
játszok	vrb
becsapni	vrb
megtörni	vrb
engedlek	vrb
estéje	noun,adv
panaszkodott	vrb
élelem	noun
csapatból	noun
tiltja	vrb
mocskot	noun
anyukádat	noun
dobjuk	noun,vrb
kiszállt	vrb
laktam	vrb
telefonálnom	vrb
láng	noun
bombák	noun
akikről	noun_pron
találjak	vrb
jogában	noun
érkező	noun,vrb
elért	vrb
túszokat	noun
pozícióban	noun
sietni	vrb
levágom	vrb
hallunk	vrb,noun
ülést	noun,vrb
akadályozni	vrb,noun
szövetséget	noun
mindaz	noun_pron
francért	noun
érzelmeket	noun
erdőt	noun
kövessük	vrb
erődet	noun
háromig	adj_num
hálaadást	noun
bántódása	vrb
fogadj	vrb
bocsássa	vrb
szülni	vrb
veszteni	vrb
gesztus	noun
elviszed	vrb
felvettek	vrb,adj
mástól	adj,noun
tűnődöm	vrb
bírónak	noun,vrb
vendégeink	noun,adj
utálják	vrb
szarral	noun,adj
eltévedtem	vrb,adj
látszat	noun
egyetértesz	vrb
belüli	adj
disznót	noun
kezeid	noun
fenntartani	vrb
lábak	noun
motelben	noun
kocsimban	noun
estél	vrb
részeges	adj
lányuk	noun
mivé	noun_pron,noun
beállítani	vrb
hétkor	noun,adj_num
szakítottál	vrb
kilencedik	adj_num
szerettünk	noun,vrb
boldogulok	vrb
magukhoz	noun_ref_PL_3
ősszel	noun,adj
elhozni	vrb
hűtő	noun,vrb
sakk	noun
találkozón	noun,vrb
szedted	vrb
visszakapja	vrb
mutatsz	vrb
titkosszolgálat	noun
látogató	noun,vrb
ellenségem	noun
képességeit	noun,adj
főnökkel	noun
vízi	adj,noun
biztosít	vrb
látogatást	vrb
szentséges	adj
nője	vrb,noun
védte	vrb
szerelmünk	noun
senkitől	noun_pron
nemrégiben	adv
gin	noun
kosárlabda	noun
sérüléseket	noun,vrb
felébreszteni	vrb
mondjunk	vrb
emlékei	noun
kezelte	vrb
töltjük	vrb
terveznek	vrb,noun
háznak	noun
imát	noun
káros	adj,noun
mestert	noun
hallottatok	vrb
ejtették	vrb
halálod	noun
tan	noun
veszélyesebb	adj,noun
30-as	adj_num
pokolból	noun
berendezés	noun,vrb
cipőd	noun
tanácsokat	noun
vigyetek	vrb
prostituált	vrb
hajjal	sentint,noun
szállodába	noun
cseng	vrb
felkeltem	vrb
foglalja	vrb
meghívlak	vrb
ideiglenesen	adj
cukorka	noun
megteszik	vrb
személynek	noun
kezelik	vrb
választanod	vrb
minőségű	noun
mielőbb	adv
későbbre	adv,adj,vrb
szitu	noun
jelentkezni	vrb
médium	noun
fussunk	vrb
leülök	vrb
kidobtam	vrb
szívébe	noun
oktatási	noun,vrb
maradékot	noun
kabátom	noun
szült	vrb
okozok	vrb
csapást	noun,vrb
megjöttél	vrb
bűncselekményt	noun
zajlott	vrb
számítunk	vrb
viszony	noun
épületből	noun
tengerészgyalogos	noun
11-kor	adj_num
mindhárom	adj_num
lop	vrb
viseld	vrb
megcsókolt	vrb
hazaér	vrb
házasságom	noun,adj
festek	vrb
bejáratnál	vrb,noun
információval	noun
intézze	vrb
üzenem	vrb
sarki	adj,noun
elérkezett	vrb
elkezdenek	vrb
terveid	noun
hármasban	noun,adj
elvárom	vrb
hivatásos	adj,noun
lepedő	noun
képviselője	noun,vrb
magadért	noun_ref_SG_2
postás	noun
vélik	vrb
bocsásd	vrb
szomszédos	adj,noun
hatalommal	noun
megfizetsz	vrb
magányosan	adj,noun
kárba	noun
kirándulás	vrb
túlzott	adj,vrb
ellenőrizte	vrb
kerüld	vrb
megtettünk	vrb
közünk	noun
öregnek	adj
vigyáznod	vrb
riasztót	noun,vrb
drogokat	noun
csörög	vrb
elindultunk	vrb
megerőszakolta	vrb
nagyobbak	adj
vacsoránál	noun
belvárosi	noun
furcsát	adj
idegenekkel	adj,noun
vágyam	noun
elárul	vrb
odamentem	vrb
kiugrott	vrb,adj
feküdtél	vrb
cégek	noun
eggyé	adj_num
élőlény	noun
segítségem	noun
menyasszonyom	noun
jelentik	vrb
felkészültem	vrb
felsőbb	adj
vizsgálatok	noun
dzsungelben	noun
kartell	noun
levágta	vrb
teherautót	noun
rakéták	noun
lapokat	noun
orvossal	noun
apukája	noun
kezére	noun
fülest	noun
vessen	vrb
hétvégi	adj_num,noun
ablakokat	noun
aludnom	vrb
alkotott	vrb
felelősségem	noun
hevesen	adj,noun
fantom	noun
vezettek	vrb
dumát	noun
napnak	noun
levegőre	noun
próbálkozol	vrb
legmélyebb	adj
labort	noun
épít	vrb
papot	noun
megállapítani	vrb
rajtatok	noun_pron
kerget	vrb
feltörni	vrb
pofádat	noun
bogarak	noun
kisbabát	noun
arcon	noun
találkoztok	vrb
hullik	vrb
mondogatta	vrb
szorítsd	vrb
parancsnokság	noun
utaznak	vrb,noun
fiaim	noun
maci	noun
dió	noun
elméje	noun
megnéznéd	vrb
viszünk	vrb
beszélgetnek	vrb
másokra	adj,noun
bánnám	vrb
repülőre	noun,vrb
gravitáció	noun
dolgozók	noun,vrb
érdekeit	noun
benzint	noun
felvesszük	vrb
földje	noun
rabok	noun
pletykákat	noun
ébredt	vrb
nyitja	noun,vrb
megerőszakolták	vrb
miatti	adj
egészhez	adj
bűntett	noun
javasol	vrb
hordasz	vrb
biztonságot	noun
szivárvány	noun
válthatnánk	vrb
romba	noun
titkod	noun
sárkányt	noun
távú	noun
visszahozom	vrb
elvégeztem	vrb,noun
létezni	vrb,noun
vendége	noun,adj
leírás	noun,vrb
sterling	noun
kapcsolatai	noun
igazságra	noun,adj
csapj	vrb
érdeklődött	vrb
partnerek	noun
helyt	prv,adv,noun
megtalállak	vrb
instabil	adj
éld	vrb
tanítok	vrb
kabátját	noun
beszállás	vrb
kémia	noun
törődni	vrb
irányítása	vrb
60-as	adj_num
végezd	vrb,noun
keletkezett	vrb
üljek	vrb
feketét	adj
eltűnését	noun,vrb
igazgatót	noun,vrb
szüleinek	noun
küzdök	vrb
kocsma	noun
felszín	noun
kirúgni	vrb
örököse	noun,adj
hasonlítanak	vrb
lépned	vrb
jelez	vrb,noun
sáros	adj
rájövünk	vrb
utakat	noun
csirkefogó	noun,vrb
kímélj	vrb
polgár	noun
eszi	vrb
derítenünk	vrb
szándéka	noun
hajóm	noun
gyakoroltam	vrb
kerékvágásba	noun
tisztek	noun
részre	noun
hazajössz	vrb
háromkor	adj_num
vérzel	vrb
ellenszert	noun
harcoltak	vrb
bevette	vrb
próbáltak	vrb
elkaptad	vrb
bátyját	noun
kiborult	vrb
bőröm	noun
rendelkezésére	noun,vrb
anyagokat	noun
tárgyakat	noun
nicki	noun_prs
nőtől	noun
üdítő	noun,vrb
elképzelése	noun,vrb
hozhat	vrb
ülő	vrb
bot	noun
szálakat	noun
ostobaságot	adj
csajod	noun
nyomasztó	noun,vrb
mondanivalója	noun
hűséget	adj
megijesztett	vrb
éveket	noun
gyorsak	adj
50-es	adj_num
ezekért	noun_pron
foglyok	noun
hordó	noun,vrb
tartottad	vrb
értékeli	vrb
keresték	vrb
névvel	noun
felismered	vrb
elképzelés	noun,vrb
keressenek	vrb
ellentétes	adj,noun
világegyetem	noun
menyasszonyt	noun
vehetem	vrb
nyomára	noun
viselkedtél	vrb
mellkasi	adj,noun
hozzászoktam	vrb
mészárlás	vrb,noun
mobilod	noun,adj
lelkemet	noun
kegyes	adj,noun
viheted	vrb
sebeket	noun
határok	noun
szememet	noun
washingtoni	noun_prs
elkezdték	vrb
összerakni	vrb
feltehetően	vrb,adj
azonosító	vrb
generátor	noun
csinálhatsz	vrb
hordok	vrb
jópofa	noun
németül	noun,adj
fantázia	noun
méhek	noun
fokkal	noun
visszaviszem	vrb
szárny	noun
készítsen	vrb
20-as	adj_num
elhagyták	vrb
harcoltunk	vrb
telefonszámát	noun
vizsgáljuk	vrb
savanyú	adj
gomba	noun
másban	adj,noun
kezdjék	vrb
métert	noun
kapnunk	vrb
cuccod	noun
megteheted	vrb
azé	noun_pron
kisember	noun
okosnak	adj,noun
választasz	vrb
papírmunka	noun
feltételezés	vrb,noun
hangon	noun
csinálnám	vrb
összefutottunk	vrb
faszszopó	noun,vrb
ellent	prv
hej	sentint
fuvar	noun
kalapács	noun
következményekkel	noun
szevasztok	sentint
egyeztünk	vrb
kenni	vrb
biztosíték	noun
példányt	noun
találkozhatnánk	vrb
igaz-e	adj,adv
rendszám	noun
autópályán	noun
fogadunk	vrb
visszavonult	adj,vrb
remeg	vrb
karriered	noun
duplán	adj,An_MODE_adv
pop	noun
heroint	noun
kutat	vrb,noun
válaszd	vrb
nyertek	vrb
meghallgatást	noun,vrb
bevenni	vrb
emlékeztetsz	vrb,noun
érzelem	noun
elküldeni	vrb
rendelek	vrb
szemekkel	noun
bejöttem	vrb
kutyával	noun
használjátok	vrb
arcomba	noun
fiatalúr	noun
fejével	noun
ausztrál	noun
meggyilkolt	vrb
cuccait	noun
enyhén	adj,noun
kettőnknek	adj_num
munkahelyen	noun
meri	vrb
fogadjuk	vrb
évszázadok	noun
ételeket	noun
levélben	noun
kedvelt	adj,vrb
ujjlenyomatok	noun
megálló	noun,vrb
válasza	noun
mademoiselle	noun
rómaiak	adj,noun_prs
megmondjam	vrb
hallgassátok	vrb
foglalni	vrb
nyíl	noun
akták	noun
basszátok	vrb
törölték	vrb
megfogadtam	vrb
beindult	vrb
szabadíts	vrb
lőttél	vrb
csinálhatod	vrb
kozmikus	adj
válaszok	noun
megélni	vrb
ügyeletes	noun
temetkezési	vrb
kedvelni	vrb
iskolás	noun
töltény	noun
felnevelni	vrb
szokványos	adj,noun
titkunk	noun
hasonlított	vrb
állítanom	vrb
balek	noun
fogam	noun
szereztünk	vrb,noun
fickóra	noun
illatod	noun
kérésem	vrb
tűzoltók	noun
filmes	noun
fájdalmát	noun
tengerparti	adj,noun
bűntudatom	noun
játékból	noun
eszközöket	noun
közelgő	vrb,adj
híresség	adj,noun
lakásába	noun,vrb
irányítom	vrb
lakó	noun,vrb
várakozás	vrb
változó	noun,vrb
használnom	vrb
feljelentést	noun,vrb
napjainkban	noun
alakja	noun
pazar	adj
rosszfiúk	noun
sípszó	noun
fizesd	vrb
illegálisan	adj
meghívót	vrb
felőled	noun_pron
lefoglalt	adj,vrb
sejt	noun,vrb
bízunk	vrb
megtalált	vrb
csomagtartóban	noun
megtenned	vrb
kihasználni	vrb
kaliberű	noun
kígyók	noun
könyvtárba	noun
látnok	noun
gyávák	adj
neveztem	vrb,noun
lappal	noun,adj
lányodat	noun
kapcsolatuk	noun
felszínen	noun
földjén	noun
lehetőleg	adv
legfiatalabb	adj
akadva	vrb
szállítmányt	noun
ágyra	noun
zavarlak	vrb
zárjátok	vrb
rejtegetsz	vrb
méh	noun
kérnie	vrb
dobok	noun,vrb
forgatás	vrb
hasonlítunk	vrb
zongora	noun
leírtam	vrb
rabbi	noun
szóban	noun
hatóság	noun
injekciót	noun
kiskoromban	noun
családról	noun
okozol	vrb
enélkül	adv
cicus	noun
tartóztatták	vrb,noun
arcok	noun
központja	noun
randink	noun
q	noun
szerepelni	vrb
marina	noun
felvették	vrb
játszma	noun
okozhatta	vrb
azokért	noun_pron
formájában	noun
dátumot	noun
izgatottak	adj,vrb
autópálya	noun
szabadságon	noun,adj
csinálhatok	vrb
kereket	adj,noun
szósz	noun
idehallgass	vrb
telefonomat	noun
erősíteni	vrb,noun
elpusztítja	vrb
aggódtunk	vrb
bejutott	adj,vrb
szólít	vrb
neveztél	vrb,noun
nemsoká	adv
vádjával	noun
vonzza	vrb
megtalálnak	vrb
vendéget	adj,noun
barátnődet	noun
vacsi	noun
váltál	vrb
lelépünk	vrb
bab	noun
feljegyzés	noun,vrb
okozna	vrb
intézve	vrb
titkait	noun
kisöreg	noun,adj
együttműködni	vrb
csúcson	noun
megoldatlan	adj,vrb
beszorult	vrb
beismerte	vrb
cipőket	noun
civilizált	adj,vrb
posta	noun
ugorjon	vrb
falatot	noun
túlélem	vrb
hallgattál	vrb
földönkívüliek	noun
tekintetben	noun
különc	adj
ígérted	vrb
kezdhetnénk	vrb
jövet	noun
érettségi	noun,adj
hollywoodi	noun_prs
bukj	vrb
rendszerint	adv
döntsd	vrb
kocsidat	noun
tanultunk	vrb
szakadék	noun
csónakot	noun
úszik	vrb
aggódjanak	vrb
adódik	vrb
díler	noun
nyomorék	adj,noun
tieid	noun_pron
hófehérke	adj
repülünk	vrb
üstökös	noun
ágya	noun
vállal	vrb,noun
banán	noun
átjáró	noun,vrb
tévedtünk	vrb
csapott	adj,vrb
látogatók	noun,vrb
elkap	vrb
jelentkezünk	vrb
megsérteni	vrb
fagyott	vrb
felajánlottam	vrb
programban	noun
felséges	adj,noun
semminek	noun_pron,noun
legfrissebb	adj
megtudtuk	vrb
szemedben	noun
elbúcsúzni	vrb,noun
bezárta	noun,vrb
szekrénybe	noun
szakítottak	adj,vrb
bázist	noun
tizenhat	adj_num
lét	noun
medencében	noun
kérdeznék	vrb
megbeszélhetnénk	vrb
fejfájás	noun
fonalat	noun
odafenn	adv
lakásod	noun,vrb
szívünk	noun
kétséges	adj,noun
fenékig	noun
fagyos	adj,noun
autogramot	noun
megöljem	vrb
kiszáradt	adj,vrb
színek	noun
döntenek	vrb
készítettek	vrb
erdei	adj,noun
kinyitod	vrb
felnőttem	vrb,noun
tudást	noun,vrb
aláírt	vrb
helyszínről	noun
hőség	adj
meghallgatáson	noun,vrb
kapna	vrb
próféta	noun
gravitációs	noun
megcsalt	vrb
kedvelte	vrb
madarakat	noun
csessze	vrb
felhívjuk	vrb
anno	adv
bolygóra	noun
kilós	noun
dolgokhoz	noun
zónában	noun
partot	noun
gondoskodtam	vrb
kiabálsz	vrb
kísért	vrb
abbahagyom	vrb
k.	noun
repülnek	vrb
rabszolgák	noun
fusson	vrb
hajtja	vrb
temetést	vrb
hazamentem	vrb
szórakoznak	vrb
hasi	adj,noun
ismerősöm	noun,vrb
foglalkoztam	vrb
váltságdíjat	noun
csíkot	noun
kereslek	vrb
vasúti	noun
felelősnek	noun,vrb
metró	noun
végsőkig	adj
kezdődjön	vrb
hittek	vrb,adj
tudatom	noun,vrb
radikális	adj
bizonyít	vrb
elrejtette	vrb
akibe	noun_pron
hasonlítani	vrb
készítenek	vrb
gramm	noun
meghalna	vrb
megkaphatom	vrb
sarok	noun
másé	adj,noun
bandita	noun
utol	prv
tudván	vrb
halálból	noun
dán	noun,adj
védelmére	noun
boris	noun_prs
bánnád	vrb
nyúltam	vrb
baszott	vrb
szenátus	noun
7-kor	adj_num
egyenruhában	noun
követel	vrb
elvihetem	vrb
virtuális	adj
futnak	vrb
elmélete	noun
borítékot	noun
angyalom	noun
kapitánnyal	noun
érdeke	noun
dolgomat	noun
célzott	vrb
együttes	noun,adj
tényező	noun
férfira	noun
elméletem	noun
helyezett	vrb,noun
vizsgálatra	noun
hapsi	noun
maradva	vrb
legsötétebb	adj
dugja	vrb
hajamat	noun
hűtlen	adj
tanácsolom	vrb
meggondoltad	vrb
varrni	vrb
aláírja	vrb
építettek	adj,vrb
megsemmisíteni	vrb,noun_pron,noun
nézők	noun,vrb
házánál	noun
elkezdi	vrb
elkezdesz	vrb
tetű	noun
válási	vrb
ügyvéddel	noun
reklámot	noun
bálra	noun
rozsdás	adj,noun
meglátogattam	vrb
lakosság	noun
hívő	noun,vrb,adj
álmai	noun
barátunkat	noun,adj
azonosították	vrb
hőst	noun
érmét	noun
kansas	noun
kívánságod	noun
elhagyjuk	vrb
hamburger	noun
szívd	vrb
ébred	vrb
elmennem	vrb
tömeget	noun
másodlagos	adj
irodájából	noun
zsarukkal	noun
merészeld	vrb
mister	noun
beviszem	vrb
irigy	adj
fogadnod	vrb
pali	noun
családra	noun
hitem	noun
filmje	noun
elkezdtél	vrb
utakon	noun
hoznia	vrb
adatai	noun
kolbász	noun
tekerd	vrb
emberekhez	noun
bajotok	noun
növekvő	vrb,adj
ugyanabba	noun_pron
gyógyul	vrb
haló	vrb
haladni	vrb
életemre	noun
kések	vrb,noun
szabadnapot	noun
vadonatúj	adj
holttesteket	noun
szektorban	noun
hajtómű	noun
fényképezte	vrb,noun
radar	noun
befektetés	noun,vrb
ennyiben	adj_num_wh
völgyben	noun
vőlegényem	noun
bántsa	vrb
forrást	noun,vrb
8-as	adj_num
lopták	vrb
ízlett	vrb
megoldva	vrb
oltári	noun
megmondtad	vrb
túlélés	vrb
egymásban	noun,adj_num
lemondott	adj,vrb
csapatát	noun
szállnak	vrb
szálltak	vrb
felhasználható	vrb
titkom	noun
kretén	noun
fedezz	vrb
szüleidet	noun
orr	noun
ujja	noun
megbánod	vrb
6-kor	adj_num
szerkesztő	noun,vrb
beindul	vrb
lakói	noun,vrb
barátra	noun,adj
ellenségünk	noun
próbálkoztam	vrb
tekintet	noun,vrb
célpontok	noun
befejezetlen	adj,vrb,noun
műveletet	noun
közelembe	noun
korszak	noun
szigetről	noun
egyformán	adj,An_MODE_adv,adj_num
jogunk	noun
részleges	adj,noun
váltás	vrb
területe	noun
rendőrnek	noun
üldöznek	vrb
ütő	vrb
randizom	vrb,noun
forgatni	vrb
ujj	noun
s.	noun,con
testemet	noun
befogni	vrb
nővérkém	noun
hinnie	vrb
másikon	noun_pron,noun
táskámat	noun
temető	noun,vrb
őrzi	vrb
emeleti	adj,noun
ölöm	vrb
várhatok	vrb
utunk	noun
mindenbe	noun
végzés	vrb,noun
vágsz	vrb
kg	noun,abr
csekély	adj
jómagam	noun_ref_SG_1
borzalmasan	adj,noun
szeretkezni	vrb
szobrot	noun
hibátlan	adj,noun
számlák	noun
denevér	noun
stílusom	noun
tónál	noun
pl.	abr
sötétséget	adj
viszonylag	adv
álmodban	noun
veszítsd	vrb
választások	noun,vrb
mutáns	noun
dokumentum	noun
kifele	adv
elértük	vrb
társát	noun
megvédelek	vrb
lebeszélni	vrb
elveszíted	vrb
célod	noun
olimpiai	adj,noun_prs,noun
veszítettem	vrb
testőr	noun
csengő	noun,vrb
építési	vrb
beismerni	vrb
letartóztatási	vrb,noun
szül	vrb
hagyva	vrb
sírást	vrb
kulcsom	noun
nemhogy	adv
technikát	noun
mozduljanak	vrb
szabaddá	adj
értettük	vrb
ha-ha	UNK
fejlődés	noun,vrb
pattanj	vrb
vannak-e	vrb,adv
elindulunk	vrb
mondtunk	vrb
vagány	adj
titkárnő	noun
demokrata	noun
nyomozásban	vrb,noun
feledjék	vrb
szikra	noun
éljenek	vrb
templomi	noun
szerencsésnek	adj,noun
tengeralattjáró	noun
rosszabbak	adj
medál	noun
csinálhat	vrb
sietség	noun
aktuális	adj
játékra	noun
ellenszer	noun
nőkről	noun
nyaki	adj,noun
tükörben	noun
kemények	adj
fánk	noun
szólnátok	vrb
tudhatnád	vrb
kapcsoljuk	vrb
ügyfelünk	noun
fizetik	vrb
dehogyisnem	adv
elestem	vrb
építünk	vrb
csinálnánk	vrb
találkozója	noun,vrb
whiskey	noun
szabálya	noun
tetőt	noun
akadályozza	vrb,noun
megkérlek	vrb
zokni	noun
logika	noun
helyébe	noun
láthatlak	vrb
nyugalmat	noun
luca	noun
kómába	noun
tanulta	vrb
emlékeznék	vrb,noun
átmegyünk	vrb
megijedtél	vrb
parancsnokot	noun
kolléga	noun
felén	noun
vidék	noun
megtarthatod	vrb
gazdaság	noun
természete	noun
változtatja	vrb
megtettél	vrb
veszítesz	vrb
akarhat	vrb
elvesztettünk	vrb,adj
érezné	vrb
ketrecbe	noun
egyetemről	noun
módszere	noun
megnézné	vrb
nőni	vrb
véleményt	noun
engedélyét	noun
gyengeség	adj
lámpákat	noun
apokalipszis	noun
fűszeres	noun,adj
testeket	noun
megszerezted	vrb,noun
szenvednek	vrb
aprót	adj
múltba	noun,adj,vrb
fegyvertelen	adj,noun
műszakot	noun
többe	adj_num
thai	noun
embereivel	noun
engedélyezett	vrb,noun
árnyak	noun
memória	noun
másnál	adj,noun
botot	noun
adná	vrb
viszket	vrb
énekelek	vrb
elutasította	vrb,noun
hacker	noun
útlevél	noun
vallotta	vrb
pénisz	noun
selyem	noun
megtámadni	vrb
ujjlenyomata	noun
átnézem	vrb
bűvész	noun
merek	vrb
udvarban	noun
támogat	vrb
cipőmet	noun
beadni	vrb
rohanok	vrb
maguké	noun_ref_PL_3
hazudtak	vrb
alkalmazottak	noun,adj,vrb
végett	post
eltölteni	vrb
rosszindulatú	adj,noun
legyőzhetetlen	adj,vrb
igaziak	adj
kutyáját	noun
kiraboltak	vrb
tanító	vrb
figyelmeztetést	vrb,noun
kapcsolatokat	noun
javasoltam	vrb
kialakult	vrb
fogjam	vrb
professzort	noun
megharapott	vrb
sincsen	vrb
küldetésen	noun,vrb
megengedett	adj,vrb
nevelni	vrb
túszt	noun
másképpen	adj,noun
egyezés	vrb
közepe	noun
pusztítás	vrb
minőségi	adj,noun
fényképeket	noun
bekövetkezik	vrb
fordultak	vrb
tüdeje	noun
farmot	noun
hullaházban	noun
centis	noun,adj
nőkre	noun
tükröt	noun
fejlődött	vrb
tönkreteszed	vrb
szüleimmel	noun
futunk	vrb
adhatod	vrb
szertartást	noun
vacsorához	noun
szomorúnak	adj
munkahelyén	noun
vagyonát	noun
használjam	vrb
rázni	vrb
emlékszek	vrb
szektor	noun
olyanokkal	adj_wh
lehess	vrb
sajnálni	vrb
cukorral	noun
csavar	noun,vrb
eljutott	adj,vrb
megkérdezi	vrb
megerőszakolt	vrb
csalit	noun
főhadnagy	noun
bulinak	noun
befejeznéd	vrb,noun
meglépett	vrb
túszul	noun
hunyd	vrb
len	noun
fez	noun
felvetted	vrb
ugorjunk	vrb
érme	noun
segíthettem	vrb
heh	sentint
közepette	post,adv
holdon	noun
mindörökre	adv
védő	noun,vrb
hasra	noun
megengedem	vrb
órájában	noun
merészelsz	vrb
felismerni	vrb
álmodott	vrb
sherry	noun
gyilkosságra	adj,noun
vágynak	vrb,noun
befolyásolni	vrb
fájdalommal	noun
máj	noun
lemerült	adj,vrb
ismertük	vrb
hugi	noun
nevetnek	vrb
bejáratot	noun
éljük	vrb
gyakorlás	vrb,noun
l.	noun,adj_num
mentsük	vrb
3-kor	adj_num
vőlegénye	noun
mentálisan	adj
élettől	noun
tanácsát	noun
vezetékneve	noun
varázs	noun
hajtsd	vrb
édesség	adj
jövőből	noun,vrb,adj
feleségeddel	noun
reméltük	vrb
utolsót	adj
sebességet	adj,noun
megérdemlik	vrb
gól	noun
hippi	noun
letartóztatás	noun,vrb
vécére	noun
végy	vrb
ajánlottam	vrb
gőzt	noun
örökkévalóság	adj
ragad	vrb
jussunk	noun,vrb
bukik	vrb
birodalmat	noun
idefelé	adv
szeretők	noun,vrb
folyadékot	noun
hídra	noun
serege	noun
divatos	adj,noun
értékét	noun,vrb
lazítani	vrb
cukorfalat	noun
szemedbe	noun
fedezlek	vrb
hangzani	vrb
házassága	noun,adj
forma	noun
megbeszélésen	noun,vrb
megtartja	vrb
haladt	vrb
kedvező	adj,vrb,noun
türelmetlen	adj
hordom	vrb
kifogytunk	vrb
felébredek	vrb
feltétlen	adj
bocsika	sentint
gyémántok	noun
elveszted	vrb
besúgó	vrb
gyűjt	vrb
nyomozónak	vrb,noun
hihető	vrb,adj
párhuzamos	adj,noun
észrevétlenül	adj
körülvéve	vrb
hozzáférése	noun,vrb
nindzsa	noun
erőmet	noun
vizuális	adj
tekinteni	vrb
szabályzat	noun
átvesszük	vrb
elképzelhetetlen	adj,vrb
pulykát	noun
lemegyünk	vrb
szórakoztunk	vrb
ösztön	noun
hangodat	noun
izraeli	noun_prs
eladjuk	vrb
életen	noun
nyomjuk	vrb
házzal	noun
tűzre	noun
kukoricát	noun
összefutunk	vrb
kettőtök	adj_num
elülső	adj
eldöntötte	vrb
mulatság	noun
középiskolai	noun
felbérelt	vrb
állítva	vrb
egyetemista	noun
vigyáztam	vrb
felnőttként	noun,adj
elhagy	vrb
mágus	noun
kaphatnánk	vrb
komplikált	adj,vrb
jogok	noun
nyomod	noun,vrb
csajnak	noun
köteles	noun,adj
sivatagi	noun
ízű	noun
magasról	adj
párja	noun
embereinek	noun
sürgősségin	adj,vrb
elmenne	vrb
világról	noun
loptad	vrb
cselekedet	noun
kezünkben	noun
házamat	noun
holtteste	noun
dohányzás	vrb
kisbabám	noun
bőrét	noun
mindhárman	adj_num
megbetegedett	vrb
kíváncsiságból	adj
elfelejtettél	vrb
szervezni	vrb,noun
kezelem	vrb
másodperce	noun
bar	noun
legbiztonságosabb	adj,noun
ellenőriztük	vrb
kiderüljön	vrb
feláldozni	vrb
vezérigazgató	noun,vrb
hibáztasd	vrb,noun
semmije	noun_pron,noun
otthonát	noun
bátorsága	noun
nem-nem	UNK
javul	vrb
sajátos	adj
emberben	noun
odahaza	noun
tudjanak	vrb
életéből	noun
ketrecben	noun
irányból	noun
biztosnak	noun,adj
üdvözölni	vrb
gyanúsítottunk	noun,vrb
elmennénk	vrb
koktél	noun
fogai	noun
felelősséggel	noun
kábel	noun
megtesznek	vrb
tudhatnám	vrb
hadnagyot	noun
ellenőrzést	vrb,noun
döntened	vrb
medált	noun
frász	noun
legyet	noun
érv	noun
reagálni	vrb
kedvelik	vrb
uralkodik	vrb
csatlakoztam	vrb
mije	noun_pron,noun
átnézte	vrb
olvass	vrb
letenni	vrb
változatosság	adj,noun
bemutatót	noun,vrb
senkim	noun_pron
w	noun
majmot	noun
elhagytuk	vrb
visszatértünk	vrb,adj
polgárok	noun
autóbaleset	noun
füstöt	noun
alapító	vrb
beugrok	vrb
karján	noun
néztünk	vrb
fejre	noun
elméd	noun
lelkiismeret	noun
korcs	adj
megölne	vrb
rúpia	noun
előnyös	adj,noun
enyémmel	noun_pron
úszó	vrb
kiben	noun_pron
útvonalat	noun
érdeklődést	noun,vrb
harap	vrb
fogyatékos	adj,noun
bejövök	vrb
határán	noun
ajánlottak	adj,vrb
merénylet	noun
ügybe	noun
megpróbálhatom	vrb
nagyszerűek	adj
esetére	noun
puhány	noun
használata	noun
ideadnád	vrb
fiókban	noun
tesóm	noun
hatszor	adj_num
grófnő	noun
vasat	noun
újak	adj
szexeltünk	vrb
reményünk	noun
adtuk	vrb
aláírom	vrb
túra	noun
rózsát	noun
szolgálnak	vrb
csinálhatunk	vrb
bombákat	noun
fürdőbe	noun,vrb,adj
elszakadt	adj,vrb
feltételezzük	vrb,noun
ékszereket	noun
többség	noun
küldetésünk	noun,vrb
felejtetted	vrb
sejtek	vrb,noun
húzzák	vrb
hasam	noun
fejlődik	vrb
felteszek	vrb
száj	noun
csapatod	noun,vrb
átöltözni	vrb
rajzolni	vrb
leggazdagabb	adj
kezdődjék	vrb
szoktuk	vrb
ügyfelet	noun
hivatalban	noun
szomorúság	adj
megfogta	vrb
idegesek	adj,noun
hívjak	vrb
megtették	vrb
ezernyi	adj_num
bízta	vrb
sziklák	noun
balfasz	adj
könyved	noun
akármikor	adv,noun_pron
besétált	vrb
megmutattad	vrb
utazol	vrb,noun
valósággal	adv,noun,adj
tudatlan	adj,vrb
köszönhetjük	vrb
fájlt	noun
mágiát	noun
körülményeket	noun
szokatlant	adj,vrb
székben	noun
megbirkózni	vrb
medencébe	noun
népek	noun
komornyik	noun
póker	noun
rekord	noun
figyelte	vrb
elpusztul	vrb
esőt	noun,vrb
teszten	noun
részen	noun
állapotba	noun
kerülhetett	vrb
gondolhatod	vrb
veszítünk	vrb
ókori	adj,noun
védenem	vrb
utálnak	vrb
gondolnunk	vrb
szövet	noun,vrb
követünk	vrb,noun
fájl	noun
cinikus	adj
másikba	noun_pron,noun
emlékem	noun
távozzanak	vrb,noun
egyeznek	vrb
tehetne	vrb
készültünk	vrb
estéd	noun,adv
gyilkol	vrb
ilyesmiket	noun_pron
néző	noun,vrb
végignézni	vrb
puff	sentint,noun
elektromágneses	noun
takarodjon	vrb
elküldött	vrb
eljut	vrb
hajónak	noun
szájából	noun
oldjuk	vrb
megcsókoltam	vrb
költeni	vrb
koordináták	noun
gondolnám	vrb
megkapták	vrb
foglyokat	noun
pult	noun
mutasson	vrb
szolgáld	vrb
parancsom	noun
célozz	vrb,noun
megbízol	vrb
magukról	noun_ref_PL_3
biztonságosan	adj,noun
tósztot	noun
seggedbe	noun
pozíció	noun
mozgalom	noun
meséljek	vrb
menedék	noun
értheted	vrb
tagadni	vrb
túléltem	vrb
kiállítás	noun,vrb
mogorva	adj
bankok	noun
messzi	adj
küzdenek	vrb
férfinek	noun
elvtársak	noun
fejezi	vrb,noun
figyelünk	vrb
fázol	vrb
társat	noun
fülébe	noun
lövöldözni	vrb
tervnek	noun
odaértem	vrb
orvosom	noun
vállalatot	noun
csoportos	adj,noun
hírnevét	noun
útjára	noun
pestis	noun
kiléptem	vrb
barátnők	noun
férfiként	noun
pingvin	noun
viselnek	vrb
felhívod	vrb
lefekvés	noun,vrb
módszerrel	noun
igényt	noun
fronton	noun
tanácsom	noun
bizonyítsa	vrb
meghiszem	vrb
jelentesz	vrb
ápoló	vrb
ölnöd	vrb
üldözi	vrb
fáradtak	vrb,adj
jelenlétét	noun
küldetésem	noun,vrb
ügyed	noun
sorsod	noun
évem	noun
öntelt	adj
csapásra	vrb,noun
használtál	vrb
keresztet	noun
fejedből	noun
őrzött	adj,vrb
döntöm	vrb
karriert	noun
kutyád	noun
ajtóban	noun
feljegyzések	vrb,noun
érkeztél	vrb
pakisztáni	noun_prs
élhetsz	vrb
gondolatot	noun
tanácsadója	noun
haditengerészet	noun
tisztet	noun
előny	noun
hegyre	noun
zárták	vrb
jegyem	noun
papírra	noun
lángoló	vrb
értsem	vrb
legfelső	adj
készíti	vrb
lőve	vrb
bébiszitter	noun
hajóját	noun
front	noun
tenniük	vrb
vádolták	vrb
nyiss	vrb
bibliát	noun
emlékeztess	vrb,noun
túloldalon	noun
okostojás	noun
rendszeres	adj,noun
civilek	adj
próbáljátok	vrb
kettőkor	adj_num
kapjak	vrb
tényleges	adj
tekercs	noun
barátainak	noun
tévedtek	vrb
hazudjon	vrb
kételkedtem	vrb
kívánság	noun
legény	noun
eldobható	vrb
listáról	noun
eszemben	noun
megütöttem	vrb
komp	noun
cellába	noun
apádról	noun
szökés	vrb
kimész	vrb
megvárlak	vrb
örökkévalóságig	adj
készítsék	vrb
kitéve	vrb
rezidens	noun
beleegyezik	vrb
barack	noun
piaci	adj,noun
megmagyaráz	vrb
életetek	noun
kiemelt	adj,vrb
végeztetek	vrb,noun
uraság	noun
bátyámmal	noun
származom	vrb
végéhez	noun
sírtál	vrb
cipője	noun
újjá	prv,adj
zűr	noun
lovagok	noun
colt	noun
tudtalak	vrb
külföldre	noun
hazáig	noun
hazudozó	vrb
plázában	noun
elbukott	vrb
imádnak	vrb,noun
bónusz	noun
érintetlen	adj,vrb
bizalmasan	adj,noun
döntetlen	adj,vrb
vonalak	noun
küldetése	noun,vrb
átadjuk	vrb
nővéremet	noun
viseltem	adj,vrb
árulom	vrb
mamája	noun
igazgatóval	noun,vrb
mihelyt	con
növeli	vrb
ötkor	adj_num
fogorvos	noun
gyász	noun
beszélgetésünk	noun,vrb
legdrágább	adj
igazgatónak	noun,vrb
eltitkolni	vrb
kimaradt	vrb
haladok	vrb
érzünk	vrb
fülét	noun
öltönyben	noun
előnyben	noun
figyeltek	vrb
pénzbe	noun
feltételek	noun
képviselem	vrb
ellenséged	noun
kiveszem	vrb
elhagyod	vrb
mentettem	vrb
lábaid	noun
galamb	noun
trópusi	noun
betegségben	noun,adj
vérzett	vrb
jöjjünk	vrb
féltékenység	adj
aj	sentint
fogadalmat	noun
igazgatónő	noun
képernyőn	noun
keressetek	vrb
másmilyen	adj_wh
számra	post,noun
beléjük	noun_pron
megfizet	vrb
élhetünk	vrb
megbeszélésre	noun,vrb
füves	adj,noun
szédülök	vrb
jöhetek	vrb
lelépsz	vrb
szüleiddel	noun
eltűnsz	vrb
választáson	noun,vrb
helyezze	vrb,noun
írjam	vrb
szórakoztam	vrb
kicsike	adj
boldogul	vrb,adj
démoni	noun
roncs	noun
változások	noun,vrb
szorít	vrb
érdemled	vrb
magamnál	noun_ref_SG_1
asszonynak	noun
hallgassuk	vrb
megment	vrb
gondoljatok	vrb
kiállni	vrb
tudod-e	vrb,adv
rakjuk	vrb
szállást	vrb
zavarna	vrb
nyitottam	vrb
kezdenék	vrb
megszoktam	vrb
oda-vissza	UNK
elszaladt	vrb
mániákus	adj
látna	vrb
megbíztam	vrb
tudasd	vrb
barátkozni	vrb
visszajöttek	vrb
közelemben	noun
legszörnyűbb	adj,noun
tizedik	adj_num
hajolj	vrb
elindultam	vrb
számítottunk	vrb
irányított	vrb
megpróbáltál	vrb
rendel	vrb
kétségem	noun
kifizettem	vrb
közepére	noun
leghosszabb	adj
világok	noun
szenvedtem	vrb
emlékét	noun
kitaláltad	vrb
szórakozott	adj,vrb
szépséget	noun
megtartjuk	vrb
álomba	noun
közvetítő	noun,vrb
megoldottam	vrb
hányat	vrb,adj_num_wh
szájában	noun
védelmében	noun
agyában	noun
masszázs	noun
áldozatnak	noun
hamu	noun
temetésén	vrb
katonái	noun
élnünk	vrb
szakértők	noun,adj
segíthetnek	vrb
túszok	noun
halihó	sentint
takarító	noun,vrb
csoportja	noun
szikét	noun
műveleti	noun
megtegyem	vrb
bandák	noun
javaslatot	noun
csupasz	adj
köcsögök	noun
cápák	noun
pecsét	noun
céloztam	vrb,noun
golyókat	noun
vödör	noun
fürdőszobába	noun
késői	adj,vrb
bölcsek	adj
kormánya	noun
gyógymódot	noun
felettébb	adv
számomat	noun
azáltal	adv
összeszedem	vrb
mozgást	vrb,noun
megállunk	vrb
jéghideg	adj
hasznára	noun
utcát	noun
törik	vrb,noun
telefonszám	noun
csókolóztunk	vrb
milliónyi	adj_num
szög	noun
sorsot	noun
meggyőztem	vrb
befejezi	vrb,noun
láncot	noun
megvizsgáltam	vrb
szervezetében	noun
testek	noun
álmát	noun
helyezte	vrb,noun
öltöztél	vrb
szúrni	vrb
asszonyok	noun
készítse	vrb
ruháimat	noun
fekve	vrb
méltóságos	adj
titkár	noun
kérhetném	vrb
törölve	vrb
ragadd	vrb
ketté	prv
vakáció	noun
értesíteni	vrb
családhoz	noun
vesztesek	adj
megértsd	vrb
alias	adv
lámpák	noun
szőnyeget	noun
időszakon	noun
megnézze	vrb
aput	noun
márka	noun
egészségetekre	noun,adj
megjelentek	vrb
halhat	vrb
megértik	vrb
totálisan	adj
éned	noun_pron,noun
furgonban	noun
feltehetőleg	adv
leghíresebb	adj,noun
dugó	noun,vrb
bóknak	noun
visszakapod	vrb
óvszert	noun
házából	noun
kertész	noun
töri	noun,vrb
osztozunk	vrb
postán	noun
élnék	vrb,noun
megbízhatatlan	adj,vrb
koncentráljon	vrb
panasz	noun
verték	vrb
érjük	vrb
kiégett	vrb
hatan	adj_num
lógunk	vrb
fogtad	vrb
mér	vrb
részeket	noun
megbízást	noun,vrb
elkényeztetett	adj,vrb,noun
általunk	noun_pron
visszaszerzem	vrb
szülinapod	noun
megsérül	vrb
skorpió	noun
ügyosztály	noun
adrenalin	noun
mászkál	vrb
szökésben	vrb
zárta	noun,vrb
semmid	noun_pron,noun
legutoljára	adv,noun
megleszünk	vrb
mellkas	noun
barátságunk	adj
mozdulni	vrb
cselekedtem	vrb
hídról	noun
elvigye	vrb
történelemben	noun
drogdíler	noun
sztriptíz	noun
kiabáltam	vrb
kirabolták	vrb
kihasználja	vrb
előled	noun_pron
alattomos	adj
elindultak	vrb
esténk	noun,adv
dadus	noun
ilyesmik	noun_pron
igazsággal	noun,adj
királlyal	noun,adj
elárulná	vrb
kövessék	vrb
befellegzett	vrb
szálat	noun
óráról	noun
fogak	noun
mikrofon	noun
magasság	adj
igazolni	vrb
végképp	noun
esetleges	adj
vágya	noun
kádban	noun
kidobni	vrb
megtartotta	vrb
nincs-e	vrb,adv
tiszteletreméltó	adj
kukába	noun
zöldséget	noun,adj
elváltunk	vrb
szekta	noun
szégyelld	vrb
boltból	noun
elvigyelek	vrb
használhatja	vrb
terapeuta	noun
hívásokat	vrb
izgi	adj
vulkán	noun
elmondják	vrb
szúrta	vrb
fagyi	noun
kiszabadult	vrb
estünk	noun,vrb
higgyétek	vrb
szexeltem	vrb
eseményt	noun
valósi	adj
fertőzést	vrb,noun
megértették	vrb
gyűlésen	vrb
repülőtéren	noun
tengert	noun
asztalomon	noun
tablettákat	noun
kifogást	noun,vrb
kezdjétek	vrb
feltételeket	noun
vágjuk	vrb
kötelességünk	adj,noun
leszáll	vrb
megbocsátana	vrb
tulajdon	noun,adj
megőrül	vrb
igyekszünk	vrb
országa	noun
felvételeit	noun
húzom	vrb
esedékes	adj
tisztességesen	adj
katonának	noun
hullák	noun
kisfiút	noun
gyerekekről	noun
türelemmel	noun
vélemény	noun
tartaná	vrb
helyezzük	vrb,noun
követtük	vrb
párnát	noun
bűnözőt	noun,vrb
táncolnak	vrb
album	noun
nyulat	noun
örvendtem	vrb
kötünk	vrb
utazásra	noun,vrb
ellátni	vrb
rohant	vrb
megtaláltalak	vrb
tömegben	noun
gyengébb	adj
idejönnek	vrb
égvilágon	adv
tornádó	noun
fejlemény	noun
együttműködik	vrb
juthatott	vrb
szomszédom	noun
hordod	vrb
megtaláltátok	vrb
tököm	noun
szimplán	adj,An_MODE_adv
átjutni	vrb
szintetikus	adj
koncerten	noun
valamelyikük	noun_pron
taps	noun
lejött	vrb
beszédem	noun
végigcsinálni	vrb
hozzunk	vrb
állhatok	vrb
imádkozunk	vrb
földnek	noun
eszelős	adj,vrb
földhöz	noun
megérkeznek	vrb
szokása	noun,vrb
falakat	noun
felmentem	vrb
használhatnánk	vrb
bolti	adj,noun
újságokban	noun,adj
nevetségesen	adj,noun
jövőm	noun,vrb,adj
eredményét	noun
erősebbé	adj,noun
lefuttattam	vrb
ülnöm	vrb
kívánságom	noun
bezár	vrb
steak	noun
baráttal	noun,adj
nevezd	vrb,noun
emlékeztetett	vrb,noun
hírnév	noun
ártatlannak	adj,vrb
szenzációs	adj,noun
istentől	noun
ellátást	vrb,noun
narancssárga	adj
loptak	vrb
szálltam	vrb
bejönnek	vrb
érzéseidet	vrb,noun
nyitok	vrb
ágyú	noun
készpénzzel	noun
nyitottak	adj,vrb
függönyt	noun
helyemben	noun
mennyekben	noun
dinamit	noun
gondolataim	noun
altatót	noun,vrb
stílusban	noun
szakítottatok	vrb
fejemre	noun
ismerje	vrb
kancellár	noun
izom	noun
megnyertem	vrb
vádlottat	noun
gyufát	noun
lektorálta	vrb
eltaláltam	vrb
jobbnak	adj,noun
papok	noun
haladás	vrb
forrását	noun,vrb
megmentsd	vrb
bevettem	vrb,adj
kórus	noun
tüdő	noun
show-t	noun
megadott	adj,vrb
ajándékok	noun
javasolsz	vrb
osztályra	noun
ettek	vrb
híresek	adj,noun
tudomásul	noun
kart	noun
gondolkozik	vrb
égetni	vrb
newton	noun
szopás	vrb
telefonhoz	noun
múlna	vrb
felügyeleti	adj,noun
változtak	vrb
magyarázattal	noun
ügyvédre	noun
megírom	vrb
esetekben	noun
kapcsolatra	noun
mítosz	noun
hallotok	vrb,noun
ugyanolyanok	adj_wh,adj
portás	noun
megégett	vrb
módra	noun
sértetlen	adj,vrb
eladott	adj,vrb
bankár	noun
gondolkozzon	vrb
cipőben	noun
legegyszerűbb	adj,adj_num
panda	noun
figyelmem	noun
lennetek	vrb
fogadó	noun,vrb
végzetem	noun
elterelés	vrb
betűs	noun
kiválóan	adj,vrb
esküvőnk	noun,vrb,adj
eljátszani	vrb
főzöl	vrb
bálon	noun
tehenet	noun
gyilkosunk	adj,noun
világért	noun
világítás	vrb
négykor	adj_num
kezedbe	noun
felhívtak	vrb
konferencián	noun
albumot	noun
tányér	noun
valódiak	adj
tünetei	noun
csontokat	noun
kiadás	noun,vrb
terror	noun
hamisan	adj,noun
afelől	adv
megbántam	vrb
gondolatait	noun
faji	adj,noun
töltesz	vrb
beszélgetésre	noun,vrb
találtok	vrb
fulladt	vrb
megfontolt	adj,vrb
elmehetnek	vrb
bekerült	vrb
indít	vrb
melyikőtök	noun_pron
kiderítsük	vrb
kiképzés	noun,vrb
gyengének	adj
kínál	vrb
érzelmes	adj,noun
videón	noun
fizetési	noun,vrb
mentetek	vrb
hírneve	noun
ígértél	vrb
védik	vrb
megfejteni	vrb
elmenned	vrb
kérdeztél	vrb
döntsön	vrb
szólnod	vrb
élvezted	vrb
főiskolás	noun
törvényeket	noun
céllal	noun
beszállni	vrb
megjelenni	vrb
felismertem	vrb
megtartottam	vrb
nyald	vrb
tűzbe	noun
hmmm	sentint
szőr	noun
katonaság	noun
otthonába	noun
liftet	noun
biztosítom	vrb
nagybátyád	noun
hallanod	vrb
40-es	adj_num
vigyáznom	vrb
depresszió	noun
fizeted	vrb
ellenőrizzék	vrb
folytassam	vrb
türelmet	noun
hetekben	adj_num,noun
elér	vrb
bámulni	vrb
izmos	adj,noun
sebészeti	noun
amellyel	adj_wh
táncolt	vrb
visszaszerezzük	vrb,noun
bűnözőket	noun,vrb
megteszel	vrb
robbantás	vrb
táskája	noun
uralni	vrb
oktatás	noun,vrb
elolvastad	vrb
lemondok	vrb
vereség	noun
hónapokkal	noun
koporsó	noun
kiviszem	vrb
védem	vrb
olló	noun
irányította	vrb
állíthat	vrb
bejöttél	vrb
helyzetnek	noun
kaphatunk	vrb
alszok	vrb
imádjuk	vrb
idevalósi	noun
gamma	noun
öltözni	vrb
győztünk	vrb
húzod	vrb
föderáció	noun
következmények	noun
fogadtak	vrb
szolgálhatok	vrb
halottat	noun,adj
intézetben	noun
tripla	noun
szellő	noun
megfogni	vrb
gyengéden	adj
hatot	adj_num
merészeli	vrb
szerzi	vrb
részleteit	noun
üzlete	noun
szállítás	noun,vrb
kutatni	vrb
végezzen	vrb,noun
kinyílik	vrb
szívrohama	noun
homoszexuális	adj
magadnál	noun_ref_SG_2
alakok	noun
újságírók	noun
építenek	vrb
szobára	noun
helyükön	noun
dolgukat	noun
fájdalomtól	noun
idegent	noun,adj
teendő	vrb
flancos	adj,noun
kicsodák	noun
igyekeztem	vrb
jeléül	noun
áttörés	noun,vrb
számítasz	vrb
fejünket	noun
menedzsere	noun
megmentjük	vrb
palotát	noun
nyomai	noun
elfogadott	adj,vrb
azonosítatlan	vrb
elmondhatja	vrb
ládát	noun
emelem	vrb
vizsgát	noun
másnapos	adj,noun
helyezd	vrb,noun
mentes	adj
magasba	adj
állásod	noun,vrb
bátorságod	noun
egyensúlyt	noun
ételek	noun
léptünk	noun,vrb
jóga	noun
sugallja	vrb
barátaidnak	noun
viheti	vrb
szépséges	adj,noun
jelmezt	noun
sorozatban	noun
eljutunk	vrb
felmondok	vrb
ej	sentint
magánügy	noun
lefordítatlan	vrb
lángok	noun
elszökni	vrb
múltam	noun,vrb
teszteket	noun
hősies	adj
rablást	noun
égbolt	noun
flint	noun
születnek	vrb
őszi	adj,noun_prs,noun
padláson	noun
szépsége	noun
árulok	vrb
szarrá	noun,adj
parfüm	noun
hatvan	adj_num
szobatársam	noun
torkán	noun
kielégítő	noun,vrb
védje	vrb
vádolni	vrb
legkeményebb	adj
ismerve	vrb
éber	adj
viszonyt	noun
alkalmazottja	noun,adj,vrb
ismerősen	vrb
kiszáll	vrb
beleesett	vrb
szemeddel	noun
bízzak	vrb
ellenkezője	adj,vrb
erotikus	adj
átkozva	vrb,noun
kéznél	noun
felfedeztem	vrb
hibák	noun
térdem	noun
felettünk	noun_pron,vrb
helyedre	noun
cselekednünk	vrb
használnunk	vrb
hellyel	noun
előkerül	vrb
délutánra	noun,adv
kegyelmes	noun
reggelen	noun,adv
seggemet	noun
veszítek	vrb
intézkedem	vrb
panaszkodni	vrb
cserkész	noun,vrb
előleget	noun
rúgott	vrb
tiszteli	vrb
feleségednek	noun
óceánt	noun
dőlj	vrb
keresztre	noun
kétezer	adj_num
felfogta	vrb
beszélgetésnek	noun,vrb
temették	vrb
garázsba	noun
gyémántot	noun
csökkenteni	vrb
hidegvérű	adj,noun
mossa	vrb
feltettem	vrb
lezártuk	vrb
felmegyünk	vrb
szokásom	noun,vrb
álmodj	vrb
zsarnok	noun,adj
hited	noun
zoknit	noun
egyiknek	noun_pron
lőszer	noun
irodalom	noun
megemlíteni	vrb
hazaérek	vrb
tehettél	vrb
költözünk	vrb
lőszert	noun
bűnösök	noun,adj
végtelenül	adj,noun
ujjlenyomatokat	noun
működnie	vrb
sérülése	noun,vrb
ötszáz	adj_num
merd	vrb
megkaphatnám	vrb
emberemet	noun
neveltek	vrb
veszélye	noun
hívnia	vrb
gyertyákat	noun
ügyekben	noun
arcukat	noun
szeletet	noun
vigyáznak	vrb
áldozatait	noun
háborúja	noun
autód	noun
dobták	vrb
küzdöttem	vrb
látnotok	vrb
idézem	vrb
szedjék	vrb
dobozokat	noun
magadba	noun_ref_SG_2
eltávolítani	vrb
sugárút	noun
terrorizmus	noun
ijedt	vrb,adj
írod	vrb
pályáról	noun
titkol	vrb
keressem	vrb
védelemre	noun
meghallotta	vrb
lyukas	adj,noun
fogadták	vrb
időszakban	noun
évszázad	noun
menekülési	vrb
látványos	adj,noun
mesterem	noun
szórakozom	vrb
népünk	noun
kártyákat	noun
mosolya	noun
eltávozott	vrb,noun
barátnőddel	noun
lemondta	vrb
odament	vrb
figyelmesen	adj,noun
nyugtalanító	vrb
létrehozott	vrb
felajánlani	vrb
hírszerző	noun
történeted	noun
támadunk	vrb
felelni	vrb
sikertelen	adj,noun
győztél	vrb
heteró	adj
kellemesen	adj,noun
felhozni	vrb
hegyekbe	noun
medvék	noun
megszólal	vrb
nyarat	noun
tartalmazza	vrb,noun
völgy	noun
luc	noun
elégedetlen	adj
feleségedet	noun
ősök	noun
képességed	noun,adj
kitör	vrb
kérdezősködni	vrb
húsos	adj,noun
emlékezzetek	vrb,noun
öljem	vrb
felbecsülhetetlen	adj,vrb
elkeseredett	adj,vrb
központnak	noun
ötezer	adj_num
mozgasd	vrb
felhívsz	vrb
informátor	noun
elárultál	vrb
kivégzés	noun,vrb
bugyi	noun,noun_prs
fogát	noun
kijönnek	vrb
gyilkossághoz	adj,noun
örülnek	vrb
hirdetést	vrb
megmutathatom	vrb
szedem	vrb
sajnáld	vrb
odaértünk	vrb
fogtunk	vrb
büntetését	noun,vrb
láthattam	vrb
ügynököm	noun
kérelmet	noun
ú	noun
nyújtsd	vrb
hívása	vrb
bevándorlási	vrb,noun
személyisége	noun,adj
követelem	vrb
lapok	noun
utasok	noun
örömteli	adj
tabletta	noun
területi	adj,noun
hullákat	noun
bevett	adj,vrb
diszkrét	adj
aggódtál	vrb
választok	vrb
képességem	noun,adj
panaszkodik	vrb
égesd	vrb
agyamra	noun
lebeg	vrb
eltemetni	vrb
apádra	noun
gonoszak	adj
perelni	vrb
kitüntetést	noun,vrb
eszméletét	noun
javaslatom	noun
húgodat	noun
gyógyulni	vrb
írjuk	vrb
gorilla	noun
ruhás	noun
költözöm	vrb
figyelned	vrb
utcákat	noun
itallal	noun
megverte	vrb
feláll	vrb
gyilkosságban	adj,noun
lyukban	noun
csináltátok	vrb
részegek	adj
válaszod	noun
tüntetni	vrb
tevékenység	noun,adj
kérjem	vrb
sorsunk	noun
szavaz	vrb,noun
gyermeked	noun
árulják	vrb
szappan	noun
befejeződött	vrb
csapó	noun,vrb
képernyőre	noun
rajz	noun
vezeted	vrb
tartozni	vrb
boncolási	vrb
milliószor	adj_num
seggébe	noun
próbálkozott	vrb
interjúra	noun
célját	noun
kislánynak	noun
azonosítottuk	vrb
dobtak	vrb
parasztok	noun
kerítésen	vrb
törtek	adj,vrb
elárulod	vrb
üdvözlünk	vrb
legcsodálatosabb	adj,noun
tisztesség	adj,noun
mindenünk	noun
romlik	vrb
mázli	noun
párok	noun
patkányt	noun
belehalt	vrb
témája	noun
karantén	noun
bajnokság	noun
átgondolom	vrb
kamerával	noun
titkai	noun
népet	noun
elintézek	vrb
11-es	adj_num
mesélsz	vrb
imádkozik	vrb
szempillantás	noun,vrb
apjáról	noun
átadtam	vrb
történetnek	noun
felfordulást	noun,vrb
ismertél	vrb
garázs	noun
valamitől	noun_pron
lejön	vrb
csóró	vrb
megbolondult	vrb
rávette	vrb
oktató	vrb
értesültem	vrb
beszélnénk	vrb
anyakönyvi	noun
tanúi	noun
éretlen	adj,vrb
szövetségesek	adj,noun
világunk	noun
holttestek	noun
programom	noun
kijövünk	vrb
legértékesebb	adj,noun
gránát	noun
kanál	noun
haltál	vrb
mutassátok	vrb
kötöttek	vrb
fős	noun
medvét	noun
szadista	adj
takarodjatok	vrb
esküvőjén	noun,vrb,adj
nevezz	vrb,noun
hányás	vrb
szindróma	noun
balfék	noun
szomszédja	noun
repülőtér	noun
megszerezze	vrb,noun
megkérdem	vrb
inged	noun
foglyot	noun
rengetegen	adj,noun
görény	noun
vallani	vrb
világába	noun
megvizsgálni	vrb
kapcsolatát	noun
belépő	noun,vrb
utálatos	noun,adj
fővezér	noun
álmaimban	noun
valamije	noun_pron
asztalom	noun
meglátnak	vrb
nyomjad	vrb
rádiós	noun
legalkalmasabb	adj,noun
halottam	noun
kikészít	vrb
bánj	vrb
beugrik	vrb
ponttal	noun
gitár	noun
nyomott	vrb
engedélyezem	vrb,noun
marcos	noun_prs
pénzedet	noun
óráját	noun
testvériség	adj,noun
házunkat	noun
töltik	vrb
falakon	noun
járkál	vrb
függően	vrb
szárazon	adj
nagynéném	noun
előírás	noun,vrb
előbbre	adv
érnie	vrb
kapuhoz	noun
számíts	vrb
meghatározni	vrb,noun
pofán	noun
ütőt	vrb
sms	noun
felfedezni	vrb
elemek	noun
irigylem	vrb
lépjek	vrb
gondolata	noun
tud-e	vrb,adv
foltot	noun
legmenőbb	vrb,adj
kérdeznek	vrb
milliók	adj_num
megismétlem	vrb
természeti	noun
nyilatkozat	noun
személyazonosságát	noun,adj
eszemet	noun
kislánya	noun
szenvedsz	vrb
doktornak	noun
ébredni	vrb
megmentsen	vrb
tanára	noun
hazaért	vrb
egynek	adj_num
nyúlni	vrb
stratégiát	noun
ékszer	noun
zaklatni	vrb
elrabolni	vrb
focit	noun
jelentősen	adj,vrb
rendez	vrb,noun
lemond	vrb
ribancot	noun
gyanú	noun
csapjunk	vrb
tétet	vrb,noun
jégen	noun
főnökét	noun
meggyőzte	vrb
viselkedtek	vrb
megeszed	vrb
zúgva	vrb
akin	noun_pron
viszonyban	noun
tudja-e	vrb,adv
csomagokat	noun
énekeltem	adj,vrb
nyitotta	vrb
felelősségteljes	adj
hatalmam	noun
gratulálni	vrb
mondván	vrb
rendőrbíró	noun,vrb
megnyugtat	vrb
morcos	adj
bottal	noun
dokumentumot	noun
hősnek	noun
vásárol	vrb
rövidesen	adv
szellemes	adj,noun
pasinak	noun
problémáim	noun
parancsát	noun
bezártam	vrb
problémával	noun
szimbólum	noun
eredetű	noun
pakolj	vrb
hatalmad	noun
bölcsesség	noun
tehetnél	vrb
halakat	noun
odaadja	vrb
képességét	noun,adj
éled	vrb,noun
sajtót	noun
elolvasta	noun,vrb
küldtünk	vrb
unokatesóm	noun
nyomta	vrb
esküvőm	noun,vrb,adj
kollégák	noun
orvosság	noun
mindannyiukat	adj_num_wh
ügyért	noun
szarból	noun,adj
törülközőt	noun,vrb
ezredest	noun,adj_num
kirúgta	vrb
izzadt	vrb,adj
tehetsége	noun
sárkányok	noun
rendőrségnél	noun
megúszni	vrb
koncertet	noun
felhívtál	vrb
jogosan	adj,noun
gyakorlatot	noun
rajongód	noun,vrb
legmegfelelőbb	adj,vrb
eladják	vrb
repülővel	noun,vrb
kosár	noun
ötletek	noun
lábakat	noun
konyhai	adj,noun
megkeresett	vrb
járatban	noun
visszatérve	vrb
konzervatív	adj
könyvében	noun
jégkrém	noun
tényekkel	noun
megváltoztatott	vrb
darabokat	noun
profit	noun,adj
nyitunk	vrb
hallanom	vrb
gondolkodjon	vrb
r.	noun
tanulunk	vrb
többé-kevésbé	twin
csavart	adj,noun,vrb
megértettétek	vrb
kihasználta	vrb
megszabadulok	vrb
parancsra	noun
szánta	vrb
indulhat	vrb
adhatunk	vrb
idézet	noun
támogatta	vrb
szabálytalan	adj,noun
csillagidő	noun
kocsijával	noun,noun_prs
visszatérő	vrb
szerencsétlenség	adj,noun
kódolt	vrb
táskád	noun
mászott	vrb
gyűltünk	vrb
tartsanak	vrb
kocsmába	noun
gyilkosságokat	adj,noun
kardja	noun
különösebben	adj
oknál	noun
megvitatni	vrb
gyűlölni	vrb
rendezzük	vrb,noun
tiszteletre	noun
zsákmány	noun
látszom	vrb
kilenckor	adj_num
önelégült	adj
történtekről	vrb
levette	vrb
meggyilkolta	vrb
ékszert	noun
hasonlítok	vrb
akarat	noun
karomat	noun
középre	noun
jelentkező	vrb
harcoljunk	vrb
rúd	noun
fokozatosan	adj,noun
alapszik	vrb
felvétele	noun
segget	noun
táskámban	noun
összejövetel	noun
rendje	noun
amid	noun,noun_pron
estém	noun,adv
jéggel	noun
feltételes	adj,noun
gépről	noun
főzött	vrb
háztömbnyire	noun
dollárra	noun
összevissza	adj
nőttek	vrb,adj
életükben	noun
szállsz	vrb
néznék	vrb
árad	vrb,noun
újonnan	adv
gondolkoztál	vrb
kivételesen	adj,noun
festette	vrb
visszatérés	noun,vrb
állatokkal	noun
megnőtt	adj,vrb
középkorú	noun
meggyőződésem	noun,vrb
eljönne	vrb
szádba	noun
fájdalomcsillapítót	adj
kering	vrb
üdvözöl	vrb,noun
nyerjen	vrb
nyaralás	vrb
rátaláltam	vrb
szüleidnek	noun
ígéretét	noun
gonoszság	adj
költöttem	vrb
merészelj	vrb
ösvény	noun
temetésére	vrb
bűz	noun
kapocs	noun
mondanivalód	noun
sörre	noun
szöget	noun
szélére	adv,noun
szememben	noun
hentes	noun
leghatalmasabb	adj,noun
terveztek	vrb,noun
falusi	adj
élelmiszer	noun
gyík	noun
küldesz	vrb
hozzáférés	noun,vrb
sorakozó	vrb
megérinteni	vrb
szárad	vrb,noun
influenza	noun
melléd	noun_pron
készülni	vrb
zsarunak	noun
hallania	vrb
hozzáment	vrb
művészek	noun
tuskó	noun
fegyvereiket	noun
teszlek	vrb
kérdezték	vrb
felfedezés	noun,vrb
őrületes	noun
akadálya	noun
híve	vrb,noun
rúgtak	vrb
fennáll	vrb
elismert	adj,vrb
aludtunk	vrb
sötétedés	vrb
bajnokságot	noun
bántak	vrb
anyukámat	noun
vásárló	vrb,adj
törődök	vrb
őseink	noun
kolbászt	noun
tanítás	vrb
fiatalnak	adj
nagyrészt	adv
álszent	noun,adj
megszólalt	vrb
engedheti	vrb
marihuána	noun
kivette	vrb
barátokkal	noun,adj
hájas	adj,noun
megkértek	vrb
bajkeverő	noun,vrb
egyensúly	noun
kikötőbe	noun,vrb
lője	vrb
legnépszerűbb	adj,noun
becsült	vrb
empire	noun
látszani	vrb
fájdalma	noun
dumálni	vrb
ellenőrző	vrb,noun,adj
működésbe	vrb
vigaszt	noun
rendelkezésre	noun,vrb
tépni	vrb
hess	sentint
klinikai	noun
csökkenti	vrb
közismert	adj
fasiszta	adj
tartozok	vrb
követlek	vrb
szakállas	adj,noun
tengerészeti	noun
szedek	vrb
nyomozóval	vrb,noun
szélsőséges	adj,noun
elbújni	vrb
fújja	vrb
vereséget	noun
dolgunkat	noun
megmérgezték	vrb,noun
telni	vrb
egyhez	adj_num
randizunk	vrb,noun
vállán	noun
nana	sentint
készülék	noun
szerkezetet	noun
számlájára	noun
megtanítom	vrb
verzió	noun
kezdés	vrb
műszakban	noun
eldönti	vrb
reménykedem	vrb
ének	noun,noun_pron
rablók	noun
erőre	noun
narkós	noun
pirítóst	noun,vrb
kimondottan	adj,vrb
százaléka	noun
behozni	vrb
keresned	vrb
népnek	noun
bátrak	adj
felébredni	vrb
főszereplő	noun
vihetem	vrb
kastélyt	noun
színtiszta	adj
nyomban	adv,noun
eszes	adj,noun
alagutat	noun
évei	noun
szándékom	noun
széfben	noun
ápolónő	noun
esetről	noun
gondjaim	noun
kapnék	vrb
pajzsot	noun
kezdeti	adj,vrb,noun
megragadta	vrb
ruhádat	noun
feszes	adj,noun
keksz	noun
nőttünk	vrb
ölsz	vrb
kiskutya	noun
régebbi	adv
veszélynek	noun
jobbik	adj
megértse	vrb
elismerést	noun,vrb
fáradjanak	vrb
rátalált	vrb
szemedet	noun
megtanulod	vrb
esküszik	vrb
egységek	noun
férfivel	noun
megeszik	vrb
csúcsa	noun
romantika	noun
hasonlóság	adj
megszületik	vrb
lenyűgözött	adj,vrb,noun
küzdünk	vrb
dühösnek	adj,noun
kávézni	vrb,noun
hanyag	adj
épületek	noun
túléljük	vrb
olvastál	vrb
csónakban	noun
nevettek	vrb
esküdj	vrb
tengerben	noun
palack	noun
pasassal	noun
magánnyomozó	noun
légzés	vrb,noun
anyámról	noun
vezetőség	noun,adj
eltörtem	vrb
kamerába	noun
előadásra	noun,vrb
eltévedtünk	vrb,adj
vicceket	noun
emlékezetes	adj,noun
követtünk	vrb
kaszinóban	noun
munkáért	noun
megfordul	vrb
előkerült	vrb
felemelni	vrb
vezetést	noun,vrb
emberből	noun
4-kor	adj_num
feketén	adj
fülembe	noun
eltöltött	vrb
normálisak	adj
zárkózott	adj,vrb
különöset	adj
órányi	noun
sürgősségire	adj,vrb
sportoló	vrb
kedvelnek	vrb
visszaérek	vrb
szüleik	noun
fogadnak	vrb,noun
házról	noun
szarja	noun,adj,vrb
kapnom	vrb
bizonyítékod	noun
szemüket	noun
mondva	vrb
elloptak	vrb
bukni	vrb
sebaj	sentint
ennivaló	noun
emberünket	noun
szimpatikus	adj
kicsinyes	adj
ellenáll	vrb
megálltam	vrb
has	noun
tinta	noun
italokat	noun
eladtad	vrb
bátyus	noun
titoktartás	noun,vrb
faszért	noun
letört	adj,vrb
ugratsz	vrb
kígyót	noun
szörnyetegek	noun
kiemelkedő	noun,adj,vrb
érintsd	vrb
feladatát	noun
csudába	noun,adj
takarítsd	vrb
felelsz	vrb
szövetséges	noun,adj
préda	noun
bármelyikünk	noun_pron
teremtmények	noun
oszd	vrb
dolgotok	noun
akiért	noun_pron
intézmény	noun
érthetetlen	adj,vrb
tisztelik	vrb
lakatlan	adj,vrb
megtaláld	vrb
manó	noun
hite	noun
ennie	vrb
néhányuk	adj
kedvedért	noun
izgulsz	vrb
készülve	vrb
árulók	vrb
vállam	noun
elájultam	vrb
állíts	vrb
támogatják	vrb
kérdésünk	noun,vrb
akikre	noun_pron
falba	noun
nyakon	noun
gépét	noun
reagálnak	vrb
bírói	noun,vrb
rakétákat	noun
szivar	noun
hiány	noun
gyerekről	noun
kötök	vrb
szerencsének	noun
rendelkeznek	vrb
sár	noun
üzletem	noun
gondoltak	adj,vrb
ellátás	noun,vrb
fiúról	noun
középkori	adj,noun
katasztrofális	adj
leugrott	vrb,adj
folyónál	noun,adj,vrb
kikkel	noun_pron
partján	noun
laborból	noun
aktáit	noun
dombon	noun
másolata	noun
valljam	vrb
jártatok	noun,vrb
gyémántokat	noun
kényszerítettek	vrb
ellentéte	noun
ölik	vrb
ördöggel	noun
viselkedjen	vrb
jelvényt	noun
figyeljék	vrb
felébredtél	vrb
egyházi	adj,adj_num,noun
teljesítem	vrb
ölelést	vrb
megöljék	vrb
romokban	noun
természetű	noun
temetése	vrb
elfogadják	vrb
jé	sentint
kóser	adj
ébredjen	vrb
csapdában	noun
okuk	noun
megbeszélnünk	vrb
nyugaton	noun
méterrel	noun
jeleit	noun
bármihez	noun_pron
megfeledkeztem	vrb
megtiltom	vrb
törnek	vrb
fenéket	noun
hallgató	noun,vrb
kérésére	vrb
felrobbantani	vrb
gyerekeik	noun
liberális	adj
elkészül	vrb
szólalj	vrb
egyezést	vrb
polgárháború	noun
kísérje	vrb
ehetsz	vrb
ismernie	vrb
mutattak	vrb
bánya	noun
társasága	noun
társaságát	noun
higgyem	vrb
taníts	vrb
csípem	vrb
bíróságnak	noun
mogyorót	noun
kiállt	vrb
hab	noun
visszaadja	vrb
gondolataimat	noun
származott	vrb
méz	noun
fogságban	noun
bírt	vrb
szervek	noun
átvertek	vrb
zöldség	noun,adj
nevünk	noun
útba	noun
elkerüljük	vrb
mentősök	noun,vrb
későbbi	adv
színét	noun
meghívom	vrb
maradványait	noun
tépve	vrb
törvényesen	adj,noun
szabályos	adj,noun
megtalálható	vrb
sisak	noun
keltem	vrb
h.	noun
érzése	vrb,noun
készülnünk	vrb
éjfélig	noun
kicseszett	vrb
hordott	vrb
tennének	vrb
jövőd	noun,vrb,adj
célozni	vrb,noun
tanulnak	vrb
pasikat	noun
távoltartási	noun
juttatta	vrb
állnék	vrb,noun
javítás	vrb
céljuk	noun
jófiú	noun
megelőző	vrb
gyomra	noun
családunkat	noun
étvágyam	noun
örökség	adj
megfogom	vrb
átmentél	vrb
kézre	noun
megzavarni	vrb
nézzelek	vrb
viselek	vrb
elméleti	adj,noun
megvert	adj,vrb
gyűjtött	adj,vrb
időkre	noun
menü	noun
mikrofont	noun
drótot	noun
létesítmény	noun
bemutassam	vrb
előrelépés	vrb
rámenős	adj,noun
szolgálatra	noun
rejt	vrb
iratok	noun
fogadsz	vrb
szakítasz	vrb
felnő	vrb
látogatója	noun,vrb
fordulok	vrb
anyuval	noun
kicsinek	adj
rendszerét	noun
holmiját	noun
un	vrb
sikere	noun
információra	noun
bámult	vrb
kopp	sentint
képmutató	noun,adj
besétál	vrb
lézer	noun
érezték	vrb
boldogulni	vrb
sírnak	vrb,noun
halász	noun
kiválasztani	vrb
említsd	vrb
élén	noun
csokoládét	noun
sohase	neg
nyakába	noun
becsüld	vrb
kerested	vrb
engedélyezte	vrb,noun
tengerre	noun
fejvadász	noun
hívhatsz	vrb
dohány	noun
kazetta	noun
dolcsiért	noun
próbálkozni	vrb
tervezek	vrb,noun
bármelyikük	noun_pron
mihamarabb	adv,con,adj
gyerekemet	noun
szólnia	vrb
drót	noun
hunyt	vrb
idiótát	adj
sisakot	noun
ribancok	noun
babákat	noun
útvonal	noun
jelentésben	vrb
válts	vrb
beszélgetnünk	vrb
emeletet	noun
királyom	noun,adj
gyújtani	vrb
cuccaimat	noun
homár	noun
hazajöttél	vrb
adódott	vrb
lóvé	noun
vérre	noun
elrejtett	adj,vrb
magazint	noun
megbeszélésem	noun,vrb
tűzijáték	noun
bánts	vrb
iskolák	noun
rejlő	vrb
szereztek	vrb,noun
tekintsd	vrb
betörő	noun,vrb
kegyetlenül	adj
gyakorol	vrb
zárnunk	vrb
talpon	noun
erejű	noun
terveit	noun
boncolást	vrb
vécé	noun
tévés	noun
öletni	vrb
megnyugodni	vrb
aláírtam	vrb
megkülönböztetni	vrb
felszívódott	vrb
megtanítani	vrb
nagyfőnök	noun
eltaláltad	vrb
hívhatom	vrb
megírtam	vrb
reménykedjünk	vrb
rántott	vrb
ruhái	noun
elérem	vrb
képzelet	noun
mozdult	vrb
meggyőzött	vrb
vegyes	adj
kiszámítható	vrb
ehetek	vrb
fogtak	vrb
bombázó	noun,vrb
fogták	vrb
harcolnunk	vrb
védelmét	noun
szemeteket	noun
megtanulta	vrb
becsapódás	vrb
szeszélyes	adj,noun
megbocsáthatatlan	adj,vrb
hátát	noun
szíven	noun
szeded	vrb
brazil	adj
lehetnének	vrb
gyakorolt	vrb
ki-be	UNK
választhatsz	vrb
fedél	noun
rajtaütés	vrb
tervvel	noun
kijössz	vrb
parkol	vrb
meghaltok	vrb
vadiúj	adj
édesanyját	noun
vészhelyzeti	noun
készítik	vrb
kötődik	vrb
unokahúga	noun
kiütötte	vrb
üzletre	noun
kinéz	vrb
továbbiakban	adv
bízhat	vrb
fordulhat	vrb
intelligencia	noun
abbahagyja	vrb
puskával	noun
csuda	noun,adj
vesd	vrb
veszélyezteti	vrb,noun
klubból	noun
ösztönösen	adj,noun
klubja	noun
számmal	noun
vidékre	noun
tagadom	vrb
említve	vrb
jogokat	noun
kivinni	vrb
megkértelek	vrb
általi	adj
hidegvérrel	noun
ajándékod	noun
tóba	noun
óvja	vrb
megértettük	vrb
kelek	vrb,noun
átlátszó	adj,vrb
aggasztó	vrb
fenevad	noun
megadjuk	vrb
vállalt	vrb
fátylat	noun
szálljunk	vrb
kegyetlenség	adj
gengszterek	noun
kettőre	adj_num
észreveszi	vrb
megnyeri	vrb
dolgozhatok	vrb,noun
milyet	adj_wh
zúzódás	vrb
elterjedt	adj,vrb
nélkülünk	noun_pron
ünnepeljünk	vrb
tarkóra	noun
kivételével	noun
újabban	adv,adj
ügyfelemet	noun
legfinomabb	adj
elmém	noun
rendszerek	noun
feltételezett	adj,vrb,noun
észrevett	vrb,adj
leülhetek	vrb
megnyerjük	vrb
színházba	noun
hálót	noun,vrb
kétes	adj
fogadod	vrb
tájékoztatni	vrb,noun
vasút	noun
összetörted	vrb
vádol	vrb
protokollt	noun
mélyeket	adj
ellenségeink	noun
tartogat	vrb
kilométert	noun
halottakat	noun,adj
lovon	noun
ifjabb	adj
írást	noun,vrb
szerezned	vrb,noun
bulija	noun
várna	vrb
sperma	noun
kölyökkel	noun
szörnyűséget	adj,noun
bemutatlak	vrb
szabályait	noun
amott	adv
elpusztította	vrb
elhagyják	vrb
akadályt	noun
yard	noun
drogfüggő	noun,vrb
párna	noun
ölbe	noun
bandában	noun
befejezés	noun,vrb
bizonyítékra	noun
pokollá	noun
biztosítása	vrb
sin	noun
sötétségben	adj
e-mailben	noun
felhívjam	vrb
alapjában	noun
házadban	noun
anyádra	noun
szalonna	noun
vihart	noun
nagynéni	noun
játsszák	vrb
kényszer	noun
ugrottam	vrb
ismételje	vrb
megtanítalak	vrb
kijutott	adj,vrb
meggyógyítani	vrb
tüntesd	vrb
csoportnak	noun
5-kor	adj_num
elmenjünk	vrb
szerelemmel	noun
sorból	noun
foglyul	noun
folytatta	vrb
számításba	vrb
tökéletesnek	adj
abszolúte	adv
üldözőbe	vrb
fejeztük	vrb,noun
kimondta	vrb
pentagon	noun
készülnöm	vrb
fenék	noun
veszekszünk	vrb
euró	noun
következtetésre	vrb
költségeket	noun
mű	noun
viszonyom	noun
fajt	noun
teremtette	vrb
tesztelni	vrb
hivatott	adj
találkozhatok	vrb
elhitetni	vrb
koldus	noun
kislányok	noun
megjegyezni	vrb,noun
repültem	vrb
bekerül	vrb
megvizsgáljuk	vrb
ugyanannyi	adj_num_wh
martinit	noun,noun_prs
hivatali	adj,noun
csodálatosak	adj,noun
púp	noun
cherry	noun
figyelmeztetnem	vrb,noun
teljesítve	vrb
dobtad	vrb
kidobom	vrb
bekapcsolni	vrb
újszülött	adj
balról	adj
látomás	noun
nyernek	vrb
parancsnoknak	noun
bizonyosan	adj
lovam	noun
navigációs	noun
jelei	noun
fenéből	noun
császári	adj,noun_prs,noun
százalékot	noun
mentők	noun,vrb
engedné	vrb
alvilág	noun
cigány	noun
képzeljétek	vrb
hallgatja	vrb
tartottál	vrb
hasznunkra	noun
indultak	vrb
öreget	adj
kisasszonyt	noun
munkahelyemen	noun
szolgáló	noun,vrb
cool	adj
engedsz	vrb
táncoltam	vrb
elvigyem	vrb
megírta	vrb
bácsinak	noun,noun_prs
egésszel	adj
egytől	adj_num
vezérlő	vrb,adj
kábelt	noun
idebenn	adv
pillanatában	noun
kutattam	vrb
ünnepeket	noun
amiknek	noun_pron
esküvőjére	noun,vrb,adj
rugalmas	adj
letelt	vrb
két-három	adj_num
magányosnak	noun,adj
talpig	noun
felajánlom	vrb
ügyvédnő	noun
fedezte	vrb
korlátlan	adj
tisztáztuk	vrb
én-én	UNK
nyálas	noun
netre	noun
családodnak	noun
nőhöz	noun
elítélték	vrb
kihallgatásra	noun,vrb
szeretetre	noun
szállunk	vrb
kíváncsiság	adj
melltartó	noun
rak	vrb
rávett	vrb,adj
parkot	noun
lógnak	vrb
nehezemre	adj
államot	noun
akaratod	noun
mérkőzés	vrb
védve	vrb
tejjel	noun
hónapokban	noun
használtuk	vrb
dőlt	adj,vrb
sütemény	noun
testület	noun
szívedre	noun
könnyeket	noun
csókolózni	vrb
mondanák	vrb
retteg	vrb
köthető	vrb
térden	noun
művészetet	noun
csőd	noun
kimerítő	vrb
ráférne	vrb
elkészíteni	vrb
életeddel	noun
énekelnek	vrb
elvágta	vrb
odamegy	vrb
genetikailag	noun
irgalmas	adj,noun
gólt	noun
felmegy	vrb
balett	noun
megtehetjük	vrb
néznél	vrb
városunk	noun
győződj	vrb
okoztak	vrb
akcióba	noun
csúszik	vrb
tizenhét	adj_num,noun
veszélyesnek	adj,noun
tartály	noun
szünetben	noun
időzített	adj,vrb
üzletből	noun
ritmust	noun
érik	vrb
térnek	vrb,noun
kocsijába	noun,noun_prs
kísérő	noun,vrb
akkori	adj
szedsz	vrb
szivart	noun
tudassa	vrb
humor	noun
megérdemelt	adj,vrb
megoldódik	vrb
találkozzam	vrb
rés	noun,noun_prs
programja	noun
karaoke	noun
legyőzzük	vrb
leggyönyörűbb	adj,noun
zavarta	vrb
híreink	noun
elképzelem	vrb
blokk	noun
sajnállak	vrb
őrizni	vrb
trónörökös	noun
bátorságom	noun
megvárni	vrb
menetet	noun
szóhoz	noun
leélni	vrb
nyomj	vrb
juthatunk	vrb
fajok	noun
levettem	vrb
elengedjük	vrb
repülőtérre	noun
sütöttem	vrb
benéztem	vrb
dokumentumok	noun
japánba	noun,adj
bírnám	vrb
vetettem	vrb
megvédjen	vrb
pedofil	adj
kezdened	vrb
matematika	noun
tequila	noun
menekülnek	vrb
bátyádat	noun
stúdióba	noun
megadod	vrb
hibrid	noun
klinikára	noun
fagyasztott	vrb
igyekezzetek	vrb
guru	noun
felfedezte	vrb
alakítani	vrb
13-as	adj_num
vágták	noun,vrb
agglegény	noun
felébredsz	vrb
szén	noun
eladták	vrb
evolúció	noun
megmentheti	vrb
elismeri	vrb
nevez	vrb,noun
apróságot	adj
tehetséged	noun
ejnye	sentint
kezdődhet	vrb
kérdeztek	vrb
fényképek	noun
dolgaim	noun
nyerhet	vrb
miattatok	noun_pron
vezetőt	noun,adj,vrb
forradalmi	adj,noun
sértetlenül	adj,vrb
meredek	adj,vrb
bátyámnak	noun
kitenni	vrb
öltözik	vrb
eltüntetni	vrb
jólesik	vrb
leírta	vrb
aláírása	noun,vrb
emel	vrb
elhagytál	vrb
sírját	noun
lányunkat	noun
apjától	noun
apjára	noun
soul	noun
elintézted	vrb
kódokat	noun
árnyékában	noun
nyugodtnak	adj
jelenlétében	noun
tanári	noun
súlyát	noun
kút	noun
kívülálló	adj
meghalj	vrb
csöndes	adj,noun
belemenni	vrb
faképnél	adv
jelzést	vrb,noun
meggyógyult	adj,vrb
órákra	noun
felejtsék	vrb
dolgoznék	vrb,noun
szokj	vrb
elnézem	vrb
mellény	noun
ütve	vrb
brutálisan	adj
motorral	noun
életek	noun
arcoddal	noun
szavadat	noun
szupersztár	noun
kiszabadítani	vrb
csapatának	noun
szellemét	noun
szekrényt	noun
igya	vrb
szakma	noun
intézetbe	noun
keveredtél	vrb
diétás	adj,noun
hinne	vrb
nyomába	noun
figyelnem	vrb
hallgassanak	vrb
pillanatnyi	noun
kötöttél	vrb
szállít	vrb
farkast	noun
várakozik	vrb
segítségemet	noun
cégtől	noun
torkig	adv
hulladék	noun
igyekezzen	vrb
állítása	vrb
kormányzat	noun
számolj	vrb
csatába	noun
apára	noun
asztala	noun
kombináció	noun
elgondolkodtam	vrb
henryt	noun
sikerüljön	vrb
követek	vrb,noun
hullott	vrb
elérted	vrb
taktika	noun
dugtam	vrb
elmagyaráztam	vrb
idegeimre	noun
nyomi	noun
sietve	vrb
levele	noun
alattunk	noun_pron
átnéztük	vrb
tőr	noun
egyenest	noun,adj
akaratát	noun
érdekelsz	vrb
korty	noun
innod	vrb
teteje	noun
rohadj	vrb
mészáros	noun
elhatározta	vrb,noun
megveszi	vrb
háborúra	noun
banánt	noun
észnél	noun
útjában	noun
rovarok	noun
elvégezte	noun,vrb
hasonlóak	adj,vrb
szolgálom	vrb
nyugodjatok	vrb
tisztje	noun
gyakorlati	adj,noun
belenéztem	vrb
lecsap	vrb
légkör	noun
pásztor	noun
foglalkoznom	vrb
lányaim	noun
fék	noun
ügyvédemet	noun
beszéde	noun
átnézni	vrb
távozom	vrb,noun
vérezni	vrb,noun
kínosan	adj,noun
lábadat	noun
megerősíteni	vrb,noun
szenvedtek	vrb
üzenetek	noun
megengedik	vrb
napjai	noun
baktérium	noun
balesetek	noun
bábu	noun
valakinél	noun_pron
mindennapos	adj
parkolt	vrb
korrupció	noun
ropogós	noun,vrb
tartottuk	vrb
mozgott	vrb
szórakoztok	vrb
ellenőrzik	vrb
halld	vrb
terelni	vrb
loptál	vrb
használnod	vrb
szarva	noun,vrb
bogaram	noun
kagyló	noun
törődtem	vrb
uralja	vrb
kedvezményt	noun
jogilag	noun
illetlen	adj
múzeumba	noun
barátokra	noun,adj
vérben	noun
szarni	vrb
jogát	noun
vágják	vrb
oroszul	noun,adj
értékek	noun
jelentkeztek	vrb
kezeltem	vrb
pakolni	vrb
kalapom	noun
fenekén	noun
terméket	noun
lekéstem	vrb
igyatok	vrb
sátorban	noun
tönkretett	vrb,adj
tudom-e	vrb,adv
mentsen	vrb
úgyszintén	con
szívembe	noun
köpeny	noun
kakas	noun
érdeklődését	noun,vrb
hálózatot	noun
öljelek	vrb
szimbóluma	noun
mentenünk	vrb
vérével	noun
zúzódások	vrb
következett	vrb
válj	vrb
fejeznünk	vrb,noun
holott	adv
elképzelésem	noun,vrb
sietnem	vrb
információja	noun
gyűlést	vrb
állatorvos	noun
helyettese	noun,adj
káoszt	noun
megoldódott	vrb
vesztegeti	vrb
hívó	vrb
bácsit	noun,noun_prs
háziasszony	noun
keménynek	adj
feltűnést	noun,vrb
hívások	vrb
babája	noun
munkájuk	noun
évbe	noun
kipróbálom	vrb
árultam	vrb
idegeneket	adj,noun
szabadul	vrb,adj
üzenni	vrb
fegyverünk	noun
vezetőjük	noun,adj,vrb
házasságra	noun,adj
megértettél	vrb
tagjának	noun
nőj	vrb
hordanak	vrb
gyűlöltem	vrb
bocsánatkérést	noun
szavaid	noun
lánytól	noun
spicli	noun
szelíd	adj
asztalán	noun
belekeveredett	vrb
kiáll	vrb
folyót	noun,adj,vrb
megbántottalak	vrb
megszülettem	vrb
felhúzni	vrb
fájlokat	noun
ette	vrb
húgommal	noun
szégyelled	vrb
árulj	vrb
égben	noun
célon	noun
egyén	noun,adj_num
véglegesen	adv,adj
sztorija	noun
megverték	vrb,adj
tábornoknak	noun
arcokat	noun
meghitt	adj,vrb
helyszíne	noun
törvényei	noun
rajongok	vrb
éjjelen	noun,adv
törvényen	noun
szakember	noun
fiúra	noun
csoportba	noun
befejezzem	vrb,noun
elrendelte	vrb
űrt	noun
költözz	vrb
körökben	noun
biológia	noun
veszni	vrb
döntések	noun,vrb
megesküdött	vrb
zuhan	vrb
parancsolom	vrb
képeslapot	noun
alacsonyan	adj
vágyat	vrb,noun
sétálsz	vrb
tapasztaltam	vrb
megtehetném	vrb
levágott	adj,vrb
irodalmi	adj,noun
esős	adj,noun,vrb
elátkozott	adj,vrb,noun
regény	noun
kulcsait	noun
meleget	adj,noun
teljesíti	vrb
szószt	noun
mosolyod	noun
lova	noun
idejüket	noun
változata	noun
almás	noun
eltűnünk	vrb
helyük	noun
bezártak	vrb,adj
húzós	vrb
folytatnunk	vrb
üdvözlök	vrb
felszállt	vrb
nyelvem	noun
harapás	vrb
skálán	noun
dohányzik	vrb
arcomon	noun
köpenyt	noun
találkozásunk	vrb
vertek	vrb
megfizetni	vrb
forrásból	noun,vrb
hagytunk	vrb
választhat	vrb
rendelést	vrb
fehéret	adj
kirándulni	vrb
tarthatjuk	vrb
tanúskodik	vrb
bassz	vrb
videóra	noun
vajat	noun
napba	noun
kártyák	noun
hobbi	noun
eszméletlenül	adj,vrb
emlékeztetnem	vrb,noun
táblán	noun
egyezett	vrb
sonka	noun
telefonok	vrb,noun
féljetek	vrb
sofőrje	noun
ellenben	con
kifogásokat	noun,vrb
daganat	noun
ajtóm	noun
közzé	noun
küldenem	vrb
szórakozzunk	vrb
legendák	noun
kifizette	vrb
merthogy	con
életmentő	noun
tetthelyen	noun
létezne	vrb,noun
elmenekül	vrb
tudtommal	noun
hatalomra	noun
felállt	vrb
takarítás	vrb
dolgaimat	noun
valamihez	noun_pron
szórakozásból	vrb
rejteni	vrb
barátságot	adj
szemüvegem	noun
fiatalság	adj
elhittem	vrb
szervezte	vrb,noun
krízis	noun
meghalhat	vrb
bestia	noun
különb	adj
érzéke	noun
megtörténnie	vrb
másrészről	adv
elszáll	vrb
igazatok	noun
alighanem	sentint
írásban	noun,vrb
eressze	vrb
dobom	noun,vrb
terepre	noun
kínozni	vrb,noun
főtt	vrb,adj
szerezze	vrb,noun
kapjanak	vrb
puding	noun
kezelték	vrb
levágták	vrb
terhességi	adj,noun
veszteséget	noun
hazudna	vrb
kerítést	vrb
szemünket	noun
alázatos	adj,noun
szivárog	vrb
ölnünk	vrb
sznob	adj
csatornában	noun
balesetnek	noun
adhatjuk	vrb
részének	noun
helyzetekben	noun
súly	noun
morális	adj
ötleteket	noun
elsüllyedt	adj,vrb
vacsorán	noun
végezzem	vrb,noun
elengedlek	vrb
délutánt	noun,adv
partnered	noun
felér	vrb
éjszakában	noun,adv
fagy	noun,vrb
védjük	vrb
fordultam	vrb
állíthatom	vrb
fiúja	noun
álmait	noun
reaktor	noun
öllek	vrb
távolítani	vrb
dobozzal	noun
vezetőjét	noun,adj,vrb
fakad	vrb
jelvény	noun
elmesélni	vrb
blöfföl	vrb
zajos	adj,noun
egyúttal	adv
keleten	noun
támadták	vrb
anyára	noun
sörrel	noun
világát	noun
cselekszem	vrb
vetkőzz	vrb
norvég	noun,adj
szúrd	vrb
rossznak	adj
meggondolod	vrb
szexis	adj
viccesek	adj,noun
turné	noun
elutazom	vrb,noun
munkatársa	noun
sínen	noun
hatalmi	adj_num,noun
védenünk	vrb
apámra	noun
életemről	noun
dollárom	noun
kibírom	vrb
érdemelte	vrb
marin	noun,adj
pihenő	noun,vrb
tetkó	noun
ügyeit	noun
őrséget	noun
juttatott	vrb
becsülöm	vrb
mindenekelőtt	adv
megsértése	noun,vrb
bajnoki	noun
megtarthatom	vrb
rendszámot	noun
megjegyzést	vrb,noun
műsornak	noun
csöves	adj,noun
raboltak	vrb
képességek	noun,adj
android	noun
cégünk	noun
banya	noun
strandon	noun
hitet	vrb,noun
bocsát	vrb,sentint,noun
tanulmány	noun
támadja	vrb
papírjait	noun
dobog	vrb
felszállás	noun,vrb
kettejük	adj_num
öregasszony	noun
tisztességtelen	adj
mellényt	noun
próbálkozunk	vrb
megállítsuk	vrb
maestro	noun
farmra	noun
ellopják	vrb
láthatnak	vrb
mondhatnánk	vrb
otthagyni	vrb
bilincs	noun
tesók	noun
autómat	noun
dokumentumokat	noun
bók	noun
szolgáltatás	vrb
visszahozzuk	vrb
príma	adj
elteltével	adj,noun,vrb
udvariasan	adj
vennél	vrb
utasított	vrb,noun
hotelban	noun
berendezést	noun,vrb
teszitek	vrb
élvezzétek	vrb
akartatok	vrb
összejöttünk	vrb
égbe	noun
lóról	noun
vezére	noun
ollót	noun
betartani	vrb
nyerhetünk	vrb
lépnie	vrb
foltos	adj,noun
szokatlanul	adj,vrb
ültek	vrb
megőrültek	vrb
csaltál	vrb
kezemből	noun
dicsőséges	noun,adj
vond	vrb
megmentése	noun,vrb
hívnám	vrb
butaságot	adj
valószínűséggel	adj
egyvalamit	noun
filmből	noun
beszállt	vrb
bibliai	adj,noun_prs,noun
jókora	adj
randizott	vrb,noun
elbuktam	vrb
ünnepek	noun
gonosztól	adj
összekötő	noun,vrb
rekordot	noun
képembe	noun
festéket	noun
parancsunk	noun
kiképzést	vrb,noun
nevezel	vrb,noun
ujjlenyomatát	noun
legálisan	adj
vese	noun
mississippi	noun_prs
harcoltál	vrb
türelmem	noun
koncentrálok	vrb
magukban	noun_ref_PL_3
tanárt	noun
mindnyájunkat	noun_pron
megsértette	vrb
megkezdődött	vrb
programba	noun
szintúgy	adv
ajánlata	noun
találkoznánk	vrb
átka	noun
maradandó	adj,vrb
bukkan	vrb
képeken	noun
dolgokba	noun
tervük	noun
atom	noun,adj
rabja	noun
másodpercen	noun
villát	noun
csávót	noun
nadrágját	noun
leszedni	vrb
anonim	adj
támogatását	noun,vrb
megtanította	vrb
bírjuk	vrb
mellettük	noun_pron
itthonról	adv
megmentettük	vrb
szagod	noun
felelj	vrb
évfordulót	noun
meglátogat	vrb
szabadítani	vrb
házaspár	noun
ezelőttig	post
különbözőek	adj,vrb
stílusod	noun
senkihez	noun_pron
ékszerek	noun
bírlak	vrb
változat	noun
gumit	noun
bűne	noun
krém	noun
visszavonul	vrb
alakváltó	noun,vrb
lerázni	vrb
szeretete	noun
falka	noun
lakat	noun,vrb
valamelyikőtök	noun_pron
megoldottuk	vrb
szállították	vrb
sérültek	adj,noun,vrb
képvisel	vrb
házunkba	noun
áldozatát	noun
együttműködést	noun,vrb
ellenében	noun_pron,post
tervező	vrb,noun
csóka	noun
rettegek	vrb
hálaadáskor	noun
köszöntöm	vrb
telefonszáma	noun
lezárjuk	vrb
fordítsa	vrb
szavazást	vrb,noun
kovács	noun
szednem	vrb
mértékű	noun
megeshet	vrb
becsapott	adj,vrb
szerv	noun
időpontban	noun
zavarják	vrb
társaságunk	noun
mamának	noun
maradhatnék	vrb
konfliktus	noun
távon	noun
visszatérjen	vrb
elküldték	vrb
árulod	vrb
elégedettek	vrb
fogadnom	vrb
maradhatnak	vrb
bökkenő	noun
vesztegeted	vrb
kérnénk	vrb
véletlenszerűen	adj
megtámadja	vrb
kérdésére	noun,vrb
térsz	vrb
hátrább	adv
állásra	noun,vrb
hercegnek	noun
parazita	noun
megbukott	vrb
körözött	vrb,noun
visszahozza	vrb
műteni	vrb
rendőrökkel	noun
hohó	sentint
halleluja	noun
játszadozni	vrb
megtagadta	vrb
mászik	vrb
anyámtól	noun
fekvő	vrb,adj
kérdezzék	vrb
felépíteni	vrb
állapotában	noun
mindnek	noun_ind,noun,det
másodjára	adj_num
cselekszünk	vrb
amelyen	adj_wh
kapcsolatnak	noun
kőkemény	adj
gömb	noun
kadét	noun
gyűrűk	noun
sirály	noun
megfojtották	vrb
eltűnjön	vrb
barátjuk	noun,adj
m-mi	UNK
elfelejtjük	vrb
bepánikoltam	vrb
nemesek	adj,noun
rokonai	noun
szeressen	vrb
érdemlek	vrb
lenyúlta	vrb
növelni	vrb
csaltam	vrb
beteggel	noun,adj
bárból	noun
egymaga	noun_ref_SG_3
intéztem	vrb
látnivaló	noun
elvitted	vrb
használhatnám	vrb
fönt	adv
egészében	adj
futottál	vrb
kihagytad	vrb
tanulmányi	noun
marketing	noun
vágytál	vrb
lehetőséggel	vrb,noun
beleszeretett	vrb
elvegye	vrb
szemeket	noun
szabadjára	adj
arcodra	noun
harapni	vrb
bizonyítékuk	noun
adatbázis	noun
kilátást	vrb,noun
vádolja	vrb
kifizeti	vrb
elméletben	noun
seggfejnek	noun
fogjunk	vrb
észlelek	vrb
szöszi	noun
hazugságokat	adj
megcsalta	vrb
szaftos	noun
gépezet	noun
egyezmény	noun
hercegnőm	noun
kismadár	noun
évesnek	adj,noun
kedvében	noun
valakiről	noun_pron
határa	noun,adj_num
zacskót	noun
rágót	vrb
francról	noun
leírása	noun,vrb
elküldi	vrb
köszönheti	vrb
költözöl	vrb
buzis	noun
tízkor	adj_num
krónikus	adj
akcióban	noun
dönts	vrb
ilyenekkel	adj_wh
legrosszabbat	adj
biztosítást	vrb
nadrágom	noun
építek	vrb
tapad	vrb
levelét	noun
válaszra	noun
borulva	vrb
ködös	adj,noun
folyóban	noun,adj,vrb
iskolának	noun
mennyiért	adj_num_wh,noun
kinyílt	vrb
teltek	vrb,adj
személyzetet	noun
etikai	adj,noun
trónra	noun
fillért	noun
viharban	noun
otthagytad	vrb
kivagyok	vrb
ideért	vrb
kiadta	vrb
stáb	noun
sütött	adj,vrb
órába	noun
limonádét	noun
feladatokat	noun
lássak	vrb
steaket	noun
élet-halál	UNK
eresszetek	vrb
eltaláltak	vrb
ajándékát	noun
cipődet	noun
alapú	noun
torkom	noun
izgatottan	adj,vrb
megrémít	vrb
személlyel	noun
darabját	noun
valószínűbb	adj
fizetve	vrb
őrmestert	noun
reakciót	noun
állatkertben	noun
tudomása	noun
melyikünk	noun_pron
i-igen	UNK
források	noun,vrb
szépnek	adj
ifjúsági	noun,adj
mezőt	noun
figyelmeztető	vrb,noun
hja	sentint
szemük	noun
pofáját	noun
toxikológiai	noun
tanítja	vrb
adva	vrb
valakibe	noun_pron
telefonos	noun
összefügg	vrb
öltözőben	noun,vrb
szenvedjen	vrb
bűzlesz	vrb
exem	sentint,noun
mezőgazdasági	noun
tilalom	noun
lefeküdtünk	vrb
szemetes	noun,adj
húznunk	vrb
meggyógyul	vrb
faluból	noun
meglátni	vrb
valamennyire	adj_num_wh
késs	vrb
magyarázod	vrb
gyilkolt	vrb
javasolni	vrb
végeznem	vrb,noun
ismerném	vrb
találna	vrb
hangomat	noun
nagymamád	noun
sokban	adj_num
egyezni	vrb
hablaty	noun
golfozni	vrb,noun
értelem	noun
szobánk	noun
ölök	vrb
haragudni	vrb
vipera	noun
telefonhívás	noun
elveszítettük	vrb
hazajönni	vrb
egyenesbe	noun,adj
főnökével	noun
gyanakszik	vrb
turisták	noun,adj
kétséget	noun
évében	noun
mellyel	adj_wh
legénységet	noun
sátrat	noun
szórakozzon	vrb
témában	noun
idegennel	noun,adj
köszönjem	vrb
csöppet	noun
gyűrűje	noun
reménye	noun
hányok	vrb
szobájából	noun
köszöntem	vrb
pontok	noun
megmutatná	vrb
megpróbáltunk	vrb
nadrágod	noun
mérgesek	adj,noun
takard	vrb
tagjait	noun
megnehezíti	vrb
vennéd	vrb
számtalanszor	adv
valót	noun,adj
költészet	noun
haha	sentint
hajónk	noun
bicikli	noun
bak	noun
megfogja	vrb
intenzíven	adj
találjanak	vrb
kértünk	vrb
nézték	vrb
tanúvédelmi	noun
elvisznek	vrb
folytatják	vrb
megparancsolom	vrb
tóban	noun
megnézhetnénk	vrb
csinálhatom	vrb
buborék	noun
gyanakodni	vrb
ajtaján	noun
praktikus	adj
tüneteket	noun
akarnánk	vrb
csodákat	noun
éhség	noun
kezeled	vrb
lazítson	vrb
fogytán	adv,vrb,noun
szeretőm	noun,vrb
belekeveredni	vrb
valóm	noun,adj
paradicsomot	noun
tippem	noun
előttetek	noun_pron
macskákat	noun
gondoskodnak	vrb
szarnak	vrb,noun,adj
meglegyen	vrb
edzést	vrb
árral	noun
hírességek	adj,noun
tanítottál	vrb
egyetlenek	adj
bevétel	noun
teára	noun
megkérdezzem	vrb
vennénk	vrb
megbeszélt	adj,vrb
hő	noun,adj
szerelemnek	noun
emlékeztető	noun,vrb
sorok	noun
visszaszámlálás	vrb
válaszoljak	vrb
amilyenek	adj_wh
verseket	noun
domb	noun
ideg	noun
sátor	noun
kérdezned	vrb
szavamra	noun
ezrek	adj_num
választanak	vrb
hálásnak	adj,vrb,noun
tizenhárom	adj_num
bolygók	noun
aszteroida	noun
nőies	adj
számolom	vrb
összhangban	noun
állítanak	vrb
elcseszted	vrb
viharos	adj,noun
visszafizetni	vrb
tizennégy	adj_num
titkolni	vrb
ellenes	adj
netes	noun
végignéztem	vrb
kijárási	vrb
zsebre	noun
mos	vrb
fiadnak	noun
játszanod	vrb
futja	vrb
önteni	vrb
nyomjon	vrb
inspiráló	vrb
dvd	noun
zaklat	vrb
ablakhoz	noun
órányira	noun
álomban	noun
sütiket	noun
nejed	noun
városok	noun
bármerre	adv
láthassa	vrb
fiáról	noun
kulcsfontosságú	noun,adj
gyógyszeres	noun
bírnak	vrb
következményeket	noun
koporsóban	noun
szívást	vrb
megtiltotta	vrb
közelíts	vrb
tisztább	adj
súlyt	noun
testvért	noun
igazgatói	noun,vrb
idézni	vrb
tok	noun
hegyes	adj,noun
úti	adj,noun
hagyma	noun
éreznem	vrb
rendetlenség	adj
erőltesd	vrb
verem	noun,vrb
nyélbe	noun
csinosabb	adj
fejeden	noun
emberük	noun
odaérek	vrb
ezekbe	noun_pron
rázós	vrb
kifogása	noun,vrb
pókok	noun
golyóval	noun
állatkert	noun
tartózkodott	vrb
rajong	vrb
megszabadult	vrb
fejek	noun,vrb
aktiválva	vrb
tartalmát	noun
bölcsen	adj
tequilát	noun
kísérd	vrb
átéltem	vrb
büszkesége	adj
piramis	noun
kertbe	noun
hoztatok	vrb
kiesik	vrb
vetette	vrb
ceremónia	noun
gyárat	noun
háromszög	noun
szélben	noun
elutazik	vrb,noun
mellől	post
megismerjük	vrb
odamész	vrb
gyűjtök	vrb
bosszúálló	adj
együttműködés	noun,vrb
menüt	noun
úgymond	con
mellei	noun
határozza	vrb,noun
befolyása	noun,vrb
területét	noun
kötnek	vrb
gondolkodnom	vrb
gyűlölsz	vrb
térdelj	vrb
keverd	vrb
szégyentelen	adj,noun
váró	noun,vrb
gyógyszereit	noun
szakíts	vrb
kapaszkodjon	vrb
fegyverre	noun
környező	adj,vrb
bűntényt	noun
fejezzék	vrb,noun
bandával	noun
hitét	noun
érzéssel	vrb,noun
áldást	vrb
merénylő	vrb,noun,adj
tekintete	noun
dalok	noun
lősz	vrb
beszállok	vrb
szabadulnunk	vrb
gazdája	noun
hadseregnek	noun
balszerencsét	noun
védekezni	vrb
étkezés	vrb,noun
életedből	noun
érzékelők	vrb
ellenőriznem	vrb
izgató	noun,vrb
akaratom	noun
ruháim	noun
hánykor	adj_num_wh
kiegészítés	noun,vrb
rendezünk	vrb,noun
örököltem	vrb
gyújtsd	vrb
kapcsolataim	noun
remélni	vrb
lefoglal	vrb
viselkedését	vrb
égés	vrb
kardját	noun
viking	noun
összefüggés	noun,vrb
menekülő	vrb
embereinket	noun
szolgák	noun
zenével	noun
jönnének	vrb
kapukat	noun
megérzésem	vrb,noun
élvezik	vrb
hírét	noun
kaszás	noun
nevével	noun
teljesítettem	adj,vrb
részletekre	noun
lecsapott	adj,vrb
ragasztó	noun,vrb
jelentkezési	vrb
közvélemény	noun
minták	noun
kastélyba	noun
aludjunk	vrb
őrző	vrb,adj
energiáját	noun
ebédelünk	vrb
szedj	vrb
elkaptalak	vrb
laptop	noun
költségek	noun
megállapodásunk	noun,vrb
átküldöm	vrb
magasak	adj
egyéjszakás	adj
vehetjük	vrb
forgó	vrb,noun,adj
elméjét	noun
pilóták	noun
családba	noun
fejéhez	noun
előadó	noun,vrb
járnom	vrb
agyadat	noun
matróz	noun
értesítjük	vrb
lélegzetet	noun
bizonyítékként	noun
megtanulja	vrb
várandós	adj
félnie	vrb
kijövök	vrb
bezárom	vrb
elkísérlek	vrb
hamupipőke	adj
szabadnak	adj
küzdesz	vrb
lakásomba	noun,vrb
ugranom	vrb
ellenzi	vrb
eltalálták	vrb
fegyverük	noun
kezeidet	noun
pultnál	noun
kínait	adj,noun_prs
bulijára	noun
csoportok	noun
titkárnője	noun
kérdéssel	noun,vrb
cselekszel	vrb
hideget	adj
muffint	noun
veszitek	vrb
felkelek	vrb
merül	vrb
rúpiát	noun
kapcsolj	vrb
sunyi	adj
odafönt	noun,adv
kedvére	noun
zen	noun
megváltoztattam	vrb
kezdhetünk	vrb
megváltás	noun,vrb
üsse	vrb
nemzetünk	vrb,noun
lehettünk	vrb
kutyámat	noun
irodádban	noun
megöljenek	vrb
szervezete	noun
dollárnyi	noun
arány	noun
visszafizetem	vrb
bemérni	vrb
dobozok	noun
pozícióba	noun
megnézhetném	vrb
lábára	noun
floridai	noun_prs
kávéval	noun
könyvből	noun
hasa	noun
megváltoztatták	vrb
pontosak	adj,noun
vettelek	vrb
tárgyalások	noun,vrb
valamerre	adv
cserét	noun
mondást	noun,vrb
cukorbeteg	noun
üldözött	adj,vrb
ezred	adj_num,noun
letartóztatnak	vrb,noun
felelőssége	noun
olaszok	noun,adj
igazgatóhelyettes	noun,vrb
n-nem	UNK
hazugnak	adj
beindítani	vrb
beszédét	noun
szemszögből	noun
vezettél	vrb
idehozom	vrb
éjjelén	noun,adv
fegyelem	noun
kapcsoló	vrb
céljából	noun
tekintek	vrb
ártatlant	adj,vrb
bekattant	vrb
parancsba	noun
megcsal	vrb
jelzett	vrb,adj
kiviszlek	vrb
idejöttünk	vrb
bizonyítják	vrb
tudhattad	vrb
sokak	adj_num
csajokkal	noun
lányhoz	noun
megmutassa	vrb
birtokot	noun
mellek	noun
sajnálok	vrb
járdán	noun
beszédes	adj,noun
családtagok	noun
csapatmunka	noun
büntetése	noun,vrb
nyomozok	vrb,noun
gy	noun
átvertél	vrb
kiknek	noun_pron
mamát	noun
hatállyal	noun
világít	vrb
társaim	noun
kerüljenek	vrb
törvényellenes	adj
álmodsz	vrb
jelentheti	vrb
kifolyólag	post
meglepi	vrb
komolyra	adj
áldását	vrb
neveltem	vrb
fellépés	noun,vrb
bizonyított	adj,vrb
védelmező	vrb,noun
matematikai	adj,noun
éppúgy	adv
hangyák	noun
eltöröm	vrb
nyugodjanak	vrb
balkezes	adj
többnek	adj_num
tisztel	vrb
ejtő	vrb
öregfiú	noun
tolvajt	noun
hajadat	noun
keltett	vrb
haláleset	noun
erődöt	noun
levágni	vrb
latinul	noun,adj
lebuktam	vrb
látomásom	noun
közönséget	noun
közrendőr	noun
kezelhető	noun,vrb
menekvés	noun
hírszerzési	noun,vrb
állapítani	vrb
bámulnak	vrb
bénák	adj
megszereztük	vrb,noun
írók	noun,vrb
létezését	vrb,noun
néked	noun_pron
elütött	vrb
elalszik	vrb
gát	noun
táskájában	noun
lemenni	vrb
láthatsz	vrb
töltötted	vrb
lelőnek	vrb
vonz	vrb
ilyesmiben	noun_pron
nagyképű	adj
ígérned	vrb
telefonodat	noun
megfogtál	vrb
kardom	noun
megvédjelek	vrb
ehetünk	vrb
mosollyal	noun
nem.	noun,neg
otthonra	noun
rohansz	vrb
é-én	noun
belegondolni	vrb
házigazda	noun
tehenek	noun
koporsót	noun
járulékos	adj,noun
tisztellek	vrb
közösséget	noun,adj
tartsatok	vrb
tiltva	vrb
környékről	noun
idejére	noun
hitel	noun
fényesen	adj,noun
pecsétet	noun
játszhatok	vrb
mozogjatok	vrb
házuk	noun
bíróságot	noun
páncél	noun
leány	noun
máshonnan	adv
érdeklődés	noun,vrb
olyasvalakit	noun_pron
véltem	adj,vrb
kényszerítették	vrb
vizsgálati	noun
kezdheted	vrb
vagyona	noun
szájjal	noun
forduljanak	vrb
kinyír	vrb
utánozni	vrb
energiája	noun
befejezed	vrb,noun
őrizd	vrb
követeli	vrb
bökd	vrb
követnünk	vrb
sportot	noun
ütközés	vrb
tervezni	vrb,noun
elavult	adj,vrb
adásba	vrb
töltünk	vrb
tervezik	vrb,noun
szülőket	noun,vrb
botrányt	noun
összeszedtem	vrb
otthonban	noun
építkezés	noun,vrb
tolja	vrb
döntenie	vrb
nézhetem	vrb
szétlövöm	vrb
generációs	noun
találkozhatsz	vrb
felszállni	vrb
megbeszéltünk	vrb,adj
karkötőt	noun
bezárják	vrb
tornyot	noun
rendszáma	noun
váltok	vrb
sajátját	adj
öljék	vrb
gimnázium	noun
hajlamosak	adj,noun
szavazott	vrb,noun
barátnőt	noun
vizelet	noun
kihagyott	adj,vrb
ugyanabból	noun_pron
éjszakák	noun,adv
viselik	vrb
invázió	noun
ülhetek	vrb
dalom	noun
megismerhettem	vrb
asszonya	noun
pszichológia	noun
meglátjátok	vrb
fogászati	adj,noun
tanítottak	adj,vrb
íjász	noun
ás	vrb
pöcsfej	noun
szívtam	vrb
nyírd	vrb
árnyéka	noun
csalinak	noun
másokon	adj,noun
filmem	noun
változtam	vrb
eredményeit	noun
barátnőjének	noun
gagyi	adj
kötést	vrb
beszélgetsz	vrb
helyezi	vrb,noun
öltönyös	noun
szívek	noun
egészsége	noun,adj
kedveském	noun,adj
fogást	vrb
elhagysz	vrb
kocsikázni	vrb
tóhoz	noun
meghívás	noun,vrb
képből	noun
sí	noun
következel	vrb
születésnapjára	noun
bevetted	vrb,adj
kicsikét	adj
mentős	noun,vrb
ivás	vrb,noun
emberen	noun
beszélgethetünk	vrb
látniuk	vrb
történetben	noun
taj	noun
eleje	noun
mindnyájunknak	noun_pron
születtünk	vrb
rendelés	vrb
eladva	vrb
elmehettek	vrb
dala	noun
panaszkodom	vrb
ujjait	noun
telefonokat	noun
repülsz	vrb
bűntudata	noun
pirítós	noun,vrb
v.	noun,adj_num
üzletel	vrb
ellenkezik	vrb
intézzem	vrb
bevallja	vrb
riporterek	noun
dicsőséget	noun,adj
készlet	noun
lelkedet	noun
beszélgetett	vrb
lementem	vrb
készítsek	vrb
hiú	adj
vallottam	vrb
testedet	noun
mindenkiről	noun
elvágták	vrb
aszpirint	noun
felmondott	adj,vrb
utcák	noun
töltöttük	vrb
tárt	adj,noun,vrb
holmit	noun
elárultam	vrb
szabadúszó	adj
atyát	noun
tömeges	adj,noun
legelőször	adv,adj_num
sietett	vrb
lefújva	vrb
ihatok	vrb
mennyek	noun
kettőnkről	adj_num
fedett	adj,vrb
tűnne	vrb
kardod	noun
elméletet	noun
fejezetet	noun
megérintett	vrb
dolgozzanak	vrb,noun
issza	vrb
büntető	noun,vrb
szakszervezet	noun
folytat	vrb
galaxisban	noun
bankból	noun
éjféli	noun
blues	noun
tanítványa	noun
körzeti	adj,noun
felgyújtotta	vrb
különlegesek	adj
szándékozom	vrb
találkoznod	vrb
leléptél	vrb
hölgyeknek	noun
csinálná	vrb
készenlétbe	noun
pogány	adj
lakásból	noun,vrb
megérintette	vrb
kilétét	noun
lószar	noun
akármelyik	noun_pron
kamasz	noun
választják	vrb
ismerőse	noun,vrb
belépési	vrb,noun
meghozta	vrb
dolgozna	vrb,noun
emberrabló	noun
születésnapod	noun
dallam	noun
szolgálják	vrb
landolt	vrb
fájjon	vrb
visszaemlékezni	vrb,noun
szarzsák	noun
megoldotta	vrb
jelentkeztél	vrb
sötétebb	adj
gondoljunk	vrb
kihallgatni	vrb
meghozni	vrb
főnyereményt	noun
elküldjük	vrb
letettem	vrb
bosszant	vrb
határtalan	adj,noun
megkaphatod	vrb
mennyien	adj_num_wh,noun
nyakamba	noun
orvosnál	noun
válást	vrb
tányért	noun
fogait	noun
pennyt	noun
pelenkát	noun
javasolt	vrb
főzés	vrb
kitaláció	noun
termel	vrb
átöltözöm	vrb
partnert	noun
kamra	noun
döntöd	vrb
tojásokat	noun,vrb
fokozat	noun
diagnózis	noun
eldöntöttük	vrb
összevesztünk	vrb
küzdelmet	noun
lefoglalja	vrb
jobbról	adj,noun
parancsait	noun
titkolsz	vrb
időközben	adv,noun
hazudós	vrb
felszedni	vrb
keltél	vrb
helyükre	noun
elvesztettél	vrb
dühöt	noun
darabok	noun
szikláról	noun
népét	noun
férfiról	noun
céghez	noun
tüze	noun
kitűnően	adj,vrb
felmerül	vrb
bőröndöt	noun
pazarlás	vrb,noun
vala	vrb
ellenfele	noun
bíznom	vrb
ördögnek	noun
megszülettél	vrb
döbbenetes	noun
prédikátor	noun
ágyad	noun
képregény	noun
szóljunk	vrb
elfogadták	vrb
derítse	vrb
cézár	noun
cipelni	vrb
megöltük	vrb
árak	noun
családjáról	noun
tisztelendő	vrb
mindkettőjüknek	adj_num
paradicsomban	noun
földben	noun
járjak	vrb
förtelmes	adj,noun
pasasnak	noun
felnőttél	vrb
meghallják	vrb
júdás	noun
babot	noun
furcsák	adj
újfajta	adj
joggal	noun
induljatok	vrb
hányt	adj_num_wh,vrb
söpredék	noun
legkönnyebb	adj
emlékeztesselek	vrb,noun
eltökélt	adj,vrb
szeresd	vrb
kommunikációt	noun
szólított	vrb
bowling	noun
sütik	noun,vrb
felhajtást	noun,vrb
mása	adj,noun
kihozzuk	vrb
megbolondultál	vrb
óvszer	noun
áss	vrb
tértek	vrb
hozzászokva	vrb
nővérét	noun
tájékoztatom	vrb,noun
vándor	noun
túlélésre	vrb
szociopata	noun
kitalálod	vrb
vizsgálnunk	vrb
vizsgálatokat	noun
sztárok	noun
nyomozott	vrb,noun
tértél	vrb
főnyeremény	noun
rettegett	vrb
szembeszállni	vrb
rávettem	vrb
megkérdeznem	vrb
tökön	noun
finomabb	adj
meteor	noun
kiterjedt	adj,vrb
ellenségnek	noun
pozícióját	noun
keskeny	adj
huncut	adj
létrát	noun
elemzés	vrb,noun
elvégzi	vrb
szálak	noun
haszon	noun
túlélési	vrb
megmenekült	vrb
hálóban	noun,vrb
láthatunk	vrb
érzéki	adj,noun
edzője	vrb,adj
haldoklott	vrb
tervezted	vrb,noun
stílust	noun
fater	noun
meghallgatom	vrb
megmérgezte	vrb,noun
ígérje	vrb
párom	noun
ezüstöt	noun
gyilkolás	vrb
kétféle	adj,adj_num
utólag	adv
kidobták	vrb
hallgatunk	vrb
megijesztesz	vrb
családon	noun
vulkáni	adj,noun
pillantás	vrb
beteszem	vrb
kövessétek	vrb
buddhista	adj
könnyed	adj,noun
legédesebb	adj
titkára	noun
sajátom	adj
egészre	adj
túlsó	adj
üdvözletét	noun
mesélje	vrb
tizenkettő	adj_num
elindulok	vrb
gondolkodott	vrb
kolumbiai	noun_prs
bogarat	noun
randija	noun
kanyar	noun
fivérek	noun
ijedve	vrb
fenekem	noun
megszállt	vrb
békével	noun
mutatnod	vrb
évekbeli	adj
otthagyott	vrb
öccsét	noun
vágok	vrb
ennék	vrb
gyanúm	noun
ellenállhatatlan	adj,vrb
masszív	adj
rendezve	vrb,noun
rúgja	vrb
piás	noun
belénk	noun_pron
olyannyira	adv
betegségek	noun,adj
szemüveges	adj,noun
találhatunk	vrb
formát	noun
megszállta	noun,vrb
betörtem	vrb
csomagtartóba	noun
rúgás	vrb
bajnoka	noun
elnökének	noun
gúnyt	noun
jogász	noun
asszonnyal	noun
színéről	noun
fickótól	noun
legyőzött	adj,vrb
jövendőbeli	adj,noun
megszökik	vrb
óvatosabb	adj
címem	noun
esel	vrb
búcsúzni	vrb,noun
megállítja	vrb
helyemet	noun
elengedi	vrb
engedek	vrb
vezetőnk	noun,adj,vrb
földdel	noun
megkezdjük	vrb
végeznünk	vrb,noun
erőszakra	noun
készüljünk	vrb
utamat	noun
édesek	adj
állítottak	vrb
infókat	noun
útjaink	noun
kiadott	adj,vrb
fel-alá	UNK
odaadó	vrb
w.	noun
keveréke	noun
villany	noun
trónt	noun
nyilvántartásban	noun,vrb
hidegben	adj
közeledben	noun
mg	noun
töltenem	vrb
háttér	noun
bűntudatod	noun
szándékában	noun
haragot	noun
vonult	vrb
sokkos	noun
kell-e	vrb,adv
könyörög	vrb
örülnél	vrb
gyomrában	noun
elfoglalta	vrb
újságokat	noun,adj
gárda	noun
bosszúból	noun
behatoló	vrb
innék	vrb
felvennem	vrb
szolgáltatást	vrb
főnökének	noun
kanapét	noun
szólítani	vrb
évfordulónk	noun
cirkuszi	noun
apámé	noun
angyalt	noun
vágva	vrb
erőltetni	vrb
kitt	noun
ablakból	noun
húsvéti	adj,noun
ebédidő	noun
lényeket	noun
hadserege	noun
lakosztály	noun
fenekét	noun
betegre	noun,adj
vehetnénk	vrb
tiedet	noun_pron
drágább	adj
vonszold	vrb
bánják	vrb
végében	noun
táj	noun
igaznak	adj
kilométeres	noun
gazfickó	noun
mennyiség	noun
iráni	noun_prs
töröm	vrb
buliról	noun
bevándorló	vrb,adj
tojások	noun,vrb
környezetet	noun
helyettesíteni	vrb
eljöjjön	vrb
vadonban	noun
tenisz	noun
háttal	noun
pánikot	noun
vezetéket	noun
gyalázatos	noun,adj
figyellek	vrb
lelőtted	vrb
fészkes	noun
bútorokat	noun
párbaj	noun
vásárlás	vrb,noun
gondolatai	noun
fajankó	noun
piszkosul	adj,noun
bajnokok	noun
tőrbe	noun
szeretetét	noun
tervezés	vrb,noun
boszorka	noun
kirabolni	vrb
amikben	noun_pron
számold	vrb
bokám	noun
tervben	noun
találgassak	vrb
hasznossá	adj,noun
megjelenése	noun,vrb
alagútban	noun
érezned	vrb
keresztények	adj,noun
ritmus	noun
rendellenesség	adj
átgondolni	vrb
tudnotok	vrb
bebizonyította	vrb
történetének	noun
becsukom	vrb,noun
keresne	vrb
kalappal	noun
elutasították	vrb,noun
valakije	noun_pron
egyhamar	adv
átnézzük	vrb
szakít	vrb
tévesen	adj
hibbant	vrb
keresése	vrb
tizennyolc	adj_num
tönkretették	vrb
kapcsolom	vrb
megtalálnunk	vrb
szervezetet	noun
józanul	vrb,adj
ige	noun
miénket	noun_pron
kertet	noun
kiengedik	vrb
14-es	adj_num
pácban	noun
frontot	noun
szárazföldön	noun
zenéje	noun
kezekbe	noun
bejöhet	vrb
fáról	noun
nemzetet	noun
tanították	vrb
problémáink	noun
bőrönd	noun
egészségesen	adj,noun
cetlit	noun
foglalkozása	noun,vrb
felszáll	vrb
védekező	noun,vrb
területeken	noun
elszúrtad	vrb
hazatért	vrb
gondolatom	noun
jellegzetes	adj
görbe	noun,adj
eszközzel	noun
répa	noun
garantálja	vrb
pórázon	noun
csinálnád	vrb
másodperced	noun
terjedő	noun,vrb
elcsábítani	vrb
hasznosat	adj,noun
feleségek	noun
keveredtem	vrb
megvoltak	vrb
ítélkezni	vrb
elolvasom	vrb
virágzó	vrb,adj
fellépni	vrb
elrejtettem	vrb,adj
utaztunk	vrb,noun
nyakunkon	noun
muffin	noun
társaságban	noun
visszajöttünk	vrb
törődünk	vrb
ragadtatva	vrb
rivális	adj
kisöcsém	noun
taposs	vrb
rémesen	adj,noun
szenátort	noun
srácra	noun
botrányos	adj,noun
megütötted	vrb
maradványokat	noun
engednie	vrb
vélte	vrb
nyugalomra	noun
tudatosan	adj,noun
elengedte	vrb
leveszi	vrb
életedbe	noun
leggyorsabban	adj
kampányt	noun
lényegét	noun
szabadban	adj
órákkal	noun
menekülök	vrb
molekuláris	adj
ugyanarról	adv
pisztolyom	noun
senkiházi	adj
nyomomban	noun
fogjon	vrb
brandy	noun
melltartót	noun
megharapta	vrb
hajszál	noun
létezel	vrb,noun
kurafi	noun
rabolt	vrb
igazságtalanság	adj,noun
anyámra	noun
különlegesnek	adj
helyemre	noun
pink	noun
járőrök	noun
köddé	noun
meghaladja	vrb
diploma	noun
sógorom	noun
drogokkal	noun
készítésű	vrb
kapaszkodjatok	vrb
manipulálni	vrb
amelyikben	noun_pron
lux	noun
magamba	noun_ref_SG_1
kételkedem	vrb
megszabadulunk	vrb
percek	noun
tároló	vrb
befogod	vrb
vetünk	vrb
élvezetes	adj,noun
megszegted	vrb
mindannyiuknak	adj_num_wh
távolsági	noun
tanulmányoztam	vrb,noun
elcseszte	vrb
életeteket	noun
ruháidat	noun
fizetjük	vrb
másutt	adv
szétesik	vrb
lépésről	noun,vrb
béta	noun
megérdemeltem	vrb,adj
fejéből	noun
megmondják	vrb
hozzászokni	vrb
komolynak	adj
megfogott	adj,vrb
pucéran	adj
bazi	adj
telefonálj	vrb
memóriája	noun
hölgyeket	noun
csalódni	vrb
megegyeznek	vrb
babára	noun
felhasználva	vrb
hazajövök	vrb
parancsolsz	vrb
kocsimmal	noun
esélyes	adj,noun
működését	vrb
adjál	vrb
óceánba	noun
meghívta	vrb
nevettem	vrb
válnunk	vrb
beugrottál	vrb
irányítsa	vrb
lelövi	vrb
rovar	noun
csődöt	noun
üzletét	noun
bebizonyítsam	vrb
fesztiválon	noun
hetem	adj_num,noun
vezessem	vrb
bányában	noun
rúg	vrb
magot	noun
vihetjük	vrb
terjedt	vrb
kezdődtek	vrb
feneked	noun
csótány	noun
felkeltette	vrb
meglepetéseket	noun,vrb
csigavér	noun
létezem	vrb,noun
tekercset	noun
eresszenek	vrb
taknyos	adj,noun
randiztunk	vrb,noun
eljutottunk	vrb
fiúnk	noun
bevinni	vrb
hiányában	noun
lelőlek	vrb
menekültem	noun,vrb
cuccaim	noun
zsebedben	noun
pultos	noun
enyémre	noun_pron
hordozható	vrb
tudok-e	vrb,adv
nagyokos	adj
kimerültem	vrb
figyelmünket	noun
vezessek	vrb
eltörted	vrb
berlini	noun_prs
megjelennek	vrb
lógtam	vrb
hibázik	vrb,noun
javult	vrb
menekülhetsz	vrb
városra	noun
móresre	noun
réteg	noun
lehessünk	vrb
jelentenem	vrb
országok	noun
gyalázat	noun
jegyzőkönyv	noun
szavaival	noun,noun_prs
rajzolt	adj,vrb
székbe	noun
fordulatot	noun
beatles	noun
nejét	noun
belépsz	vrb
halálról	noun
kétségbeesés	vrb
joker	noun
jöhettek	vrb
leül	vrb
körű	noun
ilyenné	adj_wh
ehető	vrb,adj
engedélyed	noun
sivár	adj
járjunk	vrb
valószínűsége	adj
igazolvány	noun
tervezve	vrb,noun
figurát	noun
akarjon	vrb
hagyjalak	vrb
rontottam	vrb
gyerekkorában	noun
motorja	noun
bámulj	vrb
medencét	noun
fejben	noun
mozdulatot	noun
képeit	noun
bujkálsz	vrb
leírom	vrb
kérését	vrb
elérhetetlen	adj,vrb
hiányozna	vrb,noun
szívecském	noun
leülünk	vrb
párnak	noun,adj_num
alkotta	vrb
sebhely	noun
megcsinálták	vrb
infúziót	noun
harca	noun
merészel	vrb
üzemanyagot	noun
sikerre	noun
szállítják	vrb
adósság	noun
helyzetünk	noun
telefonszámot	noun
öcsédet	noun
hullaházba	noun
barátnőmnek	noun
vehetünk	vrb
kezelésbe	vrb
istenien	adv,adj,noun
dolgoddal	noun
üssön	vrb
hírnevet	noun
véleményemet	noun
folyóhoz	noun,adj,vrb
filozófia	noun
évfordulója	noun
elutasítva	vrb,noun
szentek	adj,noun
különbözünk	vrb
elérik	vrb
szabadságát	noun,adj
huszonöt	adj_num
hírekkel	noun
belehalok	vrb
15-ös	adj_num
eldöntötted	vrb
összetörtem	vrb
ötéves	adj_num,noun
akarnának	vrb
csendesebben	adj,noun
fekete-fehér	UNK
karokkal	noun
hibáztál	vrb,noun
sérülései	noun,vrb
robotot	noun
morfiumot	noun
izgalmasabb	adj,noun
küldenünk	vrb
tisztítani	vrb
kapnál	vrb
múlni	vrb
esélyek	noun
háborúról	noun
állítottad	vrb
rajzoltam	vrb
fix	noun,adj
lemaradtál	vrb
színházi	adj,noun
lakok	noun,vrb
diplomát	noun
regényt	noun
magzat	noun
kalapácsot	noun
próbálkozzon	vrb
megbeszélhetjük	vrb
fájdalomra	noun
sajtótájékoztatót	noun,vrb
bosszúra	noun
harcok	noun
mosolygok	vrb
utasította	vrb,noun
hoki	noun
ügyvédnek	noun
arányban	noun
hozzáférni	vrb
vezetésével	noun,vrb
felvételét	noun
élvez	vrb
nehéznek	adj
olvassák	vrb
szomorúan	adj
foglalkozzunk	vrb
aludjak	vrb
ösvényen	noun
jelképe	noun
százalékos	noun
mentenem	vrb
vitába	noun
foglalkozó	vrb
játszotok	vrb
szívok	vrb
érintés	vrb
fodrász	noun
valakik	noun_pron
felmenni	vrb
eltörött	vrb
állítson	vrb
kártyám	noun
cseréljünk	vrb
elállt	vrb
hajlandók	adj
technológiai	adj,noun
érdekemben	noun
felelt	vrb
krokodil	noun
ugyanazért	noun_pron
diszkréten	adj
harapj	vrb
eldobta	vrb
maszkos	noun
idegi	noun
jótékony	adj
bolygónk	noun
nyomtam	vrb
retardált	vrb
ürügy	noun
mohó	adj
hívatott	vrb
elválni	vrb
kellemetlenül	adj
vittél	vrb
helyzettel	noun
elérje	vrb
profitot	noun
agyamat	noun
egyebet	noun
támogatlak	vrb
dologból	noun
rágó	vrb
töltöttél	vrb
érvényben	noun
többiekhez	adj
minőség	noun
felajánlott	adj,vrb
megtaláltak	vrb
gondolhattam	vrb
nagyszabású	adj
táplálja	vrb
alakulat	noun
változtass	vrb
vigyünk	vrb
áramszünet	noun
játszhatsz	vrb
röviddel	adj
kereskedelem	noun
mögém	noun_pron
szerveztem	vrb,noun
egyszemélyes	adj_num,noun
vezetik	vrb
seriffet	noun
csoporttal	noun
legyőzi	vrb
diákot	noun
ügyvéded	noun
templomból	noun
raktak	vrb
tűnnöm	vrb
megérdemelsz	vrb
tegnapelőtt	adv
találkozzanak	vrb
vécén	noun
ennünk	vrb
fegyelmi	adj,noun
rohantam	vrb
gitárt	noun
kiráz	vrb
beállt	vrb
idenézz	vrb
állíthatja	vrb
bunker	noun
csillagkapu	noun
érinteni	vrb
megígéri	vrb
komédia	noun
eladod	vrb
kényszeríts	vrb
nőként	noun
csevegni	vrb
problémákkal	noun
ingem	noun
helyeztek	vrb,noun
szobatársa	noun
vevőt	noun,vrb,adj
22-es	adj_num
hibáztat	vrb,noun
bízzuk	vrb
mellékhatása	noun,vrb
szólnunk	vrb
időmben	noun
irigyellek	vrb
ultra	noun
inas	noun,adj
viccesebb	adj,noun
randiztál	vrb,noun
meghúzni	vrb
támogatott	noun,adj,vrb
döntenünk	vrb
megmozdult	vrb
dogot	noun
felvesz	vrb
mindenét	noun
mihelyst	con
létra	noun
pajtában	noun
csizma	noun
hősként	noun
nevezted	vrb,noun
csomagolni	vrb
étellel	noun
napokra	noun
megtelt	vrb
összeállt	vrb
nyomkövetőt	noun,vrb
kevert	adj,vrb
kirúgtam	vrb
poént	noun
bentlakásos	adj,noun
avagy	con
oltár	noun
hindu	noun,adj
keveredik	vrb
enyémben	noun_pron
főnix	noun
eléd	noun_pron
védtem	vrb
élére	noun
jelentettem	vrb
feleségnek	noun
vezetőjének	noun,adj,vrb
hálával	noun
odanézzenek	vrb
költöztek	vrb
mindenemet	noun
pince	noun
férjeddel	noun
kételkedni	vrb
fenyegette	vrb
kosarat	noun
gyűjtöttem	vrb
szobák	noun
számítógépek	noun
megértett	vrb
elkísérem	vrb
gyümölcse	noun
karate	noun
seggüket	noun
tettétek	vrb
megtudd	vrb
kihúzom	vrb
elbukik	vrb
meghívó	vrb
elintézed	vrb
fajtája	noun
zenekart	noun
árulsz	vrb
flúgos	adj
váltsunk	vrb
utalás	vrb
ragadni	vrb
kabátja	noun
hadosztály	noun
rácsok	noun
kopogni	vrb
valamiből	noun_pron
magukért	noun_ref_PL_3
alkimista	noun
féltékennyé	adj
őméltósága	noun
bevetésre	vrb,noun
elengedtem	vrb
rosszfiúkat	noun
senkije	noun_pron
tudhatná	vrb
pakold	vrb
éjszakáról	noun,adv
abbahagyod	vrb
elkésni	vrb
visszahoztam	vrb
fejemen	noun
szexelünk	vrb
létezhet	vrb,noun
cella	noun
gazdaggá	adj
értené	vrb
rontsd	vrb
gondjaid	noun
élen	noun
eszköze	noun
számolja	vrb
alkotni	vrb
kihasznált	vrb
miamiba	noun_prs
másodpercben	noun
rakom	vrb
táncoló	vrb
helyszínelő	noun,adj,vrb
énekeld	vrb
lelövik	vrb
feljegyzést	vrb,noun
kefélni	vrb
kiderülne	vrb
kór	noun
esés	vrb
döntünk	vrb
odaér	vrb
félelemtől	noun
nehezek	adj
beilleszkedni	vrb
futottunk	vrb
királynőm	noun
szolgálta	vrb
legrégebbi	adv
lettetek	vrb,noun,adj
izzó	noun,vrb
bandának	noun
gyűlésre	vrb
okozzon	vrb
hátára	noun
teremt	vrb
szánták	vrb
nővérnek	noun
birka	noun
frankón	adj
eléred	vrb
alapozva	vrb,noun
sógor	noun
perez	noun
halva	vrb
tudásom	noun,vrb
részeként	noun
megtudok	vrb
találkozónk	noun,vrb
kihagyta	vrb
fegyenc	noun
törölje	vrb
kecskét	noun
régebb	adv
házit	adj,noun
fiunkat	noun
hisztek	vrb
becsületét	noun
alezredes	noun
igazolványt	noun
önzetlen	adj
rohanni	vrb
vérszomjas	adj
tömör	adj
rajzolta	vrb
feltörte	vrb
területek	noun
havat	noun
lakók	noun,vrb
vigyek	vrb
romboló	vrb
aláírást	noun,vrb
bukás	vrb
kísérteni	vrb
osztozni	vrb
béreltem	vrb
oldaláról	noun
sámán	noun
dohányzom	vrb
laktunk	vrb
katonája	noun
mobilján	noun,adj
szervez	vrb,noun
telitalálat	noun
tudása	noun,vrb
irodámból	noun
vacsorával	noun
kéket	adj
letartóztatják	vrb,noun
reptéri	noun
hozzál	vrb
elfelejtik	vrb
hallanám	vrb
egyrészt	adv
képességeim	noun,adj
kezel	vrb
legénysége	noun
ünnepséget	noun
érdekeljen	vrb
előérzetem	noun
formáját	noun
megmagyarázhatatlan	adj,vrb
mell	noun
érző	vrb,adj
álcák	noun
működőképes	noun,adj,vrb
kiengedtek	vrb
alkalmanként	noun
racionális	adj
helyüket	noun
gondolnia	vrb
írtunk	vrb
drón	noun
csodája	noun
akcentussal	noun
bűncselekmények	noun
forduljunk	vrb
tapasztalatból	noun
megbocsátás	noun,vrb
megmentő	vrb
karkötő	noun
erika	noun
többivel	adj
nyulak	noun
körme	noun
képre	noun
ront	vrb
nevelte	vrb
tehetségem	noun
tárcáját	noun
mélységesen	adj
kezéből	noun
leggyengébb	adj
kintről	adv
felkelés	noun,vrb
ünneplünk	vrb
reményében	noun
haláluk	noun
videókat	noun
árnyékban	noun
f.	noun
barátocskám	noun
fulladás	vrb
válogatós	noun,vrb
sztárja	noun
kereke	noun
fizetnünk	vrb
temetőbe	noun,vrb
egyikőjük	noun_pron
elismerésem	noun,vrb
szentelt	adj,vrb
szögből	noun
léleknek	noun
bérelni	vrb
tisztának	adj
lányos	noun
nagyinak	noun,noun_prs
útlevelet	noun
megijeszt	vrb
megőrizni	vrb
támadják	vrb
emailt	noun
megbízhatsz	vrb
kán	noun
otthonba	noun
elmondhatok	vrb
közeljövőben	adv,noun
ideértem	vrb
vakok	noun
megiszom	vrb
hibáztatja	vrb,noun
tisztába	adj
járatot	noun
különösebb	adj
univerzumot	noun
dinoszaurusz	noun
ujjamat	noun
fejezem	vrb,noun
kívánunk	vrb
életforma	noun
elmeséltem	vrb
droggal	noun
kilépni	vrb
randizok	vrb,noun
tárgyal	vrb
kiállok	vrb
időszaka	noun
bíznia	vrb
bizottságnak	noun
elismerte	vrb
forgalmi	adj,noun
jer	sentint
jóság	noun
virágzik	vrb
ránéztem	vrb
udvarra	noun
megtarthatja	vrb
bukkantak	vrb
zenészek	noun
eljusson	vrb
vásár	noun
kötelességed	adj,noun
megvédjék	vrb
dolgozatot	noun
ünnepelünk	vrb
kempingezni	vrb,noun
elénk	noun_pron
belegondolsz	vrb
elemet	noun
vertem	vrb
java	noun
szárított	adj,vrb
elkerülte	vrb
sírban	noun
támadj	vrb
elemzést	vrb,noun
dologért	noun
erőket	noun
nézlek	vrb
választottuk	vrb
kártyáját	noun
voltaképpen	adv,noun
pihennem	vrb
fogadnék	vrb
szavazatokat	noun
foglal	vrb
kijutok	vrb
vevők	noun,vrb,adj
érintette	vrb
visszaér	vrb
szerepem	noun
felszínes	adj,noun
légkondi	noun
mondhattad	vrb
fényre	noun
bekerülni	vrb
pocsékul	adj
piknik	noun
általad	noun_pron,vrb
hiányos	adj,noun
közösségben	noun,adj
föderációs	noun
boszorkányt	noun
meglátogatjuk	vrb
mindegyiknek	noun_pron,noun,adj_uni
tűnhetett	vrb
kapnia	vrb
utunkat	noun
könyvtáros	noun
lenti	adj,noun_prs
felépül	vrb
ablakban	noun
megszokni	vrb
végzeted	noun
kihallgatást	noun,vrb
meglenne	vrb
értenéd	vrb
feltett	vrb,adj
bocsátok	vrb
biciklit	noun
mígnem	con
ügyelj	vrb
tehettünk	vrb
gyilkosokat	adj,noun
csövek	noun
lelt	vrb
kizárva	vrb
parancsolta	vrb
vérontás	noun
elengedték	vrb
döntésre	noun,vrb
haladó	vrb
haverjai	noun
beceneve	noun
jártas	adj
kiütés	noun,vrb
hagynánk	vrb
környezetvédelmi	noun
elszomorít	vrb
fószer	noun
meglepődött	vrb
boldogulsz	vrb
sarokra	noun
titoktartási	noun,vrb
értékesebb	adj,noun
máig	noun
százalékkal	noun
magatoknak	noun_ref_PL_2
bohócok	noun
késés	vrb
beállítva	vrb
kiderítsem	vrb
dinoszauruszok	noun
ártatlanokat	adj,vrb
szakaszában	noun
pofont	noun
nyerhetsz	vrb
srácról	noun
korunk	noun
testen	noun
meglett	vrb,adj
ülésén	noun,vrb
biztosítékot	noun
másodikat	adj_num
kedvesség	adj,noun
szorítani	vrb
bizottsági	noun
mim	noun_pron,noun
szoknya	noun
elhiggyem	vrb
utasításait	vrb,noun
megmentelek	vrb
testvéredet	noun
viccesen	adj,noun
elszigetelt	adj,vrb
á.	noun
gondolhatja	vrb
embertelen	adj,noun
beadtam	vrb
megállította	vrb
vállalod	vrb
tálalva	vrb
táviratot	noun
csíkos	adj,noun
döntenem	vrb
mostam	vrb
hazudjak	vrb
kalapáccsal	noun
remélte	vrb
elégedve	vrb
kereskedők	noun,vrb
makulátlan	adj,noun
túlerőben	noun
mellet	noun
fújni	vrb
emberekből	noun
köpött	vrb
segítségedet	noun
mosolyogva	vrb
megszegi	vrb
családjuk	noun
mozduljatok	vrb
szülőnek	noun,vrb
helyéről	noun
térben	noun
méltósággal	adj
tulajdonában	noun
körülnézni	vrb
küszöbén	noun
meggyilkolását	noun,vrb
férfihoz	noun
harcoljon	vrb
megálltunk	vrb
hasfelmetsző	noun,vrb,adj
spagetti	noun
halálhoz	noun
fiatalembert	noun
kapcsoljátok	vrb
fogadóban	noun,vrb
fanatikus	adj
ügyfeled	noun
szárazföldi	adj,noun
lövünk	vrb
farmert	noun
oldd	vrb
ebédnél	noun
rendeltek	adj,vrb
megszegtem	vrb
tartanád	vrb
emlékeid	noun
vadul	vrb,adj,noun
öbölben	noun
megtehetsz	vrb
hallgatta	vrb
kívánatos	adj,noun
ránézésre	noun,vrb
kiábrándító	vrb
gondoskodó	vrb
házasodjunk	vrb,noun
említi	vrb
bántottak	vrb
egyiküknek	noun_pron
kerekek	noun,adj
szeretkeztünk	vrb
kurvának	noun
faszban	noun
háromnegyed	adj_num,noun
tartoztam	vrb
ivást	vrb,noun
gondoskodsz	vrb
zászlóalj	noun
tépd	vrb
drágák	adj
vállalatok	noun
adnád	vrb
megvetted	vrb
tűzoltóság	noun
ajtóra	noun
elvesszük	vrb
végezték	vrb,noun
hatnak	vrb,adj_num
testébe	noun
rakat	noun,vrb
igen.	noun,con
társadalomban	noun
háborúk	noun
steril	adj
pihenek	vrb
fogyott	vrb
nyomoznak	vrb,noun
mutatna	vrb
polcon	noun
alibijét	noun
herceggel	noun
sejti	vrb,noun
elvesz	vrb
kihasznál	vrb
anyagilag	noun
rendezvény	noun
bokszoló	vrb
hazaértél	vrb
elviszünk	vrb
sztrájk	noun
beismeri	vrb
szárnyas	adj,noun
indította	vrb
fog-e	noun,vrb,adv
dada	noun
lenyűgözni	vrb,noun
problémáid	noun
terveink	noun
dolgaid	noun
kockáztatom	vrb,noun
süllyed	vrb
karjaiban	noun
készítesz	vrb
nénikéd	noun
válaszolnak	vrb
százat	adj_num
megjegyeztem	vrb,noun
musical	noun
ügynököket	noun
szexelt	vrb
befejezték	vrb,noun
ütközött	vrb
döntse	vrb
vendégeim	noun,adj
rejtélyt	noun
beadta	vrb
fiaddal	noun
reményem	noun
tisztes	noun,adj
forgalmat	noun
gyertyák	noun
profilt	noun
léphetsz	vrb
válassza	vrb
rum	noun
biztosítsa	vrb
születésnapján	noun
emlékezzenek	vrb,noun
engednünk	vrb
álmodoztam	vrb
elmenekültek	vrb
megbocsátanál	vrb
testünk	noun
világbajnok	noun
alakját	noun
szennyezett	vrb,noun
megengedni	vrb
akikben	noun_pron
marian	adj,noun
kocsin	noun,noun_prs
emeljétek	vrb
élvezzék	vrb
idejövök	vrb
értéket	noun,vrb
engednem	vrb
erősítésre	vrb,noun
elzárva	vrb
ébredek	vrb
tálcán	noun
házasságod	noun,adj
hóban	noun
luka	noun
kővel	noun
apuval	noun
megóvni	vrb
kigyulladt	vrb
átkutattuk	vrb
helyszíni	noun
öngyilkossági	adj
kapjunk	vrb
szonda	noun
valakid	noun_pron
ellenállást	noun,vrb
szokva	vrb
ésszel	noun
csatlakoznak	vrb
bámulja	vrb
rájönne	vrb
homokot	noun
raktad	vrb
munkatársam	noun
megbocsátotok	vrb
kedvelek	vrb
alja	noun
pompásan	adj,noun
előléptetést	noun,vrb
vesztegetjük	vrb
citrom	noun
kezdődnek	vrb,noun
alulról	post
növényeket	noun
megzavartam	vrb
fiamról	noun
e-ez	UNK
szorgalmas	adj,noun
vállalkozást	noun,vrb
szavaztam	vrb,noun
méghogy	con
nyugodtabb	adj
vállad	noun
veszve	vrb
hiányzom	vrb
megerősítést	noun,vrb
alvásra	vrb,noun
fogadnunk	vrb
perctől	noun
akut	adj
specialista	noun
szentély	noun
információm	noun
pech	noun
odaadod	vrb
szagold	vrb
paróka	noun
elrepült	vrb
szakáll	noun
szalad	vrb
legfurcsább	adj
köszöntőt	vrb
éveiben	noun
apádtól	noun
vezetőnek	noun,adj,vrb
világhírű	adj
kívülre	adv
mennyországban	noun
néném	noun
felrobbantotta	vrb
lábamon	noun
fürdeni	vrb
képzelt	adj,vrb
felügyelőt	noun,vrb
nagynénje	noun
urai	noun_prs,noun
megtehetek	vrb
társaságnak	noun
ütődött	adj,vrb
zeke	noun
átélni	vrb
polgármestert	noun
összezavarodott	adj,vrb
naplemente	noun
kiválasztottak	adj,vrb
rémálmok	noun
ügyvezető	noun,adj
juttatja	vrb
gyűlöletet	noun
tűnnöd	vrb
én-	noun_pron,noun
kérnünk	vrb
odavagyok	vrb
17-es	adj_num
altató	noun,vrb
feljegyzéseket	vrb,noun
nagyit	noun,noun_prs
kóla	noun
érintő	noun,vrb
avatkozz	vrb
történetünk	noun
megkaphatja	vrb
feltételesen	adj,noun
kosz	noun
tárgyalása	noun,vrb
demokratikus	adj
viszonyod	noun
visszaértem	vrb
elhajtott	adj,vrb
mérfölddel	noun
rakomány	noun
göndör	adj
rendelj	vrb
címmel	noun
pina	noun
csontváz	noun
magazinban	noun
győzd	vrb
eltévedtél	vrb
említeni	vrb
bizottságot	noun
fenti	adj
impulzus	noun
nevetünk	vrb
öböl	noun
lazac	noun
kockáztatja	vrb,noun
szavaimat	noun
ítélni	vrb
figyelnél	vrb
hívogat	vrb
illenek	vrb
gyermekünk	noun
fedélzeti	noun
érdekesen	adj,noun
húszas	noun,adj
agyatlan	adj
felében	noun
basszák	vrb
változásokat	noun,vrb
borral	noun
részemet	noun
mobiltelefon	noun
mozgatja	vrb
gimibe	noun
recepciós	noun
klón	noun
fejemhez	noun
fizetne	vrb
fogtál	vrb
megetted	vrb
engedheted	vrb
dagály	noun
átjönni	vrb
menyasszonyi	noun
hívjunk	vrb
rúzs	noun
felére	noun
szörnyeteget	noun
oroszlánok	noun
ügyésznek	noun
fiamra	noun
megfogtam	vrb
ujjaim	noun
feledjük	vrb
szalonban	noun
utcáin	noun
kezűleg	adv
fürge	adj
tagadás	vrb
ütközik	vrb
állapotáról	noun
eláll	vrb
gyűrűjét	noun
meggyilkolásának	noun,vrb
adhatsz	vrb
finomak	adj
helytelenül	adj,noun
megígérhetem	vrb
jelentse	vrb
lázadást	vrb
bátornak	adj
felültetett	vrb
mindenhonnan	adv
kukában	noun
pengét	noun
vámpírt	noun
előfordulni	vrb
lakos	noun
szívja	vrb
fényképét	noun
zsákmányt	noun
helytől	noun
cuccaidat	noun
lépjetek	vrb
védekezés	vrb
képpel	noun
harang	noun
elfutottam	vrb
elkezded	vrb
megszabadultam	vrb
olaszul	noun,adj
öltözzön	vrb
mindannyiótokat	adj_num_wh
kényszeríti	vrb
kinyírta	vrb
hasznavehetetlen	adj
tétel	noun
nyúlok	vrb
világomban	noun
fejük	noun
végeredmény	noun
tanácsa	noun
használnám	vrb
hasad	vrb,noun
szokások	noun,vrb
lenyűgöz	vrb,noun
iratot	noun
évekbe	noun
indítsa	vrb
várostól	noun
agyába	noun
garantált	adj,vrb
reménnyel	noun
gyerekekért	noun
mehettem	vrb
beszélgess	vrb
tízet	adj_num
halhatsz	vrb
papának	noun
háromszoros	adj_num
politikát	noun
oszt	vrb
hercegnőnek	noun
küldjétek	vrb
polgármesternek	noun
elkésel	vrb
végzete	noun
horzsolás	vrb
szájon	noun
pénznek	noun
zsákban	noun
figyelnünk	vrb
várat	vrb,noun
viselkedem	vrb
láttán	noun,post
hull	vrb
előadni	vrb
elmagyarázza	vrb
barátainkat	noun
vigyáztál	vrb
onnét	adv
területére	noun
koncentrálnunk	vrb
letartóztatta	vrb,noun
süllyedt	vrb
ügyészt	noun
buzik	noun,adj
mutattál	vrb
sarka	noun
messzebbre	adj
gyanúsítottja	noun,adj,vrb
megfognád	vrb
hátulján	noun
szobámat	noun
szerezték	vrb,noun
veszekednek	vrb
követve	vrb
megünnepelni	vrb
állásomat	noun,vrb
használtunk	vrb
köszönheted	vrb
leírt	vrb
dalát	noun
zónába	noun
férjedet	noun
múltját	noun,adj,vrb
nagyanyád	noun
jelvényét	noun
fejünk	vrb,noun
sarat	noun
kihűl	vrb
figyelmedet	noun
kérjünk	vrb
példája	noun
szappant	noun
tyű	sentint
fenyegetve	vrb
feneke	noun
tönkretesz	vrb
tettei	noun,vrb,adj
láthattad	vrb
fizetnék	vrb
bögre	noun
tőrt	noun
ilyesfajta	adj_wh
kiadja	vrb
fizesse	vrb
kisváros	noun
szerző	vrb,adj
papám	noun
arannyal	noun
viselnem	vrb
cukros	adj,noun
tündérek	noun
szituáció	noun
hozzámentem	vrb
tanulók	vrb
tippeljek	vrb
brigád	noun
egysége	noun
szülőknek	noun,vrb
lopja	vrb
vállát	noun
megrázó	vrb
ejt	vrb
vicceset	adj,noun
körzetében	noun
zavarjon	vrb
televízió	noun
felelte	vrb
elfogad	vrb
holló	noun
anyagból	noun
patak	noun
felöltözve	vrb
jelképezi	vrb,noun
kitalálja	vrb
már-már	con
tanítványom	noun
vásárlók	vrb,adj
kísérletek	noun
2-kor	adj_num
anyaggal	noun
megevett	vrb,adj
marhát	noun
munkahely	noun
fájna	vrb
megállíthatatlan	vrb
listám	noun
bújik	vrb
kabátomat	noun
curry	noun
rendszerrel	noun
őfelségét	noun
hóhér	noun
búcsúzz	vrb,noun
rémálmaim	noun
átadod	vrb
tettetni	vrb
terápiát	noun
megfulladok	vrb
megpróbálhatjuk	vrb
papád	noun
húzol	vrb
elárultad	vrb
tabletták	noun
nagymamája	noun
kívánságát	noun
óriások	noun
betegünk	noun,adj
lángol	vrb
ejti	vrb
ökör	noun
csukott	vrb,adj
adósságot	noun
kirendelt	vrb
gondolatokat	noun
nevemre	noun
mélység	adj
lassítson	vrb
látogatott	vrb
elhívott	adj,vrb
elkapod	vrb
megismered	vrb
fért	vrb
kijöttek	vrb
győzelmi	noun
kontrollálni	vrb
mondjatok	vrb
gondodat	noun
gombát	noun
ágyhoz	noun
rendőrséghez	noun
humorérzéke	noun
lakókocsi	noun
megittam	vrb
üzlettel	noun
kiborultam	vrb
mutatnunk	vrb
pancser	adj
engedélyezve	vrb,noun
királynőnek	noun
egységben	noun
tisztító	noun,vrb
játszanom	vrb
anomália	noun
szerzetesek	noun
megbánás	noun,vrb
ujjai	noun
bajusz	noun
kerület	noun
készítettünk	vrb
ismerné	vrb
engedelmeskedik	vrb
ügyvédjét	noun
cuccal	noun
jövőről	noun,vrb,adj
elfoglalták	vrb
megtedd	vrb
ejtettek	vrb
komikus	noun,adj
törzsőrmester	noun
izzad	vrb
kikapcsolta	vrb
vettétek	vrb
vadászatot	noun
felszerelt	vrb
matrac	noun
vágjátok	vrb
gyanúsat	adj,noun
elkövetőt	vrb
alibi	noun
átkozottak	adj,vrb,noun
csokor	noun
áttörést	noun,vrb
ültetni	vrb
alkalmából	noun
érkezése	vrb
hangulatom	noun
memóriám	noun
link	adj
előjön	vrb
tanácsomat	noun
toronyban	noun
lányokra	noun
gyerekeinket	noun
kijelentette	vrb
lóval	noun
célszemély	noun
járta	noun,vrb
fényképész	noun
furcsább	adj
megtartod	vrb
lányai	noun
ennyien	adv
megbízhatok	vrb
kiált	vrb
problémáját	noun
semmivé	noun_pron,noun
kidobtak	vrb
üresek	adj
lehangolt	adj,vrb
elbasztam	vrb
helyemen	noun
elmarad	vrb
elhamarkodott	adj,vrb
beszéli	vrb
ölnie	vrb
ünneprontó	noun,vrb
sportos	adj,noun
lehet-e	vrb,adv
úrhoz	noun
egymásról	noun,adj_num
történtekért	vrb
helyzetünket	noun
rohamot	noun
letartóztatjuk	vrb,noun
egyel	vrb
kérvényt	noun
műsora	noun
beleegyeztem	vrb
gatyát	noun
kid	noun_pron
azonosítsa	vrb
gyanánt	post
éjjelente	adv
delfin	noun
kiengedni	vrb
olyanoknak	adj_wh
elbújt	vrb
megölésével	vrb
testőre	noun
módosított	adj,vrb,noun
apámhoz	noun
csiga	noun
székre	noun
helyzeted	noun
ötlettel	noun
padon	noun
okosabbak	adj
ráment	vrb
felejtettél	vrb
követted	vrb
elköszönni	vrb
fizettünk	vrb
bibliában	noun
veti	vrb
induló	noun,vrb
segítettünk	adj,vrb
dolcsival	noun
üldözte	vrb
csempész	noun,vrb
aggódjak	vrb
mehetne	vrb
üdvözlégy	noun
környezeti	adj,noun
rejtsd	vrb
megtudnia	vrb
dohányt	noun
meghaltunk	vrb
rést	noun,noun_prs
hányingerem	noun
hetekkel	adj_num,noun
harcost	adj,noun
meglepődtél	vrb
városházán	noun
prófécia	noun
támogatása	noun,vrb
tárcám	noun
könyvemet	noun
részünk	noun
pénzen	noun
nélkülözhetetlen	adj,vrb
korú	noun
hajtottam	vrb
könyörületes	adj,noun
vizsgálata	noun
dolgozhat	vrb,noun
tönkretegye	vrb
munkaerő	noun
túladagolás	vrb
műszakom	noun
részletekbe	noun
kérne	vrb
bőrű	noun
megkönnyíti	vrb
emlegetett	vrb
finomat	adj
ferde	adj
kokót	noun
biztosítsák	vrb
hotelba	noun
érdekeltek	adj,vrb
viccelt	vrb
megtisztel	vrb
sajna	sentint
évekből	noun
bevásárolni	vrb
szentimentális	adj
milligramm	noun
keresztapa	UNK
érdemeltem	vrb
egyezményt	noun
udvari	noun_prs,noun
kutatások	noun,vrb
megkértél	vrb
ellenfeled	vrb,noun
éjszakás	noun,adv
felvettük	vrb
elintéztük	vrb
varázsolni	vrb
tankok	noun
ültetett	adj,vrb
jogosult	noun,adj
figyelmed	noun
segítetek	vrb
távolságra	noun
sógornőm	noun
megbocsátást	noun,vrb
viszonyunk	noun
felszíni	adj,vrb,noun
tengerpartra	noun
meghatározott	adj,vrb,noun
szavaim	noun
meggyilkoltak	vrb
eleven	adj
tartozó	vrb
kandalló	noun
fejfájást	noun
törölte	vrb
barlangba	noun
keresztneve	noun
leellenőriztem	vrb
gyűlölte	vrb
szoftver	noun
atyja	noun
kerüljek	vrb
nyerj	vrb
háttérbe	noun
húzódjon	vrb
anyjára	noun
akadémiára	noun
vadak	noun,adj
elküldted	vrb
hozzászoksz	vrb
telibe	adj
belőletek	noun_pron
filmnek	noun
készítem	vrb
hívásra	vrb
vezetnem	vrb
tervre	noun
internetre	noun
furgonba	noun
vétkeztem	vrb,noun
részévé	noun
parókát	noun
akaratából	noun
focizni	vrb,noun
tekintélyes	adj,noun
lúzerek	noun
altiszt	noun
eljegyzés	noun,vrb
zavarj	vrb
siettem	vrb
különböznek	vrb
előtérbe	noun
tűnnie	vrb
opera	noun
közvetett	adj
játékkal	noun
playboy	noun
kutyákkal	noun
öltöznöm	vrb
elkezdik	vrb
melózni	vrb,noun
feláldozta	vrb
osztja	vrb
modellek	noun
rájöjjek	vrb
aludnia	vrb
gyűlölöd	vrb
gondoljanak	vrb
bejelentem	vrb
visszakapom	vrb
szobámból	noun
lépése	noun,vrb
lyukakat	noun
gyilkosságnak	adj,noun
betenni	vrb
bizonyította	vrb
megkérdezték	vrb
ezren	adj_num
visszautasítom	vrb,noun
fáraó	noun
hálószobába	noun
laktak	vrb
tanítják	vrb
tolni	vrb
véled	noun_pron,vrb
lelkeket	noun
figyelmeztette	vrb,noun
megszállás	noun,vrb
könyvvel	noun
leülsz	vrb
élményt	noun
szamaritánus	noun
shilling	noun
fizetség	noun
számodat	noun
otthonomban	noun
mélyére	adj
dobod	noun,vrb
elégszer	adv
felakasztotta	vrb
mutattad	vrb
kísérteties	adj
csontos	adj,noun
ártatlanságát	adj,vrb
elpusztít	vrb
eltereli	vrb
leírást	noun,vrb
körözik	vrb,noun
lógtunk	vrb
végezzünk	vrb,noun
észbe	noun
költött	adj,vrb
falusiak	adj
zsarolni	vrb
megoldod	vrb
vigyáznia	vrb
termékeny	adj
panaszkodsz	vrb
autóra	noun
szólhatok	vrb
figyelemreméltó	adj
eper	noun
megtámadják	vrb
válogatott	noun,adj,vrb
szégyenletes	adj
melóm	noun
önfejű	adj
bukkantam	vrb
tarthatnánk	vrb
elvágom	vrb
nénit	noun
tárgyalóteremben	noun
lőtted	vrb
maradványok	noun
rothadó	vrb
megbeszéltem	vrb,adj
megvédd	vrb
dollárról	noun
szembeni	adj
bevisszük	vrb
világtól	noun
tartóztattak	vrb,noun
rakják	vrb
életveszélyes	adj
forróság	noun,adj
hívásom	vrb
hajadon	noun,adj
hazudnom	vrb
megvizsgálom	vrb
győzzön	vrb
űrből	noun
készüléket	noun
kinézetű	noun
mocsár	noun
átvettem	vrb
imádták	vrb
önvédelemből	noun
kajával	noun
terápiás	noun
melegem	noun,adj
járnod	vrb
középpontjában	noun
kódját	noun
koncentrálnom	vrb
elindulni	vrb
helyzetből	noun
féleszű	adj_num,noun
köszönje	vrb
ringbe	noun
jószívű	adj
ultrahang	noun
tudtatok	vrb
telefonhívást	noun
nyisson	vrb
tanuld	vrb
démonokat	noun
tekintetében	noun
dolgozhatsz	vrb,noun
évtizedek	noun
kezünk	noun
elszúrta	vrb
hegyről	noun
hívtunk	vrb
lélekben	noun
szúrás	vrb
parlament	noun
képességet	noun,adj
birtokon	noun
elejére	noun
szárnyak	noun
szemszögéből	noun
szívére	noun
alapból	noun
szívverés	noun
kötözve	vrb
egészbe	adj
őrizet	noun
bandatag	noun
elintéznivalóm	noun
ellenzem	vrb
bámulod	vrb
betűk	noun
leestem	vrb
tervezzük	vrb,noun
szervezetnek	noun
mosolyogjon	vrb
folytatása	noun,vrb
megölök	vrb
fotózás	noun,vrb
hormonok	noun
csatornába	noun
házasságát	noun,adj
generátort	noun
embernél	noun
belvárosba	noun
diákokat	noun
kikérdezni	vrb
amivé	noun_pron
akármennyire	adj_num_wh
feltámadt	vrb
vagina	noun
napsugár	noun
borítja	vrb
állhatsz	vrb
szúrtam	vrb
elfelejtették	vrb
kulcsod	noun
emeletes	adj,noun
munkaidőben	noun
kérdésekkel	noun,vrb
célokra	noun
területeket	noun
beengedni	vrb
bizonyítsam	vrb
kezükben	noun
szegényke	noun,adj
rögzített	adj,vrb
emelek	vrb
parkolni	vrb
hegyeket	noun
barbárok	adj
üdvözöld	vrb
védettséget	adj,vrb
fektettem	vrb
javítsd	vrb
változatlan	adj,vrb
szárnyai	noun
ököl	noun
marsall	noun
idétlen	adj
csapunk	noun,vrb
ring	noun,vrb
csúszós	vrb
feljön	vrb
vendégül	noun,adj
akcentusa	noun
elsöprő	noun,adj,vrb
szomorúak	adj
viccnek	noun
tonhal	noun
ütöttek	vrb
hazamehet	vrb
vonás	vrb
kilépsz	vrb
komor	adj
használatát	noun
fenyegetett	vrb
kikerült	vrb
sírja	noun,vrb
hurok	noun
segítette	vrb
rontani	vrb
átjössz	vrb
kellemetlenséget	adj
uralmat	noun
túllépni	vrb
fasznak	noun
lángokban	noun
kanapéra	noun
gátat	noun
elvettek	vrb,adj
kort	noun
kétségeim	noun
belga	noun,adj
szolgálatában	noun
lelkiismerete	noun
csillapodj	vrb
teknőc	noun
szolgálunk	vrb
semmisíteni	vrb,noun_pron,noun
szeretőd	noun,vrb
tapasztalataim	noun
seregbe	noun
engedelmeskedni	vrb
felbérelte	vrb
rokonom	noun,adj
hallgatjuk	vrb
gyilkossal	adj,noun
ölne	vrb
értettél	vrb
mélyebben	adj
váltotta	vrb
szálló	noun,vrb
értekezlet	noun
értették	vrb
faszság	noun
eltartott	adj,vrb
küldjem	vrb
megbántottam	vrb
oldalam	noun
gyászoló	vrb
kezelnek	vrb
rakták	vrb
morfium	noun
késztet	vrb
ambiciózus	adj
hajtok	vrb
fizessek	vrb
tarthatom	vrb
nyissuk	vrb
hajóhoz	noun
kívánta	vrb
követtelek	vrb
tekintse	vrb
kolónia	noun
izgasd	vrb
osztagot	noun
csődör	noun
legrosszabbra	adj
várhatod	vrb
akárhová	adv
azalatt	adv
készültél	vrb
változásra	noun,vrb
megvertek	vrb,adj
letépem	vrb
laptopot	noun
következőben	adj,vrb
előjött	vrb
érzelmei	noun
vonatról	noun
feladattal	noun
vadon	noun,adj
lehetőségre	vrb,noun
szavazzunk	vrb,noun
szakszervezeti	adj,noun
felkészültünk	vrb,adj
kitartani	vrb
hamisak	adj,noun
megtalálhatjuk	vrb
fedi	vrb
csomagtartót	noun
megérzi	vrb
mosómedve	noun
felfegyverzett	adj,vrb
szentatyám	noun
boríték	noun
köszönettel	noun
fénybe	noun
bíztak	vrb
sakkban	noun
szúrták	vrb
hátrahagyott	adj,vrb
keresztes	noun
idegennek	noun,adj
robbanó	noun,vrb
elkésem	vrb
felmelegedés	noun,vrb
automatikus	adj
központból	noun
szexeltél	vrb
drámát	noun
műtőt	noun,vrb
undorodom	vrb
galéria	noun
származol	vrb
gyomrod	noun
elítéltek	vrb
garantálni	vrb
összetörni	vrb
ítéltek	vrb
adomány	noun
tartotok	vrb
belépek	vrb
lefele	adv
kitérő	noun,vrb
megölését	vrb
gatya	noun
családomról	noun
kikerül	vrb
félelemben	noun
feltölteni	vrb
hírünk	noun
kirabolt	vrb
lépések	noun,vrb
ágában	noun
titán	noun
pasikkal	noun
megöld	vrb
rendeltél	vrb
napsütés	noun
sugárzást	vrb
tennivaló	noun
elektromosság	adj
íz	noun
legkiválóbb	adj,vrb
pisztolya	noun
öltöztem	vrb
katonáknak	noun
répát	noun
képzeltél	vrb
ugyanannyira	adj_num_wh
metafora	noun
elhúzok	vrb
betettem	vrb
eltalálni	vrb
idősebbek	adj,noun
összeköti	vrb
elveszettnek	adj,vrb
megkérhetem	vrb
nyomra	noun
igennel	noun
jönnék	vrb
zuhanni	vrb
megnézhetjük	vrb
közölnöm	vrb
kevesebben	adj_num
befejezve	vrb,noun
bántalmazás	vrb,noun
kávézóba	vrb,noun
ehet	vrb
játékát	noun
kártyája	noun
kezdene	vrb
kérdeztelek	vrb
kivégezték	vrb,noun
páciensem	noun
jelenetben	noun
csapathoz	noun
elkötelezettség	noun,vrb
átjárót	noun,vrb
hangposta	noun
mozgását	vrb,noun
aggódó	vrb
csengőt	noun,vrb
heg	noun
kelleténél	adv
kínaiul	adj,noun_prs
bizonyítékkal	noun
iszonyúan	adj,noun
csókolom	vrb
filmsztár	noun
frusztrált	adj,vrb
húzok	vrb
küldöd	vrb
leghamarabb	adv
fektetni	vrb
nevemen	noun
ránézni	vrb
citromos	noun
odaért	vrb
hírnevem	noun
meglátogatja	vrb
borda	noun
efelől	adv
szán	noun,vrb
nyugodtak	adj,vrb
döntötte	vrb
őrültet	adj,vrb
támogatjuk	vrb
kiért	vrb,noun_pron
paprika	noun
problémára	noun
elismerni	vrb
akna	noun
gerinc	noun
munkájának	noun
játékost	adj,noun
lassítani	vrb
hatástalanítani	vrb,noun
bohócot	noun
döbbenve	vrb
kacsát	noun
meglátlak	vrb
fizetésem	noun,vrb
gyermeknek	noun
cuccát	noun
edzett	vrb,adj
nézhet	vrb
háborúból	noun
erőnk	noun
százas	adj_num,noun,adj
nemmel	noun
legjobbkor	adj,noun
feliratok	noun
menők	vrb,adj
megöletni	vrb
megváltoznak	vrb
gyakorló	vrb,adj
karrieremet	noun
nyúlik	vrb
apránként	adv
alkalmazkodni	vrb
bíróval	noun,vrb
állatkertbe	noun
fordulunk	vrb
nemesi	adj
gondoskodnom	vrb
tanulmányozni	vrb,noun
start	noun
bocsátom	vrb
megértesz	vrb
bevonni	vrb
úrrá	noun
örömét	noun
késnek	vrb,noun
váltságdíj	noun
feletted	noun_pron,vrb
felváltva	vrb
kódolva	vrb
magadfajta	adj
vadászunk	noun,vrb
pusztítást	vrb
hibázni	vrb,noun
emeltek	adj,vrb
állítanod	vrb
katasztrófát	noun
karin	adj,noun
szerelemből	noun
síró	vrb
megfordultam	vrb
rugó	noun
találnék	vrb
gondoljam	vrb
csalók	vrb
magukon	noun_ref_PL_3
múltból	noun,adj,vrb
orvosira	adj,noun
lelő	vrb
elefántot	noun
elmagyarázta	vrb
hadbíróság	noun
könnyebbé	adj
zaklatta	vrb
röntgent	noun
foltok	noun
medencénél	noun
bejönne	vrb
őrülni	vrb
visszahozta	vrb
lakókocsiban	noun
tengerpart	noun
zsenikém	noun
kikapcsoltam	vrb
trükkje	noun
ilyesmihez	noun_pron
ígérhetek	vrb
édesanyádat	noun
földszintre	noun
melyen	adj_wh
figyeltelek	vrb
bánatot	noun
földjére	noun
megrémültem	vrb
szétszórt	adj,vrb
készletet	noun
tori	noun
befektető	vrb
üdvözletemet	noun
felállítani	vrb
hajóján	noun
báb	noun
feledkezz	vrb
bámultam	vrb
csomagolj	vrb
feladtad	vrb
stresszt	noun
eltalált	vrb
helyhez	noun
szavazatot	noun
testvérével	noun
dohányozni	vrb,noun
metrón	noun
táncoltunk	vrb
adományt	noun
mérgezés	vrb,noun
fölötte	noun_pron
receptje	noun
tisztelnek	vrb
nova	noun
vívott	vrb
vártad	vrb
túléled	vrb
látogatókat	noun,vrb
javasolnám	vrb
vadállatok	noun
barátotok	noun,adj
telefonáltak	vrb
esküdni	vrb
tiszteletét	noun
eldobtam	vrb
épületeket	noun
pontosság	adj,noun
emeli	vrb
elvarratlan	adj,vrb
csalta	vrb
tanuljon	vrb
kivett	vrb,adj
hagymát	noun
bácsikája	noun
fújt	vrb
hálásan	adj,noun
erejük	noun
ügyesek	adj,noun
állhatunk	vrb
ízlésed	vrb
percnél	noun
rituálé	noun
pusztulás	vrb
nevettünk	vrb
felfüggesztették	vrb,adj
kiköpött	vrb
plazma	noun
felfogod	vrb
székek	noun
gondjaink	noun
csaja	noun
akarhatod	vrb
rázza	vrb
fájdalomcsillapító	adj
alkotnak	vrb
fogadtál	vrb
polip	noun
anyjától	noun
előtérben	noun
emberiségnek	noun,adj
teljesít	vrb
kollégája	noun
nyerésre	vrb
hazafi	noun
részlegen	noun
önökért	noun
beletelik	vrb
helyesek	adj,noun
dumálunk	vrb
kapcsolót	vrb
aktivitás	noun
nagynak	adj
zsákba	noun
lányokról	noun
nyárra	noun
egyenruhás	adj,noun
lányáról	noun
szállítási	noun,vrb
gondoskodok	vrb
bedöglött	vrb
fehérnemű	noun
ellenőrizzétek	vrb
ribancnak	noun
tartalma	noun
tanácsod	noun
megkérdezed	vrb
elenged	vrb
gyorsnak	adj
megtorlás	noun,vrb
helyzetem	noun
nászútra	noun
újakat	adj
tanácsra	noun
óvni	vrb
hívhat	vrb
köztudott	adj
lejönni	vrb
email	noun
formába	noun
hivatalt	noun
berúgott	adj,vrb
fedeztem	vrb
havazik	vrb,noun
tulajdonképp	noun,adj
meglesznek	vrb
üdvözli	vrb
tartsak	vrb
komolyabban	adj
unit	noun
anyámhoz	noun
illett	vrb,adj
testvérei	noun
eldöntöm	vrb
megváltoztatom	vrb
egészségben	noun,adj
fogságba	noun
poros	adj,noun
lehetetlenné	vrb,adj
atyád	noun
szörnyűek	adj,noun
babáról	noun
élnénk	vrb,noun
leszállás	vrb
megnézik	vrb
ragadozók	noun,vrb
kézen	noun
büfé	noun
minősül	vrb
meggyilkolásával	noun,vrb
szexel	vrb
emberrablók	noun
pirosat	adj
előbbi	adv
zöldet	adj
nyak	noun
tekintenek	vrb
költségvetési	noun
japánul	noun,adj
lyukak	noun
sárgát	adj
ösztöndíj	noun
rejtegetni	vrb
megvalósítani	vrb,noun
kérdésedre	noun,vrb
diplomata	noun
tanácsnak	noun
ügyféllel	noun
szívű	noun
hívásaimra	vrb
egyvalaki	noun
szükségét	noun
kunyhóban	noun
sztorikat	noun
kivárni	vrb
testvéremmel	noun
megjavítom	vrb
odaadtad	vrb
értékelik	vrb
nyelvén	noun,vrb
istállóban	noun
szívük	noun
vöröset	adj
trón	noun
házasságról	noun,adj
szörnyeket	noun
angyali	adj,noun
élik	vrb
manhattani	noun_prs
bevásárló	vrb,adj
megmentették	vrb
figyeled	vrb
csapódott	vrb
erőnket	noun
támogatója	noun,vrb
végződni	vrb
baszottul	vrb
bűneit	noun
pozitívan	adj
foglald	vrb
legvalószínűbb	adj
parfümöt	noun
terjeszteni	vrb
trófea	noun
ünnepelnünk	vrb
kifogásod	noun,vrb
részesei	adj,noun
férfivá	noun
kapzsiság	adj
szabályellenes	noun,adj
románc	noun
lé	noun
anyától	noun
hozzámenni	vrb
akié	noun_pron
széken	noun
országod	noun
köpd	vrb
vérző	vrb,adj
régiek	adj
térded	noun
éjszakám	noun,adv
emlékeztetem	vrb,noun
elkezdünk	vrb
higgyenek	vrb
leszúrták	vrb
holnapot	noun
rózsák	noun
túlreagálod	vrb
keresnie	vrb
emlékezzünk	vrb,noun
helyeztem	vrb,noun
megosztjuk	vrb
elkelne	vrb
kezdésnek	vrb
gyermekeink	noun
hallgassák	vrb
vidáman	adj
kísérleteket	noun
megállok	vrb
mágnes	noun
hidegebb	adj
taxis	noun
tárgyalunk	vrb
takarítottam	vrb
ittak	vrb
hadi	adj,noun
fordítsuk	vrb
ellenőriznünk	vrb
megosztom	vrb
csizmát	noun
fázik	vrb
eltűntem	vrb
vágtad	vrb
haragudjatok	vrb
bevetés	noun,vrb
bíznunk	vrb
búra	noun
bántsák	vrb
erőkkel	noun
hívhatjuk	vrb
megvagytok	vrb
erőfeszítés	noun
elfogadtad	vrb
tippelek	vrb
rabot	noun
sajnáltam	vrb
áthelyezték	vrb,noun
embereidet	noun
szerelemért	noun
beszáll	vrb
színfalak	noun
kuka	noun
lezárás	vrb
halálbüntetés	noun
ügyfeleim	noun
rögvest	adv
tartóztassák	vrb,noun
nyomják	vrb
szednünk	vrb
bejöttek	vrb
imádkozol	vrb
összeházasodni	vrb,noun
megvágta	vrb
cselekedj	vrb
kitörölni	vrb
meglátogatlak	vrb
alapot	noun
családjához	noun
ijesztően	vrb
önökhöz	noun
válaszolta	vrb
napfényt	noun
hivatalnok	noun
határait	noun
természetben	noun
értheti	vrb
szenteste	noun
babánk	noun
őfelségének	noun
megkapjátok	vrb
színeket	noun
leszakadt	vrb
szálljak	vrb
megnyertük	vrb
mondogasd	vrb
viszonozni	vrb
térnem	vrb
mentés	vrb,noun
kalandra	noun
kitölteni	vrb
terjednek	vrb
világítást	vrb
kérdezősködött	vrb
öreged	adj
hajnalig	noun
elmehetnék	vrb
kiakadtam	vrb
teremtettek	vrb
túlra	adv
helyezem	vrb,noun
küldjünk	vrb
anyagát	noun
rolling	noun
játszhat	vrb
sétáltunk	vrb
megsérültem	vrb
kocsiról	noun,noun_prs
nemzetek	vrb,noun
fordít	vrb
kötötte	vrb
behozták	vrb
major	noun
szakítok	vrb
arcátlan	adj
egymagam	noun_ref_SG_1
érzékenyek	adj
mindkettejüket	adj_num
okozz	vrb
testvérünk	noun
felnőnek	vrb
kirakós	adj
eltávolították	vrb
hajtson	vrb
felhívhatom	vrb
fesztiválra	noun
dobsz	vrb
hányadik	adv
hevert	vrb
arcomra	noun
találhat	vrb
sajátomat	adj
juj	sentint
jegyezze	vrb,noun
értsen	vrb
gondolkodunk	vrb
megverni	vrb
egyenek	vrb
fiatalkorú	adj,noun
elrontja	vrb
fogadnia	vrb
történelmében	noun
eszükbe	noun
változtattam	vrb
telve	post,vrb,adj
gyomor	noun
juss	noun,vrb
némileg	adv
zártam	vrb
magatokkal	noun_ref_PL_2
zsűri	noun
fire	noun
megházasodni	vrb,noun
elhozott	vrb
óceánon	noun
kérhetsz	vrb
vagyonba	noun
fordulsz	vrb
munkámban	noun
tüzelésre	vrb
szégyelli	vrb
erőfeszítést	noun
jegyben	noun
izék	noun
megoldásnak	noun,vrb
kisétált	vrb
lelkileg	noun
bejegyzés	noun,vrb
engedelmével	noun
kiverem	vrb
megerősített	adj,vrb,noun
helikopterrel	noun
olyasmire	noun_pron
rémálmom	noun
szanaszét	adv
parancsolok	vrb
leszállunk	vrb
megmentettelek	vrb
elfogott	adj,vrb
témáról	noun
szervusztok	sentint
fejest	adj,noun
induljanak	vrb
forgalomból	noun
esküvőd	noun,vrb,adj
képei	noun
összeomlás	noun,vrb
készítsétek	vrb
munkájáról	noun
évnek	noun
üzenetemet	noun
folytán	post
sündisznó	noun
nővéremmel	noun
faragatlan	adj,vrb
ismételni	vrb
megölésére	vrb
megfordulni	vrb
áruházban	noun
kristályt	noun
hazugsággal	adj
reakciója	noun
álcázva	vrb,noun
rendszerünk	noun
foglalkoznod	vrb
korsó	noun
zenére	noun
önöktől	noun
megbánja	vrb
rituális	adj
mindenkiben	noun
választanám	vrb
gyermekeket	noun
mozdulok	vrb
eszük	noun
hatolt	vrb
köszöni	vrb
elrontotta	vrb
korod	noun
álmaimat	noun
darabokban	noun
világod	noun
jogosítványt	noun
ejtettem	vrb
tőke	noun
harapott	vrb
kilövés	noun,vrb
megérkeztél	vrb
szállodát	noun
aludtak	vrb
ússza	vrb
kezdenénk	vrb
egerek	noun
keselyű	noun
egyszerűek	adj,adj_num,noun
unalmasak	adj,noun
téglát	noun
viselned	vrb
házasodtunk	vrb,noun
tata	noun
tudattal	noun
lökd	vrb
kijöttünk	vrb
haragját	noun
jussak	vrb
bemutatott	vrb
hűtőbe	noun,vrb
ovális	adj
üdvözölve	vrb
találtalak	vrb
kikerülni	vrb
tehetséget	noun
macskája	noun
profil	noun
emlékeztessen	vrb,noun
hibáztass	vrb,noun
múmia	noun
beszerezni	vrb,noun
kísértés	vrb
kihűlt	vrb
rájöjjön	vrb
nappaliba	noun,adj
földjét	noun
konferenciára	noun
segítse	vrb
elhitte	vrb
megismerkedtünk	vrb
elárulnád	vrb
támadása	vrb
érje	vrb
betartom	vrb
jogon	noun
szemétbe	noun
lámpás	noun
moszkvai	noun_prs
tanítom	vrb
benzinkút	noun
ülne	vrb
elképzelésed	noun,vrb
megölném	vrb
sálat	noun
javasolja	vrb
higgadt	vrb,adj
tombol	vrb
ingatlanügynök	noun
pára	noun
játsszak	vrb
napomat	noun
beszélgethetnénk	vrb
akcentus	noun
játszhatunk	vrb
elnéző	noun,vrb
elmondhatnám	vrb
társamat	noun
köröm	noun
nagyanyja	noun
gazdagabb	adj
tanárod	noun
szemért	noun
engedhetünk	vrb
nyeld	vrb
utaztak	vrb,noun
kirúgják	vrb
apai	adj,noun
következtetést	vrb
napvilágra	noun
belekeverni	vrb
matekból	noun
gyógyulás	vrb
hordágyat	noun
néped	noun
összetöri	vrb
növényt	noun
kapcsolható	vrb
tetejébe	noun
sajttal	noun
aktiválni	vrb
taxiba	noun
ugrasz	vrb
kimondod	vrb
méteren	noun
átmentünk	vrb
szultán	noun
kiváltó	vrb
látnánk	vrb
eseteket	noun
vackot	noun
helyzetről	noun
kihagytál	vrb
apádhoz	noun
utánatok	noun_pron
csintalan	adj
rúgták	vrb
rakok	vrb
borravaló	noun
családokat	noun
mellkasán	noun
ártatlanság	adj,vrb
képességekkel	noun,adj
elrohant	vrb
őrá	noun_pron
kockák	noun,adj
western	noun
bírd	vrb
bőrben	noun
rögzítve	vrb
egyig	adj_num
dobos	noun
aluli	adj
ipar	noun
visszakaptam	vrb
elterelni	vrb
ártalmas	adj,noun
választjuk	vrb
küszöbön	noun
ütöttél	vrb
pláza	noun
kibírja	vrb
áruház	noun
elválnak	vrb
felvonás	noun,vrb
hangya	noun
csókolt	vrb
aggodalmát	noun
osztályból	noun
stréber	adj
időnek	noun
focista	noun
magamfajta	adj
kidolgozott	adj,vrb,noun
nagyszájú	adj
bombával	noun
ezredesnek	noun,adj_num
elrontottad	vrb
hitelkártyát	noun
megrepedt	vrb
hullámokat	noun
találkozhat	vrb
fizetését	noun,vrb
jövőbeni	adj
felidézni	vrb
korát	noun
időpontját	noun
rímel	vrb
visszaérünk	vrb
kobra	noun
felnéztem	vrb
elkelt	vrb
tábornokkal	noun
operáció	noun
megcsókoltad	vrb
fizetésemelést	noun
hivatkozva	vrb
stadion	noun
szűzanyám	noun
módszerem	noun
bátyáddal	noun
leléptek	vrb
bíztál	vrb
levágja	vrb
irányítok	vrb
feles	adj,noun
utadba	noun
választania	vrb
feleségéről	noun
visszaadta	vrb
rúgj	vrb
megpróbálhatnánk	vrb
edzésre	vrb
változol	vrb
ügyfeleket	noun
tízig	adj_num
védettségi	adj,vrb
görögök	noun,vrb
múltunk	noun,vrb
megrémült	adj,vrb
kérdőre	vrb
nézés	vrb
elengeded	vrb
gyújtogatás	noun,vrb
számokkal	noun
üdvözlő	vrb,adj
találkozóról	noun,vrb
néhanapján	adv
kártérítést	noun
hőmérséklete	noun
elakadt	vrb
liftbe	noun
alkalmával	noun
injekció	noun
becsszó	noun
fiatalokat	adj
apáról	noun
szabadulsz	vrb
gyerekeiket	noun
vietnámi	noun_prs
él-e	noun,vrb,adv
ölelni	vrb
feltehetek	vrb
teremtő	noun,vrb
tisztaság	adj
térre	noun
antibiotikumot	noun
térünk	vrb
ujjak	noun
kapuja	noun
ezerrel	adj_num
letartóztatva	vrb,noun
hozzáért	vrb
veszélyesen	adj,noun
neurológiai	noun
természetet	noun
jövedelmező	adj,vrb,noun
ügyésszel	noun
hamvait	noun
éreznék	vrb
mondjanak	vrb
fiára	noun
szórakoztál	vrb
elrontod	vrb
elsősegély	noun
barátnődnek	noun
haladj	vrb
igazunk	noun,adj
rocksztár	noun
mellékes	adj,noun
martini	noun_prs,noun
boksz	noun
erkölcs	noun
fülke	noun
melóban	noun
próbáljatok	vrb
elkövetkezendő	vrb
bocsesz	sentint
viselnie	vrb
találnánk	vrb
lukas	adj,noun
tetejét	noun
alkotmány	noun
képességeid	noun,adj
tartogasd	vrb
telhet	vrb
felkavaró	vrb
emlékszünk	vrb
elváltam	vrb
szérum	noun
betűt	noun
rúgtam	vrb
viselkedésed	vrb
keverék	noun
haditengerészeti	noun
megszöktek	vrb
gomez	noun
sugárúton	noun
odalett	vrb,adj
tábori	adj,noun
kísérni	vrb
jenki	noun
hívna	vrb
balesetről	noun
magyaráznom	vrb
bacon	noun
szovjetunió	noun
bedobom	vrb
megtalálsz	vrb
emlékeztessem	vrb,noun
stílusú	noun
mentettél	vrb
legyőztem	vrb
elérték	vrb
megértené	vrb
berúgtam	vrb
szólítja	vrb
emberekért	noun
szülinapjára	noun
paranoia	noun
sértett	noun,vrb
30-ra	adj_num
töprengtem	vrb
gondolkodnak	vrb
leplezni	vrb,noun
mezítláb	adv
gőzzel	noun
elfoglalja	vrb
bajok	noun
tanulmányt	noun
félretéve	vrb
rákban	noun
koponyát	noun
iszonyatos	adj,noun
mazsola	noun
szőnyegen	noun
lecsapni	vrb
barátságosak	adj
zsoldos	noun
angyala	noun
elvarázsolt	vrb
kértük	vrb
beton	noun
megbüntetni	vrb
nagykövetség	noun
egykoron	adv
utaztál	vrb,noun
sugár	noun
papírjai	noun
akarnák	vrb
nyomunkban	noun
ígéred	vrb
túlélted	vrb
ebédeltem	vrb
mutatták	vrb
uralom	noun,vrb
igazságért	noun,adj
bajból	noun
naplóját	noun
zártak	adj,vrb
éhező	vrb,noun
összeköt	vrb
elkérhetem	vrb
nemzetbiztonság	noun
szelek	noun,vrb
fürdőszobát	noun
dugta	vrb
tartanám	vrb
megköszönném	vrb
másfelé	adv
céggel	noun
agyban	noun
feltartani	vrb
szégyelltem	vrb
másodéves	noun,adj
haldokolsz	vrb
használjon	vrb
lemaradt	adj,vrb
beverte	vrb
akkorra	adv
sarkában	noun
autójában	noun
foglalkoztat	vrb
főszerepben	noun
kösse	vrb
összeházasodnak	vrb,noun
illatot	noun
közli	vrb
dörgést	vrb,noun
szállított	adj,vrb
egyszerűnek	adj,adj_num,noun
döntésemet	noun,vrb
verjük	vrb
lőjétek	vrb
felkészültek	vrb,adj
melleim	noun
felfedezése	noun,vrb
lecsúszott	adj,vrb
gyerekével	noun
garantáltan	adj,vrb
hozható	vrb
center	noun
atombomba	noun
akarni	vrb
listámon	noun
sebe	noun
hibáztatsz	vrb,noun
visszautasítani	vrb,noun
befogom	vrb
számláját	noun
itta	vrb
találkoznál	vrb
fának	noun
elvihetlek	vrb
légzési	vrb,noun
tengerészek	noun
szőlő	noun
lelkiismeretem	noun
kivették	vrb
részleget	noun
bizonyítanom	vrb
önállóan	adj
vacsorázik	vrb,noun
macsó	adj
merszed	noun
griff	noun
fehérje	noun,adj
elpusztítjuk	vrb
orvosokat	noun
veszlek	vrb
rendelkezem	vrb
italok	noun
különálló	adj,vrb
elesik	vrb
kimászni	vrb
nyugodjak	vrb
szemügyre	noun
fájó	vrb
öreglány	noun
átlépte	noun,vrb
rendetlen	adj
szokásosat	adj,noun,vrb
húzták	vrb
sebessége	adj,noun
kocsinak	noun,noun_prs
utáljuk	vrb
tönkremegy	vrb
fivére	noun
beszélgettetek	vrb
fürödni	vrb
allergia	noun
hívhatod	vrb
megtanít	vrb
holdfény	noun
virágos	adj,noun_prs,noun
marhára	noun
kajálni	vrb
tevékenységet	noun,adj
felvegyem	vrb
sikeresek	adj,noun
angolt	noun
síelni	vrb
változtasd	vrb
mondható	vrb
mersze	noun
hallgatnia	vrb
dalra	noun
felveszik	vrb
bántalak	vrb
vacsit	noun
kocsimba	noun
szoknyát	noun
ütővel	vrb
lebegő	vrb
szemtanút	noun
esküvőről	noun,vrb,adj
kölcsönvettem	vrb
hülyére	adj
rövidítése	vrb
ülésre	noun,vrb
fészket	noun
rendőrrel	noun
akasztani	vrb
késtünk	vrb
tekinti	vrb
viselje	vrb
eleged	adv,noun
uralma	noun
írásos	adj,noun,vrb
akárhova	adv
gyógyír	noun
közösségnek	noun,adj
megmondhatom	vrb
pótolni	vrb
sütök	vrb
gödör	noun
változtatna	vrb
szegényt	adj
prototípus	noun
látogatta	vrb
havazva	vrb,noun
látogatása	vrb
megtudtad	vrb
napjára	noun
flottát	noun
mutatvány	noun
mézes	adj,noun
erejéig	noun
sms-ben	noun
környékbeli	noun
eljövendő	adj,vrb
spagettit	noun
mérnöki	adj,noun
helyiség	noun,adj
kinyitnád	vrb
elítélni	vrb
elszabadul	vrb
szigetén	noun
hallgatod	vrb
elhiheti	vrb
lónak	noun
lenne-e	vrb,adv
félmillió	adj_num
tündérmese	noun
foglalkozás	noun,vrb
zűrt	noun
felet	noun
feladjuk	vrb
ötletünk	noun
plázába	noun
tellett	vrb
mutogatni	vrb
bűnöm	noun
mocskok	noun
hollétéről	noun
fojtani	vrb
megszerezzem	vrb,noun
tágas	adj
utalva	vrb
gondolna	vrb
megcsúszott	vrb
tempót	noun
leírja	vrb
tennetek	vrb
felkelteni	vrb
jönniük	vrb
leghülyébb	adj
elvérzik	vrb
fogadjon	vrb
darabra	noun
hűtőt	noun,vrb
megítélni	vrb
várjátok	vrb
táblára	noun
észrevették	vrb
kollégáim	noun
ruhára	noun
hatóságoknak	noun
titkodat	noun
kihozza	vrb
zárnak	vrb,noun
elaludtál	vrb
didi	noun
bezárjuk	vrb
kockáztattam	vrb,noun
tudatos	adj,noun
sokakat	adj_num
úszott	vrb
tervhez	noun
évről	noun
lidérc	noun
ebédlőben	noun
annyian	adv
elnökét	noun
oldozz	vrb
legbátrabb	adj
betörte	vrb
ii.	adj_num
varázslattal	noun
gondolva	vrb
bronz	noun
bugyit	noun,noun_prs
kappa	noun
túladagolta	vrb
végtelenségig	adj,noun
természetellenes	adj
birodalma	noun
szomszédokat	noun
igyekezett	vrb
üzem	noun
birkózni	vrb
piacot	noun
egymásért	noun,adj_num
váltottam	vrb
férjnek	noun
whiskey-t	UNK
bemehetünk	vrb
nyugszom	vrb
elemeket	noun
fognunk	vrb
dohányzol	vrb
barátaik	noun
kapitányságra	noun
életednek	noun
elvesztek	vrb
felfedezett	vrb
nehézségek	noun
mindeközben	adv
cikkeket	noun
teljesítette	vrb
elevenen	adj
utasítása	vrb,noun
gépbe	noun
gyártó	noun,vrb
ablaknál	noun
szivárgás	vrb,noun
ebédidőben	noun
kapcsolódnak	vrb
érkezünk	vrb
köszönnöm	vrb
rettenthetetlen	adj,vrb
önöknél	noun
képzeljék	vrb
nagyágyú	noun
számolt	vrb
megkérdezzük	vrb
labilis	adj
élettelen	adj,noun
méltányolom	vrb
főre	noun,adj
legfőképp	adv
meghatározó	adj,vrb,noun
ugrál	vrb
vásároltam	vrb
tréfát	noun
csapatában	noun
sárban	noun
partijára	noun,adj
vézna	adj
elveszített	vrb
utunkba	noun
zord	adj
rendelünk	vrb
rehabilitációs	noun
felfedni	vrb
kezelt	vrb
kunyhó	noun
térjenek	vrb
ételre	noun
kockáztatta	vrb,noun
elmondtál	vrb
hatékonyabb	adj
klubnak	noun
előkészíteni	vrb
kommunisták	noun,adj
igazságról	noun,adj
jólesne	vrb
cégét	noun
háromszáz	adj_num
kirúg	vrb
karodat	noun
helyzetjelentést	noun,vrb
kötsz	vrb
újoncok	noun
űz	vrb
nyűgözni	vrb,noun
előlük	noun_pron
képébe	noun
halálnak	noun
öljenek	vrb
citybe	noun
elemző	vrb,noun,adj
haladéktalanul	adj,noun
anyaga	noun
dugulj	vrb
visszajöjjön	vrb
szúr	vrb
felülről	adv
életből	noun
töltötték	vrb
kitalál	vrb
ejtik	vrb
meghibásodott	vrb,noun
telefonnal	noun
elolvassa	vrb
kihúzta	vrb
felejti	vrb
lebukott	vrb
kupac	noun
természetesnek	adj,noun
megragadni	vrb
regisztrált	vrb
rábeszélni	vrb
harmadikat	adj_num
étteremből	noun
oltsd	vrb
szenvedélyesen	adj,noun
takarítok	vrb
sziklát	noun
illatos	adj,noun
nyakamon	noun
szalonnát	noun
megegyezés	noun,vrb
elkapjanak	vrb
kitépem	vrb
válaszolnod	vrb
dühöngő	vrb
legszerencsésebb	adj,noun
elvagyok	verb
faszról	noun
kételkedsz	vrb
testre	noun
hasznom	noun
öleld	vrb
heten	adj_num
vetnünk	vrb
töltényt	noun
borítékban	noun
csibész	adj
megakadályozzuk	vrb,noun
szemeidet	noun
romok	noun
vállalatnál	noun
melegnek	noun,adj
sorod	noun
meghúztam	vrb
egy-kettő	UNK
borult	adj,vrb
mackó	noun
megtagadva	vrb
hercegem	noun
megannyi	adj
ikreket	noun
mondhatta	vrb
hatalmasat	adj,noun
irányítod	vrb
apától	noun
hasát	noun
felveszek	vrb
elegen	adv
árny	noun
madárka	noun
árvák	adj
túlélésért	vrb
levelem	noun
megleptél	vrb
ukrán	noun,adj
szállás	vrb
várták	noun,vrb
babonás	adj,noun
balesetem	noun
szobádat	noun
igazolványát	noun
védened	vrb
lehetetlent	vrb,adj
nyílnak	vrb,noun
odaérni	vrb
kérdésben	noun,vrb
kockát	noun,adj
egyikben	noun_pron
infravörös	adj
befejezze	vrb,noun
létrejött	vrb,adj
másba	adj,noun
mosogató	noun,vrb
baszva	vrb
kormánnyal	noun
ezrei	adj_num
kokó	noun
fajtát	noun
kaptatok	vrb
bementek	vrb
okozták	vrb
mobilomat	noun,adj
bérbe	noun
orrunk	noun
doktorral	noun
hírrel	noun
elsős	noun
erősíti	vrb,noun
előkészítettem	vrb
árnyékot	noun
kishúgom	noun
break	noun
felettese	noun
megtennie	vrb
gyártanak	vrb
menetrend	noun
vonul	vrb
lehetőségük	vrb,noun
tekintem	vrb
jelentkezzenek	vrb
merő	vrb
tünet	noun
elvárja	vrb
kizárni	vrb
ágyadban	noun
lelkesen	adj,noun
anyjához	noun
cserélünk	vrb
juttatnunk	vrb
találkozást	vrb
minisztert	noun
irat	noun
olvasás	vrb
telefonján	noun
hátuljában	noun
irodád	noun
kérdését	noun,vrb
hangulata	noun
születésnapját	noun
kiugrik	vrb
nevünket	noun
könyörögj	vrb
falán	noun
állapodtunk	vrb
osztálya	noun
adhatnék	vrb
hozzáállása	vrb
ködben	noun
hattyú	noun
vetne	vrb
tippelj	vrb
buszról	noun
pontossággal	adj,noun
társaságba	noun
szenzorok	noun
divízió	noun
kétszínű	adj,adj_num,noun
akar-e	vrb,adv
jelezte	vrb,noun
büntetlenül	adj
dolgozhatunk	vrb,noun
öngyilkosságnak	adj
félelemmel	noun
előléptetés	noun,vrb
megtagadja	vrb
részeit	noun
éneklés	vrb,noun
parancsnokságot	noun
elfáradt	adj,vrb
dumálsz	vrb
fegyverével	noun
verekedett	vrb
győzelemhez	noun
bevitték	vrb
nyernünk	vrb
pénteki	noun
alibit	noun
megijedni	vrb
hátrányos	adj,noun
szaladt	vrb
kútba	noun
áldozatra	noun
darabka	noun
jelre	noun
pulóvert	noun
görbületi	noun
bekapcsolom	vrb
karaktert	noun
gaz	noun,adj
sonkát	noun
pulzusát	noun
verziója	noun
hívva	vrb
motorokat	noun
sav	noun
román	noun,adj,An_MODE_adv
elvitelre	noun
szándékozik	vrb
15-kor	adj_num
barátságunkat	adj
csel	noun
válaszolnia	vrb
egyetértenek	vrb
tempó	noun
verik	vrb
egészségesnek	adj,noun
verjen	vrb
partiról	noun,adj
névtelenül	adj
dugót	noun,vrb
megtöltve	vrb
veszélyeztetett	adj,vrb,noun
folynak	vrb
lövöm	vrb
hajtsa	vrb
alkalma	noun
vészhelyzetben	noun
termés	vrb,noun
idéz	vrb
versenyzők	vrb,noun,adj
feltételezi	vrb,noun
ráncos	adj,noun
lélegzetem	noun
pólód	noun
megölné	vrb
egeret	noun
költöztél	vrb
boltja	noun
tartanánk	vrb
dolgodat	noun
erény	noun
mumbai	noun_prs
sétát	noun
kóstolja	vrb
bántod	vrb
meglepni	vrb
elfogult	adj
dvd-t	noun
karjaimban	noun
járnia	vrb
élnél	vrb,noun
telefonról	noun
elvigyen	vrb
barátoknak	noun,adj
kettőnek	adj_num
kakaót	noun
büntetésben	noun,vrb
mutassák	vrb
megmented	vrb
tölthetek	vrb
gondolataid	noun
hozzámegy	vrb
megszöktem	vrb
nehezedik	vrb
ruháid	noun
részvények	noun
szívverése	noun
arcú	noun
tartjátok	vrb
országom	noun
névjegyem	noun
bírtad	vrb
láthatjátok	vrb
érkezni	vrb
csináltattam	vrb
kellettek	vrb
edzésen	vrb
leszármazottja	noun,adj,vrb
várnál	vrb,noun
erőssé	adj,noun
technikusok	noun
fotón	noun
gyöngy	noun
bátyádnak	noun
hordtam	vrb
bunda	noun
zenéjét	noun
tetoválást	vrb
elrendezem	vrb,noun
elvettél	vrb
erdőn	noun
ügyészi	noun
származású	adj,vrb
ruháján	noun
húztad	vrb
csirkés	noun
kamrában	noun
úszod	vrb
rettegés	vrb
kikötői	vrb,noun
félreérted	vrb
jogosítvány	noun
keresnék	vrb
polgárai	noun
kiszabadul	vrb
köszönt	vrb
májat	noun
reménytelenül	adj,noun
igennek	noun
ügyvédemmel	noun
sellő	noun
elbírok	vrb
technikus	noun
óvatosabbnak	adj
hitben	noun
sztorim	noun
osztom	vrb
köhögés	vrb
érdemelt	vrb
kislánnyal	noun
felfedi	vrb
helyezzék	vrb,noun
szárnyakat	noun
alelnöke	noun
túléltük	vrb
kormányzója	vrb,noun,adj
átverte	vrb
működik-e	vrb,adv
meglepettnek	adj,vrb
nyugis	adj,noun
kísértésbe	vrb
bejutottam	vrb
középiskolába	noun
ráírva	vrb
találkoznia	vrb
megköszönjem	vrb
fénylő	vrb
kibírni	vrb
artériát	noun
nézést	vrb
szegényeknek	adj
szívességre	adj,noun
csirkék	noun
lezárta	noun,vrb
hánynom	vrb
politikáról	noun
bevételt	noun
szólítom	vrb
képviselni	vrb
alagsorba	noun
munkaidő	noun
nevetségessé	adj,noun
eseményre	noun
cseréld	vrb
tisztítsd	vrb
elutasítja	vrb,noun
önökre	noun
bevándorlók	vrb,adj
felügyeli	vrb
hatóságokat	noun
megérkezünk	vrb
munkájával	noun
apjához	noun
erdőből	noun
válla	noun
rusnya	noun
péppé	noun
pacsit	noun
írói	noun,vrb
fájnak	vrb
gyötör	vrb
rakj	vrb
leadni	vrb
szekrényében	noun
összehozott	vrb
menekülhet	vrb
megnyugtatja	vrb
büszkeségem	adj
elégnek	vrb,noun
hatalmasabb	adj,noun
döntőbe	noun,vrb
tengerészet	noun
meghallgattam	vrb
megoldják	vrb
mennének	vrb
királyságot	noun,adj
kihasználják	vrb
beavatkozást	noun,vrb
figyelmetlen	adj
odaadnád	vrb
benyomásom	noun,vrb
gázos	noun
zsidókat	noun,adj
mentolos	adj,noun
gonosznak	adj
elkaptunk	vrb
eljutottam	vrb
időutazás	noun,vrb
eladási	vrb,noun
masszázst	noun
gyalogos	noun,adj
dolgokért	noun
képedet	noun
rengetegszer	adv
tanítanak	vrb
tálcát	noun
rendeztem	vrb,noun
megkérdezném	vrb
meghalnál	vrb
értesítse	vrb
leült	vrb
megrázta	vrb
másfelől	con
nem-e	noun,neg+,adv
irányuló	vrb
távolságból	noun
valakiben	noun_pron
magyarázata	noun
feleljen	vrb
megkérném	vrb
nézőpont	noun
pazarolja	vrb
elárulok	vrb
vu	noun
várnék	vrb,noun
énekeljen	vrb
tűnő	vrb
intézett	vrb
hirdetés	vrb
színházat	noun
spanyolok	noun,adj
uborka	noun
kezdetén	noun
laktok	vrb
járatra	noun
fiók	noun
kimutatni	vrb
vesztésre	noun,vrb
túltenni	vrb
tanítsd	vrb
ballisztikai	noun
bámulom	vrb
hajaddal	noun
címlapon	noun
főiskolát	noun
képekkel	noun
pohárba	noun
kanalat	noun
elfoglalni	vrb
vágyunk	noun,vrb
napjáig	noun
macskám	noun
szobákat	noun
réges-régen	twin,adv
ceruzát	noun
rálőtt	vrb
információnk	noun
alátámasztja	vrb
szabadulnom	vrb
tagadta	vrb
tulajdonát	noun
republikánusok	adj
pártját	noun
spéci	adj
kettőnkre	adj_num
karót	noun
kötélen	noun
szeméttel	noun
bankrablás	noun
járnék	vrb
töltsük	vrb
igazsághoz	noun,adj
találkoznék	vrb
nézném	vrb
ússz	vrb
napjaim	noun
könnyűnek	adj,noun
elejtette	vrb
javát	noun
szárnyat	noun
eszünkbe	noun
passzív	adj
tartomány	noun
szakmát	noun
pilótát	noun
rosszabbá	adj
lépését	noun,vrb
vadászott	vrb
szerezhetek	vrb,noun
kávéért	noun
lottón	noun
játszanunk	vrb
mindezért	noun_pron
meghúzom	vrb
megszervezni	vrb,noun
legrövidebb	adj
sütő	vrb
nővérrel	noun
városháza	noun
pán	noun
földből	noun
vízesés	noun
önöké	noun
távozunk	vrb,noun
mennyiségben	noun
sötétségbe	adj
mesélted	vrb
vittük	vrb
kedvemben	noun
lemaradni	vrb
szerveket	noun
érdeklődni	vrb
elsőbbséget	noun
sci-fi	noun
foglalkoznunk	vrb
tesód	noun
kérdésük	noun,vrb
táján	noun
kitörni	vrb
kézfogás	noun,vrb
csapatként	noun
megemlítettem	vrb
aközött	adv
réz	noun
haverjaid	noun
látogatási	vrb
megfigyelést	noun,vrb
húzva	vrb
vacsorázom	vrb,noun
vesztünk	noun,vrb
engedélyével	noun
forradalmat	noun
cuccomat	noun
feljött	vrb
testük	noun
engedelmes	adj,noun
szemtanúnk	noun
gyönyör	noun
ingatag	adj
hozzáérsz	vrb
politikailag	noun
megbízás	noun,vrb
kérdezlek	vrb
bulizunk	vrb,noun
ülhetünk	vrb
hazám	noun
lábaimat	noun
visszatérhet	vrb
veszekedtetek	vrb
megnyerted	vrb
vitás	adj,noun
kizárólagos	adj
meghívhatlak	vrb
pörög	vrb
nyitó	noun,vrb
érdemelnek	vrb
pihensz	vrb
választásokon	noun,vrb
megkérdezik	vrb
zavarsz	vrb
megöljelek	vrb
szerelmemet	noun
jéghegy	noun
vanília	noun
gyűrűm	noun
viccből	noun
vacsoráztunk	vrb,noun
meneküljünk	vrb
sérti	vrb
megfagyok	vrb
testbe	noun
beszarás	vrb
kiderítettem	vrb
ládában	noun
férkőzni	vrb
erőmmel	noun
taxiban	noun
engedjem	vrb
kérése	vrb
szólnának	vrb
háztól	noun
harcnak	noun
csodálkoztam	vrb
megerőszakoltak	vrb
kefél	vrb
haljak	vrb
fővárosban	noun
válaszolnom	vrb
sakk-matt	UNK
fűtés	vrb
károsodás	vrb,noun
használati	noun
békát	noun
gyűlt	vrb
kormányzót	vrb,noun,adj
gondolataimban	noun
idelenn	adv
bűvös	adj
megvizsgálja	vrb
pénzben	noun
afgán	noun,adj
repülést	vrb
verve	vrb
tiszti	noun
előkészítem	vrb
tetszettek	vrb,adj
nyomozói	vrb,noun
beszéld	vrb
tapasztalatot	noun
alávaló	adj
váltja	vrb
konyhából	noun
tavat	noun
géped	noun
táplálkozik	vrb
eltemették	vrb
befektetők	vrb
hazánk	noun
kockáztatok	vrb,noun
üldözés	vrb
csillaga	noun
fényképe	noun
kábítószert	noun
kémkedsz	vrb
fejű	noun
ingatlant	noun,adj
magyarul	noun
operatőr	noun
szívatsz	vrb
lázad	vrb,noun
ejtsd	vrb
daru	noun
tömve	vrb
súlyosabb	adj,noun
dokit	noun
iránytű	noun
pi	noun
szűkös	adj
kórháznak	noun
ágyába	noun
világgá	noun
nyugtalanít	vrb
átkelni	vrb
eligazítás	noun,vrb
száján	noun
zsaruval	noun
bérlő	vrb,noun,adj
sztoriját	noun
vitatkoztak	vrb
órákban	noun
bűnök	noun
versz	vrb
torna	noun
dilinyós	adj
nyitod	vrb
északnak	noun
múltbéli	adj
festettem	adj,vrb
megbeszélem	vrb
mostoha	noun,adj
kerüli	vrb
nyeregbe	noun
ujjlenyomatai	noun
parancsok	noun
sikítani	vrb
melle	noun
idegesíteni	vrb,noun
fekszenek	vrb
fordíts	vrb
ráfér	vrb
fickóhoz	noun
sodorta	vrb
küldetésed	noun,vrb
verést	vrb
kivezető	vrb
rosszabbra	adj
értesíts	vrb
testvéreid	noun
lovát	noun
lábánál	noun
bajtól	noun
csatlakozzanak	vrb
elkerülje	vrb
hátadon	noun
intézkedéseket	vrb
homokba	noun
északról	noun
irodámat	noun
gyerekkora	noun
bemutatjuk	vrb
tucatszor	adj_num
lányba	noun
kelnem	vrb
cseréltem	vrb
papagáj	noun
zavarnak	vrb,noun
természetét	noun
ítélem	vrb
esélyét	noun
pá-pá	UNK
folytattam	vrb
sivatagba	noun
többes	noun
elismerés	noun,vrb
tudhatják	vrb
kivesszük	vrb
életért	noun
félnem	vrb
ütötték	vrb
zokon	adv
folytathatnánk	vrb
evezünk	vrb
edény	noun
művek	noun
információs	noun
türelmesnek	adj,noun
tetthely	noun
pirulát	noun
másszon	vrb
hiányolni	vrb
csapatra	noun
közeledett	vrb
kódja	noun
megmutatnád	vrb
törölköző	vrb
gödröt	noun
kibírhatatlan	adj,vrb
jelezni	vrb,noun
törmelék	noun
koncentrál	vrb
zaklató	vrb
kalandor	noun
készítettél	vrb
magasságos	adj
orvlövész	noun
eseted	noun
előcsarnokban	noun
főbb	adj
kínoz	vrb,noun
országszerte	noun,szerte_PLACE_adj
nehezebbé	adj
fegyverként	noun
generális	noun,adj
kezelése	vrb
átmész	vrb
épen	adj
valósággá	noun,adj
áldd	vrb
mozogsz	vrb
vágnak	vrb
belevaló	noun,adj
származhat	vrb
ülnék	vrb
vize	noun
behatolt	vrb
aggodalom	noun
félnék	vrb,adj_num,noun
zsebébe	noun
visszavinni	vrb
bolondos	adj,noun
kereslet	noun
úriemberek	noun
kihozom	vrb
trükköket	noun
repülők	noun,vrb
uralkodj	vrb
kikapcsolom	vrb
beköltözött	vrb
választanunk	vrb
cuccai	noun
felébresztettelek	vrb
szenvedő	noun,vrb
szavaznak	vrb,noun
jegyzőkönyvbe	noun
aranyból	noun
kicserélte	vrb
viselkedjetek	vrb
pajzsok	noun
gyülekezet	noun
pudingot	noun
mocsárban	noun
halk	adj
lelkünk	noun
marhaságot	noun
vérfürdő	noun
ítélt	vrb
bizonytalanság	adj
dugás	vrb
ítélkezem	vrb
lőjék	vrb
bírók	noun,vrb
nékem	noun_pron
múltra	noun,adj,vrb
választottalak	vrb
elpusztítom	vrb
kikapcsolva	vrb
veszekedést	vrb
rendszeren	noun
érezheti	vrb
légitársaság	noun
nőért	noun
megtaláljátok	vrb
elnézve	vrb
elmaradt	adj,vrb
hétszer	noun,adj_num
takar	vrb
fizető	noun,vrb
szegénység	adj
köpni	vrb
késel	vrb
tetejéről	noun
szarik	vrb
tanúnak	noun
születésem	vrb
értesítsen	vrb
leültem	vrb
fegyveren	noun
jogaimat	noun
szólhattál	vrb
óceánban	noun
nyilat	noun
megfigyelni	vrb
kórházakat	noun
elengedhetetlen	adj,vrb
húgával	noun
tehettek	vrb
ellenállt	vrb
jelöltet	adj,noun,vrb
lányoddal	noun
fémet	noun
közelmúltban	adv,noun
elhamarkodottan	adj,vrb
úszás	vrb
fősulira	noun
délig	noun
megállítsam	vrb
valamelyikünk	noun_pron
állítsam	vrb
vágó	noun,vrb
szabó	noun,vrb
kapcsolta	vrb
ösztönös	adj,noun
megszabaduljon	vrb
bámultok	vrb
öregszem	vrb
beadom	vrb
lojális	adj
panaszkodnak	vrb
szépségét	noun
ráveszem	vrb
fogalmatok	noun
törj	vrb
megismerem	vrb
e-maileket	noun
átvegye	vrb
visszafogni	vrb
bejelentkezett	vrb
abbahagytuk	vrb
kritikát	noun
jó-e	adj,adv
jóslat	noun
vezetése	noun,vrb
készülődik	vrb
elsétált	vrb
vécét	noun
külön-külön	twin
engedéllyel	noun
vízvezeték	noun
forgat	vrb
érints	vrb
egységes	adj,noun
orvosságot	noun
percét	noun
költségvetés	noun
cucca	noun
gyógyszerekkel	noun
emelte	vrb
konyakot	noun
polgármesteri	noun
népének	noun
formás	adj,noun
sikátorba	noun
tálat	noun
kicsúszik	vrb
őrjárat	noun
hajóban	noun
áramlik	vrb
ébreszd	vrb
belementem	vrb
hívjál	vrb
fejeddel	noun
légzése	vrb,noun
kupa	noun
akadni	vrb
keresztülment	vrb
poloska	noun
kezdjenek	vrb
baljós	adj
életedre	noun
filmjét	noun
húgomnak	noun
készítsünk	vrb
kisvárosban	noun
kamerája	noun
megzavarja	vrb
kövessem	vrb
bűbájos	adj,noun
fenyegetsz	vrb
frizura	noun
választásuk	noun,vrb
nőcsábász	noun
hálám	noun
mexikóiak	noun_prs
egynél	adj_num
behozom	vrb
lábamra	noun
grillezett	noun
amatőrök	adj
egyezzünk	vrb
bőséges	adj
kertjében	noun
húznom	vrb
közölje	vrb
pontosabb	adj,noun
igyak	vrb
elfogta	vrb
elejét	noun
megjósolni	vrb
utálnám	vrb
százan	adj_num
elkaphatjuk	vrb
jelmezben	noun
ütsz	vrb
veszítette	vrb
életjelek	noun
buliján	noun
bajori	noun
baloldali	adj,noun
vesszen	vrb
egyesül	vrb,noun,adj
percük	noun
gatyád	noun
meghallom	vrb
dobtál	vrb
mellkason	noun
lefoglalta	vrb
belehal	vrb
megölj	vrb
ömlik	vrb
megértsem	vrb
naptár	noun
félreértettem	vrb
halálbüntetést	noun
megőrülni	vrb
néninek	noun
szennyes	noun,adj
adtok	vrb
rontott	adj,vrb
listájára	noun
veszteg	adv
műtétje	noun
fordultál	vrb
felejted	vrb
karbantartó	vrb
árvaházban	noun
távoztak	vrb,noun
számítógépen	noun
szobán	noun
traumát	noun
szarás	vrb
mázlid	noun
sorozata	noun
képzelted	adj,vrb
aktában	noun
38-as	adj_num
költözzön	vrb
ihatsz	vrb
építkezésen	noun,vrb
űrhajót	noun
erősségem	adj,noun
tájékoztatást	vrb,noun
legapróbb	adj
túlélték	vrb
45-kor	adj_num
birkózó	noun,vrb
nyakában	noun
délnek	noun
keríteni	vrb
beszállsz	vrb
megnyerem	vrb
ügyekkel	noun
jegye	noun
amerikaiakat	adj,noun_prs
hátrafelé	adv
kiabálok	vrb
színpadról	noun
nagykutya	noun
méltóság	adj
osztva	vrb
évszak	noun
durvább	adj
amerikait	adj,noun_prs
részesedést	vrb,noun
lel	vrb
ringben	noun
biciklizni	vrb,noun
lehúzni	vrb
állnál	vrb,noun
kifogástalan	adj,noun
vonzódom	vrb
soros	noun
zuhanás	vrb
elválunk	vrb
utolsók	adj
tetteti	vrb
haladtunk	vrb
forrásom	noun,vrb
megvizsgálta	vrb
alaptalan	adj,noun
hüvelyk	noun
vesztesz	vrb
viszonyuk	noun
rejtegeti	vrb
megváltoztathatja	vrb
valódinak	adj
dolgaidat	noun
fejlesztés	noun,vrb
filmen	noun
elhiszik	vrb
elvonja	vrb
cimborák	noun
kíséret	noun
védjem	vrb
csodáltam	vrb
ünnepségen	noun
élhetnek	vrb
lepukkant	vrb
folyosóra	noun
jönnötök	vrb
szállodai	noun
programod	noun
hazavinni	vrb
isteneknek	noun
jövőnket	noun,vrb,adj
ültök	vrb
támadási	vrb
szintjén	noun
fogatlan	adj,vrb
esküvőjét	noun,vrb,adj
megbocsátott	vrb
volnának	vrb
megnyugtatni	vrb
idekinn	adv
társaságra	noun
szereznek	vrb,noun
aggasztja	vrb
viseltek	adj,vrb
megcsókolta	vrb
éreztek	vrb
gyújtotta	vrb
szünetre	noun
ördögök	noun
szerepelnek	vrb
vesztetted	adj,vrb
üldözik	vrb
megállítom	vrb
időtök	noun
legérdekesebb	adj,noun
csillagom	noun
álcázott	vrb,noun
fejeket	noun
cicám	noun
kaméleon	noun
kamiont	noun
bikát	noun
vágtak	vrb
mosott	vrb
dugott	vrb
haragja	noun
51-es	adj_num
kötelességét	adj,noun
cseléd	noun
szabaduljunk	vrb
soknak	adj_num
rendezek	vrb,noun
mája	noun
pisztolyát	noun
besötétedik	vrb
hinnünk	vrb
megölette	vrb
információkkal	noun
sírjon	vrb
hallgatnunk	vrb
népség	noun
betegen	adj,noun
csinálhatnék	vrb
főnökök	noun
tetőtől	noun
rendeltünk	adj,vrb
megkapd	vrb
falban	noun
ígértek	vrb
szakértői	adj,noun
tolakodó	noun,vrb
keretében	noun
bútorok	noun
engedélyezi	vrb,noun
hadat	noun
helyettük	noun_pron
híressé	adj,noun
szívós	vrb
könny	noun
lakosztályt	noun
gyártani	vrb
későig	adj,vrb
varázsa	noun
megmondták	vrb
hadnagynak	noun
fogót	noun,vrb
kezelésére	vrb
helyszínére	noun
kiképző	vrb,noun,adj
nyúlnak	vrb,noun
megmondjuk	vrb
értékeket	noun
legjobbja	adj,noun
ünnepe	noun
megindult	adj,vrb
előkészítő	noun,vrb
talajt	noun
nélkületek	noun_pron
gyilkolták	vrb
beszédre	noun
sétáljon	vrb
ragadós	adj,noun,vrb
megvádolni	vrb
neves	adj,noun
borz	noun
bemérve	vrb
tudását	noun,vrb
raknak	vrb
fokon	noun
tanúskodott	vrb
találhatsz	vrb
olvasnom	vrb
részekből	noun
közép	noun
lányodnak	noun
csíp	vrb
maradhatnánk	vrb
léphetünk	vrb
információi	noun
érzelmeit	noun
filozófus	noun
jeladó	noun
beosztást	noun,vrb
alakulni	vrb
bánjon	vrb
nővéredet	noun
felétek	noun_pron
osztályról	noun
álmaidat	noun
zenélni	vrb
értenem	vrb
csatlakoztál	vrb
vérzése	vrb
ugat	vrb
megkapjam	vrb
étterme	noun
halloweent	noun
passzold	vrb
meglátás	noun,vrb
lekapcsolni	vrb
vérdíjat	noun
vonta	vrb
temetni	vrb
megfogod	vrb
leszokni	vrb
nyakamat	noun
kimentek	vrb
ártottam	vrb
bárányt	noun
csúf	adj
viszály	noun
gondatlan	adj
belátom	vrb
ügynökünk	noun
rosszfiút	noun
vezetne	vrb
házának	noun
kipróbáljuk	vrb
álnok	adj
zakkant	vrb
felügyelete	noun
henrynek	noun
dúl	vrb
erőssége	adj,noun
lopnak	vrb
konvoj	noun
húzódik	vrb
nővé	noun
tökmag	noun
hittétek	vrb
ágyút	noun
alhatsz	vrb
generációk	noun
műtéti	adj,noun
újrakezdeni	vrb
csoporthoz	noun
rang	noun
formalitás	noun
vacsorázzunk	vrb,noun
szarvast	noun
hajszálon	noun
tájékoztatott	vrb,noun
kíséri	vrb
múló	vrb
férni	vrb
dallal	noun
raktárból	noun
szuperül	adj
függetlenség	adj
rejtekhely	noun
gratula	sentint
kötés	vrb
asztalról	noun
megszerzed	vrb
drogozik	vrb,noun
furának	adj
tanulnunk	vrb
szezonban	noun
kalapos	adj,noun
járnunk	vrb
fogaid	noun
jegyzőkönyvet	noun
kedveltelek	vrb
forduló	noun,vrb
emberének	noun
abnormális	adj
igazinak	adj
cirkuszt	noun
módszerek	noun
abortusz	noun
motelbe	noun
álmaidban	noun
örökölted	vrb
áldozatról	noun
rajzot	noun
megvesszük	vrb
szerződésben	noun,vrb
tanárnak	noun
megismeri	vrb
biztosította	vrb
támadásról	vrb
szolgálok	vrb
irónia	noun
lovagol	vrb
megtennünk	vrb
mobilon	noun,adj
ellátásra	vrb,noun
homárt	noun
elmondania	vrb
eldőlt	vrb
utált	vrb
mumus	noun
tisztáznunk	vrb
másodpercenként	adv,noun
kiegészítő	noun,vrb
elejtettem	vrb
szögben	noun
vállalatnak	noun
családomban	noun
zöldségeket	noun,adj
tévedésből	vrb
krémet	noun
feminista	adj
felmutatni	vrb
értelmezni	vrb,noun
reszket	vrb
tiszteld	vrb
túszként	noun
megtudunk	vrb
elsült	vrb
megérdemelted	vrb,adj
menekülünk	vrb
nagypapi	noun
idegeskedj	vrb
eladás	noun,vrb
45-ös	adj_num
illetőt	noun,vrb
telne	vrb
másvalaki	noun_pron
megállítjuk	vrb
varázsigét	noun
vonzódik	vrb
megvédte	vrb
üdvözöljék	vrb
megkéri	vrb
reményeket	noun
parancsoljanak	vrb
biznisz	noun
bambi	noun
csőcselék	noun
városát	noun
fővárosa	noun
halálig	noun
fényét	noun
költözés	vrb
mindannyiunkra	adj_num_wh
arénában	noun
bourbon	noun
következtetés	vrb
anyádról	noun
táskába	noun
s-ben	noun
nyomorúságos	adj,noun
énekelte	vrb
anyjáról	noun
vádoltak	vrb
strand	noun
fülbevalót	noun
szorongás	vrb
következők	adj,vrb
együttérzés	vrb,noun
elkezdted	vrb
kutyafáját	noun
távirat	noun
pénztáros	noun
táncosok	noun
egyéniség	adj_num,noun_pron,noun,adj
rohad	vrb
vendégei	noun,adj
főnökünk	noun
kimondtad	vrb
nővéremnek	noun
ügyből	noun
csatlakozna	vrb
ősrégi	adj
elnyerte	vrb
flörtölni	vrb
felejthetetlen	adj,vrb
pénzéből	noun
térnünk	vrb
pazarold	vrb
egyikünket	noun_pron
számítottak	vrb
előállt	vrb
vezetünk	vrb
eszement	adj
eltér	vrb
eredetit	adj,noun
benzinkútnál	noun
összpontosítani	vrb
múltad	noun,vrb
következnek	vrb
azonosítás	vrb
pontján	noun
újdonsült	adj
felhasználta	vrb
nászút	noun
poharam	noun
gyűlik	vrb
habozás	vrb,noun
bíznék	vrb
hotelből	noun
arcodba	noun
fektetett	vrb
megcsalja	vrb
vonják	vrb
lakoma	noun
munkatárs	noun
háztartási	adj,noun
bárkinél	noun_pron
elsőéves	adj
énemet	noun_pron,noun
terhelő	vrb
visszajárót	vrb
borsó	noun
ülnöd	vrb
különlegessé	adj
telefonáljon	vrb
vezérkari	noun
testvéremnek	noun
testvéri	adj,noun
kontroll	noun
gyülekező	noun,vrb
tao	noun
töltsön	vrb
egészségi	noun,adj
szellemekkel	noun
otthagyja	vrb
barbecue	noun
minő	adj_wh
mesternek	noun
mozgalmas	adj,noun
válasszak	vrb
izével	noun
mosolygós	adj,vrb
francnak	noun
legdögösebb	noun
expressz	noun
helyiségben	noun,adj
zongorát	noun
nyughass	vrb
sorrend	noun
ugyanoda	adv
hús-vér	UNK
órámat	noun
éred	vrb
teraszon	noun
álmatlan	adj
ikertestvére	noun
meghívtál	vrb
percetek	noun
bármennyit	adj_num_wh
tanulja	vrb
térfigyelő	noun,vrb
hitelkártyáját	noun
akárkit	noun_pron
idehozni	vrb
látványa	noun
humora	noun
megtudták	vrb
patkányokat	noun
visszaveszem	vrb
kételkedik	vrb
felperes	noun
lövésem	vrb,noun
melleid	noun
ragaszkodnak	vrb
biztonságáért	noun
kifizetődő	adj,vrb
agyunk	noun
irányítsd	vrb
riadót	noun,vrb
gondban	noun
kirándulásra	vrb
összetörik	vrb
szerencséjük	noun
kétszeres	adj,adj_num,noun
röhög	vrb
hagyhatta	vrb
megkezdődik	vrb
viccelődni	vrb
emlékezteti	vrb,noun
kopp-kopp	UNK
producerek	noun
kocsink	noun
képzelte	vrb
bölcsebb	adj
titkomat	noun
félévben	noun
hajómat	noun
eljöhetnél	vrb
úrtól	noun
sodorni	vrb
részük	noun
elalszom	vrb
üvegben	noun
léteztek	vrb,noun
becenév	noun
kapcsolatotok	noun
oszlop	noun
felfogja	vrb
vödröt	noun
testének	noun
érzelmeid	noun
tagjainak	noun
padlóján	noun
hallatszik	vrb
maradnánk	vrb
izgatottnak	adj,vrb
részével	noun
majdhogynem	adv
lábukat	noun
próbálkoznak	vrb
barátomtól	noun,adj
vádolta	vrb
teremtve	vrb
kezdhetsz	vrb
gyógyszerét	noun
kulccsal	noun
bántanak	vrb
összefüggést	noun,vrb
látó	vrb,adj
távirányító	vrb
nézheted	vrb
sokaknak	adj_num
zongorázni	vrb,noun
szombati	noun
kaki	noun
fegyvereik	noun
kompromisszumot	noun
érdeme	noun
kerületben	noun
gyűlölnek	vrb
érvénytelen	adj,noun
útvonalon	noun
számlára	noun
kerülhetsz	vrb
gyanúsan	adj,noun
öntött	vrb
esek	vrb
meneküljön	vrb
megnézheted	vrb
amerikaiaknak	adj,noun_prs
változtatnunk	vrb
testüket	noun
megmondhatja	vrb
véremet	noun
zavarjuk	vrb
jóisten	sentint
bunyózni	vrb,noun
forgasd	vrb
többféle	adj_wh,adj
orbitális	adj
orgazmus	noun
győztesek	adj,noun
megmozdul	vrb
időzítő	noun,vrb
dologtól	noun
észleltünk	vrb
mentetted	vrb
alkalmaz	vrb,noun
füstös	adj,noun
halloweenkor	noun
ellenőrizted	vrb
melleit	noun
férjednek	noun
járom	noun,vrb
hálóba	noun,vrb
beismerő	vrb
hisztérikus	adj
kézírása	noun
műsorom	noun
felveszlek	vrb
méterről	noun
unatkoztam	vrb
kémkedik	vrb
lévén	adv
higgadjon	vrb
várossal	noun
engemet	noun_pron
penész	noun
mm-hm	UNK
címed	noun
felfedezték	vrb
pápá	sentint
vágytól	noun
rohangál	vrb
hajtasz	vrb
dobozból	noun
takarja	vrb
gyökeret	noun
megadok	vrb
vádolt	vrb
ellenvetés	noun,vrb
akivé	noun_pron
többel	adj_num
marhahús	noun
áldozni	vrb
pelenka	noun
képességeimet	noun,adj
eldobom	vrb
műtő	noun,vrb
végezetéig	noun
jelzálog	noun
szolgáltatni	vrb
opció	noun
megsérültek	vrb
kifogásom	noun,vrb
ülhetsz	vrb
kicserélni	vrb
hagyjunk	vrb
alkat	noun
megbánta	vrb
láthatáron	noun
narancsot	noun
bízva	vrb
harcoljak	vrb
oldalad	noun
toronyba	noun
feltörték	vrb
szekér	noun
gyakorolj	vrb
tudományt	noun
elrejtőzni	vrb
rejtvény	noun
golyóim	noun
mesteri	adj,noun_prs,noun
engedném	vrb
ülnie	vrb
alvilági	adj,noun
tekints	vrb
ígérek	vrb
hagytátok	vrb
ág	noun
következtetéseket	vrb
lakásodban	noun,vrb
zárnom	vrb
útlevelét	noun
ebédelek	vrb
szülinapomra	noun
professzorral	noun
hazaérsz	vrb
kiképzett	vrb
kelnek	vrb,noun
megkínozták	vrb,noun
szolgád	noun
hasonlókat	adj,vrb
atyaisten	noun
elkísér	vrb
technológiával	noun
könyvekben	noun
letartóztatása	noun,vrb
szádban	noun
jelzik	vrb
dumálj	vrb
centivel	noun
szívességgel	adj,noun
nagyim	noun
jelentsd	vrb
észreveszik	vrb
tudományosan	adj,noun
szüleitek	noun
jelennek	vrb,noun,adj
élőlények	noun
koncentrálnod	vrb
felügyelni	vrb
látszatot	noun
díszes	adj,noun
felejtsem	vrb
nehezebben	adj
megtudnom	vrb
meghúzta	vrb
sekély	adj
akartátok	vrb
kimenő	noun,vrb,adj
eszközökkel	noun
behozzuk	vrb
máson	adj,noun
lemondom	vrb
kijöttél	vrb
kádba	noun
lemezeket	noun
hullanak	vrb
emeletről	noun
rúgta	vrb
kódok	noun
temetve	vrb
táborból	noun
kiérdemelted	vrb
alantas	adj
barátságtalan	adj
hasznosnak	adj,noun
munkájában	noun
ellátmányt	noun
feltételezve	vrb,noun
nyomán	post,noun
megbízásából	noun,vrb
ideértél	vrb
frekvenciát	noun
elengedtek	vrb
beteged	noun,adj
látás	vrb
megrögzött	adj
tükrözi	vrb,noun
humoros	adj,noun
munkámmal	noun
tanítvány	noun
elveszítelek	vrb
világosság	adj,noun
szememnek	noun
álmodok	vrb
kiszabadulni	vrb
félreértett	vrb
megemlítette	vrb
füstölt	vrb
tanúkat	noun
szerencsejátékos	noun
ujjaid	noun
emlékeztetlek	vrb,noun
maradhatna	vrb
megnyitni	vrb
adhatja	vrb
szádból	noun
látogat	vrb
válogatás	vrb
megetetni	vrb
beléptél	vrb
leszúrta	vrb
felnőtté	noun,adj
szívott	vrb
gazembert	noun
faszomat	noun
indultál	vrb
éspedig	con
durranás	vrb
díját	noun
kitalálsz	vrb
ellenőrizzem	vrb
védelmezője	vrb,noun
méretét	noun
boszi	noun
húztak	vrb
hivatalba	noun
idejöttek	vrb
festés	vrb
lányomról	noun
tárcámat	noun
borzalom	noun
perceken	noun
szándékai	noun
demokraták	noun
kendőt	noun
öltözöl	vrb
számol	vrb
fülkében	noun
felügyeletet	noun
csapot	noun
visszavisszük	vrb
joghurt	noun
hánytam	vrb
ereklye	noun
találkozna	vrb
arcával	noun
színre	noun
gödörbe	noun
fazont	noun
lányért	noun
hatású	noun,vrb
lefoglaltam	vrb
izzadok	vrb
vendégeknek	adj,noun
kicsiny	adj
időjárást	noun
megoldása	noun,vrb
szövegét	noun
bérgyilkost	noun
felmondtam	vrb
vétettem	vrb
szkeptikus	adj
hősi	noun
önkéntesek	adj,noun
műved	noun
megmentselek	vrb
pazarolni	vrb
flörtöl	vrb
korra	noun
féregjárat	noun
hézag	noun
amelyiken	noun_pron
padjára	noun
valamink	adj,noun_pron
kiadtam	vrb
legkésőbb	adv,adj,vrb
tereld	vrb
ünnepségre	noun
mp	noun
juttat	vrb
közönségnek	noun
eldobja	vrb
papnak	noun
szerződése	noun,vrb
kalapját	noun
kártyával	noun
pontnál	noun
puncit	noun
vágást	vrb
fáradtságot	vrb,adj
naggyá	adj
szolgáltak	vrb
övezet	noun
merényletet	noun
megszállottan	adj,vrb
győződni	vrb
küldjetek	vrb
árulhatom	vrb
példakép	noun
felnősz	vrb
zaklatja	vrb
kerüljünk	vrb
könyörülj	vrb
nyilvántartás	noun,vrb
elsétál	vrb
mókának	noun
kapóra	vrb
torkod	noun
termékek	noun
kérhet	vrb
unod	vrb
megpróbáljam	vrb
hologram	noun
bors	noun
popcornt	noun
szívesek	adj,noun
hűségesek	adj
elnyelte	vrb
akaratlanul	adj,vrb
énekli	vrb
egyeztem	vrb
kajára	noun
véleményen	noun
hosszútávú	noun
gyanúsnak	adj,noun
felénél	noun
építettünk	adj,vrb
gondolattal	noun
irányítanak	vrb
megtörténne	vrb
kocsinál	noun,noun_prs
kislányomat	noun
forduljatok	vrb
szörfözni	vrb,noun
összeházasodtak	vrb,noun
meglőtt	vrb
babona	noun
zsémbes	adj
leveled	noun
elteszem	vrb
tanulmányok	noun
tesztre	noun
rémálma	noun
követelt	adj,vrb
bűntársa	noun
megegyezni	vrb
jóbarátok	noun
megmutatják	vrb
gránátot	noun
házastársi	noun
kád	noun
túléléshez	vrb
megúsztuk	vrb
levágják	vrb
hozzáér	vrb
anyáról	noun
istentelen	adj,noun
fenyegetni	vrb
kérdéseimre	noun,vrb
témánál	noun
pacsi	noun
közlekedés	noun,vrb
boldogságra	noun,adj
elfogtak	vrb
méltóságod	adj
királyhoz	noun,adj
popcorn	noun
mellkasát	noun
ígéretem	noun
elmék	noun
rajtakaptam	vrb
vacsoráztam	vrb,noun
ízléstelen	adj
utasításaimat	vrb,noun
lakbér	noun
precíz	adj
megragadtam	vrb
személyiségét	noun,adj
összességében	adj
póni	noun
számítógépét	noun
feleltem	vrb
születni	vrb
rablásért	noun
megmentésére	noun,vrb
zuhanyzóban	vrb,adj
megbántott	vrb
megküzdeni	vrb
vámpírokat	noun
törvényeit	noun
tönkreteszik	vrb
megnyílt	vrb
lufi	noun
játszadozik	vrb
fejezed	vrb,noun
megvágtam	vrb
organikus	adj
dolgoznál	vrb,noun
fogtuk	vrb
másoktól	adj,noun
testvérének	noun
ügyvédjével	noun
szemközti	adj
nagyokat	adj
részletekkel	noun
istennője	noun
szovjetek	noun
fegyvernek	noun
vallást	noun,vrb
kombinációt	noun
folyni	vrb
pihenőt	noun,vrb
állapotot	noun
kapcsolódó	vrb
protestáns	noun,adj
rejtőzködik	vrb
forgalmazza	vrb,noun
erősödik	vrb,noun
tehetségét	noun
posztot	noun
puma	noun
nyílás	vrb
ismerkedni	vrb
elutazunk	vrb,noun
erőinket	noun
megismételni	vrb
elkaptál	vrb
nőben	noun
vidéket	noun
koromig	noun
érzelmeim	noun
dolgoktól	noun
őrzője	vrb,adj
üzlethez	noun
sodorja	vrb
szoktatok	vrb
elvérzett	vrb
nyereség	noun
kerülhetek	vrb
problémáit	noun
eldobod	vrb
célzást	vrb,noun
utaznom	vrb,noun
töltsem	vrb
jóindulatú	adj,noun
odaveszett	vrb
klasszul	adj
maja	noun
fogadjátok	vrb
bízzunk	vrb
árulót	vrb
szeretetből	noun
karjaiba	noun
felfedező	noun,vrb
régit	adj
szakaszt	vrb,noun
lecsukták	vrb
gyanúba	noun
kutatott	vrb
gazdagság	adj
térképe	noun
szöveggel	noun
világosabb	adj,noun
fogaim	noun
megfelelne	vrb
ellenőrzése	vrb,noun
gyökerek	noun
esküdteket	adj
megmenekültünk	vrb
szájára	noun
autóhoz	noun
motiváció	noun
átfogó	noun,adj,vrb
hagyhat	vrb
temploma	noun
felvegye	vrb
harcolnod	vrb
területem	noun
hiányt	noun
szerb	noun,adj
bálnák	noun
leveleit	noun
fenyegetőzött	vrb
léphetek	vrb
láthatott	vrb
foglalják	vrb
átkutatták	vrb
robbanószer	noun,vrb
összeáll	vrb
páncélos	noun
megengedtem	vrb
átkutatni	vrb
megtudhatnám	vrb
lifttel	noun
darabjaira	noun
csillog	vrb
szenvedtél	vrb
parancsnokkal	noun
kisvárosi	noun
trójai	adj,noun_prs
képeztek	vrb,noun
sajátja	adj
használnia	vrb
riasztást	vrb
klinikát	noun
bánjátok	vrb
megold	vrb
tumort	noun
zárás	vrb
haverokkal	noun
létezéséről	vrb,noun
vicceltek	vrb
ajánlatomat	noun
felkeresett	vrb
beleszólni	vrb
dugj	vrb
eljegyzést	vrb,noun
törpék	noun,adj
megnyílik	vrb
partiján	noun,adj
halhatok	vrb
kihagyjuk	vrb
közleményt	noun
kellenének	vrb
ténnyel	noun
segíthetnénk	vrb
ellát	vrb
elvégzem	vrb
eltűnne	vrb
kezeimet	noun
kihúztam	vrb
bírságot	noun
keveredni	vrb
alkohollal	noun
professzornak	noun
prostitúció	noun
elintézve	vrb
kompot	noun
reptérről	noun
hangosak	adj,noun
centit	noun
telepatikus	adj
bementünk	vrb
szállnom	vrb
péntekig	noun
állatoknak	noun
ijedj	vrb
gyűjtemény	noun
csípni	vrb
unokatestvéred	noun
kellemesebb	adj,noun
bízzatok	vrb
kezdjetek	vrb
hordozza	vrb
zűrzavart	noun
forognak	vrb
picim	adj
bátyjával	noun
hobbija	noun
járnál	vrb
szendvicseket	noun
virágokkal	noun
világháborúban	noun
szerezzenek	vrb,noun
ölhette	vrb
maradványai	noun
törvénnyel	noun
öszvér	noun
megfigyelésre	noun,vrb
borul	vrb,noun
egyeseknek	noun,adj
elszántan	adj,vrb
külseje	noun
helyezik	vrb,noun
szövetet	noun
hibáztathatod	vrb
erődben	noun
idejöjjön	vrb
köröznek	vrb,noun
eljő	vrb
víztől	noun
készenléti	noun
szakterülete	noun
naplóm	noun
életünkbe	noun
elterveztem	vrb,noun
megették	vrb
tartogattam	vrb
marsi	noun_prs
hidra	noun
betegekkel	adj,noun
megnyerő	vrb
bűbáj	noun
ehetnénk	vrb
ellenszenves	adj,noun
ilyenekre	adj_wh
csatatéren	noun
belemegy	vrb
üvegből	noun
hazaértünk	vrb
passzban	noun
őrnagyot	noun
rendelkezésünkre	noun,vrb
mutatkozott	vrb
főhadiszállás	noun
válaszolna	vrb
bolyhos	adj,noun
csúszott	vrb
kiverte	vrb
adnánk	vrb
háborúzni	vrb,noun
vésve	vrb
papát	noun
szabott	adj,vrb
szóbeli	noun,adj
megkeresi	vrb
kezdheti	vrb
költségvetést	noun
elhozzuk	vrb
bármelyiket	noun_pron
szigete	noun
sebészet	noun
játékom	noun
robbanóanyag	noun
messiás	noun
leveszed	vrb
elértünk	vrb
portugál	noun
pályázik	vrb,noun
számból	noun
kikapcsolták	vrb
ellenfelet	noun
hallgattak	vrb
világi	adj,noun
bámuld	vrb
öcsémmel	noun
iszonyatosan	adj,noun
alattam	noun_pron
oldalsó	adj
fedez	vrb
előadása	noun,vrb
megölnöd	vrb
elnyomja	vrb
megmutatnám	vrb
taxisofőr	noun
ügynökséget	noun
számlája	noun
pisi	noun
műsorát	noun
ketrec	noun
kihúzza	vrb
feledésbe	noun,vrb
repedés	vrb
jóváhagyta	vrb
unatkozol	vrb
elvárják	vrb
bűneiért	noun
államnak	noun
ligában	noun
lazulj	vrb
készítve	vrb
mentsem	vrb
következtetni	vrb
hasonlítható	vrb
galaktikus	adj
teljesített	adj,vrb
fiúm	noun
előzőleg	adv
esélyetek	noun
odaadnám	vrb
méltányos	adj
összeesküvést	vrb,noun
tiszteljük	vrb
szúrja	vrb
csalást	vrb,noun_prs
reneszánsz	noun
dolgozzatok	vrb,noun
társadalmat	noun
kategória	noun
beszélgetések	noun,vrb
indulnod	vrb
fegyveresek	adj,noun
nonszensz	noun
16-os	adj_num
sminket	noun
megosztott	vrb
elengedett	vrb
megfizetnek	vrb
ellenőr	noun
lökés	vrb
csomagtartójában	noun
megcsinálják	vrb
tárgyalok	vrb
köteléket	noun
parancsolja	vrb
ízléses	adj,vrb
ostobának	adj
féltünk	vrb
iszod	vrb
hajthatatlan	adj,vrb
elköltözik	vrb
ostobán	adj,An_MODE_adv
álltatok	vrb
törjük	vrb
láthatatlanná	vrb,adj
szövetsége	noun
egészségesek	adj,noun
részmunkaidős	noun
tapló	noun,adj
elhúzunk	vrb
gépház	noun
végük	noun
mutatkozik	vrb
orromat	noun
fogalmaztam	vrb,noun
támadásnak	vrb
ujjlenyomatait	noun
s-ban	noun
megindító	vrb
baját	noun
jutottatok	vrb
megviselte	vrb
színpadi	adj,noun
dobva	vrb
oroszlánt	noun
telefonba	noun
inna	vrb
itt-ott	twin
kedveljük	vrb
fülig	noun
gyerekkorunkban	noun
kitartott	adj,vrb
rákerestem	vrb
megkérted	vrb
nőjön	vrb
vigyáznál	vrb
visszavonulunk	vrb
vágjon	vrb
lakásomat	noun,vrb
jutnia	vrb
fájlok	noun
láncszem	noun
láma	noun
ordít	vrb
rendelet	noun
megjelensz	vrb
ideértünk	vrb
házvezetőnő	noun
ugyanezen	noun_pron
vezérigazgatója	noun,vrb
alapokat	noun
vírussal	noun
fokot	noun
ugyanannak	noun_pron
köszöntelek	vrb
hátvéd	noun
bánatos	adj,noun
visszaadod	vrb
lépcsőt	noun
láthatnánk	vrb
fejezned	vrb,noun
vonatkoznak	vrb
szerepre	noun
megöléséért	vrb
amelyre	adj_wh
születés	vrb
térde	noun
megtörik	vrb
kopog	vrb
boszorkányság	noun
sárba	noun
eljátszotta	vrb
kinyitná	vrb
aktájában	noun
hitetlen	adj
elfelejtettük	vrb
körmei	noun
enyémnek	noun_pron
magisztrátus	noun
szívedbe	noun
évekre	noun
vádoljuk	vrb
olyasmiket	noun_pron
helyrehozom	vrb
megparancsolta	vrb
szavazók	noun,vrb
hagyhatnánk	vrb
varangy	noun
tarthatja	vrb
szakítunk	vrb
műsorba	noun
fiúd	noun
nyomtatványt	noun
megengedné	vrb
lopsz	vrb
üzen	vrb
megjelenés	noun,vrb
gondolkodó	vrb
szenvedélyt	noun
találtátok	vrb
fázni	vrb
gyűjtünk	vrb
vágtál	vrb
bonyolultak	adj
őrzöm	vrb
játszódik	vrb
iker	noun,adj
léphetnek	vrb
vízért	noun
büszkévé	adj
külvárosi	adj,noun
kutatók	noun,vrb
választunk	vrb
szóltunk	vrb
lovasság	noun
termett	vrb
ilyent	adj_wh
dzsinn	noun
forgatáson	vrb
labirintus	noun
tinik	noun
hibáját	noun
helyettünk	noun_pron
sál	noun
világunkban	noun
elmondhatsz	vrb
koponyáját	noun
feleségemre	noun
marhák	noun
hibáit	noun
lekéssük	vrb
foglalkozok	vrb
képünk	noun
erejüket	noun
embereimmel	noun
alternatíva	noun,adj
partjainál	noun
lepődni	vrb
hallgatják	vrb
logikusan	adj
részecskék	noun
visszamenjek	vrb
sajtóval	noun
másféle	adj,noun
képzelj	vrb
bántana	vrb
megosztotta	vrb
dakota	noun,adj
pisztolyod	noun
nőbe	noun
testével	noun
péntekre	noun
kiadós	adj,vrb,noun
játszmát	noun
tetkót	noun
évtizede	noun
szénakazalban	noun
királyságban	noun,adj
poharakat	noun
nekiment	vrb
kín	noun
védenie	vrb
olimpia	noun
kísérlete	noun
elvigyék	vrb
szemétládák	noun
kitörés	noun,vrb
milliárdot	adj_num
gyakorlatias	adj
kiabálás	vrb
beszélgetnénk	vrb
gyerekekhez	noun
visszavonulni	vrb
dobó	vrb
adófizetők	noun,vrb
mennyből	noun
ihletet	noun
fokú	noun
labdával	noun
köss	vrb
egyértelművé	adj,adj_num,noun
rózsás	adj,noun_prs,noun
szenátusi	noun
tisztem	noun
esélyei	noun
kormányzónak	vrb,noun,adj
kisasszonynak	noun
vessek	vrb
számláit	noun
civileket	adj
tűzet	vrb
sógornő	noun
maroknyi	noun
szopni	vrb
hordta	vrb
visszaadjuk	vrb
árnyékok	noun
kerülje	vrb
istenünk	noun
parkolóba	vrb
árulunk	vrb
haladjon	vrb
írek	adj,noun
mekkorát	adv
tanítottad	vrb
előnyei	noun
gyújts	vrb
féktelen	adj,noun
jelentkeznek	vrb
ölöd	vrb
reményben	noun
szintjét	noun
csökönyös	adj
hányinger	noun
megszabadul	vrb
megölhet	vrb
edzőteremben	vrb,noun
szereped	noun
vágnom	vrb
fogyni	vrb
feküdnöm	vrb
irodának	noun
lekvár	noun
gyerekeimnek	noun
álnév	noun
idejönnöm	vrb
követelek	vrb
parányi	adj,noun
bejárata	noun
elsétálni	vrb
mindkettőtök	adj_num
készültök	vrb
betette	vrb
partija	noun,adj
hallaná	vrb
fegyvereink	noun
júniusban	noun
elindítani	vrb
rögzítette	vrb
verés	vrb
kézből	noun
gondolkozzam	vrb
perzsa	noun,adj
feljönni	vrb
meglépni	vrb
császárt	noun
hajtanak	vrb
elköltözöm	vrb
csukni	vrb
merülve	vrb
tulajdonosok	noun
seggfejet	noun
álmaink	noun
elfogtuk	vrb
hulláját	noun
tönkreteszem	vrb
hajléktalanok	noun,adj
lovakkal	noun
centiméter	noun
meglepetésekkel	noun,vrb
lelkük	noun
órának	noun
ízleni	vrb
domináns	adj
színészi	adj,noun
bepánikolt	vrb
olyasvalakivel	noun_pron
mellét	noun
nyilvánosságot	adj
megfertőzte	vrb,noun
vitatkoztunk	vrb
unalom	noun
hazamehetek	vrb
féken	noun
napjuk	noun
memóriáját	noun
hatalmába	noun
gyerekének	noun
ajándéknak	noun
szexelek	vrb
végrehajtó	noun,vrb
jöhetnél	vrb
behozta	vrb
olvasnod	vrb
említést	vrb
szexért	noun
propaganda	noun
fáradságot	noun
családos	noun
ötletei	noun
vezetéknevét	noun
másikhoz	noun_pron,noun
trófeát	noun
szállítanak	vrb
stand	noun
árvíz	noun
büntetésem	noun,vrb
mentve	vrb
gyanakvó	vrb,adj
kapcsolatosan	adj,noun
going	noun
pajkos	adj
kopott	adj,vrb
gyermekemet	noun
kend	noun_pron,vrb
megközelítés	noun,vrb
baszakodj	vrb
lángot	noun
őszentsége	noun
hazavisz	vrb
számítson	vrb
bizottságban	noun
bűnözőkkel	noun,vrb
bántál	vrb
vernek	vrb
elkészítem	vrb
működési	vrb
öröksége	adj
megnőttél	vrb
húgoddal	noun
számról	noun
átlépni	vrb
zongorista	noun
meneküljetek	vrb
lábaddal	noun
eredményes	adj,noun
szexista	noun
szülőkkel	noun,vrb
elpusztították	vrb
megígértük	vrb
hangsúly	noun
idehozta	vrb
szétesett	vrb
elintézik	vrb
eldugott	adj,vrb
szétverem	vrb
gyufa	noun
megakadt	adj,vrb
helyszínét	noun
szakaszban	noun
inge	noun
iszákos	adj,noun
icipici	adj
médiát	noun
kapaszkodni	vrb
őrültebb	adj,vrb
szállnunk	vrb
ugyancsak	con
tárcája	noun
villámcsapás	noun,vrb
kérdezzétek	vrb
dobjon	vrb
tankot	noun
lehetetlennek	vrb,adj
objektív	noun,adj
üresnek	adj
kiváltság	noun,vrb
kutatva	vrb
elrejti	vrb
mártír	noun
túljutni	vrb
vádalkut	noun
emlékeztetnek	vrb,noun
felelősséged	noun
kikötni	vrb
okozhatja	vrb
szerzem	vrb
megijesztettelek	vrb
isteneket	noun
baleseti	noun
dolgába	noun
zebra	noun
etesd	vrb
irányítjuk	vrb
szabaduljon	vrb
vehetik	vrb
takarítónő	noun
ketchup	noun
vacsoráról	noun
furcsaság	adj
akadnak	vrb
kutyáknak	noun
embereimnek	noun
ügyfelei	noun
számítva	vrb
mérleg	noun
kitérőt	noun,vrb
alkalmunk	noun
elkövette	vrb
kockáztathatjuk	vrb
hitetni	vrb
rugót	noun
seggembe	noun
bántsanak	vrb
intéznünk	vrb
érdemlik	vrb
szakterületem	noun
vállalsz	vrb
niggerek	noun
egészségtelen	adj,noun
koszorúslány	noun
beszélhetnek	vrb
felírtam	vrb
hazája	noun
városom	noun
tartóztassa	vrb,noun
főváros	noun
mise	noun
nehézség	noun
agyamban	noun
törzset	noun
pihenjünk	vrb
vitatkozz	vrb
képviselőt	noun,vrb
látomások	noun
bekövetkezett	vrb
találka	noun
gyártott	vrb
anyajegy	noun
meghozza	vrb
fenyegetésnek	vrb
tojással	noun,vrb
szavazz	vrb,noun
széllel	noun
visszajönne	vrb
cellájában	noun
elbeszélgetünk	vrb
kémkedés	vrb
km-es	noun
következzen	vrb
ellenőrizték	vrb
hozhatod	vrb
expedíció	noun
üresség	adj
kockáztatod	vrb,noun
beszéded	noun
zsebkendőt	noun
olvadt	vrb,adj
programját	noun
hajtotta	vrb
büszkének	adj
felszínén	noun
visszamenőleg	adv
martint	noun
elmondasz	vrb
ezres	adj_num,noun,adj
oszolj	vrb
úgysincs	noun
kiérdemelte	vrb
feleségemről	noun
elájulok	vrb
korunkban	noun
csekkeket	noun
testemen	noun
fokozott	adj,vrb,noun
tagjával	noun
nyomodban	noun
munkámhoz	noun
megtehet	vrb
törted	vrb
elmondása	noun,vrb
képről	noun
kiáltott	vrb
utasítására	vrb,noun
megfullad	vrb
vélhetően	vrb
dáma	noun
bezárja	vrb
lábnyomok	noun
apasági	noun
mondanánk	vrb
visszakapjuk	vrb
halnom	vrb
álmodozó	vrb
hétfőig	noun
verzióját	noun
határidőt	noun
emeljék	vrb
megkereslek	vrb
tanúnk	noun
kaphatnak	vrb
idehozott	vrb
takarít	vrb
gyűjtő	noun,vrb
dalban	noun
sütőben	vrb
gyengélkedőre	vrb
bogarakat	noun
bedobtam	vrb
gyengül	vrb
paranoid	adj
bedobta	vrb
szétválunk	vrb
vizsgára	noun
visszautasítottam	vrb,noun
alakítja	vrb
elmúltak	vrb,adj
küldetések	noun,vrb
kutassák	vrb
pillanatokban	noun
feleségére	noun
nevezze	vrb,noun
jöhetne	vrb
kan	noun
tanítasz	vrb
hozzáférési	vrb,noun
kulcsai	noun
magányt	noun
tapasztalatlan	adj,vrb
térjetek	vrb
hallucináció	noun
gyerekeinek	noun
nőm	noun
kinyitjuk	vrb
rabbit	noun
dühbe	noun
cirkuszban	noun
felismer	vrb
dzseki	noun
egyikkel	noun_pron
búvár	noun
mennyországba	noun
standard	noun,adj
nyeremény	noun
szalon	noun
szabadnapos	noun
jegyezve	vrb,noun
hagyhatlak	vrb
felderítés	noun,vrb
cserbenhagyásos	noun
kóma	noun
amelyiknek	noun_pron
vágnunk	vrb
cici	noun
királyának	noun,adj
háromból	adj_num
használhatják	vrb
fú	vrb
ajánlatunk	noun
kerüljük	vrb
troll	noun
közöltem	vrb
isis	noun
feltörtem	vrb
elválik	vrb
feldobja	vrb
vitázni	vrb,noun
felemelt	adj,vrb
elejéről	noun
nyirkos	adj,noun
filmről	noun
nagyobbra	adj
gyűlölik	vrb
napnyugta	noun
hazugságban	adj
megkap	vrb
ellenségeim	noun
felkelsz	vrb
ígérj	vrb
fordító	vrb
morbid	adj
csipetnyi	noun
megkedvelni	vrb
meséli	vrb
beveszem	vrb
megmondhatod	vrb
műtétem	noun
kiütött	vrb
kilőni	vrb
polgármestere	noun
csapd	vrb
essék	vrb
levágtam	vrb
csábítani	vrb
szüleménye	noun
fiataloknak	adj
kihasználva	vrb
bemeneti	noun
nyernem	vrb
lábával	noun
baseballt	noun
felejtett	vrb
tartályt	noun
köszike	sentint
megtalálása	noun,vrb
körbenézek	vrb
együttérzést	vrb,noun
beugró	noun,vrb,adj
csatára	noun
kérdezősködik	vrb
szomszédunk	noun
változtatunk	vrb
mellénk	noun_pron
kiegyensúlyozott	adj,vrb,noun
városról	noun
hazudunk	vrb
aláírná	vrb
kicsinállak	vrb
megtestesült	adj,vrb
vitatkozunk	vrb
forgatunk	vrb
ejtőernyős	noun
rátámadt	vrb
visszautasított	adj,vrb,noun
bobot	noun
igyekszel	vrb
evolúciós	noun
nyilvánították	vrb
központjában	noun
kocsmai	noun
állítunk	vrb
rendelkezett	vrb
osztálynak	noun
oldalas	noun
kegyetlenek	adj
figyelnie	vrb
gépén	noun
szokásosnál	adj,noun,vrb
fegyverszünetet	noun
ébredsz	vrb
épülete	noun
felépült	adj,vrb
tökfilkó	noun
figyelne	vrb
csatlakozhatok	vrb
szinkron	noun
hajójuk	noun
legdurvább	adj
japánt	noun,adj
géphez	noun
o.	noun,abr
körzetet	noun
bevetésen	vrb,noun
bulizzunk	vrb,noun
motorok	noun
égető	vrb
helyrehozzuk	vrb
beszélhetnél	vrb
tapasztalatod	noun
illatú	noun
mennydörgés	vrb,noun
apácák	noun
kavar	vrb
könyvelést	vrb
elrablása	noun
állíthatjuk	vrb
kerülő	noun,vrb
egyesülés	vrb
hozhatom	vrb
dallamot	noun
próbán	noun
legkirályabb	adj
hercegnője	noun
vigyáznunk	vrb
eltérés	noun,vrb
ismerkedtünk	vrb
biztosat	adj
elvinném	vrb
ezeknél	noun_pron
betartja	vrb
galériában	noun
felmentették	vrb,adj
képviselői	noun,vrb
kezünket	noun
hetünk	adj_num,noun
határát	noun
legszomorúbb	adj
meghívhatom	vrb
vitorlát	noun
elárultak	vrb
tanulság	noun
állatnak	vrb,noun
üldögélni	vrb
vesztegessük	vrb
spórolni	vrb
híred	noun
százalékát	noun
dühét	noun
tisztviselő	noun,vrb
királyunk	noun,adj
lélekkel	noun
ragyogóan	vrb
ismételten	adj,vrb
látogatód	noun,vrb
szekrényemben	noun
rap	noun
belevágunk	vrb
szálltál	vrb
kisfia	noun
szabályaim	noun
gyermekkori	noun
járattal	noun
táskákat	noun
istenről	noun
egyhangú	adj,adj_num,noun
étvágya	noun
cimborám	noun
emelkedni	vrb
ütemben	noun
tisztázzam	vrb
katonákkal	noun
munkákat	noun
postát	noun
jelenben	noun,adj
eurót	noun
hazaérünk	vrb
költség	noun
végrendelet	noun
zavard	vrb
milliói	adj_num
csótányok	noun
küldtük	vrb
égek	vrb
családunkban	noun
dacára	post,noun
kihasználom	vrb
őrizze	vrb
éjszakánk	noun,adv
munkatársai	noun
nevedben	noun
szemétség	noun
mernek	vrb
szabotázs	noun
megtanultad	vrb
marihuánát	noun
elküldtek	vrb
megmentsék	vrb
elszúrni	vrb
segédje	noun
nyitnak	vrb
fokhagyma	noun
legendája	noun
nyugodnod	vrb
részvényeket	noun
fickókkal	noun
limuzin	noun
létrehozta	vrb
keverve	vrb
segéd	noun
játszótéren	noun
jócskán	adv
asztalánál	noun
kutyás	noun
bokrok	noun
szóból	noun
védőügyvéd	noun,vrb
menetben	noun
tulajdonság	adj
picike	adj
zsákutcába	noun
cafka	noun
mondogatja	vrb
diszkó	noun
kiérdemeltem	vrb
finomnak	adj
legizgalmasabb	adj,noun
bírák	noun
játszatok	vrb
gyógyult	adj,vrb
kabin	noun
létére	post,noun
összevesztek	vrb
legőrültebb	adj,vrb
izzadsz	vrb
politikában	noun
követelte	vrb
kérdéseire	noun,vrb
gőz	noun
fokra	noun
terroristákkal	noun
torpedó	noun
mesék	noun
öntsd	vrb
szolgálatba	noun
megölnöm	vrb
tájékoztasson	vrb,noun
visszautasítja	vrb,noun
beleavatkozni	vrb
suttogó	noun,vrb
felszállunk	vrb
szívünkben	noun
vécében	noun
munkák	noun
előadáson	noun,vrb
ünnepélyesen	adj,noun
fővárosba	noun
teával	noun
meghív	vrb
menyasszonyod	noun
méltatlan	adj
tanuljak	vrb
éved	noun
előleg	noun
érdekei	noun
észt	noun
bújjon	vrb
megesküszöm	vrb
megszállták	vrb
kölyköknek	noun
mondtok	vrb
megváltoztattad	vrb
részéből	noun
fülbevaló	noun
tiszteled	vrb
kedvetek	noun
jelemre	noun
szenvedélyem	noun
tervezünk	vrb,noun
átkutattam	vrb
ajtótól	noun
elhoztál	vrb
megadják	vrb
gyónni	vrb
kimarad	vrb
tetteiért	noun,vrb,adj
szennyest	noun,adj
teljesül	vrb,adj
mindenkiért	noun
frissítő	noun,vrb
intézed	vrb
akadtak	vrb
érdeklődöm	vrb
stadionban	noun
rombolni	vrb
bútort	noun
tejes	adj,noun
bíbor	noun
sérültél	vrb
figyelő	noun,vrb
internetet	noun
bácsival	noun,noun_prs
szabályosan	adj,noun
adnának	vrb
megtiszteltetést	noun,vrb
tányérokat	noun
filmed	noun
bemehet	vrb
küldjek	vrb
gépnek	noun
megszegni	vrb
zárunk	noun,vrb
számuk	noun
ölébe	noun
találkozgat	vrb
távoznia	vrb,noun
kapcsolatáról	noun
számításaim	vrb
pirula	noun
megismerjem	vrb
meggondolni	vrb
18-as	adj_num
megtalálnom	vrb
kerítek	vrb
magunkban	noun_ref_PL_1,noun
megtanult	vrb
késem	vrb,noun
megértsük	vrb
csomagban	noun
rákja	noun
küldetésben	noun,vrb
levegőzni	vrb,noun
fizikus	noun
ideadod	vrb
utasokat	noun
becses	adj,noun
izmok	noun
csatlakozzatok	vrb
támogatásra	noun,vrb
keltek	vrb
éheznek	vrb,noun
csapnak	vrb,noun
sajtburgert	noun
ellenfelem	noun
bezárnak	vrb
kezelje	vrb
állomásról	noun
szerszám	noun
megfigyelési	vrb,noun
vonatkozóan	adj,vrb
szódát	noun
meggondolnád	vrb
kezdeném	vrb
mechanikus	noun,adj
kificamodott	vrb
fiókot	noun
igyekezzünk	vrb
meglepődnél	vrb,adj
ranglétrán	noun
akcióra	noun
mindamellett	adv
pusztítsd	vrb
vesét	noun
aranybánya	noun
ugrunk	vrb
pingvinek	noun
sármos	noun
édesanyádnak	noun
kelti	vrb
web	noun
lentről	adv
rakjátok	vrb
gondolatát	noun
híradó	noun
nagyobbnak	adj
tűvel	noun
sittről	noun
következményeit	noun
készítenem	vrb
áfonyás	noun
előjáték	noun
követned	vrb
feltámadás	noun,vrb
istened	noun
jobboldali	adj,noun
végbe	prv,noun
térd	noun
mellem	noun
másodszorra	adj_num
osszuk	vrb
olyasvalami	noun_pron
fogadtad	vrb
tűnjek	vrb
kőbe	noun
gyárt	vrb,noun
árulónak	vrb
váróban	noun,vrb
követői	noun,vrb
szökik	vrb
gyakorolnom	vrb
drótozva	vrb,noun
indítványt	noun
tudsz-e	vrb,adv
beveszi	vrb
átveszed	vrb
bízták	vrb
hagyományt	noun
rendeznek	vrb,noun
libabőrös	adj
visszafogott	adj,vrb
alkatrész	noun
hébe-hóba	twin
cicik	noun
seattle-i	noun_prs
letartóztatott	adj,vrb,noun
mérföldekre	noun
megnyitom	vrb
hullani	vrb
lélegzetelállító	adj
húsevő	adj
távoznak	vrb,noun
sodor	noun,vrb
történelme	noun
memóriád	noun
töprengek	vrb
horgot	noun
becsülettel	noun
anyádtól	noun
örökkön	adv
eredménnyel	noun
elfogják	vrb
diákja	noun
visszaértünk	vrb
szemüveged	noun
hozzámegyek	vrb
kinyírnak	vrb
megváltó	vrb
erkélyen	noun
roma	noun,adj
növekedés	noun,vrb
félmeztelen	adj
hobbim	noun
népesség	noun,adj
kijelentem	vrb
meghúzza	vrb
paranormális	adj
kiengednek	vrb
tarthatod	vrb
tűntök	vrb
vejem	noun
ajánlatod	noun
lenyomoztam	vrb,noun
leszedem	vrb
kaszinót	noun
rumot	noun
elegánsan	adj
géniusz	noun
bútor	noun
javaslata	noun
földeken	noun
tüzelni	vrb
telefonra	noun
lógva	vrb
szenet	noun
gondolatolvasó	noun,vrb
kapcsolt	adj,vrb
mézet	noun
megkérhetném	vrb
könnyeim	noun
valakin	noun_pron
házadba	noun
ugorjak	vrb
kontinensen	noun
alapítani	vrb
kergetni	vrb
kísértetek	vrb,noun
alhatok	vrb
késve	vrb
pénztárca	noun
rendeljünk	vrb
edzőt	vrb,adj
kapitányságon	noun
megbízok	vrb
adhatna	vrb
vállald	vrb
elvesztik	vrb
buliból	noun
utalni	vrb
szemétládát	noun
lövöldözést	vrb
hatéves	adj_num,noun
megadva	vrb
élvezettel	noun,vrb
termékeket	noun
öltük	vrb
válnom	vrb
sorjában	noun
meglátok	vrb
festmények	noun
centire	noun
kiejteni	vrb
állítania	vrb
szenteltem	adj,vrb
tűzijátékot	noun
előrehaladott	adj,vrb
megúsztad	vrb
átveszik	vrb
vonzalom	noun
ártatlanul	adj,vrb
hallgassam	vrb
leltem	vrb
köszöntsék	vrb
intellektuális	adj
jobbulást	vrb
megmenthetjük	vrb
mozdulatlan	adj,vrb
öregszik	vrb
odaadjuk	vrb
túlreagáltam	vrb
óráján	noun
elhozod	vrb
odavagy	vrb
rizikós	noun
valója	noun,adj
hiányát	noun
osztrák	noun,adj
krumplival	noun
producere	noun
kollégái	noun
munkán	noun
hazatér	vrb
okozó	noun,vrb
virginiai	noun_prs
tüdejében	noun
halálunk	noun
kémet	noun
gang	noun
rút	adj
erkölcsös	adj,noun
szívünket	noun
rekedt	vrb,adj
férjéről	noun
belegondolva	vrb
idejéből	noun
elmennie	vrb
jelzálogot	noun
bizonyítéknak	noun
egyszer-kétszer	UNK
belsős	noun
visszamentünk	vrb
győztese	noun,adj
egyetértett	vrb
bántalmazott	vrb,noun
ellentmondásos	noun,vrb
sebészek	noun
bő	adj
visszaélés	noun,vrb
akarok-e	vrb,adv
szeptemberben	noun
pusztulj	vrb
izgatja	vrb
bizonyosodni	vrb
általánosságban	adj
gúnyolódik	vrb
felborult	vrb
fészek	noun
atléta	noun
töröltem	vrb
szedned	vrb
medencés	noun
kezelési	vrb
tünete	noun
gyülekeznek	vrb
haladékot	noun
reménykedj	vrb
férjes	noun
függőség	noun
gondolataidat	noun
egyért	adj_num
lejtőn	noun,vrb
harapok	vrb
sétára	noun
szobatársak	noun
becenevet	noun
kommandós	noun
kockázata	noun
tisztázza	vrb
káposzta	noun
engedélyünk	noun
verekedésbe	vrb
dobnak	vrb,noun
terroristákat	noun
mertél	vrb
testéből	noun
tapsoljuk	vrb
szemtanúi	noun
tavon	noun
imádkozzon	vrb
melóból	noun
adatbázist	noun
keltette	vrb
támadással	vrb
kanállal	noun
teve	noun
lőjük	vrb
bibi	noun
lehetetlenség	vrb,noun,adj
csodálkozol	vrb
örüljön	vrb
elégett	vrb
kémkedni	vrb
ablakán	noun
igyekezni	vrb
úri	noun_prs,noun
költségeit	noun
sántikál	vrb
töltenek	vrb
buja	adj
eltörik	vrb
frontra	noun
tulajdonsága	adj
magunkról	noun_ref_PL_1,noun
örökölt	adj,vrb
mutatjuk	vrb
szörfös	noun
benézett	vrb
megrohadni	vrb
csillaghajó	noun
hadsereggel	noun
feszültnek	adj,vrb
felültettek	vrb,adj
megkérjük	vrb
időszakot	noun
holmija	noun
verekedést	vrb
szerver	noun
elrabolja	vrb
általuk	noun_pron
kellhet	vrb
lövik	vrb
érzékelő	vrb
helyrehozza	vrb
szorított	vrb
aludhatsz	vrb
kiszolgálás	noun,vrb
golyóit	noun
kiszállsz	vrb
kampó	noun
matekot	noun
lábadon	noun
mérgesnek	adj,noun
lopok	vrb
gyerekeivel	noun
nyilvánvalóvá	adj
bús	adj,noun
viseljük	vrb
öveket	noun
diákom	noun
páncélozott	adj,vrb,noun
kegyed	noun
hamuvá	noun
kajáért	noun
napjaink	noun
frekvencián	noun
becsületesen	adj,noun
belváros	noun
mari	noun,adj
elmeséli	vrb
összeszedett	vrb
délről	noun
ösvényt	noun
együttműködő	vrb
aszpirin	noun
hazafias	adj
megköveteli	vrb
ölünk	noun,vrb
atyának	noun
hajtogatta	vrb
harapós	adj,vrb
nagyságos	noun
terveztünk	vrb,noun
sebészi	noun
hámból	noun
kerültök	vrb
bevetni	vrb
cigizni	vrb,noun
apaként	noun
legfőképpen	adv
versenyből	noun
gólya	noun
törődtél	vrb
fantasztikusak	adj
fejen	noun
kicsodát	noun
megfeledkezett	vrb
megfojtotta	vrb
fellép	vrb
gyomrát	noun
bölcsességet	noun
járás	vrb
óvakodj	vrb
hazamehetünk	vrb
lévők	vrb,adj
viccelődj	vrb
személyazonosság	noun,adj
húzunk	vrb
asztmás	adj,noun
költséges	adj,noun
kívánnak	vrb
ráérünk	vrb
halálomat	noun
művészete	noun
dobálni	vrb
segítségükre	noun
csókol	vrb
nézhetjük	vrb
anyjukat	noun
lelkesedés	vrb,noun
győzzük	vrb
bűnözői	noun,vrb
közeléből	noun
megérdemlek	vrb
evést	vrb,noun
unatkozni	vrb
megerősítem	vrb,noun
zenéről	noun
felszabadító	vrb
lemaradsz	vrb
megdugni	vrb
mindegyiküket	noun_pron,noun,adj_uni
határozatlan	adj,vrb,noun
orvosként	noun
kiscica	noun
imádkozott	vrb
díjnyertes	noun
jóvoltából	post,noun
edzek	vrb
lelkiismereted	noun
fősulin	noun
kómából	noun
megosztja	vrb
kapuk	noun
jövőmet	noun,vrb,adj
köteg	noun
családomtól	noun
kitartok	vrb
előkészületeket	noun
felolvasni	vrb
tragédiát	noun
elmenekültem	vrb
felismert	vrb
szedték	vrb
visszajáró	vrb
biztosítjuk	vrb
történettel	noun
érezheted	vrb
bizalmi	adj,noun
gyerekeimmel	noun
indokot	noun
kártyán	noun
mosom	vrb
alapítója	vrb
terroristát	noun
vágyad	noun
mélybe	adj
elvezethet	vrb
munkásokat	noun
ágyán	noun
tárggyal	noun
elbújtam	vrb
agyafúrt	adj
társával	noun
fin	noun
ilyenem	adj_wh
esküszöl	vrb
holdkóros	adj
dokumentumfilmet	noun
amije	noun_pron
koffein	noun
telek	noun,vrb
tartományban	noun
félév	noun
építő	vrb
céged	noun
teljesült	vrb
verziót	noun
nagylány	noun
szexelnek	vrb
legtisztább	adj
holtakat	adj,noun
szomorúságot	adj
bubi	noun
fájdalmad	noun
akiktől	noun_pron
kezes	noun
időgép	noun
késztetést	vrb
elsőbbség	noun
kikötőt	noun,vrb
vérzek	vrb
aktiválja	vrb
megtartottad	vrb
működtek	vrb
lefizette	vrb
székeket	noun
egyazon	adj
jeleként	noun
fejlődni	vrb
elintéznem	vrb
végezzék	vrb,noun
ügyfelemmel	noun
bezárkózott	adj,vrb
seriffnek	noun
érjenek	vrb
érkezés	vrb
vőlegényed	noun
munkatársak	noun
hipnózis	noun
megismerkedtem	vrb
végezzek	vrb,noun
tesztje	noun
becstelen	adj,noun
tájáról	noun
karcsú	adj
tanultak	adj,vrb
szakálla	noun
kihagynám	vrb
nyugosztalja	vrb
átléptem	vrb
nyakadon	noun
tanúvallomást	noun
elmesélek	vrb
ingét	noun
visszakerül	vrb
követnem	vrb
szálltunk	vrb
öröme	noun
szagú	noun
veszti	vrb
orrodat	noun
képesnek	adj,noun
nóta	noun
dühösen	adj,noun
kitakarítani	vrb
lenyomozhatatlan	vrb,noun
vénát	noun
kívánlak	vrb
előléptettek	vrb
ruhával	noun
visszavonta	vrb
bevették	vrb,adj
felnőtteknek	adj,noun
tüstént	noun
belétek	noun_pron
fedezd	vrb
főnökömmel	noun
váljanak	vrb
baktériumok	noun
hazudnod	vrb
megütöttél	vrb
pfuj	UNK
közeledni	vrb
meglátsz	vrb
kopogás	vrb
fejlesztési	noun,vrb
szondát	noun
gyengélkedőn	vrb
tarthatsz	vrb
összegyűlt	vrb
pascal	noun
felejt	vrb
ötletük	noun
érdekesek	adj,noun
megkerestem	vrb
ügyfelét	noun
síp	noun
parancsomra	noun
magányosak	adj,noun
támadók	noun,vrb
megszerzett	vrb
nővéreddel	noun
hanyatt	adv
again	noun
dulakodás	vrb
rendszernek	noun
orvostudomány	noun
éhezni	vrb,noun
válságban	noun
törli	vrb
muszlimok	noun,adj
nehézséget	noun
kiszállás	noun,vrb
ahány	adj_num_wh
énekeltél	vrb
kalandot	noun
betelni	vrb
környékre	noun
elméletét	noun
palackot	noun
ügyfelemnek	noun
megvádolták	vrb
hallgatóság	noun
századost	noun,adj_num
hárommal	adj_num
repülőgépet	noun
olyanról	adj_wh
bántották	vrb
fegyverről	noun
edényt	noun
krikett	noun
egyféleképpen	adv,adj_num
nyolcvan	adj_num
szájba	noun
hazámat	noun
tulaja	noun
győznünk	vrb
ismernünk	vrb
kockáztat	vrb,noun
szenvedélye	noun
türelmét	noun
magyarázom	vrb
ismerne	vrb
szúnyog	noun
denevérek	noun
csődtömeg	noun
erőmű	noun
fedezze	vrb
lopásért	vrb
megments	vrb
rakományt	noun
üzletemberek	noun
szervezek	vrb,noun
virul	vrb
felolvasom	vrb
pillanatokat	noun
megtaláltál	vrb
diéta	noun
találó	vrb
indítunk	vrb
gondolnék	vrb
szervet	noun
olajjal	noun
régióban	noun
elhagylak	vrb
parázz	vrb
megleszel	vrb
bánunk	noun,vrb
telepesek	noun
gyűjti	vrb
lázba	noun
próbaidőn	noun
vízhez	noun
árokban	noun
legyőzték	vrb
jutnod	vrb
stúdiót	noun
nyomnak	vrb,noun
gén	noun
egészséget	noun,adj
felhívták	vrb
dolgoztatok	vrb,noun
tagadd	vrb
párban	noun,adj_num
évtized	noun
számolunk	vrb
jövődet	noun,vrb,adj
gondolkodnod	vrb
fűtést	vrb
próbáljanak	vrb
szebben	adj
verda	noun
ötleteim	noun
nézhetsz	vrb
rejti	vrb
gratuláljak	vrb
családnál	noun
kapcsol	vrb
visszacsinálni	vrb
előírások	noun,vrb
szabályzatot	noun
mindenkin	noun
azoknál	noun_pron
bántják	vrb
gondos	adj,noun
rejtettem	adj,vrb
felirata	noun
kormányunk	noun
olajos	adj,noun
klónok	noun
szaki	noun
szenteltessék	vrb
szólhat	vrb
feladó	vrb
halljak	vrb
lapra	noun
megszállottság	vrb,adj
osztott	vrb
barmot	noun
jóvátenni	vrb
betegségem	noun,adj
tárgyalásokat	noun,vrb
napnál	noun
vesztettük	vrb
felemelte	vrb
zakó	noun
pénzével	noun
pletykálnak	vrb
fejleszteni	vrb
tévednék	vrb
aktivista	noun
rögzíteni	vrb
röpke	adj
hajtóművet	noun
lapul	vrb,noun
ötletét	noun
készítsenek	vrb
pulton	noun
szerezhetünk	vrb,noun
szülési	vrb
show-ban	noun
kímélni	vrb
hőt	noun,adj
körülnézünk	vrb
jogosítványát	noun
északnyugati	adj,noun
higgyetek	vrb
párolt	vrb
jöjjetek	vrb
lövi	vrb
ügyvédei	noun
mihaszna	adj
lágyan	adj
megfontolom	vrb
veszíthetem	vrb
hibáztunk	vrb,noun
bízzátok	vrb
unokámat	noun
egymagad	noun_ref_SG_2
összejövünk	vrb
megkínálhatom	vrb
kupát	noun
specialitása	noun
közömbös	adj
találmány	noun
találkát	noun
ástam	vrb
üvölt	vrb
emberével	noun
kicseréltem	vrb,adj
tisztátalan	adj
magunkhoz	noun_ref_PL_1,noun
váll	noun
behúzott	vrb
címlapra	noun
fürdés	vrb
nuku	noun
elmét	noun
utolérni	vrb
játékhoz	noun
feltakarítani	vrb
kopogj	vrb
randevú	noun
hullámot	noun
gyűlölök	vrb
felvidítani	vrb
megtudsz	vrb
megtehetik	vrb
kezeteket	noun
felhívtalak	vrb
atombombát	noun
exed	sentint,noun
elkövetők	vrb
napotok	noun
művelek	vrb
ként	noun
whiskeyt	noun
gyűrűvel	noun
tanulságos	adj,noun
apósom	noun
esztek	vrb
kiálltam	vrb
repülőjegyet	noun,vrb
fogalom	noun
befutó	vrb
gyanítottam	vrb
címlapján	noun
felelőssé	noun,vrb
szellemileg	noun
agyvérzést	noun,vrb
türelmesen	adj,noun
függesztve	vrb
ijesztettél	vrb
nyugodjék	vrb
tiltakozás	vrb
elégtételt	noun
támogatására	noun,vrb
előzmények	noun
tagadod	vrb
poszt	noun
akarsz-e	vrb,adv
leckéket	noun
fizetésed	noun,vrb
túlélőket	vrb
kiiktatni	vrb
választottunk	vrb
pincéjében	noun
összefüggésben	noun,vrb
magafajta	adj
hívásod	vrb
beleegyeztek	vrb
tietek	noun_pron
kérdezhetném	vrb
alkalmasabb	adj,noun
dicséret	noun
elnökünk	noun
jószág	noun
életedről	noun
húznak	vrb
kiálltál	vrb
elítélik	vrb
szavazzanak	vrb,noun
menetre	noun
mondhatunk	vrb
lerombolni	vrb
kihagyod	vrb
sodort	noun,vrb
útjai	noun
megbirkózom	vrb
engedünk	vrb
bejelenti	vrb
érd	vrb
helybéli	adj
gázzal	noun
megiszunk	vrb
emberé	noun
semmijük	noun_pron,noun
kritika	noun
fafej	noun
nyerjünk	vrb
feltétele	noun
adatott	vrb
műholdat	noun
folytatás	noun,vrb
kínozza	vrb,noun
visszavonulok	vrb
kései	adj,noun
mellékesen	adj,noun
kérést	vrb
államból	noun
parancsolni	vrb
járaton	noun
múlott	vrb
delfinek	noun
részedről	noun
becsukni	vrb
pillanatát	noun
meglepte	vrb
lövöldöző	vrb
vágunk	vrb
horogra	noun
eljárni	vrb
költ	vrb
vonjuk	vrb
elengedik	vrb
merjen	vrb
fogalmát	noun
vágások	vrb
telet	noun
keret	noun
vásárra	noun
jelölték	noun,vrb
alkalmazottat	noun,adj,vrb
győződjön	vrb
perben	noun
alkotunk	vrb
megszentelt	adj,vrb
elvesztünk	vrb
üzletek	noun
átutazóban	vrb,noun
elgondolkoztam	vrb
meghallani	vrb
ifjúság	noun,adj
pajzsokat	noun
fajtáját	noun
veszítettünk	vrb
lelet	noun
meghatározza	vrb,noun
turmixot	noun
kaphatod	vrb
tervünket	noun
bűnöst	adj,noun
markában	noun
szereznie	vrb,noun
kabátodat	noun
segítik	vrb
szimuláció	noun
emlékezetét	noun
teázni	vrb,noun
megelőzően	vrb
cs	noun
tízéves	adj_num,noun
rántottát	noun
kilőve	vrb
csöveket	noun
verandán	noun
millióval	adj_num
édesanyáddal	noun
kettőtöknek	adj_num
hírnök	noun
részletre	noun
faszok	noun
kétségek	noun
fénnyel	noun
bűnözőnek	noun,vrb
őrszem	noun
lenyelni	vrb
küzdelemben	noun
ilyenben	adj_wh
tudjuk-e	vrb,adv
pontig	noun
vezetnie	vrb
titkolózás	noun,vrb
megtud	vrb
ajánlanak	vrb
milliméteres	noun
fogadtunk	vrb
vicceljen	vrb
élvezetet	noun
rosszkedvű	adj,noun
fedezték	vrb
meghallgatja	vrb
futam	noun
semmissé	adj,noun_pron,noun
embereknél	noun
betűket	noun
unokád	noun
szülinapos	noun
vajas	adj,noun
címen	noun
km-t	noun
megfenyegették	vrb
csík	noun
méretben	noun
csaó	sentint
felhasználja	vrb
nehezén	adj
elutasított	vrb,noun
kikészült	vrb
ezredessel	noun,adj_num
fázisban	noun
szívélyes	adj
főorvos	noun
pszichés	adj,noun
megdugtad	vrb
családjára	noun
csúcsán	noun
odavolt	vrb
feltörekvő	vrb,adj
egyetemben	noun
haladtok	vrb
összetöröd	vrb
időpazarlás	noun,vrb
vezetőjével	noun,adj,vrb
meséltek	vrb
rabul	noun
kétmillió	adj_num
bizonyítanod	vrb
rubin	noun
ruhába	noun
sietős	adj,vrb
tájékoztattak	vrb,noun
gyümölcsét	noun
megbízhat	vrb
picsában	noun
szocialista	adj
mosás	vrb
vádakkal	noun
barátunknak	noun,adj
páciense	noun
életedért	noun
szárazföld	noun
ekkorát	adv
elgondolkodtatott	vrb
megírja	vrb
észrevettük	vrb
külföldiek	adj,noun
bűzös	adj,noun
vonulni	vrb
galambok	noun
rabszolgaság	noun
alapuló	vrb
megmutassuk	vrb
elmentetek	vrb
formájú	adj
imádkoznak	vrb
exe	sentint,noun
odafigyelni	vrb
georgina	noun
megöltelek	vrb
üzletelek	vrb
kérnél	vrb
megfagyott	adj,vrb
gyógyíthatatlan	adj,vrb
tanácsban	noun
vezetékek	noun
szarom	noun,adj,vrb
erőszaknak	noun
fogalmazzak	vrb,noun
kultúrát	noun
kizárja	vrb
megmutatták	vrb
pillanatnak	noun
márki	noun,noun_prs
jogai	noun
eljutok	vrb
épülni	vrb
megállítsa	vrb
lefoglalták	vrb
bánthat	vrb
ítélte	vrb
vezetned	vrb
vasember	noun
megemészteni	vrb
váza	noun
lyukon	noun
tinédzserek	noun
lábaidat	noun
anyukámnak	noun
köre	noun
gyászol	vrb
brooklyni	noun_prs
robbantó	vrb
próféták	noun
lesben	noun
feküdtünk	vrb
kényszerítenek	vrb
megtámadjuk	vrb
hevében	noun
őre	noun
meséket	noun
szenilis	adj
megtetszett	vrb,adj
millióan	adj_num
érdekessé	adj,noun
literes	noun
kerültetek	vrb
világhoz	noun
aláírod	vrb
joghurtot	noun
éjszakád	noun,adv
választék	noun
limonádé	noun
várhatsz	vrb
elloptál	vrb
véresen	adj,noun
vitatkozom	vrb
istálló	noun
szalvétát	noun
szósszal	noun
bejut	vrb
anyádhoz	noun
áldozati	noun
komolyak	adj
kedvük	noun
ütötted	vrb
áttörni	vrb
csalja	vrb
válaszát	noun
hétfőre	noun
ígéreted	noun
elvész	vrb
házasodunk	vrb,noun
éhezik	vrb,noun
megbocsátottam	vrb
kellően	adv,vrb
riportot	noun
kormánytól	noun
elemi	noun,adj
kártyázni	vrb,noun
farmerek	noun
hozhatsz	vrb
munkást	noun
rendszámát	noun
bentről	adv
szexeltek	vrb
garantálhatom	vrb
feketéket	adj
kerülnünk	vrb
betör	vrb
féljenek	vrb
őseim	noun
beszélhessek	vrb
társaságod	noun
beszélgettél	vrb
buknak	vrb
szabadságért	noun,adj
veszélyessé	adj,noun
kihasználtál	vrb
kihívó	noun,vrb
útlevele	noun
csatlakozunk	vrb
kimutatta	vrb
győzte	vrb
kutyánk	noun
mobilodat	noun,adj
rohanás	vrb
drogozott	vrb,noun
pontját	noun
szerelmedet	noun
úszom	vrb
szabadítsd	vrb
bekaphatja	vrb
szellemekben	noun
aljára	noun
képzés	vrb,noun
fújj	vrb
családomhoz	noun
özvegye	noun
ilyenről	adj_wh
elkezdenénk	vrb
megváltoztatjuk	vrb
kérdeznünk	vrb
nyugdíj	noun
vinné	vrb
hóvihar	noun
esküdteknek	adj
nyolcat	adj_num
voodoo	noun
tényen	noun
feltennék	vrb
megismersz	vrb
1-hez	adj_num
szélesebb	adj,noun
üzemel	vrb
hibásak	adj,noun
lezárják	vrb
magánéletem	noun
titkárnőm	noun
hívhatlak	vrb
merte	vrb
sétáló	vrb
ölhet	vrb
raboltam	vrb
mitévő	noun
duzzanat	noun
kardforgató	noun,vrb
frekvencia	noun
tönkretettél	vrb
egyirányú	adj,adj_num,noun
tanúsított	vrb,noun
lénynek	noun
kínált	vrb
önmagának	noun_ref_SG_3
kutatása	noun,vrb
elengedsz	vrb
dalnak	noun
lássátok	vrb
égette	vrb
lakója	noun,vrb
fizették	vrb
bénán	adj,An_MODE_adv
mentsék	vrb
adhatnál	vrb
szolgáljuk	vrb
kellünk	vrb
merted	vrb
pólóban	noun
dugtál	vrb
felvesznek	vrb
masszőr	noun
használna	vrb
valakim	noun_pron
tartoztok	vrb
csoportvezető	noun,vrb
mozgásba	vrb,noun
megválasztott	adj,vrb
elküldtük	vrb
lövedéket	noun
betörtél	vrb
szívsz	vrb
megviselt	adj,vrb
alakkal	noun
porcelán	noun
detonátor	noun
vésd	vrb
felhívnád	vrb
megússzák	vrb
székhez	noun
élelmiszert	noun
átlagosan	adj,noun
incidenst	noun
szövege	noun
érdeklődtem	vrb
parkból	noun
izgalmat	noun
vállamon	noun
megírva	vrb
felemelő	adj,vrb
mutatkozni	vrb
bált	noun
kezelő	noun,vrb
könyvről	noun
visszajöhetek	vrb
találgatás	vrb
örülnénk	vrb
szökevények	noun
ülhet	vrb
éjszakába	noun,adv
kikísérem	vrb
tekintetét	noun
üvegeket	noun
játékod	noun
gyermekeit	noun
oldanunk	vrb
diagnózist	noun
vitamin	noun
várniuk	vrb
pólóm	noun
nyeregben	noun
unatkozik	vrb
enyémen	noun_pron
mosta	vrb
vakációra	noun
fedélzet	noun
ostrom	noun
seregét	noun
illően	vrb,adj
mormon	noun
megnyomom	vrb
beleillik	vrb
alagútba	noun
homokban	noun
unalmasnak	adj,noun
tisztábban	adj
idézett	vrb
ágyát	noun
bulikat	noun
beszéddel	noun
jegyzeteket	noun
elhitette	vrb
borított	adj,vrb
szerszámokat	noun
elektronikai	noun
jégre	noun
halálában	noun
elkezdhetjük	vrb
fogorvoshoz	noun
kiszedem	vrb
hatalmasak	adj,noun
fordulnunk	vrb
silány	adj
fehérneműt	noun
fedezzük	vrb
kirabolta	vrb
nővérével	noun
kilóg	vrb
végrendeletet	noun
csecsemőt	noun
kaphatja	vrb
aszerint	adv
torz	adj
levet	vrb,noun
kivágták	vrb
kerülnie	vrb
tabu	noun
mellkasom	noun
visszamentek	vrb
beleszólásom	vrb
visszaért	vrb
lábáról	noun
villamos	noun,adj
másodperces	noun
férek	vrb
babád	noun
otthonunkat	noun
megjátssza	vrb
omlettet	noun
rendezi	vrb,noun
gyengén	adj
érned	vrb
orális	adj
láva	noun
véleményedet	noun
gyárba	noun
nézhetek	vrb
hivataltól	noun
fizetős	noun,vrb
átalakulás	noun,vrb
fagylaltot	noun
bármennyi	adj_num_wh
problémájuk	noun
befutott	adj,vrb
földünk	noun
kanna	noun
parádé	noun
erőltetett	adj,vrb
énekeljek	vrb
betelt	vrb
pattogatott	adj,vrb
azonosítottam	vrb
eredményre	noun
ugrálni	vrb
hősünk	noun
bűnrészes	noun
behatolásnak	noun,vrb
alakban	noun
rom	noun
mértéke	noun
árja	noun,adj
jellem	noun
tanítson	vrb
nőknél	noun
specialitásom	noun
levették	vrb
fajtából	noun
kenőpénzt	vrb,noun
értem-e	noun_pron,vrb,adv
elveszít	vrb
városokat	noun
fejsérülés	noun,vrb
számítógépe	noun
pizsama	noun
cserélt	vrb
törzse	noun
meghaljak	vrb
tüdejét	noun
sebbel	noun
kapnod	vrb
elpusztítják	vrb
félvér	adj_num,noun
örömtől	noun
leszoktam	vrb
őrs	noun
rendszereket	noun
közel-keleten	UNK
elfelejt	vrb
gyerekeidet	noun
halálakor	noun
életmód	noun
szívével	noun
kölykökkel	noun
egymáson	noun,adj_num
feleségétől	noun
öltés	vrb
szeressenek	vrb
mentőre	noun,vrb
operálni	vrb
francból	noun
elengednek	vrb
szégyenbe	noun
kiruccanás	vrb
fényképezőgép	noun
megérinti	vrb
karok	noun
felvágni	vrb
elmennünk	vrb
őrültem	vrb
szilveszter	noun
10-re	adj_num
tapintatlan	adj,vrb
nemleges	adj
recepción	noun
meghallgat	vrb
átadják	vrb
szégyellni	vrb
ütök	vrb
megelőzött	vrb
nyerhetek	vrb
ügyvédeket	noun
pénztárcám	noun
innál	vrb
törökök	noun
tűzhely	noun
szerkezeti	adj,noun
indítottak	vrb
bántalmazta	vrb,noun
apához	noun
átérzem	vrb
beugrunk	vrb
eltérően	vrb
visszahívni	vrb
lezárom	vrb
járőrt	noun
gyanúja	noun
négyzet	noun
íróasztal	noun
dönthet	vrb
májusban	noun
korabeli	adj
szólítanak	vrb
megváltozhat	vrb
régens	noun
gyűlölt	vrb
ítélj	vrb
narancslé	noun
egyesület	noun
amulett	noun
ellenőrzött	adj,vrb
gondolkodok	vrb
szakadékba	noun
legviccesebb	adj,noun
mássá	adj,noun
vezérli	vrb
beleegyezése	noun,vrb
anyukámmal	noun
aránya	noun
részvétemet	noun
drágán	adj,An_MODE_adv
hittünk	vrb
látnák	vrb
fontosabbak	adj,noun
helikopterek	noun
örökletes	adj
átjöttél	vrb
szenvedtünk	vrb
anyukáját	noun
figyeljek	vrb
felsőbbrendű	adj
azokba	noun_pron
találniuk	vrb
cápát	noun
manipulatív	adj
testemben	noun
küldelek	vrb
kocsis	noun
mellékhatások	noun,vrb
másolatát	noun
szexszel	noun
mögöttük	noun_pron
találkozgatsz	vrb
töröd	vrb
konyhán	noun
kocsidban	noun
megtanulják	vrb
szakét	noun
összezavar	vrb
behatolni	vrb
vizünk	noun
asztalod	noun
hasznomra	noun
húztál	vrb
sóhajt	vrb,noun
jelző	vrb,noun,adj
útlevelem	noun
manőver	noun
tárca	noun
hatékonyan	adj
csókkal	noun
szedik	vrb
szorítsa	vrb
bátrabb	adj
malacot	noun
monitor	noun
vesztegetem	vrb
csempészett	adj,vrb
fizetése	noun,vrb
telepen	noun
csalással	vrb,noun_prs
sztárt	noun
jegyesek	adj,noun
megadnék	vrb
hátsóját	adj
változhat	vrb
húznod	vrb
címke	noun
kivégzik	vrb
beszámolót	noun,vrb
nevezetű	adj,noun
megöregedni	vrb
haláli	noun
bekapta	vrb
kinyírja	vrb
véréből	noun
felírom	vrb
biciklivel	noun
területről	noun
fogjad	vrb
címkét	noun
sietned	vrb
mániás	noun
megkérhetlek	vrb
értesítette	vrb
megházasodik	vrb,noun
fejeteket	noun
emlékeimet	noun
idehoztam	vrb
mentességet	adj
dinka	adj
havas	adj,noun
temetési	vrb
csalsz	vrb
törést	vrb
elégetni	vrb
karrierjének	noun
orvosszakértő	noun
furák	adj
levert	adj,vrb
lábú	noun
tőzsde	noun
kutatásokat	noun,vrb
folytatnom	vrb
falai	noun
harmónia	noun
megbántad	vrb
cseszve	vrb
beépült	vrb
hobbit	noun
ürgét	noun
megölünk	vrb
csíz	noun
szórakoztatóbb	adj,vrb
megfékezni	vrb,noun
édesanyjával	noun
dinnye	noun
nővérke	noun
örvény	noun
9-re	adj_num
csomagolva	vrb
nyújtok	vrb
hivatalból	noun
kisbabánk	noun
pajta	noun
olvad	vrb
megakadályozta	vrb,noun
fizetniük	vrb
szükségesnek	adj,noun
fergeteges	adj,noun
költöznünk	vrb
kitömött	vrb
vacsira	noun
fájdalommentes	adj,noun
törlés	vrb,noun
vesztegesd	vrb
ugyanebben	noun_pron
kijut	vrb
képernyő	noun
győzhet	vrb
fájhat	vrb
tűri	vrb
né	sentint
halhatott	vrb
melyikre	noun_pron
blokkolja	vrb
szavakba	noun
égjen	vrb
tüzel	vrb
elfér	vrb
éhezem	vrb,noun
megszabadulsz	vrb
szállítja	vrb
elmagyarázná	vrb
mesélnek	vrb
családomra	noun
hányas	adv,adj_num_wh
rakod	vrb
könyörület	noun
idefigyeljen	vrb
összegyűjteni	vrb
buktam	vrb
nyakára	noun
sziklán	noun
ösztöneim	noun
smaragd	noun
leütötte	vrb
kórházak	noun
letartóztattuk	vrb,noun
gondjuk	noun
gyermeki	adj,noun
dug	vrb
erejének	noun
alapította	vrb
nőd	noun
strandra	noun
hagynátok	vrb
lándzsa	noun
férfiakra	noun
ajánlja	vrb
kalapban	noun
laboratórium	noun
hűvösre	adj
fővel	noun,adj
kombinációja	noun
napjait	noun
lezuhan	vrb
megőrülnek	vrb
ragadtak	vrb
magasabban	adj
álláspontja	noun
gyapjú	noun
fiús	noun
harchoz	noun
házimunkát	noun
énekeljünk	vrb
golyóidat	noun
megúszod	vrb
ígér	vrb
ajtóval	noun
üzemben	noun
lábadra	noun
húzzanak	vrb
tartozást	vrb
éjfélre	noun
bennszülött	noun,adj
esetemben	noun
szavazunk	vrb,noun
meglévő	vrb,adj
tökkelütött	adj
megkötözve	vrb
térdeljen	vrb
egyikőtöknek	noun_pron
nyomjátok	vrb
látogass	vrb
köz	noun
evvel	noun_pron
felgyújtották	vrb
megsemmisítette	vrb,noun_pron,noun
hogyishívják	noun
dőljön	vrb
becsaptál	vrb
felújítás	noun,vrb
juhé	noun
koncentrált	vrb
abortuszt	noun
nyűgös	adj,noun
kőből	noun
felfedte	vrb
tárd	vrb
hetven	adj_num
megnyugszik	vrb
felnövök	vrb
báli	noun
bolton	noun
igét	noun
katonáink	noun
kitüntetett	vrb
fénypontja	noun
említettél	vrb
másod	adj_num,adj,noun
megalapozott	adj,vrb,noun
pikáns	adj
kiállsz	vrb
elbasztad	vrb
nagyival	noun,noun_prs
cuccaid	noun
támogatod	vrb
ólom	noun
ellátott	noun,adj,vrb
bukkantunk	vrb
elvesznek	vrb
mosok	vrb
vezetését	noun,vrb
varjú	noun
egyiken	noun_pron
választásokat	noun,vrb
büntetett	vrb
otthonuk	noun
görcs	noun
neheztel	vrb
dinasztia	noun
röhej	noun
kezemen	noun
megváltást	noun,vrb
feltette	vrb
száműzött	vrb
országon	noun
főnökömnek	noun
bolonddá	noun,adj
meghívtad	vrb
tudatalatti	noun
hotelszobában	noun
vérdíj	noun
pókot	noun
társadalomnak	noun
irányításom	vrb
szintjére	noun
színed	noun
sebeit	noun
kiürült	vrb
ünnepélyes	adj,noun
tigrist	noun
látogatja	vrb
világító	vrb
szigetek	noun
karakterek	noun
társammal	noun
elfogytak	vrb
utazók	noun,vrb
artéria	noun
megtévesztés	noun,vrb
elmondtuk	vrb
hallgatás	vrb
féltékenyek	adj
változtatok	vrb
taktikát	noun
futottak	adj,vrb
forr	vrb
tanácsolta	vrb
megszakítjuk	vrb
szérumot	noun
gondolkodjunk	vrb
nyilvántartásba	noun,vrb
többiektől	adj
lakosok	noun
tár	noun,vrb
elintéz	vrb
kiállítást	noun,vrb
háromezer	adj_num
ismernélek	vrb
megismerkedni	vrb
megsértettem	vrb
említésre	vrb
megcsókoltál	vrb
felkeltél	vrb
udvart	noun
ceruza	noun
kedvez	vrb,noun
étlapot	noun
diáktanács	noun
álmomat	noun
teszteljük	vrb
szerveit	noun
belépőt	noun,vrb
álmunk	noun
rendezem	vrb,noun
ellenálló	adj,vrb
rajtakapott	vrb
hírei	noun
párbajra	noun
jegyét	noun
vétek	noun,vrb
vigasz	noun
csomaggal	noun
kamerákkal	noun
fognom	vrb
hagyhattad	vrb
hamisított	adj,vrb,noun
doktorok	noun
gyilkolta	vrb
találatot	noun
megtudott	vrb
belejönni	vrb
említették	adj,vrb
fejlettebb	adj,vrb
rendelőben	noun,vrb
kirúgom	vrb
ruhákban	noun
fürdőkádban	noun
megszabaduljak	vrb
kezdetek	vrb,noun
veszíthetek	vrb
államokat	noun
stílusos	adj,noun
kifogyni	vrb
bántanám	vrb
emberért	noun
otthonos	noun
szalagon	noun
billió	adj_num
tonnányi	noun
képességgel	noun,adj
dobnom	vrb
készenlét	noun
beszélem	vrb
óvatosabban	adj
visszaadtam	vrb
bizonyítanunk	vrb
kérdezhetsz	vrb
kupi	noun,noun_prs
emlékeztél	vrb,noun
álláspontját	noun
gyámja	noun
hozzámész	vrb
adók	noun,vrb
henryvel	noun
leteszi	vrb
50-et	adj_num
morales	noun
ránéz	vrb
megértetni	vrb
ürítsd	vrb
kutatok	vrb,noun
nyilatkozom	vrb
visszakapjam	vrb
gyilkolnak	vrb
várakozni	vrb
létrán	noun
kitüntetés	noun,vrb
elmegyógyintézetben	noun
emelnek	vrb
mulatni	vrb
fátyol	noun
fejlődő	vrb
műhelyben	noun
fegyverszünet	noun
zsinórban	noun
megjelölt	adj,vrb
élje	vrb
selymes	adj,noun
rendesek	adj,noun
győztek	vrb
tigrisek	noun
törje	vrb
gyógyszerre	noun
átvészelni	vrb
beakadt	vrb
hallgassak	vrb
homlokán	noun
kopogtat	vrb
koncentrációs	noun
cseresznye	noun
megértenéd	vrb
házasodott	vrb,noun
megtudhatjuk	vrb
folyosót	noun
emlékezned	vrb,noun
küldene	vrb
égeti	vrb
felületes	adj,noun
random	adj
jelölve	vrb
megtörténnek	vrb
dühít	vrb
eredményeként	noun
gondolnánk	vrb
megismételné	vrb
fontosságú	adj
nyilatkozni	vrb
megnősül	vrb
megtévesztő	vrb
kizáróan	vrb
földtől	noun
utánanézünk	vrb
kannibál	noun
nevetést	vrb
segítsd	vrb
csókolsz	vrb
hidegháború	noun
lelkesítő	vrb,noun
tűzoltókat	noun
kötődés	vrb
csomagja	noun
befolyással	noun,vrb
életjelei	noun
főügyész	noun
fenyegetések	vrb
díja	noun
tudatlanság	adj,vrb
megúsztam	vrb
őrmesternek	noun
lakásából	noun,vrb
ugrásra	vrb
mindezen	noun_pron
elhelyezni	vrb,noun
szerelni	vrb
írásba	noun,vrb
figyelmeztettek	vrb,noun
mozdulatlanul	adj,vrb
hatalmuk	noun
emelést	vrb
szempont	noun
önmagával	noun_ref_SG_3
ámbár	con
érzékelek	vrb
oktatást	noun,vrb
parkolási	vrb
bombázás	vrb,noun
terepjáró	noun
sorozatos	adj,noun
kiestél	vrb
táncosnő	noun
akadályoz	vrb,noun
módszereket	noun
hazáját	noun
ponthoz	noun
köszönsz	vrb
meglátták	vrb
kidobja	vrb
komplex	adj
évforduló	noun
rosseb	noun
sugároz	vrb
bébiszittert	noun
vinném	vrb
csillagközi	noun
folyók	noun,adj,vrb
bizonyul	vrb
vizsgák	noun
levegőből	noun
áldásom	vrb
nyalókát	noun
cseh	noun,adj
kultúrában	noun
tréfál	vrb
lobbanékony	adj
elővigyázatosság	adj,noun
követelnek	vrb
vérkép	noun
csaltak	vrb
felszerelve	vrb
igazgatóság	noun
drágáim	adj
zavarná	vrb
hátamra	noun
viccek	noun
gondolkozzak	vrb
tetvek	noun
hazugok	adj
csak-	con
gyűlölettel	noun
alkotmányos	adj,noun
könyvtárat	noun
fához	noun
polgármesterrel	noun
augusztusban	noun
citromot	noun
legyőztük	vrb
visszhang	noun
lökést	vrb
ajánlunk	vrb
ébreszteni	vrb
minderre	adv
ajkak	noun
legkeresettebb	adj,vrb
januárban	noun
rajzolsz	vrb
tékozló	vrb,adj
mustár	noun
harcias	adj
másodikon	adj_num
ráz	vrb
elúszott	vrb
látomása	noun
hússal	noun
rájöjjünk	vrb
folytonos	adj
liszt	noun
okoska	adj
elrepül	vrb
megszívtad	vrb
gyümölcsös	noun
dolcsiba	noun
állapotos	adj,noun
értékelést	vrb
megfázott	vrb
találnál	vrb
feketében	adj
mérhetetlen	adj,vrb
ultrahangot	noun
janis	noun_prs
látványt	noun
képzelődöm	vrb
szervezetek	noun
akkorát	adv
ugrottál	vrb
kiüríteni	vrb
takarodó	noun,vrb
kötözd	vrb
lezárult	vrb
szökevényt	noun
űzni	vrb
szemétben	noun
betegeknek	adj,noun
fiatalkori	adj,noun
telefonáltál	vrb
vérszívó	noun,vrb
bilincsben	noun
idézést	vrb
csendesebb	adj,noun
bolondság	adj
egésztől	adj
góré	noun
túloldalára	noun
babáját	noun
feladatok	vrb,noun
pihenést	vrb
halhatatlanság	adj,vrb
furgonnal	noun
írnunk	vrb
orvosilag	noun
programok	noun
kukkoló	vrb
szőlőt	noun
iszonyat	noun
nyomós	noun,vrb
terveztél	vrb,noun
vasárnaponként	noun
posztra	noun
földig	noun
akarod-e	vrb,adv
idézés	vrb
felajánlja	vrb
boldogulunk	vrb
kisegítő	noun,vrb
nőjét	noun
némber	noun
dögöt	noun
elboldogulok	vrb
különlegesen	adj
dumáltunk	vrb
kevesebbért	adj_num
megkérdőjelezi	vrb,noun
kölcsönkérhetem	vrb
remete	noun
meghívva	vrb
átváltozott	vrb
megesett	vrb
személyről	noun
veszítse	vrb
foglalkoznia	vrb
hasonlat	noun
projekten	noun
karton	noun
gombokat	noun
függőleges	adj
kinéztem	vrb
sötétedik	vrb
megbuktam	vrb
burgonya	noun
szövegem	noun
módszerei	noun
szádon	noun
tanácsodat	noun
fényképen	noun
szerzed	vrb
veszíthetünk	vrb
felvehetem	vrb
elviselem	vrb
tekintettem	vrb
hagytok	vrb
győznöd	vrb
husi	noun
magabiztosnak	adj
tárgyi	adj,noun
járművek	noun
megalázott	vrb
ajándékkal	noun
írott	adj
forgatást	vrb
bejelentették	vrb,adj
ügyfeleink	noun
kínzó	vrb,noun,adj
jegyed	noun
alumínium	noun
telep	noun
sajnálsz	vrb
fűben	noun
szerelőt	noun,vrb
kihagyja	vrb
győzelemért	noun
segíthessek	vrb
kapcsoljon	vrb
hasonlóképpen	adj,vrb
kössön	vrb
fotóját	noun
relatív	adj
nyitnunk	vrb
bármin	noun_pron
helyettest	noun,adj
kiadom	vrb
epres	noun
mókát	noun
meghozták	vrb
gint	noun
maradhattok	vrb
kiadják	vrb
tanulásra	noun,vrb
kockázattal	noun
látnék	vrb
bánásmódot	noun
indítékot	noun
kezeld	vrb
mondogatod	vrb
bemennek	vrb
húrt	noun
borjú	noun
8-ra	adj_num
dél-amerikai	UNK
utast	noun
élesítve	vrb,noun
fizessenek	vrb
belseje	noun
rendetlenséget	adj
tökély	noun
megköszönöm	vrb
észak-koreai	UNK
megfelelni	vrb
megzavarta	vrb
immunis	adj
ígérkezik	vrb
szárnyban	noun
várhatóan	vrb
nőnél	vrb,noun
frusztráló	vrb
szolgálata	noun
közétek	noun_pron
repültek	vrb
ügynökségnél	noun
fingom	noun,vrb
kutyára	noun
diktátor	noun
befejezése	noun,vrb
mindkettejüknek	adj_num
rudat	noun
tintahal	noun
visszaviszlek	vrb
anyámé	noun
ígéretemet	noun
küldetését	noun,vrb
elméleted	noun
törvénybe	noun
közúti	adj,noun
étkezési	vrb,noun
garázst	noun
megéreztem	vrb
koráig	noun
tolmács	noun
szabályokkal	noun
édesen	adj
vonatok	noun,vrb
kopogtam	vrb
elájultál	vrb
dolgozat	noun
öngyilkosságra	adj
sértődj	vrb
áldozaton	noun
korlát	noun
fotózni	vrb,noun
összehasonlítva	vrb
anyához	noun
csodálatra	noun
gyanúsítják	vrb,noun
idejönnöd	vrb
szörnyűséges	adj
pulcsit	noun
keresésére	vrb
elhúzni	vrb
dalai	noun
tiszteletbeli	adj,noun
hasznosak	adj,noun
menekültél	vrb
megtagadom	vrb
arcfelismerő	noun,vrb
meghívókat	vrb
lökte	vrb
felállás	noun,vrb
halászni	vrb
gyűjteménye	noun
válaszoljanak	vrb
ébredés	vrb
játékosa	noun,adj
szard	vrb
sajtótájékoztató	noun,vrb
rekesz	noun
kószál	vrb
üldögél	vrb
helyért	noun
olvasó	noun,vrb
nadrágja	noun
megkérdőjelezni	vrb,noun
ragaszkodni	vrb
tartogatom	vrb
hordoz	vrb
meguntam	vrb
megőrültetek	vrb
biciklis	noun
illendő	vrb,adj
viselkedned	vrb
kijöttök	vrb
megvédett	vrb
áldozatul	noun
tanáccsal	noun
fordítottam	vrb
ítélkezz	vrb
kivisszük	vrb
ciklus	noun
koncentrálsz	vrb
felfoghatatlan	adj,vrb
szellemmel	noun
üldöztem	vrb
idézte	vrb
szakasza	noun
tapasztalattal	noun
nevezünk	vrb,noun
banknak	noun
nyerted	vrb
elfelejtesz	vrb
kölcsönösen	adj,noun
programunk	noun
igazságtól	noun,adj
tekintik	vrb
szánalmasan	adj,noun
ablaka	noun
vehetnék	vrb
bennfentes	noun,adj
horgonyt	noun
felejtek	vrb
leállítom	vrb
betekintést	noun,vrb
bányász	noun,vrb
kitervelt	vrb
szárnyra	noun
merném	vrb
fiatalabbnak	adj
ingerült	adj
évünk	noun
tulajdonosát	noun
fess	vrb,adj
védelmezni	vrb,noun
idősen	adj,noun
gatyám	noun
tanúskodjon	vrb
éjjelre	noun,adv
donort	noun
traumás	adj,noun
ásott	vrb
halandók	noun,vrb
feltűnően	adj,vrb
légkondit	noun
szomszédból	noun
legvadabb	adj
diktálja	vrb
flörtölt	vrb
dzsekit	noun
büszkeséged	adj
megtanulsz	vrb
néha-néha	twin
álarc	noun
4-én	adj_num
madárijesztő	noun,vrb
nadrágomat	noun
beismered	vrb
elővette	vrb
meghallod	vrb
elv	noun
zavarjanak	vrb
bemutathatom	vrb
erőben	noun
elrendeztem	vrb,noun
megvizsgáltuk	vrb
szólnék	vrb
zsugori	adj
fajtád	noun
oltárhoz	noun
telefonálsz	vrb
intézted	vrb
méreggel	noun
magatartás	noun
vágyak	noun
elveszítetted	vrb
fejlemények	noun
sebészt	noun
sehonnan	adv
félnünk	vrb
lelte	vrb
füledbe	noun
ijesztőek	vrb
mutathatok	vrb
beszélgetésünket	noun,vrb
megkér	vrb
percnyire	noun
megismerhettelek	vrb
bipoláris	adj
zsírt	noun
zsetont	noun
kapjam	vrb
kisebbségi	noun
tartózkodó	vrb
kidőlt	vrb
egyikőnk	noun_pron
mutatnia	vrb
szavára	noun
érzékem	noun
médiában	noun
zavartam	vrb
gondtalan	adj,noun
zoom	noun
rettegtem	vrb
kinézete	noun
csípő	noun,vrb
nehézkes	adj
önvédelmi	noun
visszamennék	vrb
függetlenségi	adj
rendelő	noun,vrb
érdeklem	vrb
raktárt	noun
félresikerült	vrb
konténer	noun
nézeteltérés	noun
adtatok	vrb
segítenének	vrb
hibáztatod	vrb,noun
templomnál	noun
anyaszomorító	noun,vrb
premier	noun
árvaház	noun
sark	noun
nőkhöz	noun
kihúzzuk	vrb
kavics	noun
sokkolt	vrb
hegyeken	noun
zabálni	vrb
meggyőztél	vrb
tehetné	vrb
kivan	vrb
visszahívott	adj,vrb
megszabadultunk	vrb
rasszizmus	noun
ünnepelt	adj,vrb
nővéreim	noun
valamelyiket	noun_pron
megérezte	vrb
kiteszem	vrb
ünneplés	vrb,noun
edzettem	vrb
megbízhatunk	vrb
enyhíteni	vrb
mentorom	noun
túloldalra	noun
szolgám	noun
elefántok	noun
érzékeli	vrb
folyékonyan	adj
antibiotikum	noun
higgyük	vrb
betolakodó	vrb
elveszek	vrb
nehézsúlyú	noun
robbanásban	vrb
vizsgálaton	noun
bárjában	noun
érsek	noun
szatyor	noun
kifizetjük	vrb
golyóimat	noun
megbántottál	vrb
felfüggesztés	noun,vrb
összefüggésbe	noun,vrb
faszfejek	noun
legsúlyosabb	adj,noun
ebédel	vrb
munkájához	noun
lányomra	noun
felhúzta	vrb
elszöktem	vrb
kibe	noun_pron
irracionális	adj
párduc	noun
rúzst	noun
szívén	noun
kiabálást	vrb
gyerekedet	noun
olajra	noun
bizonyítania	vrb
rágógumi	noun
bajor	noun
medúza	noun
elnézésüket	noun,vrb
diákoknak	noun
műsorvezető	noun,vrb
adósa	noun,vrb
kívánják	vrb
rühellem	vrb
fizessem	vrb
népszerűek	adj,noun
korántsem	con
mérkőzést	vrb
összetűzésbe	noun,vrb
szabadságom	noun,adj
oltárnál	noun
zsoldosok	noun
beütötte	vrb
csodára	noun
utasítottam	vrb,noun
kezeljem	vrb
közölték	vrb
császárnak	noun
maraton	noun
szültem	vrb
téteket	noun
táplálék	noun
alkalmaznak	vrb,noun
csorda	noun
sertés	noun
fegyveremet	noun
eseményen	noun
bankárok	noun
királynővel	noun
győzelme	noun
elvonóra	vrb
kutassátok	vrb
jövendő	noun,vrb
tárat	vrb,noun
oldalak	noun,vrb
ügyei	noun
délnyugati	adj,noun
házatok	noun
éreznie	vrb
várakozást	vrb
feladatuk	noun
fejlődést	noun,vrb
megadtad	vrb
elfutsz	vrb
menedzserem	noun
visszamentél	vrb
ijesztőbb	vrb
napsugaram	noun
engedhetlek	vrb
elmondhatnád	vrb
vihetik	vrb
észleltem	vrb
gondokat	noun
anyátokat	noun
házasságuk	noun,adj
biztosítsd	vrb
elvinne	vrb
kicserélték	vrb,adj
palesztin	noun
fájdalmam	noun
marisa	noun,noun_prs
játszania	vrb
tollam	noun
belépnek	vrb
percbe	noun
lebénult	vrb
pikk	noun
köhög	vrb
narancslevet	noun
önmagamat	noun_ref_SG_1
kockáztathatunk	vrb
lenyugszik	vrb
férfiakról	noun
teljesítsd	vrb
csapataink	noun
adósságát	noun
barátomra	noun,adj
olvassam	vrb
vérvizsgálat	noun
istenfélő	adj
felviszem	vrb
felem	noun
osztotta	vrb
törték	noun,vrb
felemeli	vrb
feltételeit	noun
kézzelfogható	adj
találkozási	vrb
világunkat	noun
eresszétek	vrb
megrázott	vrb
pipi	noun
ösztönző	vrb,adj
gitáros	noun
energiám	noun
szórólapot	vrb,noun
királyul	noun,adj
írót	noun,vrb
bántalmazták	vrb,noun
pénisze	noun
megelőzni	vrb
külvárosban	noun
karmai	noun
iskolánk	noun
csajoknak	noun
kérdezném	vrb
szemükbe	noun
tudomásomra	noun
drágalátos	noun
jersey-i	noun_prs
reménykedik	vrb
bemutatóra	noun,vrb
júliusban	noun
igaziból	adj
próbálnia	vrb
komplikációk	noun
bemenjek	vrb
drogosok	noun
végezted	vrb,noun
tanácsadás	noun
ügynökei	noun
álnéven	noun
pulcsi	noun
egyesített	adj,vrb
megtámadnak	vrb
tudással	noun,vrb
agyhalott	noun
férfitól	noun
kegyelmezz	vrb,noun
szeretőt	noun,vrb
házasságunkat	noun,adj
köröket	noun
szomszédba	noun
elpusztítsa	vrb
jogosítványa	noun
motoron	noun
mindkettőnek	adj_num
öltöző	noun,vrb
kimeneti	noun
poloskát	noun
szülte	vrb
megtanítottam	vrb
jogaim	noun
gyógyszerrel	noun
iktatni	vrb
évfordulós	noun
foglya	noun
bocsánatát	noun
napszemüveget	noun
írjátok	vrb
uralkodott	vrb
tartanék	vrb
külügyminisztérium	noun
drasztikus	adj
megnézheti	vrb
átvették	vrb
passzolok	vrb
ateista	noun
szavazatok	noun
aktái	noun
kategóriába	noun
bújjatok	vrb
állítasz	vrb
koszt	noun
felszabadult	vrb
felhívnám	vrb
csinálhatja	vrb
zselé	noun
úrnője	noun
bérgyilkosok	noun
produkciós	noun
lábtörést	noun,vrb
meccse	noun
szórakoztatni	vrb
dugod	vrb
lányukat	noun
bírság	noun
felkészíteni	vrb
kobold	noun
láncolva	vrb
fahéjas	noun
házasságon	noun,adj
visszafele	adv
szedtél	vrb
módszerekkel	noun
hazamehetsz	vrb
letépte	vrb
mutatunk	vrb
növényi	adj,noun
arcáról	noun
gondoskodjak	vrb
könyveit	noun
kompromisszum	noun
szenvedéllyel	noun
malacka	noun
újév	noun
iskolával	noun
önön	noun
átadjam	vrb
itteniek	adj
legsikeresebb	adj,noun
köszöntjük	vrb
vérmintát	noun
ragasztót	noun,vrb
elkapjam	vrb
főparancsnok	noun
mutató	noun,vrb
szellemnek	noun
kényszerítve	vrb
excellenciás	adj,noun
nyomoztam	vrb,noun
mindazért	noun_pron
helyzetre	noun
zsenik	noun
felvételre	noun
bekerültem	vrb
nevedre	noun
barlangot	noun
emlékezetem	noun
kórusban	noun
ossza	vrb
műhely	noun
vászon	noun
gondomat	noun
könyörtelenül	adj
filmhez	noun
egoista	adj
kezdhetem	vrb
seggarc	noun
sebesültek	adj,vrb
könyvre	noun
fejes	adj,noun
használná	vrb
támogatásával	noun,vrb
katolikusok	adj
végezetül	con,noun
gyakorlok	vrb
küzdened	vrb
felöltözni	vrb
önbizalom	noun
szerepére	noun
mondhatják	vrb
lottó	noun
ügyvédhez	noun
optikai	adj,noun
érkezem	vrb
csatlakoznál	vrb
nevezhetjük	vrb,noun
seggeteket	noun
megérzik	vrb
nevekkel	noun
kockáztathatom	vrb
hallás	vrb
okai	noun
vadember	noun
felrobbantották	vrb
gúnyolódj	vrb
öngyilkosok	adj
férfiről	noun
gépünk	noun
jogtalan	adj,noun
dimenzió	noun
kisebbek	adj
töltenie	vrb
töltsek	vrb
célzás	vrb,noun
novemberben	noun
befogja	vrb
változtasson	vrb
irodádba	noun
indulatos	adj,noun
lopakodó	vrb
híradóban	noun
vehetnek	vrb
boldogabbá	adj
némely	adj_wh
rokonod	noun,adj
huszonnégy	adj_num
kedvencek	adj
megszöktél	vrb
hívhatnánk	vrb
statisztikai	noun
cselekedjen	vrb
mosoda	noun
koccintsunk	vrb
lelősz	vrb
többihez	adj
tervemet	noun
partikat	noun,adj
előírásokat	noun,vrb
elolvad	vrb
húsvét	noun
feltételem	noun
áldása	vrb
nyál	noun
megnyitó	vrb
győzhetsz	vrb
véleményünk	noun
ádáz	adj
életképes	adj,noun
igazolványa	noun
sértésért	vrb
magunktól	noun_ref_PL_1,noun
ébresztett	vrb
bajnokságon	noun
maradniuk	vrb
elfogjuk	vrb
utadat	noun
szavaztak	vrb,noun
programnak	noun
énedet	noun_pron,noun
23-as	adj_num
károsodást	vrb,noun
hozhatja	vrb
hajtogatja	vrb
zsebembe	noun
bújjunk	vrb
vizsgálnom	vrb
hátravan	vrb
otthonomba	noun
szerződésem	noun,vrb
papucs	noun
magánterület	noun
táncoltál	vrb
hajód	noun
érzéked	noun
bokáját	noun
példátlan	adj,noun
telnek	vrb
ötig	adj_num
megfájdul	vrb
pizsamában	noun
évadban	noun
arabok	noun,adj
németeket	adj,noun
családjában	noun
hozná	vrb
kapnánk	vrb
középszerű	adj,noun
megnyugvást	vrb,noun
felajánlották	vrb
üvegen	noun
influenzás	noun
hajlik	vrb
elvágja	vrb
megengedték	vrb
csuklóját	noun,vrb
bandába	noun
költözzünk	vrb
cár	noun
csatlakoztak	vrb
mongol	noun
töltények	noun
áruljon	vrb
bányát	noun
bántom	vrb
szentelte	vrb
gondolkodjak	vrb
megnő	vrb
autista	noun
mondogatom	vrb
márkát	noun
kárpótolni	vrb
fagyni	vrb
nyelt	vrb
eldöntjük	vrb
vadi	noun
banknál	noun
örömére	noun
hajával	noun
vérnek	noun
szegénynek	adj
lazacot	noun
szoknom	vrb
múlttal	noun,adj,vrb
találgatni	vrb
enyémbe	noun_pron
zsebéből	noun
célpontunk	noun
ritkaság	adj
hadtest	noun
látogassuk	vrb
ítéli	vrb
hadnaggyal	noun
bárhonnan	adv
ellátom	vrb
borotva	noun
napszemüveg	noun
vetnek	vrb
árverés	noun
láncra	noun
erői	noun
népi	adj,noun
napról-napra	UNK
tiéddel	noun_pron
leopárd	noun
levesszük	vrb
használatra	noun
meghúzod	vrb
alaposabban	adj,noun
kalapja	noun
csomagját	noun
biztosabb	adj
fojtogató	vrb
örmény	noun,adj
tanfolyamra	noun
ünnepet	noun
egyoldalú	adj,adj_num,noun
határozni	vrb,noun
bosszúállók	adj
darázs	noun
mindehhez	noun_pron
küldtelek	vrb
randizás	vrb,noun
melleket	noun
szivacs	noun
földrajzi	noun
beleegyeztél	vrb
derítenem	vrb
magánélet	noun
piroson	adj
összevetve	vrb
megmozdulni	vrb
vizsgálta	vrb
társaságom	noun
fontosságát	adj,noun
padján	noun
trónon	noun
szemétnek	noun
savas	adj,noun
bátorságát	noun
költöznöm	vrb
barátjáról	noun,adj
ránts	vrb
próbálkoztunk	vrb
takonypóc	noun
szedjem	vrb
üldöztek	vrb
felkészül	vrb
feltevés	noun,vrb
monitoron	noun
kolostorban	noun
üzletelt	vrb
hanggal	noun
kialakítani	vrb
konzul	noun
üzleteket	noun
asztali	adj,noun
hármast	noun,adj
pakoljatok	vrb
csókoltam	vrb
énje	noun_pron,noun
ítél	vrb
megkérdőjelezhető	vrb,noun
kényelem	noun
méretet	noun
vérrög	noun
uralkodója	noun,vrb
óvjon	vrb
ihat	vrb
határnál	noun
megjavítottam	vrb
tartaniuk	vrb
tekinteted	noun,vrb
támogassa	vrb
kellemetlenségért	adj
részletekben	noun
futtatni	vrb
megbecsült	adj,vrb
törzsek	noun
maki	noun
színpadot	noun
mesterkedsz	vrb
dicséretet	noun
számítógéppel	noun
sejtette	vrb
egyetemes	adj,noun
cserediák	noun
felszerelések	noun,vrb
egekbe	noun
úsznak	vrb
írhatok	vrb
egypár	adj_num
bárhogyan	adv
elvágni	vrb
adrenalint	noun
lakásomra	noun,vrb
öljetek	vrb
vádolsz	vrb
füles	noun
rámutatott	vrb
terápián	noun
hallgatna	vrb
megépíteni	vrb
leállították	vrb
kiléptél	vrb
fesztivált	noun
indulva	vrb
verekedtek	vrb
puskapor	noun
iskolája	noun
válaszoltak	vrb
cigid	noun
melyikben	noun_pron
feltűnés	noun,vrb
lőnöm	vrb
kivágom	vrb
tetteit	noun,vrb,adj
forrófejű	adj
eljárt	vrb
zavargások	vrb,noun
kijavítani	vrb
megveszed	vrb
rejtetted	adj,vrb
rúgnom	vrb
véremben	noun
irányítasz	vrb
gonoszok	adj
esünk	vrb
mondogattam	vrb
reméled	vrb
szólította	vrb
kétbalkezes	adj
vádja	noun
párod	noun
esettel	noun,vrb
hívők	noun,vrb,adj
fertőzöttek	adj,vrb,noun
bújsz	vrb
kabátban	noun
páncélt	noun
rajzok	noun,vrb
lebuktál	vrb
öregembert	noun
robbanóanyagot	noun
ragyogj	vrb
offshore	UNK
csússz	vrb
indultok	vrb
átadás	noun,vrb
eszetekbe	noun
összezavart	adj,vrb
itten	adv
kavart	vrb
félvállról	adj_num,noun
ütöd	vrb
elhúzott	vrb
kávés	noun
italhoz	noun
legvégső	noun,adj
megőrzöm	vrb
lefoglalom	vrb
szenzáció	noun
psziché	noun
ugyanannyit	adj_num_wh
fütyül	vrb
lemezek	noun
alkatrészeket	noun
szavazásra	vrb,noun
felfüggesztettek	vrb,adj
inkvizítor	noun
személyiséget	noun,adj
sebed	noun
lépne	vrb
lányon	noun
házamhoz	noun
vállaltad	vrb
kevéssé	adv,adj_num,noun_prs
úsztam	vrb
beleestem	vrb
konzerv	noun
viselkedési	vrb
győznöm	vrb
eljöhet	vrb
mondhatott	vrb
városokban	noun
gyakorolsz	vrb
tetoválása	vrb
elmondhassam	vrb
a-a	UNK
fagyizni	vrb
előröl	vrb
kamat	noun
igyanak	vrb
leányom	noun
undi	adj,noun_prs
önszántából	adv
megtudhatom	vrb
zakót	noun
kérelmét	noun
fedezem	vrb
csuklóján	noun,vrb
győzünk	vrb
végignézte	vrb
országában	noun
táncoljon	vrb
álnevet	noun
vázát	noun
valljuk	vrb
hídnak	noun
lábamról	noun
kihat	vrb
fenyegetőzik	vrb
résztvevő	noun
ágyneműt	noun
játszhatnánk	vrb
rúgnak	vrb
kezdenie	vrb
bűnbak	noun
gondolkodtunk	vrb
elvesztését	noun,vrb
dugtad	vrb
mestered	noun
álmodozz	vrb
őrnek	noun
picsát	noun
fába	noun
ígérhetem	vrb
kérelem	noun
megtudtál	vrb
bárnál	noun
őlordsága	noun
fiúkra	noun
fantáziád	noun
idegeneknek	adj,noun
haverjaim	noun
zenekarban	noun
edz	vrb
örökségét	adj
lemészárolták	vrb
hegedű	noun
pulóver	noun
festményeket	noun
merülés	vrb
giccses	adj,noun
kudarcba	noun
megköszönnöd	vrb
biztosításom	vrb
árakat	noun
megálltak	vrb
távolságtartó	noun,vrb
küzdő	vrb
elmondhattad	vrb
érdeklődnek	vrb,adj
rendelkezünk	vrb
süss	vrb
elmesélt	vrb
hiányoztatok	vrb,noun
haladnunk	vrb
mm-es	noun
munkámra	noun
sütőt	vrb
tulajdonom	noun,adj
kedvre	noun
hordozó	noun,vrb
fákon	noun
bulik	noun
csurom	adv
eredményez	vrb,noun
atyával	noun
töltsék	vrb
felnéz	vrb
számíthatnak	vrb
továbbléptem	vrb
megsérti	vrb
eléjük	noun_pron
páciensek	noun
regénye	noun
maradhatnál	vrb
megerősítés	noun,vrb
elhoztuk	vrb
kitett	vrb,adj
helyeden	noun
lehetőségnek	vrb,noun
barátunkkal	noun,adj
kíváncsivá	adj
fejezted	vrb,noun
keresztülmentünk	vrb
pazaroljuk	vrb
mozogjanak	vrb
harcolnom	vrb
szexinek	adj,noun
féket	noun
segítséggel	noun
szexben	noun
uramnak	noun
szeles	adj,noun
utasítom	vrb,noun
megjósolta	vrb
helyettesíti	vrb
pénzetek	noun
szóról	noun
légynek	noun
naprendszer	noun
fogdában	noun
elszakadni	vrb
gyönyörűség	adj,noun
felveszünk	vrb
nyilatkozott	vrb
vikingek	noun
frankkel	noun
lányára	noun
rúgom	vrb
foglaltak	adj,vrb
könnyes	adj,noun
felbéreltem	vrb
faragni	vrb
meggyőződve	vrb
kezdhet	vrb
zárom	vrb
földeket	noun
prof.	abr
megjelentél	vrb
tervelte	vrb
csoportból	noun
bekapcsolt	vrb
jutalma	noun
kamerán	noun
belefáradt	vrb
senkik	noun_pron
zsebeit	noun
maradhatott	vrb
sejteket	noun
tönkretenné	vrb
melled	noun
tisztnek	noun
holtbiztos	adj
katonával	noun
főbe	noun,adj
elvégzett	vrb
ü	noun
szemén	noun
túlvilágra	noun
udvarba	noun
hozzáállásod	vrb
fagylalt	noun
utolsónak	adj
sietősen	adj,vrb
táskádban	noun
kápolna	noun
szakadni	vrb
forrón	adj,vrb
enyhíti	vrb
támadásban	vrb
esernyő	noun
folytathatom	vrb
könyvbe	noun
érintettek	adj,vrb
valóságosnak	adj,noun
ütöm	vrb
nevettess	vrb
virsli	noun
megfog	vrb
megfigyeljük	vrb
részhez	noun
megszeged	vrb
eljussunk	vrb
állampolgárok	noun
találná	vrb
kihagy	vrb
emeltem	adj,vrb
fantáziája	noun
termékenységi	adj
köcsögöt	noun
impotens	adj
epret	noun
újrakezdjük	vrb
utasítások	vrb,noun
szarkasztikus	adj
utáltad	vrb
fivér	noun
leléphet	vrb
behívtak	vrb
krémes	adj,noun
gigantikus	adj
mérföldön	noun
forgalmas	adj,noun
kövekkel	noun
elárulták	vrb
főnővér	noun
felest	adj,noun
észlelt	vrb
toljuk	vrb
nyerjük	vrb
szárnya	noun
eladtuk	vrb
nyilvántartást	noun,vrb
megszerezték	vrb,noun
fogdába	noun
sejk	noun
kinyírjuk	vrb
tudomására	noun
sofőröm	noun
orvosoknak	noun
bontani	vrb
bűnösségét	adj,noun
vonzódsz	vrb
gyanúsítottakat	noun,adj,vrb
fősulis	noun
számoljuk	vrb
nagyvonalú	adj
oldják	vrb
keselyűk	noun
borította	vrb
biztosítsuk	vrb
bajtársak	noun
marék	noun
kisétál	vrb
jeleznek	vrb,noun
indokolt	adj,vrb
abbahagyná	vrb
táskádat	noun
viccelnek	vrb
abbahagyjuk	vrb
törjön	vrb
szórakozzatok	vrb
felhozott	vrb
csókja	noun
kezdők	noun,vrb
tankolni	vrb
meghívsz	vrb
ítéletét	noun
mutánsok	noun
lelőjük	vrb
hadseregbe	noun
leleplezni	vrb,noun
rabokat	noun
árultad	vrb
hazudtunk	vrb
hólyag	noun
lábakkal	noun
távirányítót	vrb
csapatával	noun
harmadikon	adj_num
támadásokat	vrb
vezetési	noun,vrb
mentsétek	vrb
markot	noun
lekésem	vrb
kérdései	noun,vrb
eljátssza	vrb
elrontott	adj,vrb
jáde	noun
oltást	vrb
ragacsos	adj,noun
kattant	vrb
végéről	adv,noun
kitépte	vrb
temette	vrb
peri	noun
jussanak	vrb
átélt	vrb
edényeket	noun
kin	noun_pron
igyekezzenek	vrb
szépséged	noun
számlán	noun
sugárzó	vrb,noun,adj
fönn	adv,prv
agyrázkódás	noun,vrb
apróságok	adj
nászúton	noun
tökéletesség	adj
rajzol	vrb
vizsgáld	vrb
múlnak	vrb
lassabb	adj
engedhettem	vrb
kontinens	noun
ugyanekkor	adv
gerinctelen	adj,noun
osztriga	noun
15-én	adj_num
dél-afrikai	UNK
ara	noun
évét	noun
órai	adj,noun
veséjét	noun
kirándulást	vrb
operát	noun
gerince	noun
dobjam	vrb
kidolgoztam	vrb,noun
parancsaimat	noun
visszakaphatnám	vrb
bársony	noun
shake	noun
felvennéd	vrb
bármily	adj_wh
kukac	noun
haverommal	noun
lélegzett	vrb
ajánljuk	vrb
komplikáció	noun
kismalac	noun
vendégekkel	adj,noun
feltételezhetően	noun,vrb
sonkás	noun
kesztyűs	noun
legjobbnak	adj,noun
gázok	noun
kerülhetünk	vrb
mogyoróvaj	noun
beleszerettél	vrb
bárminek	noun_pron
kapuját	noun
kislányunk	noun
örülnének	vrb
képzelődsz	vrb
főúton	noun
kiveszi	vrb
időpontra	noun
ajtómon	noun
aludnék	vrb
gúnyolódsz	vrb
akarom-e	vrb,adv
felrobbantja	vrb
tettesd	vrb
megláttad	vrb
ránézel	vrb
üzenettel	noun
elveszítik	vrb
adósod	noun,vrb
megerőszakolni	vrb
reménykedünk	vrb
fejteni	vrb
gondolatban	noun
élted	vrb
utasítottak	vrb,noun
gyúlékony	adj
meglásd	vrb
pacák	noun
hálámat	noun
kezeltek	vrb
pszichiáterhez	noun
felelőtlenség	adj,noun
hatásköre	noun
engedhetek	vrb
szakítanom	vrb
kilóval	noun
töltenünk	vrb
tomboló	vrb
megérzem	vrb
kitettem	vrb
elütöttem	vrb
felettesem	noun
a-	noun
fáradtság	vrb,adj
elmondhatná	vrb
ajándékként	noun
sző	vrb
zsebkendő	noun
irgalmazz	vrb,noun
személyben	noun
meglógott	vrb
igazságnak	noun,adj
szívéből	noun
útmutató	noun
karjai	noun
birtokolja	vrb
plafonon	noun
grófja	noun
valakiért	noun_pron
felügyelőnek	noun,vrb
piroska	adj
erőset	adj,noun
kiabáljon	vrb
igyekeznek	vrb
játszó	vrb,adj
megnézünk	vrb
szegényes	adj
elvinnéd	vrb
fiamhoz	noun
fogalmazott	adj,vrb,noun
antenna	noun
bőkezű	adj
szökési	vrb
horog	noun
büfében	noun
vihette	vrb
nővérednek	noun
hitünk	noun
ítélik	vrb
pirulákat	noun
tanulást	noun,vrb
csörgött	vrb
családjától	noun
hídnál	noun
házukban	noun
hajlok	vrb
gondolattól	noun
megtehettem	vrb
colton	noun
megtettek	vrb,adj
hidrogén	noun
leszámolás	noun,vrb
forrásaim	noun,vrb
laktál	vrb
korral	noun
véletlenek	adj,vrb
megsemmisül	vrb
felnőttnek	noun,adj
megszerezd	vrb,noun
képességeidet	noun,adj
odaadjam	vrb
tanúként	noun
felkészülés	vrb
vendéged	noun,adj
kihasználtam	vrb
többiekre	adj
újságnak	noun,adj
éttermek	noun
feküdnöd	vrb
ismétlődő	noun,vrb
véredet	noun
szülést	vrb,noun
otthagyom	vrb
gofrit	noun
beléptünk	vrb
összpontosíts	vrb
sütőbe	vrb
székem	noun
közel-keleti	UNK
válhatnak	vrb
írna	vrb
szenátorral	noun
tartalmazó	noun,vrb
gépből	noun
elbánok	vrb
megnézték	vrb
csinosak	adj
váljak	vrb
bedobni	vrb
eljátszom	vrb
ijesztett	vrb
kihozta	vrb
jelentenie	vrb
fogó	noun,vrb
elveszel	vrb
képezi	vrb,noun
vállalnod	vrb
árvaházba	noun
itala	noun
védelmezi	vrb,noun
sráctól	noun
játszana	vrb
élethű	adj
fegyverbe	noun
fordítja	vrb
kimentünk	vrb
viselkedek	vrb
ölembe	noun
eleme	noun
edzőnek	vrb,adj
hagynának	vrb
beleegyezel	vrb
szerződéseket	noun,vrb
lakásunk	noun,vrb
csapatomat	noun
razzia	noun
tűntem	vrb
anyaként	noun
felejtsen	vrb
gyí	sentint
fiatalkorúak	adj,noun
faszomba	noun
jelt	noun
énekeltek	adj,vrb
elpusztíthatatlan	adj,vrb
szórakozok	vrb
érmet	noun
elrendezni	vrb,noun
nagyságú	adj
sétálnak	vrb
ragyogás	vrb
megakadályozzák	vrb,noun
vihet	vrb
felvonulás	noun,vrb
figyelmeztetnünk	vrb,noun
helyrehozzam	vrb
taxira	noun
mennyiben	adj_num_wh,noun
miniszterelnököt	noun
erőtlen	adj,noun
foghatót	vrb
kialudt	adj,vrb
átmentek	vrb
igazolást	vrb
egyszóval	adv
sztorival	noun
érzelmet	noun
bukása	vrb
övön	noun
veszéllyel	noun
felejthetném	vrb
rénszarvas	noun
rendbeli	adj,noun
agyuk	noun
ruházott	vrb,noun
autónk	noun
felszállásra	noun,vrb
büntetve	vrb
tiszteletlenség	adj,vrb
horzsolások	vrb
pöcsök	noun
egykönnyen	adv
sakál	noun
bővebben	adj
mindegyikünk	noun_pron,noun,adj_uni
bejárathoz	noun
elöljáró	noun
túrára	noun
mágiával	noun
eteti	vrb
fahéj	noun
követője	noun,vrb
látnál	vrb
mászkálni	vrb
legrosszabbak	adj
betolakodók	vrb
elérjem	vrb
keresetet	noun
megölve	vrb
csokrot	noun
fordulna	vrb
cellájába	noun
ünnepel	vrb
lekvárt	noun
feltételezhetjük	noun,vrb
kiderítette	vrb
gyulladás	vrb
esküvőmön	noun,vrb,adj
álla	noun
magányra	noun
produkció	noun
zuhanyt	noun
uralják	vrb
cellát	noun
elvégezzük	vrb,noun
rózsákat	noun
karnevál	noun
hercegnővel	noun
információért	noun
hagyniuk	vrb
köve	noun
foglaljuk	vrb
hisztis	noun
kérhetnénk	vrb
árulkodó	vrb
magasságban	adj
cigányok	noun
kettest	noun,adj
csalunk	vrb
statisztika	noun
csontjait	noun
jelvényem	noun
reklámban	noun
túlsúlyos	noun
megkeresse	vrb
elcseszni	vrb
bukkanni	vrb
változtathat	vrb
nyerjek	vrb
járgány	noun
elvittük	vrb
szerepeltem	vrb
vehetnél	vrb
visszaküldöm	vrb
dugnak	vrb
divatból	noun
nyolcra	adj_num
megkapsz	vrb
gondoltatok	vrb
királynét	noun
néztelek	vrb
csomószor	adj_num
távollétében	noun
apus	noun
javaslok	vrb
landol	vrb
jelöli	vrb
passzolj	vrb
szellemében	noun
köszönjetek	vrb
boltjában	noun
elbánni	vrb
deszka	noun
pillanattal	noun
elvehetem	vrb
bementél	vrb
szabotálni	vrb
vered	vrb
parkolójában	vrb
tortán	noun
oroszoknak	noun,adj
forgott	vrb
tüntetés	vrb
faragott	adj,vrb
raktál	vrb
koponyája	noun
elfogadok	vrb
dugóba	noun,vrb
visszatérhetnénk	vrb
kognitív	adj
álarcot	noun
garanciát	noun
ellenkezz	vrb
színdarab	noun
játékszer	noun
asa	noun
magamét	noun_ref_SG_1
terra	noun
megragadja	vrb
fenekére	noun
mesélne	vrb
elfut	vrb
dekoráció	noun
jófiúk	noun
körülmény	noun
írója	noun,vrb
estének	noun,adv
zárakat	noun
terjeszti	vrb
ideadta	vrb
mondhatnád	vrb
megjönnek	vrb
szarra	noun,adj
hév	noun,adj
emlékezet	noun
házukat	noun
babámat	noun
ismernéd	vrb
hosszúak	noun
alkotás	vrb
hazugságokkal	adj
tyúkot	noun
vállaljuk	vrb
beled	noun
történhetne	vrb
kápolnában	noun
gyűrűket	noun
bélyeget	noun
fogadásra	vrb
bezárul	vrb
számjegyű	noun
misére	noun
időkből	noun
megvizsgálták	vrb
kolostor	noun
lakosságot	noun
lenyelte	vrb
kávém	noun
fejszét	noun
csodásak	adj,noun
behoztam	vrb
cégének	noun
utánajárok	vrb
gurul	vrb
köszöntsük	vrb
törnünk	vrb
edzőterembe	vrb,noun
lövéssel	vrb,noun
megfertőződött	vrb
ízt	noun
postai	adj,noun
boldogsága	noun,adj
idegesség	adj,noun
mutáció	noun
halálban	noun
tartottalak	vrb
mesterkedik	vrb
szoftvert	noun
értesítést	vrb
túlvilágon	noun
kedvemre	noun
keletkezik	vrb
évszakban	noun
darabjait	noun
töltöttek	adj,vrb
reagáltam	vrb
harisnya	noun
szerzője	vrb,adj
meglepetésnek	noun,vrb
gondolkozok	vrb
leesni	vrb
city-be	UNK
hallal	noun
kényszerítik	vrb
elvállalom	vrb
felkértek	vrb
szívemmel	noun
fényképezni	vrb,noun
tervének	noun
magasságot	adj
autónak	noun
terhelni	vrb
elfogja	vrb
vállalnia	vrb
lábuk	noun
nyúljatok	vrb
csávából	noun
mindegyiken	noun_pron,noun,adj_uni
telefonszámom	noun
idejönnél	vrb
címére	noun
magánélete	noun
egyest	noun,adj
mindannyiótoknak	adj_num_wh
karácsonyfa	noun
filmezni	vrb,noun
ólálkodik	vrb
vetem	vrb
gyógyszertár	noun
testileg	noun
leütött	vrb
ügyésznő	noun
döntőben	noun,vrb
kocsmát	noun
seggében	noun
mondtatok	vrb
fékezni	vrb,noun
elviheted	vrb
baromságokat	noun
lakásra	noun,vrb
kurvával	noun
éttermi	noun
kelsz	vrb
testvéreddel	noun
alkot	vrb
helyiséget	noun,adj
harcoljanak	vrb
taggal	noun
felmérés	noun,vrb
feldúltnak	vrb
elkél	vrb
kellemetlenség	adj
felfordul	vrb
elmagyarázzam	vrb
vonom	vrb
kielégíteni	vrb
frissek	adj
kockás	adj,noun
közepesen	adj,noun
szállítást	noun,vrb
keletről	noun
napfogyatkozás	noun
ötvenezer	adj_num
megoldottad	vrb
kevesek	adj_num
gazdát	noun
lidércek	noun
fúró	noun,vrb
megkereste	vrb
leellenőrzöm	vrb
lakótársam	noun
reggeltől	noun,adv
felettük	noun_pron,vrb
egyed	adj_num,noun,vrb
leírva	vrb
növekedett	vrb
mesésen	adj,noun
feleségéhez	noun
csatornákat	noun
ínyenc	adj
ugyanitt	adv
épületen	noun
legelején	noun
örökkévaló	adj
megcsináljam	vrb
leszbikusok	adj
nyugodjunk	vrb
ellentmond	vrb
megpróbálnám	vrb
ugrást	vrb
kelünk	vrb,noun
helyettesem	noun,adj
hordót	noun,vrb
befolyásolta	vrb
10-et	adj_num
szedjen	vrb
munkáddal	noun
vakító	adj,vrb
megtehette	vrb
üvegbe	noun
épelméjű	adj
tündéri	adj,noun
hétről	noun,adj_num
ejtjük	vrb
kincses	noun
angyalai	noun
mehetnél	vrb
meghallgatása	noun,vrb
távozhatsz	vrb,noun
letartóztat	vrb,noun
menőbb	vrb,adj
ragaszkodtam	vrb
megadták	vrb
elalszol	vrb
országunkat	noun
szaporán	adj,An_MODE_adv
tánccal	noun
kiszúrta	vrb
tolvajnak	noun
légió	noun
hálaadási	noun
mondandóm	vrb
visszajöhet	vrb
juthatok	vrb
lótusz	noun
hangnem	noun
állítás	vrb
irányul	vrb,noun
helyekről	noun
plüss	noun
húgodnak	noun
felszereléssel	noun,vrb
nagymester	noun
megitta	vrb
megdöglesz	vrb
egyházat	noun
kötelez	vrb,noun
műtőből	noun,vrb
kijátszani	vrb
ételért	noun
játékról	noun
karomban	noun
elköltözünk	vrb
anyósom	noun
vizsgáló	vrb
egyvalami	noun
nehezére	adj
megtisztítani	vrb
agresszió	noun
bátyjának	noun
szervező	vrb,noun
összetöröm	vrb
algoritmust	noun
bánjanak	vrb
létedre	noun
küzdöttek	vrb
tengerentúli	adj,noun
nyomuk	noun
megláttak	vrb
törülköző	noun,vrb
lehetőségeink	vrb,noun
nyalni	vrb
nyelvi	adj,noun
tömegpusztító	noun,vrb
titkaink	noun
megvárja	vrb
mindegyikben	noun_pron,noun,adj_uni
ilyenekről	adj_wh
főztél	vrb
védjétek	vrb
asztalomra	noun
küldemény	noun
munkájára	noun
nyerne	vrb
odaérsz	vrb
szórakoztatónak	adj,vrb
színem	noun
durvák	adj
zúzni	vrb
figyeljünk	vrb
mennyiséget	noun
beosztás	noun,vrb
helytálló	adj,vrb
testőrök	noun
innia	vrb
koncentráljatok	vrb
vádjában	noun
esernyőt	noun
kosaras	noun
gombóc	noun
lelkén	noun
anyukák	noun
bobnak	noun
térdét	noun
vesztettek	adj,vrb
melegszik	vrb
életfogytiglant	noun
tanulom	vrb
személyazonosságot	noun,adj
megjegyzéseket	vrb,noun
merülni	vrb
20-at	adj_num
összejöttek	vrb
bolygója	noun
bírunk	vrb
vásárolok	vrb
valóságba	noun,adj
típust	noun
érezz	vrb
forduljak	vrb
gázolás	vrb
éttermében	noun
kettőnket	adj_num
tokiói	noun_prs
sérül	vrb
időtlen	adj,noun
összetartozunk	vrb
meggyógyultam	vrb
kezük	noun
királyát	noun,adj
megfigyeltem	vrb
csomagok	noun
tettet	vrb,adj,noun
falról	noun
megközelíteni	vrb
féreglyuk	noun
ujjadat	noun
rémálmai	noun
társulat	noun
mozgása	vrb,noun
forgatsz	vrb
erőszaktevő	noun,vrb
tegnapig	noun
ragyogni	vrb
megfeledkeztél	vrb
megfázás	vrb
ragadtál	vrb
újfent	con
szarkazmus	noun
belügyminiszter	noun
énekesnő	noun
utaltam	vrb
biza	adv
hívtatok	vrb
hasonmás	noun
értékelés	vrb
harcoljatok	vrb
családként	noun
elhangzott	vrb
évfolyam	noun
visszavágni	vrb
leállította	vrb
elhallgass	vrb
gyakornoki	noun
kakaó	noun
lapáttal	noun
előállítani	vrb
bokor	noun
nyújtanak	vrb
semmik	noun_pron,noun
gyümölcslevet	noun
apukáddal	noun
seggemben	noun
negyedéves	noun
dolcsis	noun
tettelek	vrb
hatol	vrb
vinne	vrb
kását	noun
elmégy	vrb
jenkik	noun
visszamehetsz	vrb
hernyó	noun
viszonthallásra	sentint
vezessék	vrb
javítja	vrb
kutatnak	vrb
úttörő	noun
univerzális	adj
házadat	noun
tudata	noun
kiindulva	vrb
látását	vrb
hozzáfér	vrb
neveit	noun
etikus	adj
kalapod	noun
óvatlan	adj,vrb
jeladót	noun
kézenfekvő	adj
helyzetek	noun
törődjetek	vrb
feleséggel	noun
pénzemmel	noun
leple	noun
országokban	noun
nézitek	vrb
megállapította	vrb
elvezetett	vrb
kivégezni	vrb,noun
dugom	vrb
ajánlhatok	vrb
felkapott	vrb
kapcsolatomat	noun
részébe	noun
elintézett	adj,vrb
alagsor	noun
kritizálni	vrb
kiborít	vrb
tahó	adj
nyüzsögnek	vrb
építsünk	vrb
létesítményt	noun
beállított	adj,vrb
részről	noun
elmagyarázok	vrb
szívemre	noun
bokája	noun
kerülöm	vrb
sajnálatosan	adj,noun
meglássa	vrb
végeznie	vrb,noun
eszméleténél	noun
tájat	noun
komisz	adj
oldalakat	noun
kiakadva	vrb
tonnás	noun
visszahívhatlak	vrb
pad	noun
köszönünk	vrb
képezték	vrb,noun
main	adj,noun
sikoly	noun
testére	noun
zseninek	noun
rongyos	noun,adj
jóember	noun
szerződését	noun,vrb
felsőt	adj
csontjai	noun
arabul	noun,adj
benzinkúton	noun
kacsák	noun
vénasszony	noun
hálószobájában	noun
viola	noun
családodról	noun
megegyeztek	vrb
elhinnem	vrb
gátolja	vrb
sampon	noun
értesítettek	vrb
ellentmondás	noun,vrb
felizgat	vrb
tetten	vrb,adj,noun
szégyene	noun
körülnéztem	vrb
zöldséges	noun,adj
szenátornak	noun
vezethetek	vrb
szerű	noun
visszavonultam	vrb
hasában	noun
kedvességét	adj,noun
vöröske	adj
ébreszt	vrb
alkalmad	noun
megegyezünk	vrb
reggelén	noun,adv
heted	adj_num,noun
lezártam	vrb
panaszkodj	vrb
fűszer	noun
ajánlasz	vrb
aláírtad	vrb
információhoz	noun
csészével	noun
vadászt	noun
elkapjon	vrb
résznél	noun
megtagadni	vrb
ügyemet	noun
témánk	noun
fülemet	noun
szobaszerviz	noun
ha-ha-ha	UNK
helyettesítő	noun,vrb
foglaljatok	vrb
vesztesnek	adj
varázsige	noun
átlátok	vrb
cowboyok	noun
klubjában	noun
rejtőznek	vrb
kattanva	vrb
nagynénéd	noun
célhoz	noun
hozzáfért	vrb
unokáját	noun
felszolgálni	vrb
kommandósok	noun
széfbe	noun
bosszantani	vrb
stimmelt	vrb
társkereső	noun,vrb
vérből	noun
kijár	vrb
fegyverekről	noun
adatik	vrb
neveztük	vrb,noun
kapucnis	noun
diplomám	noun
bosszúja	noun
rettegésben	vrb
égiek	adj,noun
elfeledkeztem	vrb
megbeszélünk	vrb
készítetted	vrb
veszekedett	vrb
bírná	vrb
berúgni	vrb
értesített	vrb
irigység	adj
bőségesen	adj
ajtód	noun
kinéznie	vrb
levegőn	noun
ellopod	vrb
veteránok	noun
férjek	noun,vrb
pohárban	noun
akadályozta	vrb,noun
úrnőt	noun
tanítottalak	vrb
tanulmányozza	vrb,noun
szemből	noun
biztosítsam	vrb
legyőz	vrb
gatyáját	noun
sztorid	noun
tüzelj	vrb
elvegyék	vrb
tüskés	adj,noun
nitrogén	noun
fejleményekről	noun
ágyadba	noun
gödörben	noun
megőrjítesz	vrb
közöld	vrb
fiatalabbak	adj
meghallgatta	vrb
hívná	vrb
visszatérhetünk	vrb
farkamat	noun
beraktam	vrb
értesítették	vrb
kíméljen	vrb
fedezett	vrb
célok	noun
kapás	vrb,noun
odaadná	vrb
tarthatnak	vrb
használhatunk	vrb
maradtatok	vrb
röhögni	vrb
neveltelek	vrb
elnyomott	adj,vrb
részletét	noun
tudomásunk	noun
ős	noun
melegben	noun,adj
kozmetikai	adj,noun
éneklek	vrb
vizsgáltam	vrb
felmész	vrb
ajkaid	noun
hitemet	noun
lecsuknak	vrb,noun
kiüti	vrb
vesse	vrb
sportolók	vrb
rosszabbodik	vrb
bemutatkozni	vrb
picsák	noun
tételezzük	vrb,noun
osztozik	vrb
megtartsa	vrb
kínálok	vrb
gyerekünket	noun
utolér	vrb
cuccodat	noun
szívnek	noun
időutazó	noun,vrb
torzszülött	noun
lakjon	vrb
középpontban	noun
múltjáról	noun,adj,vrb
üresedés	vrb
maximálisan	adj
bámulta	vrb
szakértőt	noun,adj
festve	vrb
verlek	vrb
túlléptem	vrb
szándékod	noun
elmeséled	vrb
nulladik	adj_num
spekuláció	noun
tollal	noun
üzletünk	noun
szólalt	vrb
gyűjtenek	vrb
édesebb	adj
viselted	adj,vrb
sofőrnek	noun
rendszerre	noun
meghagyom	vrb
sírjára	noun
példának	noun
tüntesse	vrb
balszerencsés	noun
illetékes	adj,noun
borbély	noun
kócos	adj,noun
égetett	vrb
beviszlek	vrb
nyúlsz	vrb
bemutatta	vrb
buksz	vrb
beszélgessetek	vrb
támadjuk	vrb
autójával	noun
réges-rég	twin,adv
hajómon	noun
évszázadokon	noun
magyarázkodni	vrb
otthagytál	vrb
reménykedni	vrb
erőszakolni	vrb
bántottad	vrb
bután	noun,adj,An_MODE_adv
vigasztal	vrb
becsülete	noun
gépben	noun
megvadult	vrb
fiatalos	adj
társait	noun
levéllel	noun
méltóan	adj
televíziós	noun
gettó	noun
megmutasd	vrb
diplomás	adj,noun
férget	noun
mérnökök	noun
tengerentúlon	noun
védjék	vrb
szívi	noun
kincse	noun
ego	noun
miképp	noun_pron,noun
indítottam	vrb
párral	noun,adj_num
tartozna	vrb
ezelőttről	post
járjuk	vrb
szépeket	adj
ragadott	vrb
kulcsaim	noun
megsemmisíti	vrb,noun_pron,noun
koronaherceg	noun
útjukat	noun
gombás	noun
visszaállítani	vrb
sarkot	noun
megesszük	vrb
falatka	noun
ama	noun_pron
parkoltam	vrb
veszteségek	noun
szerkesztője	noun,vrb
lüktet	vrb
mentheti	vrb
ragaszkodunk	vrb
turnéra	noun
ismernél	vrb
szupertitkos	adj
bekezdés	noun,vrb
ópium	noun
lovagolt	vrb
végébe	noun
bármelyikőtök	noun_pron
11-én	adj_num
kamara	noun
derülni	vrb
fegyverekre	noun
válóperes	vrb,noun
sejted	noun,vrb
csendes-óceán	UNK
ágyamba	noun
trágya	noun
érheti	vrb
térképről	noun
zsidót	noun,adj
felismerik	vrb
állítok	vrb
gumik	noun
alkalmazás	vrb,noun
megoldásra	noun,vrb
márciusban	noun
térnie	vrb
találjatok	vrb
összejövetelt	noun
napvilágot	noun
palotából	noun
kiemeli	vrb
megjegyezném	vrb,noun
beállítottam	vrb
muzulmán	adj
tönkreteheti	vrb
kutakodtam	vrb
magokat	noun
csodákra	noun
gimnáziumban	noun
lehúzta	vrb
lakcíme	noun
tolószékben	vrb,noun
pofára	noun
szekció	noun
németeknek	adj,noun
megtanul	vrb
hangosítsd	vrb,noun
legyőzöm	vrb
vakcina	noun
kiadták	vrb
butaságokat	adj
rabszolgája	noun
versengés	vrb
statisztikailag	noun
elintézték	vrb
belenézek	vrb
feltartom	vrb
centért	noun
újévi	noun
értenék	vrb
belsejébe	noun
bőrébe	noun
szemeivel	noun
határhoz	noun
nyugalmát	noun
egységeket	noun
elszabadulni	vrb
olvasnak	vrb
keljetek	vrb
írtuk	vrb
fiatalembernek	noun
kicsiket	adj
kvantum	noun
mosakodj	vrb
elutazni	vrb,noun
eszetek	noun
elsőosztályú	adj
küzdöttél	vrb
szimbólumok	noun
megbocsátunk	vrb
kihívom	vrb
kivégzést	vrb,noun
atyaúristen	noun
látásom	vrb
megfordulok	vrb
családunknak	noun
kicsiben	adj
megkedveltem	vrb
izgul	vrb
piszkáld	vrb
pókerezni	vrb,noun
követne	vrb
kapus	noun
szabadulok	vrb
philadelphiai	noun_prs
jólét	noun
űrhajósok	noun
kiállításra	noun,vrb
megvették	vrb
hullaház	noun
teheneket	noun
elmúlni	vrb
szervei	noun
operátor	noun
feneket	noun
kerülnöm	vrb
erődbe	noun
gondolkozzunk	vrb
találhatók	adj,vrb
kezelted	vrb
erőltettem	vrb
fizetnének	vrb
ebédhez	noun
benéztél	vrb
randizz	vrb,noun
beperelem	vrb
átkutatjuk	vrb
ízlésem	vrb
eltakarja	vrb
háztömb	noun
ajánlanám	vrb
megfogadom	vrb
matracot	noun
megbocsájt	vrb
támadsz	vrb
utódja	noun
túlmutat	vrb
pénzéért	noun
szemüvege	noun
vigyázzunk	vrb
hozzáértő	vrb
békák	noun
megszabadultál	vrb
információim	noun
okozva	vrb
visszatérése	noun,vrb
tubust	noun
menekülésre	vrb
foghatom	vrb
zárj	vrb
vérfarkasok	noun
megfelelt	vrb
végezzenek	vrb,noun
segítenetek	vrb
elővigyázatosságból	adj,noun
kormányban	noun
megoldhatjuk	vrb
reszketsz	vrb
dokinak	noun
visszamennek	vrb
megetetem	vrb
problémának	noun
lakatot	noun
megismert	vrb
kockáztatjuk	vrb,noun
engedelmeskedj	vrb
gesztust	noun
lebukni	vrb
prostit	noun
hasonlóságot	adj
észrevenné	vrb
rázzuk	vrb
testvérednek	noun
felmászott	vrb
gyilkosságiak	adj,noun
túrázni	vrb,noun
látogatóban	noun,vrb
patton	noun
termést	vrb,noun
írnék	vrb,noun
ízlés	vrb
átalakult	vrb
kémkedett	vrb
transzvesztita	noun
gyógyszered	noun
filmmel	noun
százalékban	noun
vezetékeket	noun
fáradtan	vrb,adj
grill	noun
hossza	noun
tüzed	noun
hűhó	noun
futtasd	vrb
egyesíteni	vrb
körözés	noun
kinyit	vrb
rendelsz	vrb
melegség	adj
egységgel	noun
tálibok	noun
hallgassunk	vrb
dalunk	noun
kitalálták	vrb
rákok	noun
kijussunk	vrb
etikátlan	adj,noun
kidobtad	vrb
megvédik	vrb
megalázni	vrb
pillanatokon	noun
kicserélem	vrb
figurák	noun
gyakorlaton	noun
kezelését	vrb
hatra	adj_num
adhatnánk	vrb
százalékig	noun
tájékoztass	vrb,noun
ragadva	vrb
beszélniük	vrb
csicsás	noun
karjában	noun
szemeimet	noun
közösülés	vrb
zongorán	noun
anyahajó	noun
tojásos	noun,vrb
irányíthatatlan	vrb
rendszerből	noun
tekintesz	vrb
alkalomból	noun
eltüntette	vrb
befejezést	noun,vrb
felvidít	vrb
koncentráltam	vrb
rehab	noun
diagnosztizálták	vrb
sörért	noun
folytatnánk	vrb
fogyaszt	vrb
akciós	noun
tisztelegj	vrb
arcuk	noun
hasznosabb	adj,noun
büntetésed	noun,vrb
járják	vrb
elköltöztem	vrb
következni	vrb
bujkált	vrb
cukik	adj
szolgálna	vrb
költöznek	vrb
küzdöttünk	vrb
bunkerben	noun
megpróbálná	vrb
okozzák	vrb
nénikéje	noun
megkockáztatom	vrb,noun
dögösebb	noun
ébressz	vrb
rajtakapta	vrb
megmondtuk	vrb
megmérgezni	vrb,noun
rosszcsont	noun
részesül	vrb,adj,noun
kávéját	noun
sikíts	vrb
tizenéves	noun
helyreállítani	vrb
eszén	noun
szórakozásra	vrb
hajlékony	adj
csöpög	vrb
hívásait	vrb
beüt	vrb
testnek	noun
holdfényben	noun
szeretkezünk	vrb
varjak	noun
dia	noun
toxikológia	noun
hibái	noun
beat	noun
szánalmasak	adj,noun
megérné	vrb
gonosztevő	noun,adj
napfényben	noun
észrevétlen	adj
aratott	vrb
összejönnek	vrb
alkalmazottam	noun,vrb
megláttuk	vrb
feketepiacon	noun
megdolgoztam	vrb,noun
fecskendőt	noun,vrb
pappal	noun
vezetékes	noun
berekesztem	vrb
sátánt	noun
csinálhatta	vrb
hasonlóval	adj,vrb
udvariasság	adj
elrejtse	vrb
jóformán	noun
ügyével	noun
támogattam	vrb
éhínség	noun
lezárja	vrb
bizonyítékát	noun
kulcsomat	noun
lógó	vrb
legtökéletesebb	adj
tanácsadásra	noun
lecsukják	vrb
elnyerni	vrb
akkumulátor	noun
lejöttem	vrb
tanácsadóm	noun
ünneplik	vrb
dalia	noun
irányítson	vrb
töröljük	vrb
éljenzés	vrb,noun
igazolta	vrb
szaladni	vrb
díjakat	noun
esetedben	noun
fickóknak	noun
japánból	noun,adj
élték	vrb
áfonya	noun
bukta	noun,vrb
átesett	vrb
elborult	vrb
12-én	adj_num
hangzása	vrb
gyerekkorodban	noun
játékosokat	noun,adj
lőpor	noun
terven	noun
megígérték	vrb
gyári	adj,noun
szülinapomon	noun
képregényt	noun
kiálts	vrb
színészt	noun
bánásmód	noun
csatornák	noun
félve	vrb
siket	adj
gitározni	vrb,noun
modor	noun
leszek-e	vrb,adv
eredt	vrb
ülnél	vrb
emlékezne	vrb,noun
tárgytól	noun
farkasember	noun
gyömbér	noun
férfihez	noun
ellátmány	noun
gyorsabbak	adj
három-négy	UNK
vidámság	adj
fizetlek	vrb
kihúzott	adj,vrb
idealista	adj
kiscserkész	noun
teherhajó	noun
feltöltve	vrb
büszkeséggel	adj
elfolyt	vrb
kihívásokat	noun,vrb
gyermekkel	noun
farkadat	noun
megegyezett	vrb
nagyapó	noun
mozit	noun
ágyúk	noun
születésnap	noun
odaértek	vrb
örültek	vrb
kosárba	noun
langyos	adj
megismerte	vrb
szemére	noun
megdöbbent	adj,vrb
beáll	vrb
csapdákat	noun
besétáltam	vrb
csapatai	noun
megpróbáltalak	vrb
nevessen	vrb
gallon	noun,adj
ideértek	vrb
értékesek	adj,noun
hétköznap	noun
gazdaságot	noun
kirúgsz	vrb
megvilágosodás	vrb,noun
vadászatra	noun
munkától	noun
mindenségit	noun
rákérdeztem	vrb
végzetünk	noun
galaxist	noun
írása	noun,vrb
kikapcsolt	vrb
akadj	vrb
nyelni	vrb
elégette	vrb
rosszakat	adj
órájuk	noun
bizton	adv
hímek	noun
érezhet	vrb
melyre	adj_wh
részből	noun
ennyim	adj_num_wh
érjünk	vrb
költözzek	vrb
örülhet	vrb
esszét	noun
trükkök	noun
főnöködnek	noun
átjutott	adj,vrb
nyilatkozik	vrb
kézműves	noun
siralmas	adj,noun
zenés	adj,noun
körülöttük	noun_pron
monda	noun
megtelik	vrb
kíméld	vrb
bandából	noun
megnyitja	vrb
visszahív	vrb
látogatói	noun,vrb
kurvás	noun
diagnosztizáltak	vrb
szédülés	vrb
acélból	noun
nyomozója	vrb,noun
fele-fele	twin
ereszt	vrb,noun
kerítsd	vrb
bemehetnénk	vrb
tüdőt	noun
megvesztegetni	vrb
elnyeri	vrb
állítottál	vrb
vagyonom	noun
ropi	noun
átvitt	adj,vrb
ötre	adj_num
megérdemeljük	vrb
harmincas	noun,adj
felkészülök	vrb
vendéglátást	noun,vrb
kivonat	noun,vrb
fölötti	adj
fala	noun
amerikainak	adj,noun_prs
játszótér	noun
oroszokat	noun,adj
sétálhatsz	vrb
nyara	noun
leselkedik	vrb
kisbabák	noun
fontolja	vrb
kezemre	noun
halálán	noun
lépcsőházban	noun
játszottad	vrb
agyalok	vrb
feladták	vrb
szervezünk	vrb,noun
fűrész	noun
teremből	noun
eligazítást	noun,vrb
világméretű	noun
iskolán	noun
védj	vrb
magukból	noun_ref_PL_3
zaklatottnak	vrb
vezérelt	vrb
kötéllel	noun
ücsörögni	vrb
megnősülök	vrb
kiképzésen	vrb,noun
elméjében	noun
zeneszerző	noun
ellopjuk	vrb
aláírását	noun,vrb
dalod	noun
álarcos	noun
tekerni	vrb
balfácán	noun
cserélnem	vrb
szerezzetek	vrb,noun
elvan	verb
renden	noun
fölfelé	adv
kanyarban	noun
csatlakozzak	vrb
biztosítottam	noun,vrb
feleségemtől	noun
árus	noun
tartása	vrb
végítélet	noun
bontsd	vrb
behatolók	vrb
nyomozáshoz	vrb,noun
pótolhatatlan	adj,vrb
szolgálaton	noun
kecses	adj,noun
testvérnek	noun
eljátszottam	vrb
seggű	noun
csónakba	noun
szívüket	noun
egálban	adj
haláláig	noun
szolgái	noun
feltartott	adj,vrb
városába	noun
kitette	vrb
bowlingozni	noun
hódító	vrb
kegyelemért	noun
fogalmazzunk	vrb,noun
lelküket	noun
áldoztam	vrb
gyakorlom	vrb
születésnapomon	noun
felnézek	vrb
realista	adj
elrabolják	vrb
tárgyaló	vrb
bulim	noun
érintkezés	vrb
robbanószert	noun
modora	noun
prérifarkas	noun
munkahelyeden	noun
elfáradtál	vrb
súgta	vrb
tükrök	noun
hangszer	noun
alapított	vrb
etted	vrb
viszontlátni	vrb
pillanatai	noun
leráztuk	vrb
előállni	vrb
olvasmány	noun
megmentettek	vrb
készítenünk	vrb
nevelő	noun,vrb
apukádat	noun
tűrhető	vrb
kliensem	noun
kollégium	noun
pozíciója	noun
ugyanerre	adv
túli	adj
figyelemelterelés	noun,vrb
játszottatok	vrb
kihallgató	vrb
nagylelkűen	adj
ügyeljen	vrb
kiveszek	vrb
dörgés	vrb,noun
eladásra	noun,vrb
dokumentumfilm	noun
bevezető	noun,vrb
ismerősök	noun,vrb
százai	adj_num
agyára	noun
utcába	noun
lábnyom	noun
segéljen	vrb
megtanultuk	vrb
felkészülünk	vrb
kapcsolatról	noun
fizetted	vrb
megnézd	vrb
öltözőbe	noun,vrb
befáradt	vrb
díszlet	noun
percnyi	noun
kinevezett	adj,vrb,noun
bújtam	vrb
betölteni	vrb
születésnapomra	noun
kaliber	noun
mókusok	noun
családtól	noun
ujjaidat	noun
úriembert	noun
innivalót	noun
levelei	noun
otthonunkban	noun
adniuk	vrb
tekintett	vrb
süllyedni	vrb
szívva	vrb
kocsimból	noun
mozgok	vrb
építettük	vrb
átgondolja	vrb
előkészületek	noun
életemért	noun
üzenetedet	noun
amnézia	noun
holttestemen	noun
aknák	noun
fogadáson	vrb
óvoda	noun
szállva	vrb
vacsorázott	vrb,noun
legendát	noun
biztosítják	vrb
megtaláltunk	vrb
alkottak	vrb
tulajdonosának	noun
összetörték	vrb
bikini	noun
frankot	noun
helyünket	noun
szerkezete	noun
házasságnak	noun,adj
méternél	noun
hagyjak	vrb
melóra	noun
rátaláltunk	vrb
bizalommal	noun
leleményes	adj,noun
áprilisban	noun
fognod	vrb
közhely	noun
gyűjtsd	vrb
otromba	adj
négyre	adj_num
előttről	post
eltűnésének	noun,vrb
szabadidőm	noun
szembeszállt	vrb
vetnem	vrb
kétségei	noun
nőtlen	adj,noun
fejlődtek	vrb
különösnek	adj
fotója	noun
vesztették	adj,vrb
rendű	adj,noun
bejegyezve	vrb,noun
11-re	adj_num
tollad	noun
rendezvényen	noun
bocsátott	vrb
ellenőrzésre	vrb,noun
pálcát	noun
uborkát	noun
bírjátok	vrb
5-re	adj_num
alkudozni	vrb
öltünk	vrb
bánta	vrb
nélkülözni	vrb
lapon	noun
egyikre	noun_pron
megvettük	vrb
nevettél	vrb
okolja	vrb
térjek	vrb
levegőhöz	noun
lakókocsit	noun
pék	noun
o-ó	UNK
lesújt	vrb
üvegek	noun
megkéred	vrb
amilyenre	adj_wh
dinamikus	adj
rántotta	noun,vrb
emléked	noun
anime	noun
tettét	noun,vrb,adj
kijelentés	noun,vrb
érteném	vrb
iskolájában	noun
keveri	vrb
sápadtnak	vrb,adj
hátránya	noun
megölnie	vrb
kezünkből	noun
kapcsoltam	vrb
gömböt	noun
mocskosul	adj,noun
intézzétek	vrb
kávéd	noun
begyűjteni	vrb
fibrillál	vrb
kezeden	noun
megtanítja	vrb
töketlen	adj
elterelő	vrb
szánom	noun,vrb
megállítottam	vrb
leadtam	vrb
jelentkezel	vrb
származunk	vrb
fenomenális	adj
melege	noun,adj
kikísérlek	vrb
vettetek	vrb
szívemnek	noun
letöltöttem	vrb
hátamat	noun
pánikolj	vrb
illünk	vrb
elterelem	vrb
megtölteni	vrb
hajózási	vrb,noun
igazolják	vrb
levágjuk	vrb
úrra	noun
szemétdomb	noun
meggyőződése	noun,vrb
fel-le	UNK
részeiből	noun
prostik	noun
férjétől	noun
műsorra	noun
eredete	noun
lebegett	vrb
felkelő	vrb
tábornokok	noun
töki	noun_prs,noun
bizonyítékokkal	noun
megvizsgálják	vrb
tanulod	vrb
gyűlnek	vrb
állattal	noun
követnie	vrb
ígéreteket	noun
ómen	noun
komcsi	noun
növeljük	vrb
utánozza	vrb
dollárban	noun
szexhez	noun
megadhatom	vrb
fájdalmasan	adj,noun
tervetek	noun
menthet	vrb
meséje	noun
tanácsadói	adj,noun
holmikat	noun
weboldal	noun
feléjük	noun_pron
fax	noun
bobbal	noun
gyógyírt	noun
erőszakról	noun
vitatható	vrb
következőre	adj,vrb
kidobó	vrb
okoztunk	vrb
támadót	noun,vrb
gyakorlott	adj
átállt	vrb
gondozó	vrb,noun
internetről	noun
évados	noun
robotokat	noun
raknom	vrb
követség	noun
közlemény	noun
imádnám	vrb
abbahagytad	vrb
legszentebb	adj
nyakadba	noun
éneklő	vrb,noun,adj
időpontom	noun
ejtse	vrb
húszezer	adj_num
lárma	noun
gyógyszere	noun
sikátor	noun
vámpírrá	noun
zártad	vrb
láthatták	vrb
őrizzük	vrb
irodán	noun
gyermekének	noun
ráadás	noun,vrb
felvételei	noun
olcsóbban	adj
teoretikusok	noun,adj
károk	noun
előadását	noun,vrb
evezz	vrb
megkeressem	vrb
morog	vrb
vizek	noun
történetemet	noun
versenybe	noun
változtatnom	vrb
zónát	noun
válságos	adj,noun
álruhában	noun
elvek	noun
szekrényből	noun
rendezd	vrb,noun
megkínzott	adj,vrb
személyzetnek	noun
alapjait	noun
felfedezést	noun,vrb
átlagember	noun
fütyülök	vrb
fenyegetéseket	vrb
szolgálatodra	noun
szervezetben	noun
beesett	adj,vrb
félelme	noun
karátos	noun
sarkára	noun
irgalmazzon	vrb,noun
olimpián	noun
népemet	noun
elfog	vrb
tanulhatsz	vrb
keresési	vrb
befektetni	vrb
betűvel	noun
juthatsz	vrb
menyét	noun
elővigyázatos	adj,noun
favágó	noun
sajátod	adj
gyümölcslé	noun
drill	noun
éjszakákon	noun,adv
követelni	vrb
szobatárs	noun
áldozatokkal	noun
hullámvasút	noun
porba	noun
kolostorba	noun
feláldozza	vrb
buták	adj
kávézót	vrb,noun
kellenék	vrb
kaphatott	vrb
ránézett	vrb
sértegetni	vrb
sánta	adj
3-ra	adj_num
hasba	noun
megfoghatom	vrb
tömbnyire	noun
magassága	adj
kisebbik	adj
látogasd	vrb
hátterében	noun
vakáción	noun
nyúltál	vrb
ünnepli	vrb
ijeszt	vrb
tyűha	sentint
szerelemtől	noun
programozva	vrb,noun
kötik	vrb
sógora	noun
szívrohamban	noun
bélyeg	noun
zavartnak	adj,vrb
egyensúlyban	noun
árverésen	noun
művelni	vrb
ágyúkat	noun
ültettek	vrb
apucinak	noun
bejutottunk	vrb
tekintünk	vrb
odafigyel	vrb
próbája	noun
intenzívre	adj
megérintettem	vrb
kapitalista	adj
ellopom	vrb
élhetnénk	vrb
eminenciás	adj,noun
szívének	noun
harapnak	vrb
rendeljen	vrb
patti	noun
rángattál	vrb
vérnyomok	noun
megérint	vrb
mertek	vrb
rontja	vrb
szimbolikus	adj
játszadozz	vrb
mindenkié	noun
tekintetet	noun
teljesítménye	noun
fedeztek	vrb
elhitted	vrb
szörnynek	noun
alagúton	noun
blöff	noun
lógtál	vrb
érzék	noun
tartozását	vrb
szelep	noun
megmagyarázzam	vrb
félelmem	noun
asztalodon	noun
véredben	noun
asztalomnál	noun
félbeszakítani	vrb
gyanújával	noun
elköltözni	vrb
vizsgálom	vrb
komám	noun
szexelsz	vrb
vacakot	adj
kamrába	noun
horgász	noun
talizmán	noun
visszavonni	vrb
ideadná	vrb
előadásom	noun,vrb
gyakorlatban	noun
kaphatom	vrb
pasijával	noun
gépemet	noun
beragadtam	vrb
szétrobban	vrb
bókot	noun
gondolnák	vrb
torkomon	noun
befogadni	vrb
kitartóan	adj,vrb
bevallott	adj,vrb
mosolygó	vrb,adj
felelnek	vrb
vállalkozásba	noun,vrb
lakásához	noun,vrb
városának	noun
ingerlékeny	adj
eljutsz	vrb
szokásait	noun,vrb
tóparti	noun
egyétek	vrb
emlékezzek	vrb,noun
megváltoztatják	vrb
megölheti	vrb
bunyós	noun
egyenlőség	noun,adj
bajtárs	noun
szalonba	noun
felmászni	vrb
feledkeztem	vrb
csöpp	noun
fejből	noun
záróra	noun,vrb
torkodon	noun
percében	noun
interferencia	noun
kitudódik	vrb
elfeledett	vrb
majonéz	noun
felkapta	vrb
felzaklatta	vrb
pilótának	noun
imádná	vrb
szavazzon	vrb,noun
kővé	noun
megértsék	vrb
önmagukat	noun_ref_PL_3
hangra	noun
izgalomba	noun
egyenletesen	adj,noun
kelvin	noun
saroknyira	noun
indítok	vrb
hónapnyi	noun
mátrix	noun
kijáratnál	vrb,noun
kiütve	vrb
szarháziak	adj
börtönőr	noun
némán	adj,An_MODE_adv
fogjatok	vrb
varázslók	vrb,adj
használat	noun
tilosban	adj
szégyellje	vrb
protein	noun
desszertnek	noun
elzárt	vrb
lepett	vrb
levegővel	noun
flörtölsz	vrb
kedvét	noun
tízből	adj_num
gubanc	noun
távozzatok	vrb,noun
gyógyszerész	noun
feszítsd	vrb
cselekmény	noun
ízelítőt	noun
tömb	noun
hozzáfűzni	vrb,noun
továbblépett	vrb
nőé	noun
kiütöttem	vrb
árulást	vrb
marja	noun,vrb
imádsz	vrb
jelmezes	noun
csodállak	vrb
regisztrálva	vrb
megtervezni	vrb,noun
emberbe	noun
imádtad	vrb
effajta	adj_wh
utánzat	noun
téríteni	vrb
hinniük	vrb
barátainknak	noun
poszttraumás	noun
csodálkoznék	vrb
táskával	noun
kaviár	noun
személyit	adj,noun
hellyé	noun
adandó	vrb
lemosni	vrb
feltaláló	vrb
gyengélkedő	vrb
törődnöm	vrb
értettétek	vrb
mosnom	vrb
szenvedj	vrb
reális	adj
értelmesen	adj,noun
körzetből	noun
felkelők	vrb
kulcsaimat	noun
legalacsonyabb	adj
befolyásolják	vrb
hites	adj,noun
trükkel	noun
bosszús	adj,noun
professzora	noun
befogadott	vrb
hazudozást	noun,vrb
erősebbnek	adj,noun
sztriptíztáncos	noun
szerződések	noun,vrb
összegyűjtött	adj,vrb
ajánlattal	noun
szánalom	noun
ültette	vrb
találhatjuk	vrb
megszállni	vrb
műsorunk	noun
meghibbantál	vrb
asztaltól	noun
megegyezhetünk	vrb
alkottam	vrb
lélegzem	vrb
vagyunk-e	vrb,adv
könyvedet	noun
elfoglalják	vrb
felrobbantjuk	vrb
megsemmisítő	adj,vrb,noun_pron,noun
kihasználod	vrb
bejöhetsz	vrb
vezetted	vrb
hazavittem	vrb
mérhető	vrb
tengerhez	noun
postára	noun
sírjában	noun
veszítettél	vrb
reggeliztem	vrb,noun
sebei	noun
elmosódott	adj,vrb
vállára	noun
eljár	vrb
békefenntartó	noun,vrb
enyéim	noun_pron
ihlet	noun,vrb
szakítanunk	vrb
nősülni	vrb
ugrok	vrb
változz	vrb
kövérnek	adj
üzleted	noun
megnyered	vrb
apjáé	noun
csomóan	adj_num
esszük	vrb
kormányra	noun
kifejlesztett	vrb
ráébresztett	vrb
kimaradok	vrb
dobjunk	vrb
visszanyerte	vrb
ellátja	vrb
haldokolnak	vrb
walesi	adj,noun_prs
főút	noun
fiamért	noun
isztok	vrb
lélegzet	noun
sántikálsz	vrb
dögök	noun
szurkoló	vrb
összehoztam	vrb
repüljön	vrb
tengernyi	noun
műszer	noun
tucatot	noun
diszpécser	noun
kimerültnek	adj,vrb
együttműködünk	vrb
rendellenes	adj
kérdeznie	vrb
erőtér	noun
tollak	noun,vrb
műsorod	noun
elvesztettelek	vrb
kommandó	noun
bányászok	noun,vrb
szörnyetegnek	noun
kísérjen	vrb
robbantott	vrb
kötelezettség	noun,adj,vrb
pióca	noun
defektet	noun
legbefolyásosabb	adj,noun
folytatódott	vrb
számoljon	vrb
hippik	noun
kiskutyát	noun
kalória	noun
néznénk	vrb
érhetsz	vrb
érzésed	vrb,noun
éljetek	vrb
dimenzióba	noun
városunkban	noun
uncia	noun
végzősök	noun,vrb
érinthetetlen	adj,vrb
számunk	noun
leadta	vrb
halálodat	noun
egekben	noun
kérjelek	vrb
vérünk	noun
kölcsönbe	noun
ragyogott	vrb
fiamtól	noun
fodrászhoz	noun
esélyeink	noun
könyörögsz	vrb
vaddisznó	noun
vonuljon	vrb
édesanyjának	noun
hídhoz	noun
programmal	noun
kéziratot	noun
tartsad	vrb
térségben	noun
jelzek	vrb
gyávának	adj
zöldségek	noun,adj
megöltétek	vrb
igazságtalanul	adj,noun
halas	noun
kavarodás	noun,vrb
csúszva	vrb
telefonnál	vrb,noun
megtöri	vrb
misét	noun
sasok	noun
évszázada	noun
stílusosan	adj,noun
higgadtan	vrb,adj
szerepében	noun
ásványvizet	noun
elbeszélgettünk	vrb
kocsiddal	noun
jegyezni	vrb,noun
végállomás	noun
bűnöket	noun
odafigyelek	vrb
leállunk	vrb
félelmed	noun
vadászol	vrb
valamennyien	adj_num_wh
csodával	noun
őrizzék	vrb
igazságügy	noun,adj
harcoló	vrb
mechanizmus	noun
menekülnünk	vrb
ajtónak	noun
kiskorában	noun
vígan	adj
újságba	noun,adj
kaszinóba	noun
személyleírást	noun
gyengeséget	adj
túlélje	vrb
tehetitek	vrb
állítsanak	vrb
megsebesültél	vrb
késztette	vrb
tanácson	noun
gyereketek	noun
kitalálnunk	vrb
őszinteséget	adj
jókedvű	adj,noun
felzaklatott	vrb
siettetni	vrb
mártás	noun_prs,vrb
kezű	noun
csőre	noun
perckor	noun
próbáljak	vrb
elkészítettem	vrb,adj
együttvéve	adv
megvárakoztattam	vrb
megkérdezned	vrb
verne	vrb
dzsungelbe	noun
jelölte	vrb
jólesett	vrb
osztjuk	vrb
szállnod	vrb
paradicsomba	noun
szerencséjére	noun
vacsorázol	vrb,noun
kényszerítettem	vrb
varázslót	vrb,adj
egyiptomiak	noun_prs
eljövünk	vrb
rolót	noun
szarságokat	adj
ellenségeid	noun
megijed	vrb
háborúhoz	noun
házasodtak	vrb,noun
műtéten	noun
mászkálnak	vrb
kitervelte	vrb
cseréltünk	vrb
bibliából	noun
receptjét	noun
estével	noun,adv
sírból	noun
tagjaként	noun
egészségesebb	adj,noun
másolatokat	noun
lakásomon	noun,vrb
ügynökségnek	noun
10-ig	adj_num
akárkinek	noun_pron
behozza	vrb
eltemettem	vrb
ostobaságokat	adj
tagnak	noun
olyanokra	adj_wh
szarházit	adj
akarhatja	vrb
meggondolná	vrb
taccsot	noun
főszerepet	noun
nadrágban	noun
egységhez	noun
nyomva	vrb
belépünk	vrb
szívességből	adj,noun
humán	adj
alkalmazta	vrb,noun
civilizációk	noun
nyomtatott	vrb
elnyeli	vrb
megfelelőnek	adj,vrb
igény	noun
elromlik	vrb
bűbájt	noun
ötletekkel	noun
degenerált	noun,vrb
felkért	vrb
keresnivalója	noun
okozhatnak	vrb
becsapta	vrb
nevezhető	vrb,noun
ellenfelek	noun
öltönyöm	noun
kamerás	noun
szalagavató	noun,vrb
károsodott	vrb,noun
ütéssel	vrb
építkezési	noun,vrb
alakította	vrb
házasodik	vrb,noun
jegyzetek	noun
torka	noun
hajtottak	adj,vrb
értesült	vrb
számító	noun,vrb
eltorzult	adj,vrb
pólókat	noun
klánt	noun
nomád	adj
kinyitottad	vrb
ördögben	noun
szerszámok	noun
ügyfelekkel	noun
összeszedte	vrb
valónk	noun,adj
ütemet	noun
megszerzése	vrb,noun
platina	noun
veréb	noun
átváltozik	vrb
országért	noun
könnyet	noun
pilótája	noun
bobbyt	noun
bogyó	noun
gondolnál	vrb
csavarhúzó	noun
értesítsd	vrb
énekeljük	vrb
becenevem	noun
információink	noun
viharok	noun
múlton	noun,adj,vrb
csalnak	vrb
dőlni	vrb
beindítja	vrb
rohadjon	vrb
szerzői	vrb,adj
országát	noun
betegeim	noun,adj
bűnei	noun
kiütni	vrb
távozása	vrb,noun
eljönnöd	vrb
kezdenél	vrb
küzdenem	vrb
létrehoztam	vrb
intézkedés	vrb
bejutunk	vrb
urakat	noun
töltened	vrb
erősítse	vrb,noun
távolból	adv,noun
elfelejtek	vrb
gyógyulj	vrb
döntve	vrb
gyakorlatom	noun
vezethetsz	vrb
várhatnak	vrb
elnyomás	noun,vrb
tévedünk	vrb
bárka	noun
tárolják	vrb
tofu	noun
babérokat	noun
jutalékot	noun
bántó	noun,vrb
jótékonyság	adj
megtanulom	vrb
takaríts	vrb
törvényét	noun
szabadsága	noun,adj
gondolhat	vrb
ellazulni	vrb
ülnünk	vrb
életformák	noun
bróker	noun
vonalakat	noun
érdeklődsz	vrb
mindemellett	adv
főnökömet	noun
huss	sentint
visszakaphatom	vrb
befejeztétek	vrb,noun
nyitás	vrb
kabala	noun
gondolkodnunk	vrb
nyújtotta	vrb
értékben	noun,vrb
operációs	noun
hónapokon	noun
vétkes	adj,noun
kereshetünk	vrb
folytathatja	vrb
rendeztek	vrb,noun
hód	noun
leadott	adj,vrb
minisztériumban	noun
felszolgáló	vrb
belegondoltál	vrb
huzat	noun
kinyírtam	vrb
kirakni	vrb
távolban	adv,noun
edzőm	vrb,adj
felgyújtani	vrb
gyerekkorunk	noun
alkalomhoz	noun
visszamehetek	vrb
felzaklatni	vrb
konyhára	noun
urának	noun
ábrahám	noun
videók	noun
indiaiak	adj,noun_prs
tehetős	adj
viccelni	vrb
találkozód	noun,vrb
emelj	vrb
paranccsal	noun
eljutnak	vrb
zsinórt	noun
ismerkedj	vrb
maradhasson	vrb
kedvelted	adj,vrb
szednek	vrb
múzeumot	noun
színjátékot	noun
fájdalmaim	noun
birodalomban	noun
energikus	adj
sofőrrel	noun
miképpen	adv,noun_pron,noun
előétel	noun
kétely	noun
hírneved	noun
szétrúgja	vrb
kiderítse	vrb
örülnöd	vrb
megemlítem	vrb
raksz	vrb
partinak	noun,adj
ujján	noun
országút	noun
kommunikál	vrb
utasítani	vrb,noun
gyakornokok	noun
angyalokat	noun
korlátok	noun
párbeszéd	noun
rúgjuk	vrb
nyertese	noun,adj
nézegetni	vrb
irodánál	noun
szemüvegét	noun
üssétek	vrb
ajánlást	vrb
éljem	vrb
egyenlet	noun
ígérete	noun
találkozzatok	vrb
parancsnoksága	noun
eltűrni	vrb
villogó	vrb
dumál	vrb
vetve	vrb
kóros	adj,noun
közelebbi	adj
apukádnak	noun
csomagom	noun
átküldtem	vrb
sebességre	adj,noun
távozásra	vrb,noun
temporális	adj
világítótorony	noun
szakítson	vrb
kollégiumban	noun
erőforrás	noun,vrb
kölyke	noun
stádiumban	noun
hatásosabb	adj,noun,vrb
lovamat	noun
elviheti	vrb
középiskolát	noun
kényszerítesz	vrb
felirattal	noun
szívéhez	noun
jóbarát	noun
lányka	noun
szájú	adj,noun
megnézek	vrb
buzeráns	noun
micsodák	noun
magzati	noun
írjunk	vrb
elterjed	vrb
dolgozói	noun,vrb
hátterét	noun
törések	vrb
hozzászokik	vrb
életű	noun
változatos	adj,noun
mellékhatás	noun,vrb
arat	vrb
távolságban	noun
hidegre	adj
fenyő	noun
harmadjára	adv,adj_num
hátizsák	noun
étkezőben	noun,vrb
ünnepelnek	vrb
kvadránsban	noun,adj
elküld	vrb
padlásra	noun
járható	vrb
fáklya	noun
feltartottak	adj,vrb
szeretned	vrb
duplát	adj
célpontokat	noun
regionális	adj
megáldott	adj,vrb
vázlatot	noun
időtöltés	noun
ígéretek	noun
hajós	noun
személyeket	noun
felelnie	vrb
meggondolatlanul	adj,vrb
lényekkel	noun
kedveset	adj,noun
érdem	noun
szaladgál	vrb
baromarcú	noun
ananász	noun
ellenezte	vrb,noun
látogatót	noun,vrb
megragadott	vrb
halászok	noun,vrb
partról	noun
felemészti	vrb
erkölcsileg	noun
alaknak	noun
módosítani	vrb,noun
lefagyott	vrb
unokaöcséd	noun
burkolat	noun
tarthatunk	vrb
kivágott	adj,vrb
lebuktunk	vrb
módi	noun
alperes	noun
színlelni	vrb
percről	noun
szétválasztani	vrb
hőssé	noun
tengeralattjárót	noun
lassúak	adj
megtudnák	vrb
kézikönyv	noun
instant	adj
ugrat	vrb
szomszédod	noun
elmondhatjuk	vrb
említik	vrb
ereiben	noun
érzését	vrb,noun
aludhatok	vrb
bejusson	vrb
szardarab	noun
beszélgetéseket	noun,vrb
leánya	noun
rendőrségről	noun
megbeszélése	noun,vrb
urát	noun
felügyeletem	noun
helyembe	noun
magja	noun
következőnek	adj,vrb
hálózati	noun
reklámok	noun
sorsára	noun
kitaláljam	vrb
közeledő	vrb
magyarázkodnod	vrb
verted	vrb
válnod	vrb
falára	noun
kardok	noun
épeszű	noun
bemutatón	noun,vrb
jegyei	noun
motorom	noun
tetovált	vrb
betegséggel	noun,adj
kilátással	vrb,noun
felemészt	vrb
sebét	noun
naphoz	noun
betűkkel	noun
teliholdkor	noun
következőket	adj,vrb
köszönés	vrb
viselő	vrb
hittel	noun,vrb,adj
olvasták	vrb
tippeket	noun
orvosod	noun
haraggal	noun
árammal	noun
egyebek	noun
ősidők	noun
szaporodnak	vrb
szimbolizálja	vrb
tizenkilenc	adj_num
mesélnem	vrb
furább	adj
hasmenés	noun
visszajutni	vrb
fuldoklik	vrb
fontért	noun,adj,vrb
őrülve	vrb
aréna	noun
fejsze	noun
hőmérsékletet	noun
családjukat	noun
megpróbálnád	vrb
hivatala	noun
közepében	noun
pácienst	noun
vészjelzést	noun,vrb
aktivitást	noun
eldöntötték	vrb
piknikezni	noun
elfojtott	adj,vrb
diáknak	noun
terméke	noun
ny	noun
harcolhatunk	vrb
nyitnom	vrb
áldozatainak	noun
családért	noun
gyerektől	noun
szedtek	vrb
gyártják	vrb
idősebbnek	adj,noun
sziréna	noun
kialakul	vrb
beszélnetek	vrb
bajuszt	noun
faragtak	vrb
alábecsültem	vrb
kihívta	vrb
sebesülteket	adj,vrb
dettó	adv
zacskóban	noun
indítom	vrb
négyest	noun,adj
lapátra	noun
anyámnál	noun
épületnek	noun
lenyűgözőek	noun,vrb
akiből	noun_pron
harcosnak	noun,adj
elintézzem	vrb
dolgaink	noun
telefonjáról	noun
tűzhöz	noun
ingatlanos	noun
vásárolnak	vrb
kristályok	noun
lepne	vrb
koffeinmentes	noun
koncentrálunk	vrb
eheti	vrb
banktól	noun
tudóst	noun,vrb
megfélemlíteni	vrb
lelassítja	vrb
elválaszthatatlanok	adj,vrb
mostohaapám	noun
takarítást	vrb
lábunk	noun
kipakolni	vrb
perverzek	adj
elismered	vrb
viselkedésem	vrb
átalakul	vrb
bejönnél	vrb
felhőket	noun
szmoking	noun
lencse	noun
fősuli	noun
dumával	noun
vérbeli	noun
szarsággal	adj
lefeküdtek	vrb
holmidat	noun
ragyogsz	vrb
változtassunk	vrb
értekezleten	noun
rendőrtisztet	noun
mellkasába	noun
hatalmon	noun
újjászületés	noun,vrb
gimiből	noun
rajzfilm	noun
sörözni	vrb,noun
alját	noun
gonddal	noun
alázatosan	adj,noun
függönyöket	noun
indulnia	vrb
gyalogolni	vrb
építészeti	noun
iratait	noun
énjét	noun_pron,noun
haladást	vrb
önimádó	adj
mezők	noun
személyzettel	noun
megmondanám	vrb
magasban	adj
kiszivárgott	vrb
felnyitotta	vrb
rabolnak	vrb
rakunk	vrb
kiválasztottam	vrb
könyvnek	noun
kikapcsolódás	noun,vrb
ezermester	noun
hétvégenként	adv
képviselők	noun,vrb
levegőnek	noun
kerekeket	adj,noun
könyörögve	vrb
átutalás	noun,vrb
bora	noun
festi	vrb
laborja	noun
szenvedését	vrb
kimet	noun_pron
szarkupac	noun
kelned	vrb
bevittem	vrb
rejtőzött	vrb
elindította	vrb
héber	noun,adj
kártyád	noun
obszcén	adj
ismertünk	adj,vrb
aludjatok	vrb
rabol	vrb
majmokat	noun
keverte	vrb
elleszek	verb
ihatnánk	vrb
élőhalott	noun
megbocsájtani	vrb
társaid	noun
bizonyítom	vrb
felek	adj_num,noun
fegyvereit	noun
keresitek	vrb
agyamba	noun
körém	noun_pron
szerepjáték	noun
mifelénk	noun_pron
munkámról	noun
piával	noun
sejtet	vrb,noun
vadmacska	noun
diplomázott	vrb,noun
forrásaink	noun,vrb
becsben	noun
járhatott	vrb
segélyt	noun
lenyeltem	vrb
vendéggel	noun,adj
himlő	noun
erőből	noun
spórolt	vrb
felderítők	noun,vrb
intézik	vrb
eljegyezték	vrb,noun
visszavonja	vrb
kisétálok	vrb
biztonságosnak	adj,noun
melóval	noun
meglógni	vrb
földiek	adj,noun
hollétét	noun
elhúzódott	adj,vrb
völgybe	noun
előnyünk	noun
gépekkel	noun
árokba	noun
ütközünk	vrb
kereskedik	vrb
miniszterrel	noun
lehallgató	noun,vrb
észleltek	vrb
apó	noun
öcsémnek	noun
helyzeteket	noun
kispadra	noun
újraéleszteni	vrb
hűségét	adj
örömöm	noun
ülések	noun,vrb
nyersen	adj
szolgáljon	vrb
személyiséged	noun,adj
vigyázna	vrb
utánra	post
csapatomban	noun
ürügyet	noun
üzletvezető	noun
lobos	adj,noun
nejemet	noun
segítségül	noun
vetettek	vrb,adj
vezérünk	noun
vezették	vrb
megsértett	vrb
akarnálak	vrb
különösképpen	adj
reszketek	vrb
futhatsz	vrb
részvény	noun
szála	noun
tüske	noun
megállított	adj,vrb
édesapját	noun
hadihajó	noun
napkelte	noun
szúnyogok	noun
halnod	vrb
olyasmiről	noun_pron
egyikőtöket	noun_pron
karanténba	noun
boltok	noun
szalagokat	noun
egyidőben	adv
gyorsul	vrb,adj
megszokod	vrb
kifizeted	vrb
aligátor	noun
egyke	adj,adj_num
birkák	noun
hatástalan	adj,noun
kirepült	vrb
támogatnak	vrb
halálnál	noun
csendes-óceáni	UNK
barátomhoz	noun,adj
elvegyem	vrb
menetét	noun
lélegzel	vrb
többségi	noun
stabilak	adj
kérdezősködj	vrb
fagyva	vrb
masina	noun
ugyanakkora	adv
ügyének	noun
lakomát	noun
dolgokból	noun
szájukat	noun
unja	vrb
adatokkal	noun
szülinapját	noun
b-terv	UNK
leállítja	vrb
elutazol	vrb,noun
betöröm	vrb
bázisnak	noun
váltó	noun,vrb
részekben	noun
melleimet	noun
kamatot	noun
megölésének	vrb
végi	noun
megkeresed	vrb
határig	noun
bandám	noun
együgyű	adj,adj_num,noun
tölgy	noun
elhatároztuk	vrb,noun
mondatban	noun
nyolcan	adj_num
elsőrangú	adj
arcra	noun
felemelkedik	vrb
viselkedünk	vrb
összekevertem	vrb
üzenetben	noun
szerencsénkre	noun
meglőtte	vrb
lélegzeted	noun
eltemette	vrb
munkaügyi	noun
nagyapát	noun
kimaradni	vrb
éhezve	vrb,noun
fölöttébb	adv
tagokat	noun
félretettem	vrb
tiltakozik	vrb
láthatóak	vrb
vethet	vrb
bónuszt	noun
anyaság	noun
csípi	vrb
legromantikusabb	adj
kérdezné	vrb
fürdik	vrb
alsóneműt	noun
áll-e	noun,vrb,adv
lekapcsoljuk	vrb
organizmus	noun
számítógépén	noun
slukkot	noun
barátodról	noun,adj
csapdájába	noun
pakoltam	vrb
időjárási	noun
homály	noun
számlámra	noun
remegek	vrb
szalvéta	noun
villanás	vrb
médiának	noun
misszionárius	noun
titkolózni	vrb
célért	noun
okolni	vrb
keresnénk	vrb
kívülállók	adj
egyezségünk	noun
biztató	vrb
eredetét	noun
kiszúrni	vrb
statisztikák	noun
19-es	adj_num
kígyókat	noun
öngyújtó	noun
hivatalnak	noun
figyelmeztet	vrb,noun
üldözzük	vrb
áramlat	noun
párját	noun
művésznek	noun
engedélyük	noun
temérdek	adj
csodabogár	noun
felkereste	vrb
átváltozás	noun,vrb
mérsékelt	adj,vrb
betegségeket	noun,adj
14-én	adj_num
tehetségtelen	adj,noun
boldogságom	noun,adj
beugrani	vrb
tárcát	noun
művészetét	noun
elintézhetjük	vrb
gyűrűd	noun
megfáztam	vrb
képemet	noun
lemondasz	vrb
gázra	noun
parancsomat	noun
61-es	adj_num
ejtsük	vrb
eztán	adv
hallgatók	noun,vrb
visszavonulnak	vrb
pártot	noun
esztelen	adj
figyelték	vrb
lakásomból	noun,vrb
rögtönzött	adj
skizofrén	noun
szemeiben	noun
tanfolyam	noun
észrevétel	noun
pasira	noun
sipirc	noun
mindenkihez	noun
szénné	noun
kiabálta	vrb
elemzése	vrb,noun
szolgálsz	vrb
nyújtsa	vrb
kártyás	noun
kos	noun
délkeleti	adj,noun
hófehér	adj
2008-ban	adj_num
ötvenes	noun,adj
ismerjék	vrb
törődnöd	vrb
agyrázkódása	noun,vrb
rejtették	adj,vrb
hamut	noun
dűlőre	noun,vrb
hozzámentél	vrb
letartóztatlak	vrb,noun
bántasz	vrb
kereshet	vrb
ingben	noun
előléptették	vrb
hibáznak	vrb,noun
megfájdult	vrb
tesla	noun
nézegettem	vrb
vonzott	vrb
mázlim	noun
vezetékneved	noun
neurális	adj
lépcsők	noun
rágja	vrb
dolgozója	noun,vrb
tanulmányozta	vrb,noun
államügyészi	noun
riportert	noun
zsoké	noun
felhoztam	vrb
lakhat	vrb
visszakapta	vrb
közöljem	vrb
derűs	adj,noun
aukción	noun
mindannyiunkkal	adj_num_wh
foglalta	vrb
megszabaduljunk	vrb
menőnek	vrb,adj
verekedtél	vrb
példaképem	noun
vásárlást	vrb,noun
matrica	noun
pofát	noun
magukba	noun_ref_PL_3
megnyert	vrb
mogyoróvajas	noun
sínek	noun
ennyiért	adj_num_wh
megzavarom	vrb
üzembe	noun
megfigyelők	vrb
könyörögjek	vrb
ajkad	noun
égig	noun
megházasodott	vrb,noun
lénnyel	noun
nemzedék	noun
gyógyítható	vrb
összezavarja	vrb
csillagászati	adj,noun
cserél	vrb
halottakkal	noun,adj
tilalmat	noun
fogaidat	noun
északkeleti	adj,noun
foltokat	noun
vállalnom	vrb
hátsód	adj
tornyok	noun
kiabálnak	vrb
büntet	vrb
rabszolgákat	noun
gyíkok	noun
néhányunk	adj
októberben	noun
kiborg	noun
kísérti	vrb
megesznek	vrb
italom	noun
hazaviszi	vrb
határain	noun
alkoholisták	noun
reménykedsz	vrb
meggyőzően	vrb
utazok	vrb,noun
elvesztegetett	vrb
alhat	vrb
lovagi	noun
pártatlan	adj
városunkat	noun
szójáték	noun
lökni	vrb
fos	noun
bálkirálynő	noun
szórja	vrb
tibeti	noun_prs
látogattam	vrb
kedvezmény	noun
szántak	vrb
koordinátáit	noun
zajló	vrb
magyarázta	vrb
lakások	noun,vrb
karó	noun
ezreit	adj_num
irgalom	noun
seggünket	noun
ebédem	noun
szárazföldre	noun
felhasználó	noun,vrb
ezreket	adj_num
kommunikálnak	vrb
bordája	noun
szeretkezés	vrb
hangpostára	noun
betörést	noun,vrb
bárkire	noun_pron
kimaradsz	vrb
naplementét	noun
játsszatok	vrb
fiaink	noun
kocsimhoz	noun
képű	noun
megkezdeni	vrb
nyugatnak	noun
berakom	vrb
keveredtek	vrb
jelentőségét	noun
öltött	vrb
búvóhely	noun
seggeden	noun
lökdöss	vrb
hőségben	adj
szellőző	noun,vrb
véleményük	noun
félreértette	vrb
tiszteletemet	noun
alsóbb	adj
eltávolítjuk	vrb
nyugovóra	noun,adj
csimpánz	noun
hajsza	noun
hozzáérni	vrb
újnak	adj
utánanéztünk	vrb
túlvilági	adj,noun
utazzon	vrb,noun
csábítás	vrb
foglalkoztál	vrb
félbeszakítom	vrb
bebizonyítja	vrb
szabályaink	noun
ügyünket	noun
hajtóművek	noun
megszegése	noun,vrb
markkal	noun
élménye	noun
nyomtalanul	adj,noun
mosodában	noun
franciát	noun,adj
válladon	noun
elmegyógyintézetbe	noun
tőzsdén	noun
okozunk	vrb
kispályás	adj,noun
dili	noun
profilja	noun
csíny	noun
módomban	noun
nászutas	noun
rapper	noun
győznie	vrb
bízhatom	vrb
létezés	vrb,noun
reagálsz	vrb
tanyán	noun
gyújtogató	vrb
fájdalmak	noun
búcsúzom	vrb,noun
spermát	noun
főtörzs	noun
szájról	noun
dollárja	noun
kerülöd	vrb
megfojtani	vrb
kapszula	noun
példáját	noun
tanulási	noun,vrb
tartalmazott	vrb,noun
haljunk	vrb
gyógyítja	vrb
legénységnek	noun
elnéztem	vrb
csináltatni	vrb
vacsizni	noun
eldugult	vrb
péniszét	noun
edzőterem	vrb,noun
magabiztosan	adj
pékség	noun
rendelkezésedre	noun,vrb
leülnél	vrb
áldj	vrb
álomszuszék	noun
kakukk	noun
szereteted	noun
összehasonlítani	vrb
fenére	noun
bocsánatkérő	noun,vrb
turnézni	vrb,noun
gyűrűmet	noun
mesterek	noun
metróval	noun
szöuli	noun_prs
férhet	vrb
konfliktust	noun
mandarin	noun
tolla	noun
felmentő	vrb
kajás	noun
vékonyabb	adj
nyugtatni	vrb
gyermekük	noun
tanárral	noun
sebezhetővé	noun,vrb
szülinapján	noun
mesterrel	noun
önts	vrb
sütötte	vrb
zacskóba	noun
kiveri	vrb
levennéd	vrb
megadatott	vrb
gyilkossá	adj,noun
ívben	noun
bejártam	vrb
elvinnél	vrb
beszéled	vrb
papához	noun
elsőszülött	noun,adj
fegyelmezett	adj,vrb,noun
nyelvedet	noun
határos	adj,noun
szülök	vrb
üzente	vrb
faja	noun
kollégiumi	adj,noun
bürokrácia	noun
holografikus	adj
szenvedünk	vrb
üreges	adj,noun
üzletelünk	vrb
gyakoroljuk	vrb
bevitte	vrb
kapuit	noun
szendvicsek	noun
bőrén	noun
fészerben	noun
idehozza	vrb
erdők	noun
segítője	noun,vrb
rövidet	adj
jelenések	vrb
kever	vrb
bukva	vrb
lopást	vrb
bige	noun
vetsz	vrb
lufit	noun
nyúljanak	vrb
rendelkezésükre	noun,vrb
agyadban	noun
stukkert	noun
fenntartja	vrb
finomabban	adj
iparban	noun
üldözték	vrb
italát	noun
megkapott	vrb
bizonyosodj	vrb
legénybúcsú	noun
weber	noun
kormányzóval	vrb,noun,adj
jelvénye	noun
asztalokat	noun
visszamennem	vrb
rokonaim	noun
kurvákat	noun
elhívtam	vrb
megtervezett	vrb,noun
kifizessem	vrb
vitatkoznak	vrb
veszíthet	vrb
gyilkosról	adj,noun
döntöttük	vrb
külvilág	noun
hangsúlyt	noun
magadét	noun_ref_SG_2
sekélyes	adj
megbánást	noun,vrb
vendégünket	noun,adj
sejtelmem	noun
sorsunkat	noun
brandyt	noun
főszereplője	noun
áthatolhatatlan	adj,vrb
rajongóm	noun,vrb
torkának	noun
meglepetéssel	noun,vrb
kosarazni	vrb,noun
családodra	noun
finomság	adj
feladják	vrb
belégzés	vrb,noun
szívedből	noun
csalódottak	adj,vrb
lemaradok	vrb
lelőttél	vrb
készülnöd	vrb
láthatatlanok	vrb,adj
pálca	noun
bujkálni	vrb
írónak	noun,vrb
harcoltok	vrb
megdöglött	vrb
kékek	adj
legfurább	adj
megcsaltam	vrb
bogaras	adj,noun
hiányoztak	vrb,noun
időgépet	noun
akaszd	vrb
egészért	adj
túlélik	vrb
önmagadat	noun_ref_SG_2
kormányos	noun
veje	noun
dobozon	noun
bűncselekményeket	noun
vágyok	vrb
titkolta	vrb
földek	noun
ellenvetése	vrb,noun
beállta	noun,vrb
gondoskodtál	vrb
tekinthető	vrb
kávéja	noun
horkol	vrb
erőddel	noun
esküdtszéket	noun
belerángatni	vrb
gyakorlatból	noun
chat	noun
rajzolok	vrb
puncsot	noun
tyúkok	noun
vágjam	vrb
darabjai	noun
összecsapás	noun,vrb
rejtvényt	noun
felírt	vrb
halasztanunk	vrb
hibájuk	noun
jómódú	adj,noun
növelje	vrb
társas	adj,noun
osztályán	noun
koma	noun
akcentusod	noun
macit	noun
összezavarni	vrb
másnaposság	adj,noun
enyémhez	noun_pron
fémből	noun
kifogy	vrb
párducok	noun
összefoglalva	adj,vrb
kefélsz	vrb
töltényeket	noun
epilepsziás	noun
szerződésünk	noun,vrb
feketére	adj
megszerezzék	vrb,noun
tartanál	vrb
tömegek	noun
elnevezni	vrb,noun
személyiségem	noun,adj
étkező	noun,vrb
képzelik	vrb
szöktél	vrb
szüleihez	noun
egészségnek	noun,adj
szexualitás	noun
autódat	noun
kinézek	vrb
parttól	noun
megússzuk	vrb
kanyart	noun
táplál	vrb
rávettél	vrb
elrejtőzött	vrb
akiknél	noun_pron
befele	adv
muri	noun
harisnyát	noun
bemondó	vrb
fékezz	vrb,noun
szökőkút	noun
terhesen	adj,noun
peremén	noun
megpróbállak	vrb
kamrát	noun
külsős	noun
osztályvezető	noun,vrb
hallgatva	vrb
képzelheted	vrb
megjátszani	vrb
titoktartást	noun,vrb
eltartani	vrb
ajkai	noun_prs,noun
bolygónak	noun
replikator	noun
reflex	noun
karjaimba	noun
lógjon	vrb
bünteti	vrb
tudásod	noun,vrb
kihívásra	noun,vrb
szüzességét	noun
szívj	vrb
perui	noun_prs
önmagára	noun_ref_SG_3
összeházasodtok	vrb,noun
engedélyre	noun
meggyilkolásáról	noun,vrb
asztalok	noun
hálaadásra	noun
sietnek	vrb
elhagytak	vrb
kislányod	noun
faxot	noun
informátorom	noun
alkatrészek	noun
fegyverei	noun
kikészültem	vrb
csomagolás	vrb
fürdőruha	noun
marhákat	noun
kipróbálod	vrb
témára	noun
analízis	noun
válaszolhatok	vrb
lapátot	noun
zsaroló	vrb
szemükben	noun
tudtára	noun
fantasy	noun
gabona	noun
címért	noun
megdugtam	vrb
szónak	noun
kibírod	vrb
megdögleni	vrb
harapást	vrb
radaron	noun
figyeltük	vrb
feküdjünk	vrb
maratont	noun
izzadni	vrb
ellenkezni	vrb
típusa	noun
céltalan	adj,noun
múltbeli	noun,vrb
körülvevő	noun,adj,vrb
átnézi	vrb
iskolára	noun
akárkivel	noun_pron
húszat	adj_num
megadás	noun,vrb
kinyissam	vrb
felülmúlja	vrb
élesen	adj,noun
szombatra	noun
whisky-t	UNK
licit	noun
megölelni	vrb
fulladni	vrb
panel	noun
csillogás	vrb
áthajtott	adj,vrb
kiszívja	vrb
kereshetnénk	vrb
gyeplőt	noun
másolatok	noun
állapotom	noun
nevelték	vrb
meghallgatjuk	vrb
felvételeken	noun
intézkedjen	vrb
hozhatjuk	vrb
színésznek	noun
gyereküket	noun
völgyet	noun
felszedtem	vrb
érzelmekkel	noun
egyenrangú	adj
kijuttatni	vrb
sugározni	vrb
szaglászik	vrb
pénzügyeit	noun
niggert	noun
vakációzni	vrb,noun
túljutunk	vrb
legvégén	adv,noun
alkatrészt	noun
számítógépeket	noun
tájékoztatjuk	vrb,noun
engedélyezték	vrb,noun
napokkal	noun
részvényt	noun
könyvéből	noun
zajokat	noun
gyötrelem	noun
sebzett	adj,vrb
régészeti	noun
hagynálak	vrb
testünket	noun
zálogba	noun
túrát	noun
akarhatta	vrb
olvasson	vrb
főznek	vrb
családoknak	noun
elköltözöl	vrb
beszélhessünk	vrb
vértől	noun
elveszíthetem	vrb
dátuma	noun
örülhetsz	vrb
várhatnánk	vrb
alkoholos	adj,noun
iskolához	noun
spray	noun
lovaglás	vrb,noun
dílerek	noun
megvédtem	vrb
viszitek	vrb
fertőtlenítő	noun,vrb
belátni	vrb
csapatjátékos	noun
kendő	noun
számlálva	vrb
ölhetsz	vrb
nőktől	noun
értesítettük	vrb
dögösek	noun
tonhalas	noun
hatásköröm	noun
változna	vrb
tv-s	noun
uraknak	noun
hátrányban	noun
fogyasztott	vrb
beszélgetésbe	noun,vrb
groteszk	adj
vadbarom	noun
hiheti	vrb
alagutak	noun
mentora	noun
beleadok	vrb
tűzről	noun
irodától	noun
pakoljunk	vrb
feljegyzései	vrb,noun
beleestél	vrb
százast	adj_num,noun,adj
fejükben	noun
benyújtani	vrb
nyírjuk	vrb
tízre	adj_num
fiúhoz	noun
gondolhatsz	vrb
táplált	adj,vrb
bántunk	vrb
egyesen	noun,adj
haragos	adj,noun
úriembernek	noun
érzékenyen	adj
látnának	vrb
világokat	noun
szerencsétek	noun
okozhatott	vrb
nyomozásról	vrb,noun
próbálna	vrb
kellék	noun
bárónő	noun
boltom	noun
tiszteletből	noun
meggyógyítja	vrb
szolgálhat	vrb
hallatán	adv
készteti	vrb
mezei	adj,noun
remélik	vrb
dugsz	vrb
létezünk	vrb,noun
kívántál	vrb
milliárdokat	adj_num
engedetlen	adj,vrb
következzék	vrb
dörzsölt	adj,vrb
hajtunk	vrb
elfuserált	adj,vrb
kínok	noun
dobást	vrb
képletesen	adj,noun
blokkot	noun
állíthatsz	vrb
szerezhet	vrb,noun
késünk	vrb,noun
robbantotta	vrb
harapnivalót	noun
küzdjön	vrb
nyúlhat	vrb
estéhez	noun,adv
gyagyás	noun
fényképezőgépet	noun
jámbor	adj
félreeső	noun,adj,vrb
égbolton	noun
madara	noun
szerencsédre	noun
eljegyeztük	vrb,noun
elvagyunk	verb
megkerülni	vrb
támogatói	noun,vrb
bérel	vrb
kocsijához	noun,noun_prs
tartoztak	vrb
megjárta	noun,vrb
behatolunk	vrb
fegyverhez	noun
juthatnak	vrb
elvállaltam	vrb
látása	vrb
képességeket	noun,adj
szilárdan	adj
kóstolni	vrb
tervről	noun
megérteném	vrb
összeveszett	vrb
hazavigyelek	vrb
kerekes	noun,adj
gombok	noun
kevertem	adj,vrb
élhetnék	vrb
tetthelyet	noun
házasságba	noun,adj
hörcsög	noun
vállalata	noun
szeretőjét	noun,vrb
változtatás	vrb
osztályos	noun
szülinap	noun
keresését	vrb
vacsorája	noun
asszisztensed	noun
felhívás	noun,vrb
muzsika	noun
hulladékot	noun
jövőjéről	noun,vrb,adj
építesz	vrb
visszatérne	vrb
felhős	adj,noun
fűződő	vrb
bezártad	vrb
egykezes	adj_num,noun
legolcsóbb	adj
miniszternek	noun
laptopját	noun
salsa	noun
köteleket	noun
vádemelés	noun,vrb
nindzsák	noun
elbír	vrb
karizmatikus	adj
korlátolt	adj,vrb
jegyese	adj,noun
technikája	noun
részecske	noun
megihatnánk	vrb
jelenléted	noun
halasztást	vrb
harangok	noun
őrmesterrel	noun
gyújtottam	vrb
eldobott	vrb
hosszúra	adj,noun
egyenlőek	adj
tízmillió	adj_num
vendégszobában	noun
szállhat	vrb
elküldik	vrb
vásárolta	vrb
kapcsolatokról	noun
lottót	noun
kapjatok	vrb
tévedt	vrb
pusztulni	vrb
kérhetünk	vrb
magazinok	noun
fojtogatás	vrb
rohadni	vrb
járműből	noun
szerencsétlenek	adj,noun
elmehetnél	vrb
keveredtünk	vrb
keresnél	vrb
karjaidban	noun
algoritmus	noun
használatával	noun
sógun	noun
szektorba	noun
kimehetek	vrb
ügyfélnek	noun
filmbe	noun
vágyát	noun
olyantól	adj_wh
letért	vrb
elásva	vrb
keresztelő	noun,vrb
hadjárat	noun
otthonomat	noun
fonál	noun
kabinban	noun
holmimat	noun
karrieremnek	noun
teljesítse	vrb
besétálsz	vrb
pletykálni	vrb
képzeljük	vrb
hasznomat	noun
üzentem	vrb
hegye	noun
bizonyítványt	noun
égtek	vrb
bújok	vrb
apacs	noun
köbcenti	noun
befejezik	vrb,noun
kilátások	vrb,noun
akadtam	vrb
csavard	vrb
far	noun
megtehetnénk	vrb
gettóban	noun
missouri	noun_prs
nagykövetet	noun
átviszem	vrb
lemondták	vrb
gyilkoltak	vrb
maradásra	vrb
játékokkal	noun
piskóta	noun
hegymászó	noun
válaszoljatok	vrb
űzött	adj,vrb
belenézni	vrb
bolondját	noun,adj
hazafele	noun
védekezz	vrb
hivatalossá	adj,noun
fogkefe	noun
csomagolt	vrb
facér	adj
számolva	vrb
ostor	noun
nyaraló	vrb
terjedni	vrb
hajszálat	noun
vegyület	noun
feldühít	vrb
főcím	noun
együttműködésre	noun,vrb
meggyőzi	vrb
egyenruhája	noun
céh	noun
eltalálja	vrb
elkölteni	vrb
szárnyait	noun
magazinnak	noun
megadná	vrb
öcséddel	noun
minderről	adv
keringési	vrb
királytól	noun,adj
étlapon	noun
hadvezér	noun
ejtem	vrb
magyaráztam	vrb
elkövettél	vrb
összetartunk	vrb
találékony	adj
őstehetség	noun
szétszóródni	vrb
fogadtatás	vrb
vércsoport	noun
illetéktelen	adj,noun
millióért	adj_num
ceremóniát	noun
önmagunk	noun_ref_PL_1
sújtva	vrb
meteorológiai	adj,noun
macskával	noun
rángatott	vrb
tintát	noun
hónapba	noun
takarítanom	vrb
problémáról	noun
jelenlévő	noun,vrb
viták	noun
legénységem	noun
megóvja	vrb
térképre	noun
megéheztem	vrb,noun
hektár	noun
hívat	vrb
fogtündér	noun
széle	adv,noun
ugrálj	vrb
azonosak	adj
27-es	adj_num
meglepetésként	noun,vrb
odavannak	vrb
konyak	noun
operába	noun
évezredek	noun
ugratlak	vrb
intézkedések	vrb
érdekled	vrb
valószínűség	adj
szerepelsz	vrb
imádunk	vrb
kávémat	noun
üdvözöljétek	vrb
részvényesek	noun
vérüket	noun
kinyithatod	vrb
nyakadat	noun
mázlija	noun
érezne	vrb
milícia	noun
megcsaltál	vrb
klubhoz	noun
birtoka	noun
mesterlövészek	noun
kapitalizmus	noun
kisstílű	adj
agyukat	noun
sajtburger	noun
járhatok	vrb
rádöbbentem	vrb
tartás	vrb
közelíteni	vrb
szobrok	noun
leszálltunk	vrb,adj
hozzájárult	vrb
megijeszted	vrb
diót	noun
fegyvertelenül	adj,noun
érződik	vrb
rendelőbe	noun,vrb
láthattuk	vrb
írjanak	vrb
ajtóig	noun
kívánjuk	vrb
kezdhetek	vrb
harcosokat	noun,adj
előjel	noun
dutyiba	noun
meggyőzöm	vrb
időkről	noun
boltos	adj,noun
fing	noun
méltóságteljes	adj
folytatunk	vrb
mellkasa	noun
láthatók	vrb
harcolnia	vrb
tűket	noun
bezárult	vrb
visszaküldeni	vrb
lentebb	adv
utadon	noun
kelta	noun,adj
ragadta	vrb
járványt	noun
szóda	noun
zárlat	noun
hónapom	noun
bevásárlóközpont	noun
tépte	vrb
estre	noun
ács	noun
nyissam	vrb
elválasztani	vrb
gyorsított	vrb
ábrázolja	vrb
lassítsunk	vrb
kisfiúk	noun
mobilokat	noun,adj
ügyvédjének	noun
újjal	adj
nyílj	vrb
bourbont	noun
porszívó	noun
hiányoztok	vrb,noun
szervezi	vrb,noun
pillanatom	noun
tengerek	noun
repteret	noun
enne	vrb
megüt	vrb
kapcsolatunknak	noun
felébresztett	vrb
gyorsaság	noun
elkerüli	vrb
gyakorolja	vrb
metróban	noun
csinálhatnak	vrb
vádolom	vrb
döntik	vrb
tárgyalásom	noun,vrb
szövetségese	noun,adj
nyolcszor	adj_num
beköltözik	vrb
céljai	noun
épületről	noun
felejtened	vrb
csinálniuk	vrb
magazinokat	noun
élheti	vrb
forgatásra	vrb
előnyeit	noun
beléptek	vrb
körülményekhez	noun
megválaszolni	vrb
művészt	noun
ünneplésre	vrb,noun
élvezném	vrb
ideérni	vrb
kihagytunk	vrb
felszíne	noun
jelentőségű	noun
tanultuk	vrb
gyönyörűm	adj
elveszítünk	vrb
jegyeim	noun
kockáztatva	vrb,noun
tarthatok	vrb
kívánságot	noun
tápláló	vrb
felhasználjuk	vrb
kertje	noun
delhi	noun_prs
rokkant	vrb
véna	noun
mutatkozz	vrb
elvi	adj,noun
egyről	adj_num
dicséretes	adj,noun
import	noun
összetevő	noun,vrb,adj
önből	noun
verekedtem	vrb
igazságszolgáltatást	noun
megsemmisítették	vrb,adj,noun_pron,noun
haladva	vrb
nyugtalanság	adj
pillantásra	vrb
lenyomni	vrb
tiltakozni	vrb
adottság	adj,vrb
fejlesztett	vrb
vitánk	noun
lecsapunk	vrb
főbejáraton	noun
elájul	vrb
diszkréció	noun
átvágni	vrb
légvédelmi	adj,noun
jelenséget	noun,adj
alkímia	noun
elintézhetem	vrb
kiváltságos	adj,vrb,noun
halasztani	vrb
neveli	vrb
vizeken	noun
védtelenül	adj
elcseszed	vrb
elragadta	vrb
kivágta	vrb
márvány	noun
pénzügyileg	noun
kimennek	vrb
kárára	noun
ragyognak	vrb
bejáratánál	noun
eltettem	vrb,adj
ismerete	noun
tengernagy	noun
harcosa	noun,adj
szemnek	noun
süllyedő	vrb
tonnát	noun
halna	vrb
akadályoznunk	vrb,noun
megszakítani	vrb
hülyébb	adj
hagynák	vrb
mulass	vrb
benti	adj
üzlettársa	noun
megrendezett	adj,vrb,noun
kesztyűtartóban	noun,vrb
leányzó	noun
hallható	vrb
dióhéjban	noun
munkáit	noun
kunyhót	noun
megélhetésért	noun
egyetértettünk	vrb
ujjaimat	noun
meccsről	noun
raktárat	noun
fiókjában	noun
időpontjában	noun
báj	noun
hozzászokott	adj,vrb
legmodernebb	adj
köztársasági	noun
hírlik	vrb
tünde	noun
amelyről	adj_wh
kiindulási	vrb,noun
keveredj	vrb
segély	noun
veszekedjetek	vrb
harangot	noun
forgalmit	adj,noun
bosszúról	noun
elfogadnám	vrb
fújta	vrb
semennyit	adj_num_wh
leszakad	vrb
járhatsz	vrb
ölette	vrb
beindította	vrb
benzinnel	noun
nénivel	noun
vőlegényt	noun
nézhetünk	vrb
szánni	vrb
pusztul	vrb
küldetésnek	noun,vrb
helyzetemet	noun
net	noun
megértés	noun,vrb
bekötve	vrb
borulni	vrb
felvilágosítást	noun,vrb
megbotlott	vrb
haladjanak	vrb
óramű	noun
tisztítóba	noun,vrb
erőszakért	noun
felszerelése	noun,vrb
életfogytig	noun
irodalmat	noun
rendeletet	noun
határai	noun
gyakorlata	noun
udvariatlanság	adj
műtéttel	noun
okokat	noun
négyszáz	adj_num
fogytam	vrb
átadott	adj,vrb
visszakerült	vrb
műveltem	adj,vrb
dilemma	noun
idejönne	vrb
megszívtuk	vrb
ököllel	noun
megállapodni	vrb
érvényesek	adj,noun
olyanom	adj_wh
négyesben	noun,adj
békesség	noun
utánpótlást	noun
képeslap	noun
kergeti	vrb
véleményére	noun
érméket	noun
jelöltem	noun,vrb
muris	adj,noun
kinézet	noun,vrb
belbiztonság	noun
biztonságra	noun
rendszerébe	noun
leálltak	vrb
meglepődve	vrb
lerombolja	vrb
agytröszt	noun
meglepődne	vrb
anarchia	noun
alapítványt	noun
kaotikus	adj
gyengélkedőbe	vrb
nyomozással	vrb,noun
szuperhősök	noun
kajád	noun
átlépi	vrb
fogadjam	vrb
kuncsaft	noun
fülei	noun_prs,noun
csontja	noun
buzgó	vrb,adj
viseljem	vrb
óvodában	noun
selma	adj
humorista	noun
éjszakákat	noun,adv
tehetségkutató	noun,vrb
légkört	noun
összevetettem	vrb
könyvének	noun
pihenjetek	vrb
támadáshoz	vrb
elszenvedett	vrb
megölhette	vrb
ugranak	vrb
tér-idő	UNK
pápai	noun_prs,noun
elvetemült	adj,vrb
szálka	noun
bekövetkezni	vrb
lenyűgöztél	vrb,noun
vádlottak	noun
megaláztatás	noun,vrb
elfogadjam	vrb
kártyámat	noun
pénztárcáját	noun
omlett	noun
nyomul	vrb,noun
szomszédokkal	noun
kíséretében	noun
elkapunk	vrb
győznek	vrb
elosztó	vrb
hívhatja	vrb
kiállításon	noun,vrb
megkönnyebbült	vrb
működteti	vrb
bogyókat	noun
agynak	noun
hajtogatod	vrb
felvenned	vrb
lenyűgözte	vrb,noun
midőn	con
villámlás	vrb
rohamok	noun
áldozatnál	noun
tévézni	vrb,noun
öltönyöd	noun
híven	adv
humorérzéked	noun
landolás	vrb
múltjában	noun,adj,vrb
megvan-e	vrb,adv
érintése	vrb
spirál	noun
titkon	noun
mérgezte	vrb,noun
eljussak	vrb
húzzam	vrb
használnád	vrb
fedezzetek	vrb
olvassak	vrb
üzletemet	noun
sereggel	noun
dús	adj
alapult	vrb
lelkének	noun
ebédjét	noun
természetem	noun
vállalunk	vrb
undorítóak	vrb
segédem	noun
elkíséri	vrb
húgi	noun
ártson	vrb
vitatott	adj,vrb
leereszkedő	vrb
ütnek	vrb
helyszínéről	noun
titkaid	noun
kósza	adj
köp	vrb
lekötelez	vrb,noun
észrevesz	vrb
csomagod	noun
kisétálni	vrb
égj	vrb
szemetesben	noun,adj
szmokingot	noun
egyháznak	noun
okosabbnak	adj
légköri	adj,noun
átkutatta	vrb
emlékeznél	vrb,noun
dombra	noun
2009-ben	adj_num
30-at	adj_num
becsaptak	vrb
bunyót	noun
megterhelő	vrb
címzett	noun,vrb
más-más	twin
leírhatatlan	adj,vrb
helyzetüket	noun
kirúgva	vrb
bugyiját	noun,noun_prs
kifogások	noun,vrb
felejtjük	vrb
felhívtuk	vrb
vinnék	vrb
héja	noun
közösségünk	noun,adj
szabadultam	vrb
csomagoltam	vrb
összeállni	vrb
informátora	noun
lovasok	noun
belsejét	noun
zátonyra	noun
hazamentek	vrb
kedvenceim	adj
zöldek	adj
fed	vrb
feketének	adj
megtámad	vrb
zsarukhoz	noun
ordítani	vrb
forgalomban	noun
mentőakció	noun,vrb
munkaköri	noun
sorrendet	noun
elindulsz	vrb
vágnod	vrb
félti	vrb
randiznak	vrb,noun
vágyait	noun
blúz	noun
sajtóban	noun
megfizethetetlen	vrb
kapcsolatukat	noun
tippeltem	vrb
méri	vrb
elvégezted	vrb,noun
harmadszorra	adj_num
szobafogság	noun
nyomozásba	vrb,noun
sokféleképpen	adj_wh,adj
szorgalmasan	adj,noun
bántaná	vrb
kölök	noun
tradicionális	adj
alsónemű	noun
veszteségeket	noun
idehoztad	vrb
módosítás	noun,vrb
változom	vrb
gyengesége	adj
emlegetik	vrb
kutasd	vrb
kaptár	noun
teljesítik	vrb
engedelmeskedsz	vrb
szőkét	adj
kapcsolnunk	vrb
rejtekhelyet	noun
búza	noun
gyógyszerem	noun
könyvesboltban	noun
futárt	noun
humanitárius	adj
emberfeletti	noun,adj
enyhítő	noun,vrb
óvatosság	adj
hölgyekkel	noun
eljöhetsz	vrb
szereztük	vrb,noun
megfizetem	vrb
olvassuk	vrb
meggyőzzük	vrb
tiszteltem	vrb
henry-t	UNK
sebességét	adj,noun
sátáni	noun
utánpótlás	noun
legfontosabbak	adj,noun
nevelkedett	vrb
papnő	noun
hormon	noun
fejezik	vrb,noun
szerelmesnek	adj,noun
szerelvény	noun
nyugta	noun
megtehetünk	vrb
törlöm	vrb
piacról	noun
megkaphatsz	vrb
polc	noun
elolvasod	vrb
ipse	noun
ódivatú	adj
rajzokat	noun
tampont	noun
tb	noun
felével	noun
gondokkal	noun
szakácsot	noun
duzzadt	vrb,adj
laposra	adj,noun
segítsem	vrb
javítsa	vrb
szállította	vrb
szóvivője	noun
nyomorultak	adj
értesítettem	vrb
típusnak	noun
kormányozni	vrb,noun
kevered	vrb
kókusz	noun
tudhatott	vrb
alagsori	noun
tudtom	noun
bedobja	vrb
egyenlők	adj
agyaltam	vrb
kimondanom	vrb
gondolkozott	vrb
bandához	noun
lándzsát	noun
tollas	noun,adj
küldened	vrb
mamlasz	adj
pofája	noun
rabszolgának	noun
hazugságra	adj
visszavenni	vrb
hazavitte	vrb
olvasható	vrb
ötletes	noun
véleménnyel	noun
kezedre	noun
sorsáról	noun
üvöltött	vrb
öregszel	vrb
bűnüldöző	noun,vrb
tűzön	noun
gyászolni	vrb
vezetéknév	noun
növekedési	noun,vrb
lófasz	noun
ebéded	noun
erkélyről	noun
védelmem	noun
villában	noun
képlet	noun
fiukat	noun
kötnünk	vrb
szőtt	vrb,adj
vígjáték	noun
röhögsz	vrb
szólíthatom	vrb
méhecske	noun
higany	noun
láncok	noun
zuhanyozz	vrb,noun
kasszát	noun
célponttá	noun
megtiszteltetésnek	noun,vrb
17-én	adj_num
nővéreket	noun
kulcsszó	noun
említse	vrb
oltás	vrb
áldozaté	noun
rangot	noun
szinttel	noun
vétett	vrb
szállítottak	adj,vrb
változtattad	vrb
megfizettek	vrb
kiválasztotta	vrb
lánynál	noun
legcsinosabb	adj
várnánk	vrb
űrlapot	noun
jelentésem	vrb
hívnál	vrb
műsorában	noun
megad	vrb
egyikét	noun_pron
megkötni	vrb
következem	vrb
pörkölt	noun,vrb
képére	noun
parlamenti	adj,noun
bécsi	noun_prs
bűnözési	vrb,noun
bézs	noun
lakóinak	noun,vrb
zavarunk	noun,vrb
tanfolyamot	noun
megköszönöd	vrb
mondandód	vrb
életéhez	noun
beadja	vrb
megcsinálhatjuk	vrb
semminél	noun_pron,noun
abbahagyták	vrb
kinézett	vrb
panaszkodtak	vrb
válasszal	noun
dupláját	adj
érhetnek	vrb
háborúval	noun
jeles	adj,noun
ragadj	vrb
tűnünk	vrb
kedvedre	noun
főképp	adv,noun,adj
fogytál	vrb
hozzáférésem	noun,vrb
kihallgatáson	noun,vrb
elvonási	vrb,noun
okán	noun
ösztönöm	noun
régió	noun
nyilvánítalak	vrb
megőrzi	vrb
haragudtam	vrb
feltalálta	vrb
továbbítom	vrb
elfújta	vrb
lerombolták	vrb
rendelkezel	vrb
elmondjak	vrb
bevertem	vrb
gyanúsítanak	vrb,noun
ragyogjon	vrb
elfeledni	vrb
jelentenünk	vrb
eretnek	noun
disznókat	noun
teljesítményt	noun
mindkettőre	adj_num
kinyírt	vrb
könyörögtél	vrb
bántottalak	vrb
telket	noun
szobákban	noun
számíthattam	vrb
számoltak	vrb
sorozatgyilkosok	noun
inspirált	vrb
elragadtatva	vrb
bázisról	noun
fizetséget	noun
uraljuk	vrb
sziámi	noun_prs
elemezni	vrb,noun
étkezdében	noun
feltételezed	vrb,noun
mobilomon	noun,adj
bújtál	vrb
felrobbanni	vrb
kése	noun
emlékeidet	noun
indítanak	vrb
ölné	noun,vrb
zabos	adj,noun
fasiszták	adj
agyának	noun
reggelinél	noun,adv
fúzió	noun
faragták	vrb
nagykövetségen	noun
széke	noun
halkítsd	vrb
kiraktam	vrb
transzplantációs	noun
kocsiért	noun,noun_prs
birtokán	noun
hihetetlenek	vrb,adj
vízumot	noun
követelik	vrb
eltörni	vrb
útmutatást	noun
cserélte	vrb
venniük	vrb
derekát	noun,adj
baszódjon	vrb
mindenük	noun
sürget	vrb
megölnék	vrb
abbahagyhatod	vrb
állásinterjúra	noun
köszön	vrb
hangosabb	adj,noun
idehívom	vrb
elengedted	vrb
ismerjem	vrb
veronika	noun
bunkók	noun,adj
szórólapokat	vrb,noun
rágni	vrb
frizurád	noun
kilométerrel	noun
ösztönöz	vrb,noun
számolnunk	vrb
kenguru	noun
csókoltál	vrb
pizzás	noun
játszottuk	vrb
kereszténység	noun,adj
sarát	noun
segítenétek	vrb
szokásokat	noun,vrb
házassággal	noun,adj
gazdagnak	adj
meghallgatásom	noun,vrb
gyűjtöm	vrb
felvételünk	noun
kocsitól	noun,noun_prs
átjönnek	vrb
kihasználnak	vrb
veszedelmes	adj,noun
panasza	noun
járjanak	vrb
elértél	vrb
intézzék	vrb
munkanap	noun
elárulják	vrb
lógj	vrb
nejével	noun
kollektív	adj
körültekintő	vrb
javított	adj,vrb
pulthoz	noun
vallomásra	noun
mosodába	noun
fogadalom	noun
feladathoz	noun
hasán	noun
báty	noun
partik	noun,adj
dinamitot	noun
csatamezőn	noun
hárpia	noun
benyomás	noun,vrb
előéletű	noun
hazavisszük	vrb
gyerekektől	noun
leletek	noun
híváslistáját	vrb,noun
ötleteid	noun
elérkeztünk	vrb
gyilkosságokról	adj,noun
megnősült	vrb
felébreszted	vrb
szövetségnek	noun
lenyomat	noun,vrb
félretett	vrb,adj
kilőtt	vrb
szednie	vrb
ásót	noun,vrb
dokihoz	noun
gondoltátok	vrb
autóbalesetet	noun
listájáról	noun
járást	vrb
szigorúak	adj,noun
átver	vrb
elvágtam	vrb
pesszimista	adj
esküdött	vrb
meddő	adj
búcsúlevelet	noun
küzdjünk	vrb
rázta	vrb
tücsök	noun
rögzíti	vrb
pillanatról	noun
esetlen	adj
bujkálok	vrb
lemondtál	vrb
feledékeny	adj
mosolyognak	vrb
játékosnak	noun,adj
visszatartja	vrb
piszkálni	vrb
múltán	post
atlantai	noun_prs
süketek	adj
átvágott	adj,vrb
megszólalni	vrb
köpök	vrb
volán	noun
ellenségeket	noun
feleségemhez	noun
gonosszal	adj
ettetek	vrb
hallucinációk	noun
errefele	adv
bundás	noun
zaklatásért	vrb
szomorkodj	vrb
munkámnak	noun
vennének	vrb
petíciót	noun
indokkal	noun
megnyitotta	vrb
vethetünk	vrb
pisis	noun
megakadályozzam	vrb,noun
érkezését	vrb
kerülnék	vrb
tetteted	vrb
válaszolnál	vrb
szarról	noun,adj
szükségesek	adj,noun
társadalmunk	noun
kizárták	vrb
belemegyek	vrb
remegett	vrb
úgymint	con
szedjetek	vrb
kivágni	vrb
javulás	vrb
helyezés	vrb,noun
gúnyos	adj,noun
égessük	vrb
költséget	noun
próbáltok	vrb
klubok	noun
pénzemből	noun
pasiját	noun
nyomozásnak	vrb,noun
szobatársad	noun
ősember	noun
elmebaj	noun
kimozdulni	vrb
elpusztított	adj,vrb
összeraktam	vrb
indítása	vrb
hülyeségnek	adj
halnék	vrb,noun
méheket	noun
szörnyeteggé	noun
segítségünket	noun
megmutattuk	vrb
meséled	vrb
lenyomoztuk	vrb,noun
tüntetők	vrb
tejszín	noun
átjöttem	vrb
mosógép	noun
fokhagymás	noun
fagyasztóban	vrb
felgyorsult	vrb
teremtettem	vrb
fasírt	noun
kísérjék	vrb
belefutottam	vrb
egyenruháját	noun
leköti	vrb
negyvenes	adj
repülőket	noun,vrb
családomért	noun
foglalkozzak	vrb
kiárusítás	noun,vrb
őrizz	vrb
gyöngyöt	noun
mellre	noun
felakasztották	vrb
titánok	noun
egységnél	noun
jelszavát	noun
mondá	vrb
támadjon	vrb
beszédből	noun
sorát	noun
interjún	noun
meggyilkolásában	noun,vrb
bűnösöket	noun,adj
válasszam	vrb
juttasd	vrb
indítson	vrb
kormányzói	vrb,noun,adj
elutasító	vrb,noun
kölcsönadta	vrb
őrrel	noun
seggedre	noun
energiára	noun
mozogjunk	vrb
csaptak	vrb
biztosítunk	vrb
átsütve	vrb
formális	adj
értékeled	vrb
lefekszünk	vrb
simlis	adj,noun
udvariasságból	adj
motivált	vrb
mocsadék	noun
részlege	noun
járnánk	vrb
hinnél	vrb
huligán	noun
boldogságát	noun,adj
gyávaság	adj
töltet	noun,vrb
hajóból	noun
magánnyomozót	noun
lángja	noun
tüzérség	noun
bántok	vrb
összeszedi	vrb
gyakorolnod	vrb
máját	noun
kényszerítettél	vrb
mennyisége	noun
feltűnni	vrb
ütköztünk	vrb
lecserélni	vrb
elcsépelt	adj,vrb
mirai	noun_prs
megmentheted	vrb
agarakkal	noun
próbálkozok	vrb
elkerülése	noun,vrb
hátunk	noun
felbukkansz	vrb
ítélnek	vrb
elhúztam	vrb
pamut	noun
másztam	vrb
tulajt	noun
farkat	noun
megduplázom	vrb
lovagja	noun
megcsinálnom	vrb
orruk	noun
időjárásról	noun
tartályban	noun
istenség	noun
aktívan	adj
lelövöd	vrb
összeszedjük	vrb
sugárzik	vrb
nevetségesnek	adj,noun
fránya	adj
házasságomat	noun,adj
nagykorú	adj
magadévá	noun_ref_SG_2
macskának	noun
csapatvezető	noun,vrb
kamerának	noun
hűlt	vrb
látogasson	vrb
húgának	noun
diktál	vrb
visszaszerezze	vrb,noun
készülőben	vrb
kezelsz	vrb
egyenesben	noun,adj
visszaszerezzem	vrb,noun
férjemtől	noun
különítmény	noun
örökséget	adj
mindkettőnkre	adj_num
ítéltem	vrb
leghatékonyabb	adj
hosszasan	adv,adj,noun
másodikban	adj_num
kijutottunk	vrb
párokat	noun
baltimore-i	noun_prs
dicsekedni	vrb
csoportra	noun
keringő	noun,vrb
bántsátok	vrb
törnöm	vrb
engedhetik	vrb
motorját	noun
gondoskodnia	vrb
támadásba	vrb
megfogtad	vrb
fiúkról	noun
passzolom	vrb
mókust	noun
választhatok	vrb
osztrigát	noun
siettek	vrb
évtizedben	noun
kezdetleges	adj
emlékeznem	vrb,noun
belátásra	vrb,noun
szívben	noun
e-mailek	noun
öntöttem	vrb
hatalmával	noun
cseréltek	vrb
fenyegetik	vrb
megtartják	vrb
bőrrel	noun
pirosra	adj
legfélelmetesebb	adj
hiszékeny	adj
hűtőből	noun,vrb
pónit	noun
vonalra	noun
feláldoztam	vrb
öltözzetek	vrb
otthonából	noun
irodánk	noun
használnánk	vrb
elérd	vrb
kisbabája	noun
zeném	noun
önmagáért	noun_ref_SG_3
egyenlően	adj
galambot	noun
adu	noun
öltözöm	vrb
megírt	vrb
haragudott	vrb
vörösre	adj
kézírás	noun
eljegyeztek	vrb,noun
javulni	vrb
pajzán	adj
orrán	noun
elmegyógyintézet	noun
szigetére	noun
after	noun
megtörténhetett	vrb
legyőzted	vrb
egyszarvú	adj,adj_num,noun
csinálhatnál	vrb
csirkéket	noun
javíts	vrb
érmék	noun
személyeset	adj,noun
őrületet	noun
igen-igen	UNK
beosztva	vrb
vállalnunk	vrb
kifizették	vrb
alkalmazza	vrb,noun
lábunkat	noun
vásáron	noun
szíriai	noun_prs
valód	noun,adj
repültünk	vrb
dimenzióban	noun
táplálni	vrb
emelkedő	noun,vrb
ürességet	adj
makaróni	noun
virággal	noun
párzási	vrb
csatája	noun
pumpa	noun
potenciálisan	adj
rodeó	noun
cuccban	noun
kocsijának	noun,noun_prs
alvást	vrb,noun
csalok	vrb
fürdőruhát	noun
napfelkelte	noun
megállíthatjuk	vrb
gyűjtöttünk	vrb
lóháton	noun
döntsük	vrb
csoporttól	noun
lakótárs	noun,vrb
jegyzeteit	noun
viasz	noun
érettebb	adj
helyedet	noun
nyújtottam	vrb
felelősségünk	noun
állnánk	vrb
vallomásában	noun
aprólékos	adj,noun
válasszuk	vrb
fordítok	vrb
együttérző	vrb,adj
kilencszer	adj_num
szálig	noun
erejére	noun
nővérének	noun
pihenünk	vrb
hazánkat	noun
oroszokkal	noun,adj
ebédelt	vrb
idehaza	adv
üdvözlettel	noun
birtokolni	vrb
rendszerhez	noun
keseredve	vrb
kizárhatjuk	vrb
veszíthetsz	vrb
fegyverkereskedő	noun,vrb
képernyőt	noun
mezőre	noun
kristálytiszta	adj
lelkünket	noun
érintse	vrb
címlap	noun
lordok	noun
vicceltél	vrb
száműzték	vrb
farmról	noun
felszínt	noun
börtöntől	noun
feküdnie	vrb
ölében	noun
foglalok	vrb
vegyszer	noun
szerek	noun
hullámhosszon	noun
zendülés	vrb
hétéves	adj_num,noun
monitort	noun
doktori	adj,noun
aludhat	vrb
kétségeid	noun
tegyelek	vrb
különbségek	noun
izgultam	vrb
családjaink	noun
jelenetek	noun,adj
nyitottad	vrb
tudunk-e	vrb,adv
programokat	noun
urad	noun
söröm	noun
lakhatsz	vrb
helyetekre	noun
családodhoz	noun
ugorjatok	vrb
leggyakoribb	adj
nősz	vrb
mondhatná	vrb
válasszanak	vrb
várba	noun
d-de	UNK
cselekvés	vrb,noun
ablakát	noun
droid	noun
jázmin	noun
együk	vrb
pszichikai	adj
kosárban	noun
eszközei	noun
hűtsd	vrb
ebédlő	noun
szövetek	vrb,noun
harcmezőn	noun
félreérti	vrb
kalandok	noun
civilizációt	noun
fokozza	vrb,noun
különbséggel	noun
jelöletlen	adj,vrb
levetted	vrb
meghívjuk	vrb
próbálnám	vrb
rendeznem	vrb,noun
szegtem	vrb
keletkeztek	vrb
mikroszkopikus	adj
legcsodásabb	adj,noun
beszélje	vrb
áthelyeztek	vrb,noun
mozdulattal	noun
köszönhetek	vrb
levadászni	vrb
eshetőségre	noun
pufi	adj
közvetíteni	vrb
életünkből	noun
derekam	noun,adj
papírokkal	noun
amiktől	noun_pron
ömlött	vrb
tábornagy	noun
járkált	vrb
benéz	vrb
templomhoz	noun
tornász	noun
zajlanak	vrb
bűzlött	vrb
elveszítheti	vrb
türelmetlenül	adj
terminál	noun
lemaradtunk	vrb,adj
provokálni	vrb
maradhattam	vrb
visszajönnél	vrb
visszavonták	vrb
egyezkedni	vrb
életfogytiglan	noun
építik	vrb
államokból	noun
pártján	noun
jelmezek	noun
őslakos	noun
csajra	noun
nyugatról	noun
mentor	noun
logikai	adj,noun
tanítási	vrb
zsebedbe	noun
toxikus	adj
haverjaival	noun
lelkű	noun
ásta	vrb
hozzávaló	noun
törekszik	vrb
éltessen	vrb
elindulnak	vrb
kísérletben	noun
elzárni	vrb
emlős	noun,adj
prűd	adj
szerzik	vrb
csavargók	vrb,adj
villával	noun
szöveged	noun
társának	noun
megfogná	vrb
korábbról	adv
felkaptam	vrb
tartalékos	noun
álcázó	vrb,noun
csapással	vrb,noun
hasadék	noun
személye	noun
megelőzi	vrb
fogkefét	noun
kimenőt	vrb,adj,noun
karnyújtásnyira	noun,vrb
ígérték	vrb
megszabadulj	vrb
egója	noun
elővettem	vrb
mandula	noun
válasszunk	vrb
többiről	adj
váltson	vrb
sáska	noun
trade	noun
tényezők	noun
mesterségesen	adj,noun
fényűző	adj
természettel	noun
többségük	noun
feltámad	vrb
poszter	noun
kirúglak	vrb
elhallgattatni	vrb
kamionos	noun
garnéla	noun
ékkő	noun
visszamehetünk	vrb
gyógyítás	vrb
bemetszést	vrb,noun
válnia	vrb
képzeletem	noun
nevessetek	vrb
címeket	noun
alkalmaztam	vrb,noun
kijelentkezett	vrb
tömött	adj,vrb
fáklyát	noun
áruk	noun
sikertelenül	adj,noun
nyomokban	noun
rögzítő	noun,vrb
kalauz	noun
érdeklődő	noun,vrb
elsietni	vrb
engedhet	vrb
elfertőződött	vrb
leteszed	vrb
zaklatnak	vrb
érdekellek	vrb
untatni	vrb
testvéreket	noun
feltételezik	vrb,noun
olyas	adj
kinyírták	vrb
csapjon	vrb
mártást	vrb,noun_prs
mérd	vrb
haveromat	noun
puccs	noun
részvétet	noun
bíróságról	noun
hason	noun
99-es	adj_num
megszerzik	vrb
visszamehetnék	vrb
repülőút	noun
éhesen	adj,noun
gondoskodnod	vrb
változtatták	vrb
tornateremben	noun
középsuliban	noun
asztalára	noun
híradót	noun
fogalmazni	vrb,noun
férfitől	noun
kiszállunk	vrb
aggódtak	vrb
anarchista	noun
tárgyalóban	vrb
körülvesz	vrb
rögzítették	adj,vrb
blöffölsz	vrb
erőszakosan	adj,noun
jogomban	noun
tanszék	noun
hullával	noun
hírű	adj,noun
felhúzott	vrb
érteniük	vrb
máskorra	adv
tesztoszteron	noun
azonosított	vrb
csúcsot	noun
gének	noun
elvittél	vrb
vendégnek	noun,adj
kiadások	noun,vrb
szavazati	noun
stílusát	noun
sík	noun,adj
lovad	noun
étele	noun
idehallgasson	vrb
szerencsétlent	adj,noun
gondolataiban	noun
beszorultam	vrb
ósdi	adj
szőnyegre	noun
sokoldalú	adj,adj_num,noun
felteszi	vrb
suttyó	noun,adj
kezükbe	noun
művem	noun
genfi	noun_prs
táncparketten	noun
forgás	vrb,noun
barátkozik	vrb
randinkon	noun
cirkáló	vrb
gyökere	noun
megkóstolni	vrb
hírnevemet	noun
összefogunk	vrb
felöltözöm	vrb
ízületi	noun
rejtélyek	noun
megmosom	vrb
tudor	noun
gondolkoznom	vrb
királyra	noun,adj
beengedtem	vrb
abszurdum	noun
autójába	noun
háttere	noun
következmény	noun
kütyü	noun
bizonyítsuk	vrb
ürítsék	vrb
találomra	adv
szökést	vrb
válasszatok	vrb
elfoglaljuk	vrb
1-kor	adj_num
köntöst	noun
létfenntartó	noun,vrb
társalogni	vrb
informált	adj,vrb
árulkodik	vrb
elkísérni	vrb
visszakaptad	vrb
láthatólag	adv
holmim	noun
megbocsájtasz	vrb
mindezzel	noun_pron
nézheti	vrb
völgyében	noun
köröz	vrb,noun
melyikkel	noun_pron
történetedet	noun
belföldi	adj,noun
feltételei	noun
farkasszemet	noun
ritkák	adj
csudát	noun,adj
hibázol	vrb,noun
cikkek	noun
hivatás	noun
szándékaim	noun
kimenteni	vrb
mászol	vrb
álomnak	noun
csavarhúzót	noun
munkahelye	noun
kapcsolatait	noun
esedezem	vrb
csinálhattam	vrb
vonzzák	vrb
ipart	noun
orchidea	noun
mániája	noun
lenyomatot	noun
vallomásom	noun
főzz	vrb
különböztetni	vrb
pusztít	vrb
belülre	post,adv
fiókba	noun
elkészültek	vrb,adj
bölény	noun
papírmunkával	noun
nagyobbik	adj
jelenlét	noun
leggonoszabb	adj
biztosítalak	vrb
áltasd	vrb
vérbe	noun
meghallgatod	vrb
elkapnunk	vrb
folytathatod	vrb
500-at	adj_num
esetnél	noun
könnyei	noun
zenéhez	noun
kasmír	noun
öccsével	noun
kellettem	vrb
megcsókolom	vrb
megváltozzon	vrb
feladjam	vrb
fogalmazva	vrb,noun
próbaidő	noun
lerendezem	vrb,noun
jobbal	adj,noun
nyakamban	noun
szüzek	adj,noun
napfelkeltét	noun
pirulák	noun
megveszik	vrb
atyavilág	noun
lövésre	vrb,noun
dózis	noun
áramkör	noun
lopj	vrb
nyarán	noun
beletartozik	vrb
kövét	noun
kideríti	vrb
legősibb	adj,noun
kiszúrt	vrb
emelkedj	vrb
mindnyájunk	noun_pron
vallom	vrb
elfogadsz	vrb
professzionális	adj
keverjük	vrb
lépcsőkön	noun
sláger	noun
párhuzamosan	adj,noun
gyötrelmes	adj,noun
változtathatunk	vrb
3d-s	noun
menyasszonyát	noun
pénztárcámat	noun
jeleneteket	noun,adj
s-ba	noun
ismernék	vrb
kioktatni	vrb
másodpercek	noun
őrültségeket	adj
megházasodsz	vrb,noun
félne	vrb
lelkeden	noun
félidő	noun
lézeres	noun
ásunk	vrb
nőnemű	adj,noun
jelentünk	vrb
tapsi	noun
nyomor	noun
vigyorogsz	vrb
rejtegetnek	vrb
hüvelykujj	noun
szükségszerű	adj,noun
antiszociális	adj
megcsókolja	vrb
turnén	noun
kormányának	noun
statikus	noun,adj
utazzunk	vrb,noun
rozsda	noun
kereshetsz	vrb
mestermű	noun
éneklést	vrb,noun
szolgáltál	vrb
ajándékokkal	noun
kössük	vrb
hangerőt	noun
rágd	vrb
nyuszit	noun
hangszeren	noun
átküldte	vrb
ősei	noun
rakjam	vrb
fiához	noun
győztest	noun,adj
szórakoztatás	vrb
hallgattad	vrb
kába	adj
szövetségre	noun
végezzetek	vrb,noun
bevétele	noun
kutatunk	vrb
piszkálja	vrb
figyelme	noun
szúrós	vrb
kettesen	noun,adj
hajában	noun
dőlök	vrb
sóval	noun
seggnyaló	noun,vrb
vizsgálatnak	noun
fölöttem	noun_pron
aludnál	vrb
ítélkezik	vrb
sorsra	noun
változtathatsz	vrb
indítsák	vrb
profilját	noun
bármiért	noun_pron
csontvelő	noun
megelőzte	vrb
különlegesség	adj
újévet	noun
megvárod	vrb
versenyről	noun
elvigyenek	vrb
forgalomba	noun
olvastuk	vrb
ellenőrzésen	vrb,noun
innunk	vrb
ásványi	adj,noun
voltak-e	vrb,adj,adv
országunkban	noun
köszönjünk	vrb
lapja	noun
értsék	vrb
szülinapodra	noun
aorta	noun
múltról	noun,adj,vrb
elvonón	vrb
kezeskedem	vrb
hazajutni	vrb
elvei	noun
teljesítek	vrb
halandzsa	noun
visszafordítani	vrb
tréfálsz	vrb
egyensúlyát	noun
vérontást	noun
közvetít	vrb
elégettem	vrb
lehúztam	vrb
pekingi	noun,noun_prs
egyenletes	adj,noun
békéért	noun
kiszedjük	vrb
harcosai	noun,adj
párosítás	vrb,noun
felhatalmazást	noun,vrb
lenyúlni	vrb
letétbe	noun
gimnáziumi	adj,noun
öregeket	adj
energiaforrás	noun,vrb
tau	noun
megfelelnek	vrb
küzdenünk	vrb
megbíznak	vrb
karral	noun
bagázs	noun
nagyvárosi	noun
megölnének	vrb
halasszuk	vrb
hegyén	noun
beszélgetésem	noun,vrb
túlélt	vrb
fejezték	vrb,noun
főpap	noun
beszédeket	noun
másoló	vrb
izguljon	vrb
éreztétek	vrb
befagyott	adj,vrb
szabadnapom	noun
készülődni	vrb
megjavítja	vrb
körzetbe	noun
fölöslegesen	adj,noun
üvölteni	vrb
államtitkár	noun
lepke	noun
vének	adj
marknak	noun
beveszed	vrb
gyűltek	vrb
dugig	adv
kedvességet	adj,noun
személyazonossága	noun,adj
gyerekhez	noun
épületében	noun
tájékoztatja	vrb,noun
férfié	noun
zuhanyzó	vrb,adj
utazz	vrb,noun
megzavart	adj,vrb
ügyén	noun
lezajlott	vrb
generációja	noun
elveszni	vrb
megbízhatóak	adj,vrb
púpos	adj,noun
kaszkadőr	noun
löket	noun,vrb
hemzsegnek	vrb
citrommal	noun
néhányukat	adj
zártuk	vrb
bulid	noun
tárgyalási	noun,vrb
deríthetjük	vrb
lányokhoz	noun
asztalunk	noun
nyolcéves	adj_num,noun
előveszem	vrb
nyalóka	noun
eltünteti	vrb
kincsek	noun
testhez	noun
álmodat	noun
megivott	vrb,adj
kimerültek	vrb,adj
örvend	vrb
kiterjedő	vrb
testedben	noun
kiestem	vrb
időkön	noun
lekéste	vrb
emberölésért	noun
gyászos	adj,noun
megtartsam	vrb
eshetett	vrb
celeb	noun
bepötyögte	vrb
ecstasy	noun
visszatérjek	vrb
menyem	noun
randa	adj
fogorvosi	noun
utánanézni	vrb
5-ig	adj_num
odaviszem	vrb
születésed	vrb
elijeszteni	vrb
némelyek	adj_wh
megnyomni	vrb
lenyűgözően	noun,vrb
megismételnéd	vrb
botlottam	vrb
megbotlottam	vrb
megromlott	adj,vrb
változtatást	vrb
ártalom	noun
vizsgám	noun
rettegnek	vrb
vallomással	noun
bizonyítvány	noun
kínozták	vrb,noun
kísérjem	vrb
legeslegjobb	adj,noun
fenyegetnek	vrb
nyílást	vrb
kabint	noun
peng	vrb
megközelítőleg	adv
lefújták	vrb
lakosztályban	noun
ítélete	noun
palit	noun
utamban	noun
bokorban	noun
viselj	vrb
bálvány	noun
díjra	noun
torok	noun
támogatsz	vrb
nejemmel	noun
bűnözővel	noun,vrb
holmik	noun
étvágyad	noun
kirohant	vrb
ketrecet	noun
hálózaton	noun
elegünk	adv,noun
trendi	adj,noun
dinnyét	noun
élvezték	vrb
energiád	noun
kezünkbe	noun
elveszítse	vrb
kérdezhetnék	vrb
átvegyem	vrb
manus	noun
kijönnél	vrb
esküdtszéknek	noun
mocsárba	noun
engedtél	vrb
dugok	vrb
helyezkedik	vrb
hasznodra	noun
halálukat	noun
aratás	vrb
befuccsolt	vrb
póz	noun
mosolyát	noun
felkerestem	vrb
kedveseim	adj,noun
megkímélem	vrb
álcázza	vrb,noun
bűneidet	noun
sikerül-e	vrb,noun,adv
gyakorolnak	vrb
megijesztettem	vrb
idegesíts	vrb,noun
kezelhetetlen	adj,vrb
építenünk	vrb
elvárások	vrb
pattanás	noun,vrb
üzlettársak	noun
fehérjét	noun,adj
főnököddel	noun
főbérlő	noun
megmenthetem	vrb
botanikus	noun,adj
terhére	noun
fecsegés	vrb
kihaltak	vrb,adj
lemezen	noun
rabszolgát	noun
eljöttök	vrb
télapót	noun
évnél	noun
használhatót	adj,vrb
élnének	vrb,noun
befejeződik	vrb
szorította	vrb
jelvényed	noun
alakított	vrb
megvesztél	vrb
főzzek	vrb
szánja	noun,vrb
takaros	adj
akadályokat	noun
ihatunk	vrb
lekapcsolták	vrb
értesítelek	vrb
ürülék	noun
világegyetemben	noun
szobafogságban	noun
decemberben	noun
hazáért	noun
bankokat	noun
faházban	noun
nyomtad	vrb
hagyhatunk	vrb
óhajtod	vrb
gyerekért	noun
nevei	noun
íródott	vrb
adatbázisában	noun
nézzél	vrb
hackerek	noun
megtanuljuk	vrb
táplálkoznak	vrb
kötelességemet	adj,noun
zabkását	noun
fajunk	noun
jegyzetei	noun
egységét	noun
reagáltak	vrb
ajka	noun
intéz	vrb
traumatikus	adj
diplomája	noun
tanyát	noun
csókolózás	vrb
kommunizmus	noun
megtisztelne	vrb
torkában	noun
találhatnánk	vrb
focicsapat	noun
káposztát	noun
igazságosan	adj,noun
megvár	vrb
barátságban	adj
sziklaszilárd	adj
kötődni	vrb
csapatkapitány	noun
terhét	noun
áramütés	noun,vrb
védtelenek	adj
nemkívánatos	adj
utalást	vrb
megengedted	vrb
holttesttel	noun
kereskedés	vrb
6-ra	adj_num
köszönteni	vrb
eljönnöm	vrb
tolom	vrb
átgondoltad	vrb
megbízunk	vrb
barátjától	noun,adj
megnevettet	vrb
küldés	vrb
bevitt	vrb
sokkolta	vrb
városházára	noun
megöltünk	vrb
vadásztak	vrb
orvosokkal	noun
jelentésében	vrb
építkezést	noun,vrb
lázadókat	vrb
kuncog	vrb
tetszettél	vrb
bejáraton	noun
maffiózó	noun
gyújtott	vrb
rálőttek	vrb
szemkontaktust	noun
vidámpark	noun
koporsóba	noun
farokkal	noun
asszisztenst	noun
némelyikük	noun_pron
szerethet	vrb
tandíjat	noun
ügynökként	noun
figyelmeztettél	vrb,noun
félhold	noun
melyekkel	adj_wh
kölcsönadtam	vrb
lenyúltam	vrb
közkedvelt	adj
szilveszterkor	noun
táncoltak	vrb
eltemetett	vrb
aláírnád	vrb
pénzeket	noun
átvészeljük	vrb
bambusz	noun
bárkiben	noun_pron
ördögről	noun
farmja	noun
bekapcsol	vrb
táskámba	noun
anyukájával	noun
hátsóm	adj
sújtotta	vrb
hajójára	noun
viselkedjek	vrb
megbeszélnivalónk	noun
orvosin	adj,noun
cserélnünk	vrb
vezetésért	noun,vrb
bűnbakot	noun
kergetett	vrb
receptre	noun
ütközet	noun
hatalmában	noun
nyitjuk	noun,vrb
főnökük	noun
7-én	adj_num
mérgezni	vrb,noun
valóságtól	noun,adj
imádkozzatok	vrb
megállsz	vrb
játszották	vrb
teremtménye	noun
megnövekedett	adj,vrb
vezetőre	noun,adj,vrb
küzdelemre	noun
készültség	adj,vrb
döntéseit	noun,vrb
megmentője	vrb
műszerek	noun
értékelte	vrb
kicsinál	vrb
álmodtad	vrb
irányában	noun
parkolót	vrb
éreznél	vrb
sötétségből	adj
vacsoráját	noun
gépházban	noun
lakásokat	noun,vrb
jelenlétem	noun
mérhetetlenül	adj,vrb
felmérni	vrb
kitartunk	vrb
objektum	noun
bárányok	noun
részünkről	noun
44-es	adj_num
lenyelt	vrb
kinyitják	vrb
felszedett	vrb
füzetet	noun
pletykálják	vrb
browning	noun
rémálmod	noun
kényszerítsen	vrb
fogadására	vrb
buszok	noun
végződhet	vrb
felkelti	vrb
javít	vrb
esküvőnkön	noun,vrb,adj
történelmünk	noun
karbantartás	vrb
cicát	noun
jelentéssel	vrb
mozdítani	vrb
akarhatsz	vrb
digó	noun
megkérjem	vrb
ráveszi	vrb
elbuktál	vrb
kavarni	vrb
sárkányharcos	noun
testből	noun
shop	noun
cetli	noun
behozott	vrb
leugrani	vrb
leszállok	vrb
akvárium	noun
űrhajón	noun
nyögd	vrb
cseréljük	vrb
fúziós	noun
bízzanak	vrb
bántottál	vrb
angliai	noun_prs
beleszeret	vrb
leszálló	vrb
tálca	noun
megvásárolni	vrb
tartozás	vrb
sütsz	vrb
arizonai	noun_prs
országúton	noun
drágának	adj
aura	noun
megüti	vrb
uralta	vrb
rendőrautó	noun
hinnénk	vrb
megállítson	vrb
gyilkosának	adj,noun
gombák	noun
kicsikarni	vrb
orrú	adj,noun
útvonalát	noun
szója	noun
dolgozza	vrb,noun
ismeretlenek	adj,vrb
elhalt	adj,vrb
játszanék	vrb
visszahozott	vrb
elhívni	vrb
rizsát	noun
rendíthetetlen	adj,vrb
hurkot	noun
bivaly	noun
harmadéves	noun
előőrs	noun
tévedni	vrb
elpusztulnak	vrb
félmeztelenül	adj
maminak	noun
bizalmukat	noun
gimnazista	noun
megégette	vrb
illeszkedni	vrb
köztes	adj
sejtésem	vrb
ledobta	vrb
szemeidben	noun
történetre	noun
rablásról	noun
vesztegettem	vrb
reklámokat	noun
játsszam	vrb
laborjában	noun
orrba	noun
betölti	vrb
vállalkozása	noun,vrb
bekötni	vrb
daganatot	noun
viktoriánus	adj
látogatnom	vrb
tartsalak	vrb
vezérel	vrb
napért	noun
nyelvüket	noun
megijesztette	vrb
kislányát	noun
törölt	vrb
ültettem	vrb
karaktere	noun
kimászott	vrb
érhető	vrb
nincstelen	adj
kóstolót	vrb
szórakoztat	vrb
iránya	noun
egyszerűbben	adj,adj_num,noun
szirénát	noun
kölcsönadni	vrb
kibújni	vrb
fonttal	noun,adj,vrb
végénél	noun
módszerét	noun
vadidegen	adj
próbálkoztak	vrb
stabilan	adj
programra	noun
falni	vrb
indítás	vrb
felmentést	noun,vrb
szabadságod	noun,adj
gyártmány	noun
pisil	vrb
szokásai	noun,vrb
derítsétek	vrb
alkalmasak	adj,noun
szakadás	vrb
óvd	vrb
halhatatlanná	adj,vrb
nehezedre	adj
létszám	noun
felemelem	vrb
munkahelyet	noun
ollóval	noun
magok	noun
erőszakosak	adj,noun
amikhez	noun_pron
karokat	noun
műalkotás	noun
valamelyest	con,adj
boldogságtól	noun,adj
szembeszáll	vrb
32-es	adj_num
adásunkat	vrb
frizurája	noun
teherautóval	noun
élniük	vrb
edzel	vrb
megsérüljön	vrb
vontam	vrb
azonosítva	vrb
erőltette	vrb
közeledbe	noun
ilyesmibe	noun_pron
hazafutás	vrb
drónok	noun
vízálló	adj
apjukat	noun
nagyapának	noun
kérdeztük	vrb
felébrednek	vrb
szarakodj	vrb
döntjük	vrb
törzsfőnök	noun
zenében	noun
kimmel	noun_pron
megvesztegetés	noun,vrb
tartóztatta	vrb,noun
viselkedjünk	vrb
győzök	vrb
késztetett	vrb
bejutok	vrb
érdeklődnék	vrb
árban	noun
leplet	noun
távozol	vrb,noun
tradíció	noun
szivárgott	vrb
járdára	noun
végetek	noun
jogsim	noun
megvéded	vrb
megtudnod	vrb
nevének	noun
mamával	noun
rendszerük	noun
gyerekkorod	noun
fordítása	vrb
megvoltunk	vrb
fekszünk	vrb
tervnél	noun
csempészni	vrb
állniuk	vrb
cikkben	noun
kettőjük	adj_num
mindannyiuk	adj_num_wh
szopd	vrb
repültél	vrb
dobozos	adj,noun
árultál	vrb
iskolánál	noun
készítsük	vrb
felhívná	vrb
érdeklődési	noun,vrb
átgondoljam	vrb
mosogatni	vrb
tevékenységek	noun,adj
hangmérnök	noun
titkolja	vrb
pusztult	vrb
lenyugodni	vrb
jelenlétével	noun
balerina	noun
egyértelműek	adj,adj_num,noun
versenyezzünk	vrb,noun
testeddel	noun
elütni	vrb
halhatatlanok	adj,vrb
savat	noun
kérdéseim	noun,vrb
egyeztetni	vrb
felnézett	vrb
kijárathoz	noun
áldottak	adj,vrb
keretet	noun
kövérek	adj
megütsz	vrb
láthatóvá	vrb
értelmi	adj,noun
kutatásom	noun,vrb
töltsétek	vrb
szállnia	vrb
ráébredtem	vrb
keddi	noun
kialszik	vrb
sulis	noun
ösztönei	noun
csesszék	vrb
szilikon	noun
elrendelem	vrb
szteroidok	noun
letartóztatást	noun,vrb
kérdezősködtem	vrb
földünket	noun
ötvenet	adj_num
vakond	noun
aggodalmat	noun
megőrizzük	vrb
akarattal	noun
körmöm	noun
unoka	noun
értékeset	adj,noun
becsülni	vrb
moccanj	vrb
piálni	vrb
franciákat	noun,adj
óceánok	noun
leánykori	adj
ütések	vrb
geológiai	noun
oldotta	vrb
lejössz	vrb
rendőrnő	noun
szerencséjét	noun
hajóba	noun
írhatsz	vrb
fejlődését	noun,vrb
kapcsolatunkban	noun
bogyót	noun
ellátó	vrb,adj
körön	noun
salim	noun
felhasználtam	vrb
szíveket	noun
enyémből	noun_pron
megfelelőbb	vrb,adj
torkodat	noun
földműves	noun
levét	vrb,noun
készíthetek	vrb
mutassalak	vrb
visztek	vrb
dühítő	vrb
magyarázzak	vrb
szoknyája	noun
szívtipró	noun
7-re	adj_num
terroristáknak	noun
módszereit	noun
állampolgári	noun
nyújtja	vrb
kiadása	noun,vrb
rátaláltak	vrb
semennyi	adj_num_wh
fogant	vrb
motorozni	vrb,noun
társamnak	noun
megbíztak	vrb
viszonyok	noun
dolgozzam	vrb,noun
huligánok	noun
elkészülni	vrb
esküvőket	noun,vrb,adj
javaslatát	noun
esem	vrb
elmenekülsz	vrb
problémáik	noun
csókolóztam	vrb
bizonyítékai	noun
líra	noun
értene	vrb
aknát	noun
anális	adj
repülőgépen	noun
hibázunk	vrb,noun
tartalmaznak	vrb,noun
cégemet	noun
tojva	vrb
vérnyomását	noun
sikló	noun,adj,vrb
megfenyegettek	vrb
összegyűjtöttem	vrb
újrakezdés	vrb
repedt	vrb,adj
felvételről	noun
alkotják	vrb
szánalmasnak	adj,noun
méretes	noun
hordják	vrb
fülek	noun
apróbb	adj
vívni	vrb
készülő	vrb
szüleiket	noun
legjelentősebb	adj,vrb
adományokat	noun
s-be	noun
reaktort	noun
kijöjjön	vrb
kitaláltuk	vrb
teljessé	adj
kliens	noun
kihallgattam	vrb
vigyort	noun
süllyedünk	vrb
akárhogyan	adv,adj
drogokról	noun
célpontra	noun
megvádolt	vrb
kimosni	vrb
muskétás	noun
megjátszotta	vrb
kihozzák	vrb
szemöldök	noun
vitatkozott	vrb
tanulniuk	vrb
vetik	vrb
flótás	noun
játszanál	vrb
lazább	adj
csukjátok	vrb
lángba	noun
tiszttel	noun
félnótás	adj,adj_num,noun
kísérem	vrb
odajön	vrb
pecsétje	noun
dolgainkat	noun
eltitkolta	vrb
egészségét	noun,adj
védekezésre	vrb
lemész	vrb
ugró	noun,vrb,adj
fejlődnek	vrb
2005-ben	adj_num
diszkrimináció	noun
megtarthatjuk	vrb
őrei	noun
fellépő	vrb
tízen	adj_num
feldobta	vrb
megfulladni	vrb
kössétek	vrb
papája	noun
megszületni	vrb
jelents	vrb
megmentesz	vrb
unokatestvérek	noun
kihúzod	vrb
bántanálak	vrb
fecskendő	noun,vrb
kapitányság	noun
megijedtek	vrb,adj
szárnyaim	noun
leviszem	vrb
börtönre	noun
önét	noun
kicsinálom	vrb
kitartasz	vrb
megjártam	vrb
amilyeneket	adj_wh
madárnak	noun
péniszem	noun
alakítás	vrb
díva	noun
észreveszed	vrb
váglak	vrb
tanácstalan	adj,noun
szűrő	noun,vrb
támadna	vrb
járkálsz	vrb
belét	noun
végeztük	vrb,noun
pohárköszöntőt	noun
birtoklás	vrb
tetthelyre	noun
gyakorlatra	noun
visszamehet	vrb
tanácsadót	noun
mikroszkóp	noun
feküdjek	vrb
ráesett	vrb
100-at	adj_num
beperelni	vrb
jegyzetet	noun
merevlemezt	noun
címek	noun
tüneteit	noun
alapok	noun
kasper	noun
négyéves	adj_num,noun
elhunytak	vrb,adj
tehető	vrb
kerülnöd	vrb
kipróbálja	vrb
engedélyemet	noun
otthagyták	vrb
mozgalmat	noun
ragályos	adj,noun
jelmezed	noun
vázlat	noun
szerencsésen	adj,noun
lakótársa	noun
kirúgja	vrb
mutatnék	vrb
szívtál	vrb
szamurájok	noun
igényes	adj,noun
prémium	noun
kergette	vrb
bolondozz	vrb,noun
bőrömet	noun
bejutottak	adj,vrb
hősei	noun
kerülte	vrb
világíts	vrb
megfertőzött	vrb,noun
tetem	noun
elad	vrb
eseményekről	noun
gyakorlatokat	noun
hagytatok	vrb
amelyekkel	adj_wh
bejárónő	noun,vrb
detroiti	noun_prs
albán	noun,adj
vérnyomokat	noun
mondanának	vrb
cselekedtünk	vrb
kirúgtad	vrb
gyilkosságnál	adj,noun
barátnői	noun
örökségem	adj
litert	noun
felindulásból	noun,vrb
feljegyzéseit	vrb,noun
megfizettem	vrb
vásárolsz	vrb
hevernek	vrb
zárhatjuk	vrb
példánya	noun
emlékbe	noun
feladott	adj,vrb
ajánlották	vrb
kiírva	vrb
behoztak	vrb
feldühített	vrb
felhasználom	vrb
étkezést	vrb,noun
nyálkás	adj,noun
ismétlődik	vrb
beadott	adj,vrb
megvédj	vrb
átadták	vrb
veszítenek	vrb
szorulnak	vrb
agyag	noun
alkalmasnak	adj,noun
rovarokat	noun
tanulhatunk	vrb
becsüli	vrb
diákjai	noun
művészetek	noun
elmagyaráznád	vrb
idéztem	vrb
bordát	noun
képregényeket	noun
rajtaütést	vrb
erősítő	noun,vrb
plakátot	noun
heteken	adj_num,noun
támadását	vrb
váltanak	vrb
fűrészt	noun
tisztelsz	vrb
mintája	noun
állítsunk	vrb
védelemnek	noun
bárokban	noun
zárul	vrb,noun
márkás	noun
gladiátor	noun
megkezdte	vrb
fagyasztó	vrb
képzést	vrb,noun
várhatja	vrb
segítségetekre	noun
bekötött	vrb
csacsi	noun,adj
kopó	noun,vrb
övével	noun_pron,noun
februárban	noun
kétszemélyes	adj_num,noun
megállapítottuk	vrb
szenvednie	vrb
rosszabbodott	vrb
dollárnál	noun
fegyőr	noun
haljanak	vrb
vécébe	noun
céltalanul	adj,noun
péniszt	noun
templomnak	noun
mértékét	noun,vrb
összehozza	vrb
zulu	noun,adj
felnőttünk	vrb,noun
egyetérteni	vrb
történész	noun
kiabáltál	vrb
súlyosak	adj,noun
megöléséhez	vrb
karamellás	noun
látomásaim	noun
kísérője	noun,vrb
táplálékot	noun
belevágni	vrb
hónapokba	noun
ligája	noun
engedelmeskedem	vrb
tisztázta	vrb
elázott	adj,vrb
dózist	noun
túlbuzgó	adj,vrb
gabonát	noun
tudhatsz	vrb
ebédeljünk	vrb
egymilliárd	adj_num
telefonáló	vrb
csodálkozik	vrb
teória	noun
fokozatú	noun
szomjan	adv
megtudjátok	vrb
támasztani	vrb
legmegbízhatóbb	adj,vrb
technikák	noun
készültségben	adj,vrb
elsétálok	vrb
tűztől	noun
megcsókolhatod	vrb
hátrány	noun
harmadikos	noun
keringenek	vrb
mentened	vrb
pillangók	noun
lámpaoltás	noun,vrb
200-at	adj_num
testrészeket	noun
kísérte	vrb
cafatokra	noun
zseblámpát	noun
pin	noun
fajult	vrb
fejlesztette	vrb
kvíz	noun
élesben	adj,noun
jutalmad	noun
megértitek	vrb
észreveszem	vrb
megerősítik	vrb,noun
szele	noun
határozatot	noun
nyelvünket	noun
ebédeltünk	vrb
újjászületett	adj,vrb
fontossági	adj,noun
szorulok	vrb
hadműveletet	noun
jelentősebb	adj,vrb
matematikus	noun
hordanod	vrb
megpróbálhatod	vrb
hangjára	noun
liheg	vrb
elkövet	vrb
előételt	noun
engedelmeskednek	vrb
megjelenjen	vrb
sugarat	noun
folyóparton	noun
mikulást	noun
sátorba	noun
berakni	vrb
mészárlást	vrb,noun
elveszve	vrb
főhadiszállása	noun
szteroid	noun
bebizonyítottad	vrb
alakokat	noun
címemet	noun
karon	noun
szeretnem	vrb
félreértést	noun,vrb
azonosítja	vrb
fülemben	noun
elnyomni	vrb
feldobott	vrb
takarodjanak	vrb
fennmaradó	vrb
járőrözni	vrb,noun
űrlény	noun
feldugom	vrb
kiürítették	vrb
előírt	vrb
hasznod	noun
térképek	noun
démonnal	noun
kizártak	vrb
hallgattasd	vrb
kijáratokat	noun
keverem	vrb
hívatlanul	adj,vrb
afroamerikai	adj
kedvese	adj,noun
rehabra	noun
nőn	noun
növekedni	vrb
italod	noun
elfelejteném	vrb
kurzus	noun
ilyenfajta	adj
kisgyerekek	noun
mérjük	vrb
lámpánál	noun
plátói	adj
lavina	noun
átmenet	noun
hozva	vrb
n.	noun
falnál	vrb,noun
elrejtették	vrb,adj
rúgják	vrb
kutatnunk	vrb
foglalkoztak	vrb
idehozták	vrb
roncsot	noun
hosszútávon	noun
óvintézkedéseket	noun
szerezzem	vrb,noun
megmagyarázok	vrb
visszanyerni	vrb
zuhanyoztam	vrb,noun
kiránduláson	vrb
szerelmünket	noun
megáldva	vrb
szíveddel	noun
szezám	noun
tapasztaltabb	adj,vrb
vérük	noun
üzletasszony	noun
vélték	adj,vrb
rágcsáló	noun,vrb
változatát	noun
kiterjed	vrb
hajónapló	noun
randinak	noun
leírtad	vrb
kaphatna	vrb
tervezési	vrb,noun
hitelkártyája	noun
helyzetük	noun
alt	noun
felbukkannak	vrb
tulajdonságai	adj
űzöl	vrb
szüleimhez	noun
erőteret	noun
veséje	noun
színészkedni	vrb
váltsd	vrb
etess	vrb
betépve	vrb
megmentéséért	noun,vrb
okkult	adj
súgják	vrb
útjukba	noun
működtetni	vrb
kezelnünk	vrb
sportban	noun
elvedd	vrb
bűnét	noun
bekapcsoltam	vrb
detonátort	noun
x.	noun,adj_num
osztoznak	vrb
alkotó	noun,vrb
telefonáljak	vrb
kurázsi	noun
kamrai	noun
tanulmányozom	vrb,noun
suttog	vrb
hallatszott	vrb,adj
legénységgel	noun
társra	noun
futnunk	vrb
lemásolni	vrb
21-es	adj_num
gondoskodnunk	vrb
hozzáállással	vrb
működj	vrb
feltüntetni	vrb
sajátodat	adj
infarktust	noun
vakációt	noun
szikrát	noun
mobilok	noun,adj
élénken	adj
meghívták	vrb
köthetünk	vrb
kíméletlen	adj,vrb
eresszék	vrb
múlásával	vrb
felhasználhatjuk	vrb
segítségüket	noun
kisfiúnak	noun
csalásért	vrb,noun_prs
klíma	noun
részmunkaidőben	noun
stabilizálni	vrb
szakmailag	noun
kiszedtem	vrb
zsiráf	noun
hozzátartozik	vrb
ártasz	vrb
szerepelek	vrb
hiúság	adj
beijedt	adj,vrb
tervbe	noun
költenek	vrb
szándékát	noun
mozgássérült	noun,adj
beszédemet	noun
mesebeli	adj,noun
férjére	noun
érzékelni	vrb
erősebbet	adj,noun
kenetet	noun
próbálnék	vrb
késeket	noun
tárolja	vrb
kusza	adj
hadviselés	noun
évből	noun
esetnek	noun
környékét	noun
vihetek	vrb
talpát	noun
lelépnek	vrb
megérdemlitek	vrb
beteszi	vrb
tűzből	noun
szegénységben	adj
oké-zsoké	UNK
fráter	noun
fejesek	adj,noun
aludna	vrb
akasztás	noun,vrb
csempészek	vrb,noun
kifogytak	vrb
körbevezetlek	vrb
vizsgálták	vrb
idehoznád	vrb
kivizsgálásra	noun,vrb
emberség	noun
adódtak	vrb
szaglászni	vrb
vetették	vrb
himnuszt	noun
egyezségre	noun
vitának	noun
csodagyerek	noun
szóltatok	vrb
kapásból	vrb,noun
elvárod	vrb
utazáshoz	noun,vrb
akadémiai	adj,noun
olyasmivel	noun_pron
motelban	noun
uralmát	noun
átalakítás	noun,vrb
állítottuk	vrb
bárkitől	noun_pron
elestél	vrb
vadászom	noun,vrb
érdemelne	vrb
előrelátó	vrb,adj
betegséged	noun,adj
00-ig	adj_num
hazatérni	vrb
dalomat	noun
átlépted	vrb
szándékait	noun
kincseket	noun
leli	vrb
elleszünk	verb
szigeteken	noun
újságírói	adj,noun
megbukik	vrb
szeretetem	noun
szerencsémre	noun
fülbemászó	noun,adj
szakácsok	noun
hírekbe	noun
perzselő	noun,vrb
törvényszékiek	adj,noun
gyanakodott	vrb
lusták	adj
örültünk	vrb
félkegyelmű	adj,adj_num,noun
létezése	vrb,noun
sülne	vrb
cseresznyés	noun
ültesd	vrb
küldenie	vrb
másokban	adj,noun
hívatja	vrb
csinálnának	vrb
futólag	adv
beütöttem	vrb
pizsamát	noun
útleveled	noun
fénylik	vrb
szájat	noun
leveszik	vrb
megvakultam	vrb
tüdőgyulladás	noun
zombit	noun
bejelentett	adj,vrb
nyerd	vrb
dönthetsz	vrb
mindegyikőtök	adj_num
szomszédság	noun
észrevettek	vrb,adj
poharak	noun
herpesz	noun
jönnek-mennek	UNK
szállóban	noun,vrb
hibáztassa	vrb,noun
buszmegállóban	noun,adj
genetikus	adj
fegyveredet	noun
etetem	vrb
segíteniük	vrb
könyörgünk	vrb
mellkasában	noun
szobájuk	noun
századból	adj_num,noun
borsót	noun
evakuálni	vrb
csapatért	noun
kergetsz	vrb
nátha	noun
repülésre	vrb
eljuttatni	vrb
jegyében	noun
használhatatlanok	adj,vrb
fuvarra	noun
rendőrként	noun
lehetséges-e	adj,adv
kupleráj	noun
elképesztőek	vrb
hegedűs	noun
megnéznénk	vrb
csövön	noun
magánéletét	noun
eltöri	vrb
csinosnak	adj
trónok	noun
bekaphatod	vrb
tiszteletest	noun
ergo	adv
tőkét	noun
aggódjunk	vrb
tüzérségi	noun
üríteni	vrb
csatabárdot	noun
esten	noun
lekésted	vrb
megdönteni	vrb
vércsoportja	noun
jutnánk	vrb
ruhákra	noun
fával	noun
senkié	noun_pron
megbocsájtok	vrb
népünket	noun
barátainkkal	noun
orgyilkos	noun
régiben	adj
feldobni	vrb
klotyón	noun
visszaküldjük	vrb
erőszakhoz	noun
megnézzék	vrb
mindeddig	adv
felismerés	noun,vrb
írná	vrb
kevesebbel	adj_num
agyba	noun
klausztrofóbiás	noun
birodalmát	noun
változatot	noun
fontold	vrb
vadnyugat	noun
meghívja	vrb
hajónkat	noun
kampányát	noun
lábhoz	noun
adományozott	vrb,noun
észbontó	noun,vrb
elutasítottam	vrb,noun
alva	vrb
elküldöd	vrb
műholdak	noun
raktáron	noun
derítjük	vrb
megígértette	vrb
érvelés	vrb
felfegyverkezve	vrb
befolyás	noun,vrb
játszadozol	vrb
véges	adj,noun
csőben	noun
csúszni	vrb
engednék	vrb
őrségben	noun
kísértésnek	vrb
egységünk	noun
kabinet	noun
órájára	noun
törődve	vrb
pólóját	noun
ketchupot	noun
megtörténtek	vrb
demokráciát	noun
szakítsd	vrb
rákkal	noun
holdfényes	adj
korláton	noun
rájönnöm	vrb
régész	noun
igazgatóhoz	noun,vrb
kicsinálni	vrb
kedvencedet	adj
25-ös	adj_num
egymagában	noun_ref_SG_3
aláírták	vrb
paraziták	noun
nevelkedtem	vrb
komolytalan	adj
költötte	vrb
egyetlenem	adj
település	noun,vrb
eszedet	noun
főparancsnokság	noun
homályosan	adj,noun
bokád	noun
túlóra	noun
főiskoláról	noun
pojáca	noun
magabiztosság	adj
férjemre	noun
gyilkolásra	vrb
elrendezzük	vrb,noun
h-val	noun
öcsédnek	noun
hátulját	noun
álmodozni	vrb
megpróbálna	vrb
szívbe	noun
ölheted	vrb
lesújtott	adj,vrb
egyidős	adj,adj_num,noun
értékelné	vrb
enyémnél	noun_pron
amazon	noun_pron,noun,adj
belezúgtál	vrb
etetnem	vrb
baráttól	noun,adj
fikció	noun
vegyelek	vrb
elégették	vrb
elkéstek	vrb
hiheted	vrb
elcsúszott	vrb
deszkát	noun
osztályelső	noun
tábora	noun
lekváros	noun
várakoznak	vrb
kivitte	vrb
ragadja	vrb
sípot	noun
bőgni	vrb
elköltöztek	vrb
beszarok	vrb
visszavisz	vrb
építve	vrb
kajám	noun
érezzek	vrb
megvitassuk	vrb
eladása	noun,vrb
elfogadná	vrb
bányába	noun
üzeneteimet	noun
papírja	noun
sülhet	vrb
legtöbbünk	adj_num
diliházba	noun
disznónak	noun
bordák	noun
randiztok	vrb,noun
uralkodjon	vrb
emlékezete	noun
szakorvos	noun
fülkéből	noun
ilyenje	adj_wh
harapd	vrb
megzavarodott	adj,vrb
elcsesztük	vrb
aranyért	noun
autóról	noun
napirendi	noun
szagom	noun
végezned	vrb,noun
leszállási	vrb
látványosság	adj,noun
kóddal	noun
kómás	noun
összegyűltek	vrb
bemutattam	vrb
tengerészgyalogság	noun
körét	noun
orrszarvú	noun
kimondhatatlan	adj,vrb
túró	noun,vrb
biciklizés	vrb,noun
kirakott	adj,vrb
fejének	noun
rávetted	vrb
mondaniuk	vrb
munkádról	noun
székből	noun
csávók	noun
otthonunkba	noun
kipróbálok	vrb
lehetőségeim	vrb,noun
foglalás	vrb
hoztátok	vrb
táblákat	noun
sikereket	noun
megváltoztassa	vrb
kitakarítottam	vrb
középkorban	noun
tököt	noun
hajnala	noun
hozó	vrb
elköltöttem	vrb
termelni	vrb
nullát	adj_num
ambíció	noun
kérnélek	vrb
bebizonyítsa	vrb
megdöbbentem	vrb,adj
sajog	vrb
öltöznöd	vrb
lucinda	noun
hagyhatják	vrb
osztottak	vrb
lógtak	vrb
ösztöndíjas	adj,noun
pupillák	noun
irányították	vrb
elvégezze	vrb,noun
elfelejtettétek	vrb
körmeit	noun
maid	adj
miniszterek	noun
vállamra	noun
szeressük	vrb
hencegni	vrb
lejátszani	vrb
megtudtunk	vrb
tetszik-e	vrb,adv
szárnyal	vrb
kóstoltam	vrb
szemtanúkat	noun
hallgattuk	vrb
meggyőzzem	vrb
bízhatnék	vrb
célpontjuk	noun
csuklóm	noun,vrb
szeretetben	noun
ügyvédként	noun
anyagokkal	noun
legkorábbi	adv
megvédenek	vrb
ürítse	vrb
sikerhez	noun
építi	vrb
elbánt	vrb
specializálódott	vrb
háziállat	noun
összehozta	vrb
szeretetről	noun
forgatnak	vrb
engedtük	vrb
nehezítsd	vrb
fájdalmaid	noun
ismételjük	vrb
toborzó	vrb,adj
másoknál	adj,noun
gyermekként	noun
jobbkezes	noun,adj
skandináv	adj
koreaiul	noun_prs
karóra	noun
bú	noun
szoknod	vrb
eloltani	vrb
tönkreteszel	vrb
szarságok	adj
tetteid	noun,vrb,adj
kérve	vrb
fegyverből	noun
kiszáradás	noun,vrb
kenyerünket	noun
beszélhetne	vrb
nőgyógyász	noun
megosztod	vrb
nyújtunk	vrb
levenné	vrb
előzni	vrb
naplójában	noun
plafont	noun
ismerjétek	vrb
fenntartva	vrb
pszichiátert	noun
elbukni	vrb
reagálok	vrb
smárolni	vrb
legrégibb	adj
igazgatóját	noun,vrb
prostituáltak	vrb
értékesítési	vrb,noun
együttműködését	noun,vrb
tájékoztató	noun,vrb
pszichológushoz	noun
lakosai	noun
mércét	noun
lefuttatom	vrb
betörték	vrb
kiáltotta	vrb
kiszabadítom	vrb
teherautóra	noun
elérhetjük	vrb
ellenségeit	noun
sakkozni	vrb,noun
kívántad	vrb
garázsból	noun
kalandos	adj,noun
királlyá	noun,adj
kapcsolataid	noun
könyvelés	vrb
millennium	noun
etnikai	adj
pusztítanunk	vrb
agyalágyult	adj
nősült	vrb
csatlakozzunk	vrb
rövidebbet	adj
2007-ben	adj_num
2004-ben	adj_num
birtokba	noun
páncélterem	noun
epizódot	noun
autókkal	noun
alkalmazunk	vrb,noun
megtanulok	vrb
gyerekeken	noun
hibának	noun
sörös	noun
szónok	noun
fiatalt	adj
fasírtot	noun
visszajöjjek	vrb
jegyünk	noun
kisasszonnyal	noun
fennálló	vrb
egymilliót	adj_num
tamil	noun
halvér	noun
koncepció	noun
segítsük	vrb
átmérőjű	noun,vrb
társunk	noun
szerelmével	noun
puskám	noun
rangja	noun
művelünk	vrb
vacsorád	noun
elrontom	vrb
fejedhez	noun
pattant	vrb
részletekről	noun
megvetem	vrb
bizalmamat	noun
felfalja	vrb
burkolt	adj,vrb
állnának	vrb
vitorlázni	vrb,noun
feneketlen	adj
nagyapámat	noun
szteroidokat	noun
eladók	noun,vrb
atlanti	noun_prs
golyóid	noun
kifutón	noun,vrb
fehéreket	adj
főtitkár	noun
cipővel	noun
omlott	vrb
bogyók	noun
temetését	vrb
nevetség	noun
istenkáromlás	noun
találkozásra	vrb
búvóhelyet	noun
feltételezte	vrb,noun
kenyerem	noun
bankszámla	noun
eminenciád	noun
tárgyalásig	noun,vrb
orvosunk	noun
egyáltalában	adv
pezsgővel	vrb,noun,adj
kazettákat	noun
kicseréljük	vrb
törődést	vrb
tökéletlen	adj,vrb
látogatásra	vrb
zenének	noun
elhelyezett	adj,vrb,noun
bejutottál	vrb
leküzdeni	vrb
kártyára	noun
művét	noun
lehelete	noun
tehetségesek	adj,noun
félelmét	noun
felfedeztük	vrb
emlékeztetőül	noun,vrb
törődjenek	vrb
malária	noun
bamba	adj
elragadtattam	vrb
vállalattól	noun
bezártuk	vrb
esetét	noun
aranyosnak	adj
merevlemez	noun
konkurencia	noun
tanulmányait	noun
vademberek	noun
nevetségesek	adj,noun
kilövésre	vrb,noun
tevékenységét	noun,adj
átváltozni	vrb
delhiben	noun_prs
képedbe	noun
számláján	noun
rühes	adj
sólyomszem	noun
building	noun
emlékmű	noun
kifut	vrb
fellépése	noun,vrb
élném	vrb,noun
bűntudattal	noun
fejvadászok	noun
útjuk	noun
apukámat	noun
iskolákat	noun
csipeszt	noun
terhességet	adj,noun
sapkád	noun
gyönge	adj
szólal	vrb
szarért	noun,adj
honlap	noun
lefoglalni	vrb
repüléstől	vrb
háziúr	noun
örökbefogadási	noun
vágyaim	noun
tüzelnek	vrb
kozmosz	noun
levelemet	noun
érné	vrb,noun
leellenőrizni	vrb
kikezdett	vrb
történtekre	vrb
elindulhatunk	vrb
áthalad	vrb
remekmű	noun
körte	noun
egyedüllét	noun
orákulum	noun
bajnokot	noun
nyaralást	vrb
aukció	noun
remegni	vrb
kockáztatunk	vrb,noun
öntudatlan	adj
elvezetni	vrb
elmenjenek	vrb
közvetítés	vrb
kápé	noun
forráshoz	noun,vrb
velencei	adj,noun_prs
hívatlan	adj,vrb
ittasan	adj
kéreti	vrb
szükségszerűen	adj,noun
2002-ben	adj_num
villog	vrb
lepődtem	vrb
igazgatótanács	noun,vrb
vidámparkba	noun
könyvtári	noun
ismernénk	vrb
mindkettőjük	adj_num
asztalához	noun
szekeret	noun
akiken	noun_pron
bűnöd	noun
őrjítő	vrb
beverem	vrb
kínozta	vrb,noun
menten	vrb,adj
vendéglő	noun
áramkört	noun
szerelt	vrb
int	vrb
volta	noun
törzsvendég	noun
önmagunkat	noun_ref_PL_1
sebes	adj,noun
rendőrőrs	noun
futnod	vrb
akaratos	adj,noun
szívre	noun
zeng	vrb
őrnagynak	noun
szabit	noun
3-án	adj_num
hétbe	noun,adj_num
sulinak	noun
untatlak	vrb
dátumok	noun
szüzességem	noun
kiszárad	vrb
kén	noun
érdekelhet	vrb
rejtőzz	vrb
zuhanunk	vrb
seggén	noun
lemaradva	vrb
jóváhagyása	vrb
hitetlenek	adj
oldalukon	noun
alkalmazzák	vrb,noun
katétert	noun
rothadt	vrb,adj
lefektetni	vrb
bukom	vrb
felségednek	noun
legaranyosabb	adj
konok	adj
vandalizmus	noun
ereszteni	vrb
erőnek	noun
funky	noun
szobafogságot	noun
szakon	noun
dallasi	noun_prs
kábeleket	noun
parancsnak	noun
képében	noun
arcodról	noun
talajon	noun
próbálkoztál	vrb
élvezzem	vrb
integess	vrb
visszatekintve	vrb
próbák	noun
mehessek	vrb
összegű	noun
vihetsz	vrb
nyakamra	noun
biztonsággal	noun
folytatódnak	vrb
garázsában	noun
hallatlan	adj
szerelés	vrb
felszerelésem	noun,vrb
komppal	noun
megtalálásához	noun,vrb
hadseregünk	noun
akadályok	noun
mobiljáról	noun,adj
kivittem	vrb
ápolt	vrb
visszajöhetsz	vrb
testőrt	noun
logikát	noun
sétáltál	vrb
testemmel	noun
választaná	vrb
őrködni	vrb
könyvtárból	noun
üssük	vrb
vezérlés	vrb,noun
tipikusan	adj
omlik	vrb
kivételek	vrb,noun
megkérnélek	vrb
határozat	noun
fogakkal	noun
felkutatni	vrb
kórháznál	noun
kurzust	noun
pusztítja	vrb
hallba	noun
dolgoznánk	vrb,noun
oldozd	vrb
elsüllyed	vrb
kormányok	noun
dühe	noun
kráter	noun
bocsánatért	noun
vacsorám	noun
10-én	adj_num
helyeznek	vrb,noun
energiánk	noun
gyakoroltál	vrb
habos	adj,noun
vérképet	noun
csókollak	vrb
kidobjuk	vrb
hé-hé	UNK
behatoltak	vrb
szerszámot	noun
fogadhat	vrb
harmadikban	adj_num
elérheti	vrb
vigyed	vrb
versenynek	noun
barátjához	noun,adj
mogyorós	noun
érjetek	vrb
felfele	adv
megfelelője	adj,vrb
házasodnak	vrb,adj,noun
optimális	adj
közelükbe	noun
kikérdezzük	vrb
bűneid	noun
fehérben	adj
árultak	vrb
fitt	adj
sérüléssel	noun,vrb
szakemberek	noun
követségen	noun
gondolkoznak	vrb
eltitkolt	vrb
rúgjunk	vrb
pecázni	vrb,noun
előjönnek	vrb
összejöttem	vrb
velejéig	noun
bombáról	noun
felkerült	vrb
látogatását	vrb
megtisztítja	vrb
menekültünk	noun,vrb
mesélem	vrb
pincét	noun
nyerned	vrb
beleegyezését	noun,vrb
csókra	noun
untat	vrb
esélyeket	noun
pofonegyszerű	adj
csaták	noun
fivéred	noun
kihívásnak	noun,vrb
fedezzen	vrb
üde	adj
ösztöneid	noun
kívánjak	vrb
tempóban	noun
alibim	noun
öbölbe	noun
birtokra	noun
érve	noun,vrb
szavakra	noun
immáron	adv
aggódtok	vrb
túlzásokba	vrb,noun
napnyugtáig	noun
láthatok	vrb
takarított	vrb
megismerd	vrb
felhagytam	vrb
adóhivatal	noun,vrb
őskori	adj,noun
diákkal	noun
bálnát	noun
perre	noun
éltük	vrb
felszólítás	noun,vrb
káoszban	noun
felvágta	vrb
adóssága	noun
terveimet	noun
szaladsz	vrb
autószerelő	noun,vrb
bejöttünk	vrb
sértve	vrb
állhatja	vrb
szemtől-szembe	UNK
tóra	noun
megtisztelve	vrb
tudományok	noun
túlról	adv
oldódik	vrb
útlevelek	noun
törvénynek	noun
elérjék	vrb
veleszületett	adj
megismer	vrb
ivászat	noun
baszom	vrb
angyalkám	noun
sajnál	vrb
jegyzet	noun
befolyásolható	vrb
betöréses	vrb,noun
ölnék	vrb,noun
gondolkodást	noun,vrb
sóhaj	noun
megrázkódtatás	noun,vrb
gyerekeitek	noun
idézi	vrb
felkeresem	vrb
civilt	adj
fivéreim	noun
laboratóriumban	noun
megismerje	vrb
cirkuszba	noun
elektromosságot	adj
istállóba	noun
elbocsátották	vrb
meseszép	adj
apacsok	noun
kíváncsian	adj
ellenőrizve	vrb
gonoszságot	adj
javíthatatlan	adj,vrb
túllépte	noun,vrb
ígéretesnek	adj,noun
gondolkodású	adj,noun,vrb
módban	noun
betörők	noun,vrb
csekkel	noun
füzet	noun
mennyezet	noun
őrsöt	noun
inkvizíció	noun
ml	noun
legtávolabbi	adj
81-es	adj_num
formula	noun
kapaszkodik	vrb
fiúcska	noun
kiveszed	vrb
szilva	noun
sarlatán	noun
csészét	noun
biztosítanunk	vrb
hari	noun_prs
besétálni	vrb
bajos	adj,noun
vezessenek	vrb
szöktek	vrb
kampánya	noun
későbbiekben	adv
nyereséget	noun
vidámabb	adj
találkozgatok	vrb
bért	noun
eltenni	vrb
turnét	noun
lepel	noun
indítvány	noun
köszöntő	vrb
pakliban	noun
elmenekültél	vrb
lapát	noun
haditengerészetnél	noun
úszol	vrb
bevásárlóközpontban	noun
meghálálni	vrb
vezetővel	noun,adj,vrb
sorozatgyilkost	noun
cuccokkal	noun
manók	noun
megosztottam	vrb
utalna	vrb
rohadéknak	noun
megköszönte	vrb
járkálni	vrb
elutasítani	vrb,noun
volna-e	vrb,adv
arckifejezés	noun
legtehetségesebb	adj,noun
fogadásokat	vrb
mozgassa	vrb
próbaidős	adj,noun
bejöjjön	vrb
megnéznem	vrb
vörösbort	noun
felsége	noun
könyvesbolt	noun
szemeimmel	noun
erejéből	noun
agyvérzés	noun,vrb
megnősülni	vrb
tornácon	noun
termében	noun
mának	noun
kizárta	noun,vrb
riportere	noun
vastagabb	adj
rávesszük	vrb
iszogatni	vrb
ellenetek	noun_pron,vrb
fedélzetére	noun
világűr	noun
vezetjük	vrb
drónt	noun
képzelnek	vrb
kockázatokat	noun
szirup	noun
életemen	noun
turbó	noun
pofátlan	adj,noun
édesanyámat	noun
ócskavas	noun
ereklyét	noun
macskás	noun
helyből	noun
megrendezte	vrb,noun
becsülje	vrb
káromkodás	vrb
gyilkossága	adj,noun
rovarirtó	noun
delhibe	noun_prs
bejussak	vrb
utamon	noun
ragadunk	vrb
fellépést	noun,vrb
fordítasz	vrb
alelnöki	noun
kínzást	vrb,noun
kijelenthetjük	vrb
ízek	noun
fogamzásgátlót	noun,adj
közelítsen	vrb
évszakok	noun
bennszülöttek	adj
vesztenivalója	adj
lefújta	vrb
bőröndben	noun
orvoslás	noun
elkeserítő	vrb
eltévedtek	vrb,adj
barátnőim	noun
lakóit	noun,vrb
szörnyszülött	noun,adj
mindannyiunkban	adj_num_wh
elraboltad	vrb
régről	adv
vonták	vrb
indító	noun,vrb
fölös	adj
infúzió	noun
robbanások	vrb
lehessenek	vrb
ím	con
motorra	noun
kulcsra	noun
osztozom	vrb
tehetetlenek	vrb,adj
mogyoróvajat	noun
meleged	noun,adj
visszhangzik	vrb
betesszük	vrb
elvinné	vrb
imám	noun
elkészítette	vrb
banános	noun
kicsúszni	vrb
végzetét	noun
gyanúsítottnak	noun,adj,vrb
modelleket	noun
nyitsz	vrb
fogkrém	noun
intézkedj	vrb
betörünk	vrb
megkóstolod	vrb
megesküdtél	vrb
ügynököd	noun
magunkból	noun_ref_PL_1,noun
vizsgálatát	noun
ismertté	adj,vrb
felhúztam	vrb
kussoljál	vrb
vaníliás	noun
négerek	noun
megkérdezné	vrb
szenvedéstől	vrb
kihoztam	vrb
elszúrod	vrb
próbálkozást	noun,vrb
középiskolából	noun
szembenéznie	vrb
léggömb	noun
tűrni	vrb
elmondhatta	vrb
sziklás	adj,noun
meggondolják	vrb
rohannak	vrb
homofób	adj
megcsókollak	vrb
életveszélyben	noun
ijesztőnek	noun,vrb
szén-dioxid	noun
megcsúsztam	vrb
lemondását	noun,vrb
buliját	noun
rángatni	vrb
elvállalta	vrb
portál	noun
győzelmét	noun
visszatérj	vrb
levendula	noun
centes	noun
fűvel	noun
látogatónk	noun,vrb
veszekedjünk	vrb
megsérülsz	vrb
jövővel	noun,vrb,adj
lányaimat	noun
számláról	noun
tájékoztattam	vrb,noun
bonyolultnak	adj
fogakat	noun
öljek	vrb
parkolás	vrb
izzadság	noun
fülledt	vrb,adj
tanuljunk	vrb
élveznéd	vrb
lehetőségekkel	vrb,noun
órádat	noun
gyógyít	vrb
térdig	noun
érdektelen	adj,noun
meghódítani	vrb
félreértettél	vrb
tűrjük	vrb
családtagja	noun
dolgozniuk	vrb,noun
zúg	vrb
öngyújtót	noun
alapították	vrb
mozgunk	vrb
magánzárkába	noun
mellbe	noun
lelkemben	noun
berúgtál	vrb
bűntettet	noun
ugrom	vrb
kormányon	noun
kosárlabdát	noun
kiszabadítjuk	vrb
önjelölt	noun
füstöl	vrb
kitartanak	vrb
eb	noun
vonuljanak	vrb
éveim	noun
megbeszélésünk	noun,vrb
börtönében	noun
juttok	vrb
lángelme	noun
érdekelték	adj,vrb
vérveszteség	noun
rituálét	noun
átalakítani	vrb
kivizsgálni	vrb
szívta	vrb
monitorra	noun
passzolni	vrb
előkészítve	vrb
ismétli	vrb
magasztos	adj
kandúr	noun
átfutott	adj,vrb
helyreállt	vrb
lelkiismeretes	adj,noun
boldogságban	noun,adj
kikérem	vrb
elhiszitek	vrb
énekelünk	vrb
őrvezető	noun,vrb
pártnak	noun
visszább	adv
erőltetem	vrb
helyzetéről	noun
megszokja	vrb
motorosok	noun
dereng	vrb
megtakarított	vrb
sugallják	vrb
nyitnod	vrb
küldönc	noun
jeti	noun
részvétel	noun
hangján	noun
füstölgő	vrb,noun,adj
kemping	noun
gyengéje	adj
szabadságról	noun,adj
bilincseld	vrb
vezetőket	noun,adj,vrb
tanácsért	noun
vándorló	vrb,adj
álcázás	vrb,noun
gazdád	noun
megtaláljon	vrb
helyettesítem	vrb
megunta	vrb
meghalnom	vrb
drogozni	vrb,noun
vidámnak	adj
elmondjátok	vrb
modellje	noun
akciója	noun
kritikusok	noun,adj
munkahelyére	noun
meghamisította	vrb,noun
hallgattunk	vrb
fiaimat	noun
kerülnél	vrb
keresztapja	noun
elvigyük	vrb
rendelkezésemre	noun,vrb
értesítenünk	vrb
elmebajos	adj,noun
móló	noun
elragadott	vrb
ampulla	noun
eltelik	vrb
kertemben	noun
összezárva	vrb
szüntetni	vrb
elkövetek	vrb
elhozták	vrb
érhetünk	vrb
vesztem	noun,vrb
másokért	adj,noun
használhat	vrb
gatyádat	noun
rettegsz	vrb
házára	noun
kísér	vrb
hétfői	adj_num,noun
megnyomod	vrb
korodbeli	adj
esküvőmre	noun,vrb,adj
q.	noun
valakiből	noun_pron
konvojt	noun
dolgozhatnánk	vrb,noun
átverték	vrb
változtassa	vrb
fesd	vrb
fölöttünk	noun_pron
tonhalat	noun
szállítunk	vrb
feledkezzünk	vrb
szoríts	vrb
vidítani	vrb
aktiválta	vrb
filmjében	noun
karjába	noun
leszúrt	vrb
száguldó	noun,vrb
baromarc	noun
tréfálok	vrb
fűbe	noun
következetes	adj
várjam	vrb
újságírót	noun
csúszás	vrb
lenyúlja	vrb
másznak	vrb
éveit	noun
aksi	noun
találmánya	noun
példaképe	noun
csökkentse	vrb
gyerekeinknek	noun
éhezés	vrb,noun
királyod	noun,adj
ügyészségen	noun
betűzni	vrb,noun
barba	noun
teherautók	noun
javító	noun,vrb
válaszolunk	vrb
betörnek	vrb
leállnak	vrb
vándorol	vrb
száradni	vrb
fegyelmet	noun
bekapcsolta	vrb
megtiltották	vrb
behívott	adj,vrb
szajhák	noun
hatóságokkal	noun
teremtményt	noun
aggódna	vrb
könyvekkel	noun
büszkeségét	adj
vitára	noun
párra	noun,adj_num
irodák	noun
izgalmasnak	adj,noun
visszamenned	vrb
kitörölte	vrb
kiborul	vrb
tétjeiket	noun
unokáim	noun
legöregebb	adj
kórházakban	noun
előítélet	noun
felfüggesztem	vrb
vallok	vrb
kvadráns	noun,adj
felakasztani	vrb
veszekszik	vrb
pengével	noun
bulizós	vrb
víznek	noun
párost	adj,noun
agyadba	noun
alga	noun
hírnek	noun
győzhetünk	vrb
kocsikkal	noun
százalékon	noun
pápát	noun
harcolhatsz	vrb
szitává	noun
biztonságod	noun
törődtek	vrb
baleseted	noun
polgártárs	noun
szobánkban	noun
gondolkozunk	vrb
múltamat	noun,vrb
választhatod	vrb
tárolni	vrb
nevezzen	vrb,noun
odaérnek	vrb
merültek	vrb
rejtélye	noun
sorokat	noun
megnyugodott	vrb
történelmének	noun
érjek	vrb
beütött	vrb
lecsuktak	vrb
íj	noun
élősködő	vrb
vallottál	vrb
mentségem	noun,vrb,adj
emelés	vrb
ütéseket	vrb
beazonosítani	vrb
nullás	adj
kilencven	adj_num
függőséget	noun
meggátolja	vrb
megdöbbentett	vrb
megnyomja	vrb
évembe	noun
törtél	vrb
szélhámosok	noun
igazgatósági	noun
hozzájutni	vrb
fakadt	vrb
ó-ó	UNK
nyelvű	noun
közhelyes	noun
szívverését	noun
szívass	vrb
tárgyalt	vrb
zseton	noun
ebédszünet	noun
charleston	noun
ügynökségek	noun
szobával	noun
megcsalás	vrb
hivatalnokok	noun
ágon	noun
beállítom	vrb
isszák	vrb
kimosom	vrb
osztják	noun,adj,vrb
védelmemre	noun
beszélhessen	vrb
kori	noun
járványügyi	noun
kötözzétek	vrb
megnyugodtam	vrb
lopunk	vrb
autóbalesete	noun
idefele	adv
egészségükre	noun,adj
kihasználtad	vrb
élőlényt	noun
reggelihez	noun,adv
kapcsolatokkal	noun
odamenjek	vrb
kezelj	vrb
törsz	vrb
fúrót	noun,vrb
világháborút	noun
buborékok	noun
szegényeket	adj
kiviszünk	vrb
meghallgatott	adj,vrb
erőfeszítéseket	noun
kiszámíthatatlanok	adj,vrb
neveletlen	adj,vrb
szorítva	vrb
bizalmam	noun
rendellenességet	adj
építése	vrb
kemoterápia	noun
ejtetted	vrb
megalkotta	vrb
elkerüljem	vrb
kiszúrtam	vrb
keltünk	vrb
értettek	vrb
életén	noun
óvodás	noun
nejemnek	noun
kifejezi	vrb,noun
hivatalnál	noun
izgulni	vrb
boldogabbak	adj
halálára	noun
felvinni	vrb
2006-ban	adj_num
oldalamat	noun
álmokkal	noun
karjait	noun
nagyvárosban	noun
finálé	noun
beveszik	vrb
rúglak	vrb
alkalmazottai	noun,adj,vrb
összegyűlnek	vrb
halakkal	noun
idegsebész	noun
fogadóba	noun,vrb
megkérdeznéd	vrb
késed	noun,vrb
kijönne	vrb
ruhájában	noun
következtetek	vrb
részéhez	noun
szabadultál	vrb
plébános	noun
kispajtás	sentint
környezetbarát	adj
felejthettem	vrb
tapintatos	adj,noun
képzeleted	noun
barátomról	noun,adj
hazulról	adv
történhetnek	vrb
történelembe	noun
virslit	noun
alakzatba	noun
áldozta	vrb
rejtőzni	vrb
legyőzze	vrb
vitathatatlan	adj,vrb
mondhatnál	vrb
szörnnyel	noun
kimutatja	vrb
visszatart	vrb
nyavalya	noun
tejszínt	noun
használatára	noun
kimaradtam	vrb
megérintem	vrb
nem-	noun,neg
járatos	adj,noun
külsőm	adj
méltóságát	adj
kecskék	noun
keverj	vrb
lerendezzük	vrb,noun
repüljünk	vrb
köszöntünk	vrb
építjük	vrb
mondogatni	vrb
kiakad	vrb
melód	noun
keríts	vrb
meséjét	noun
szorosabbra	adj
javításra	vrb
birtokomban	noun
iparág	noun
orvosai	noun
beengedett	vrb
etika	noun
másodpercünk	noun
védelmünk	noun
elnöktől	noun
kockáztatják	vrb,noun
rámegy	vrb
túloldaláról	noun
gyorsítani	vrb
holttestre	noun
ajándékodat	noun
szemernyi	adj
implantátum	noun
másodosztályú	adj,noun
elhozzam	vrb
munkahelyem	noun
tekintsük	vrb
árulással	vrb
mossuk	vrb
lezáratlan	adj,vrb
vírusos	adj,noun
felépítése	vrb
less	vrb
összekötni	vrb
felszállok	vrb
derítsék	vrb
lövöldözésben	vrb
aláírva	vrb
doboza	noun
terhe	noun
ételét	noun
elfajult	vrb
helyzetű	noun
dobozokban	noun
ázott	adj,vrb
vétség	noun
lejövök	vrb
elveszítsem	vrb
módszeremmel	noun
alaszkai	noun_prs
oposszum	noun
felrobbanhat	vrb
felfal	vrb
visszamehetnénk	vrb
ötből	adj_num
képviselik	vrb
követeljük	vrb
nadrágodat	noun
arkangyal	noun
tájékoztassa	vrb,noun
ébredezik	vrb
klubbot	noun
színlelt	adj,vrb
megőrizte	vrb
felidegesíteni	vrb,noun
megkérdeztük	vrb
perceket	noun
jelkép	noun
eva-t	UNK
megjavította	vrb
ezenfelül	adv
megérkezni	vrb
lekéstük	vrb
elfelejtsem	vrb
pisilek	vrb
cigizel	vrb,noun
záró	vrb
személyzete	noun
ásnunk	vrb
megcsípett	vrb
részletei	noun
bögrét	noun
visszanyeri	vrb
elsötétült	vrb
titkoltam	vrb
kórt	noun
lehúzza	vrb
blokkban	noun
sebesen	adj,noun
tengerészgyalogosok	noun
ismétlés	vrb,noun
5-én	adj_num
elrejtem	vrb
meccsnek	noun
esküvőig	noun,vrb,adj
tág	adj
erősítette	vrb,noun
estet	vrb,noun
titkunkat	noun
gyógyászati	adj,noun
bűnben	noun
felnőttes	noun
évest	adj,noun
hálószobát	noun
kötszert	noun
dugunk	vrb
elűzi	vrb
tévéből	noun
erőszakolta	vrb
kockáztatná	vrb,noun
kitölti	vrb
gyakoroltuk	vrb
nevelés	noun,vrb
csúcspontja	noun
karakterem	noun
bűnüldözés	noun,vrb
kopjon	vrb
gyengéket	adj
tornaterem	noun
növeszteni	vrb
mindkettejük	adj_num
védted	vrb
bánásmódban	noun
cikke	noun
elkélne	vrb
őrökkel	noun
baptista	noun
berendezések	noun,vrb
ágat	noun
kiismerni	vrb
vadóc	noun
képzeltek	adj,vrb
érdekfeszítő	noun,vrb
megérdemelték	vrb,adj
lementünk	vrb
díjak	noun
beugratós	vrb,noun
felhúzza	vrb
szabályom	noun
megismernéd	vrb
birtokháborítás	noun
lekapcsolom	vrb
kavarog	vrb
behatolási	vrb,noun
folyosókon	noun
gerincét	noun
hagyhatok	vrb
belevágok	vrb
ilyesmin	noun_pron
császárnő	noun
kocsijára	noun,noun_prs
végrendeletét	noun
unió	noun
tárgyalásán	noun,vrb
yardos	noun
kajákat	noun
hetekbe	adj_num,noun
sofőrök	noun
tulajdonost	noun
merne	vrb
vállon	noun
hogy-	adv,con
nyitották	vrb
helyőrség	noun
macskád	noun
seregnek	noun
csatornára	noun
munkatársaim	noun
osztállyal	noun
segítettetek	adj,vrb
nyakkendőd	noun
sampont	noun
újságírás	noun
királyként	noun,adj
szívbajt	noun
lázat	noun
ügyfelének	noun
íjat	noun
váltanom	vrb
nyernie	vrb
hoztok	vrb
találkozgatott	vrb
mintaképe	noun
hozattam	vrb
jóravaló	adj
szavaidat	noun
fallal	noun
meditáció	noun
váddal	noun
lime	noun
kivisz	vrb
antianyag	noun
néki	noun_pron,adv
tehették	vrb
változtattak	vrb
rúgjon	vrb
felének	noun
példás	adj,noun
megoldanom	vrb
felhívok	vrb
víg	adj
terapeutám	noun
felejtesz	vrb
mentőben	noun,vrb
lécet	noun
csapatnyi	noun
meggyilkolni	vrb
kacagás	vrb
rántani	vrb
térned	vrb
pórázt	noun
profinak	adj
győzz	vrb
legijesztőbb	vrb
hagyományok	noun
katedrális	noun
kócerájt	noun
okozója	noun,vrb
oltani	vrb
érkezel	vrb
alanyt	noun
használjunk	vrb
játékait	noun
stádiumú	noun
fiútól	noun
készítő	noun,vrb
mustárt	noun
bolondja	noun,adj
munkádban	noun
munkanélküliség	adj
fizetéssel	noun,vrb
szuvenír	noun
állkapocs	noun
tennétek	vrb
szólhatsz	vrb
irtani	vrb
hajoljon	vrb
megfogadta	vrb
válása	vrb
szégyenteljes	adj
fantáziám	noun
kérdezősködnek	vrb
történt-e	vrb,adv
maradvány	noun
lepődve	vrb
ügyintéző	noun,vrb
szállhatsz	vrb
beválhat	vrb
célokat	noun
ajándékomat	noun
veszíti	vrb
bűnnek	noun
értetődő	vrb
lányé	noun
pusztulást	vrb
pincért	noun
biztosítanak	vrb
kezelések	vrb
megkezdem	vrb
elrendezett	adj,vrb,noun
felmérést	noun,vrb
tanuljatok	vrb
vacsorázhatnánk	vrb,noun
önmagától	noun_ref_SG_3
éberek	adj
kiásni	vrb
álomból	noun
érzelmeidet	noun
kihozott	vrb
letölteni	vrb
hangsúlyozni	vrb,noun
esetünk	noun
kihúzták	vrb
nemzetnek	vrb,noun
szőrt	noun
irányítottam	vrb
keddenként	noun
szokást	noun,vrb
bebizonyosodott	vrb
nyomozása	vrb,noun
lelni	vrb
minősége	noun
vesztegesse	vrb
pszichotikus	adj
érkezési	vrb
visszafordulni	vrb
elérnem	vrb
kudarcra	noun
borra	noun
cégénél	noun
módszered	noun
elfogadnak	vrb
felügyelője	noun,vrb
szerkezetét	noun
lisztet	noun
bűneimet	noun
futotta	vrb
sérüléseit	noun,vrb
villanyszerelő	noun,vrb
harmóniában	noun
projektje	noun
hóbortos	adj,noun
verhetetlen	adj,vrb
kóstoltad	vrb
emlékszik-e	vrb,adv
támasztja	vrb
láthassalak	vrb
felvágós	adj,vrb
ledőlök	vrb
alapját	noun
biztosítottak	noun,adj,vrb
kikötőnél	noun,vrb
torkomat	noun
kinyitották	vrb
szituációt	noun
pottyant	vrb
intézetből	noun
jóléte	noun
megoldanunk	vrb
szomszédaink	noun
megtalálunk	vrb
költészetet	noun
egyének	noun,adj_num
agyadra	noun
pillanatunk	noun
eltűnéséhez	noun,vrb
fillér	noun
elfutottál	vrb
elvesztél	vrb
ügyeibe	noun
gyanakszom	vrb
bemennem	vrb
csináltatott	vrb
kockázatát	noun
felébresztettem	vrb
kábító	vrb
senkid	noun_pron
minisztériumnak	noun
utaznia	vrb,noun
szomorúbb	adj
meghaljanak	vrb
elszalad	vrb
élvezek	vrb
belehalni	vrb
utasítja	vrb,noun
külsejű	noun
szórni	vrb
visszaadjam	vrb
szoknyában	noun
jobbkeze	noun
visszaérsz	vrb
melegítő	noun,vrb
szeresselek	vrb
belem	noun
működünk	noun,vrb
pogányok	adj
alkotmányt	noun
eljutottak	adj,vrb
matricát	noun
állítottunk	vrb
ügynökségtől	noun
elfordult	vrb
vérvonal	noun
fája	noun
foglalást	vrb
gyógyítsd	vrb
sérülésekkel	noun,vrb
fiait	noun
tűzött	vrb,noun
szenátusban	noun
felügyelők	noun,vrb
vinnéd	vrb
felügyelővel	noun,vrb
ájult	adj,vrb
csapatoknak	noun
védekezik	vrb
vonzotta	vrb
lenyúltad	vrb
állíthatod	vrb
sírunk	noun,vrb
zseb	noun
átbeszéljük	vrb
előrejelzés	noun,vrb
jelentjük	vrb
15-öt	adj_num
időzítőt	noun,vrb
untam	vrb
lányoktól	noun
elkésik	vrb
zsákokat	noun
úthoz	noun
bájital	noun
elmédet	noun
marhahúst	noun
szárnyaid	noun
vonulok	vrb
vonala	noun
tömény	adj
forrásai	noun,vrb
beszélte	vrb
teljesítjük	vrb
leszűkíti	vrb
hülyéskedek	vrb
bombázni	vrb,noun
olyasmiért	noun_pron
pénzel	vrb
interjúkat	noun
rácsot	noun
félelmetesen	adj
ásnak	vrb
indoka	noun
rövidtávú	noun
képviseljük	vrb
nemtörődöm	adj
gyűjtsön	vrb
bolygónkat	noun
törődne	vrb
ügyel	vrb
kréta	noun
férnek	vrb
démonokkal	noun
egyem	vrb,adj_num
led	noun
forradalmár	noun
hátadra	noun
tubus	noun
szolgáljam	vrb
rejtegeted	vrb
kezdődő	noun,vrb
gyanúsít	vrb,noun
korához	noun
kedvesed	adj,noun
összefutni	vrb
gyötri	vrb
irányítsák	vrb
utánanézett	vrb
kereszten	noun
visszajelzést	vrb,noun
belenézett	vrb
költöznie	vrb
csukják	vrb
tökfejek	noun
kivégzését	vrb,noun
jegyeid	noun
kezeimmel	noun
nézettség	noun,vrb
aggódniuk	vrb
élőket	adj,vrb
találnának	vrb
értettünk	vrb
falain	noun
turmix	noun
vízszintes	adj,noun
rezervátumban	noun
züllött	adj,vrb
férfire	noun
aggódnotok	vrb
elvihetjük	vrb
ütünk	vrb
hónapokat	noun
mozdulatokat	noun
bukásra	vrb
hajójukat	noun
csalódtál	vrb
karjaim	noun
oldjátok	vrb
kalandja	noun
örökkévalóságnak	adj
dobása	vrb
csöng	vrb
fenséged	noun
állhatott	vrb
dumából	noun
németet	adj,noun
feltöltöm	vrb
mi-mi	UNK
nyomdokaiba	noun
khm	sentint
ugyanezzel	noun_pron
felfújható	vrb
barátjánál	noun,adj
kerítünk	vrb
törpét	noun,adj
kelts	vrb
kinézel	vrb
remegsz	vrb
hatalomról	noun
máglyára	noun
viccelődik	vrb
kilencet	adj_num
szövetségieknek	noun
dobunk	noun,vrb
babákkal	noun
meglátogassam	vrb
megkockáztatni	vrb,noun
érnék	vrb,noun
ilyenen	adj_wh
figyeltünk	vrb
sajtótájékoztatón	noun,vrb
bombázók	noun,vrb
raknunk	vrb
eltörölni	vrb
elküldve	vrb
öltönye	noun
húsát	noun
karácsonyig	noun
birtokol	vrb
szállításra	noun,vrb
kitérés	noun,vrb
italért	noun
nyűg	noun
replikátorok	noun
olyasvalakinek	noun_pron
kétéves	adj,adj_num,noun
megváltoztatod	vrb
szájuk	noun
hadoválsz	vrb
üldözünk	vrb
tolerancia	noun
fegyvereinket	noun
ételmérgezés	noun,vrb
leejtettem	vrb
testes	adj,noun
furgonja	noun
csókolóznak	vrb
szántad	vrb
lehetőségeit	vrb,noun
szerepeket	noun
haladtam	vrb
állta	vrb
hibámból	noun
felhatalmazásom	noun,vrb
útleveleket	noun
szégyellős	vrb
robotzsaru	noun
műsorról	noun
meggyilkolásához	noun,vrb
kibukott	vrb
izmokat	noun
szülőt	noun,vrb
megváltoztattuk	vrb
szórakoztak	vrb
utalsz	vrb
porból	noun
szerelemhez	noun
bizakodó	vrb
alapjai	noun
úttól	noun
igazsága	noun,adj
kényszeres	noun
kockáztatsz	vrb,noun
felejtelek	vrb
dicsértessék	vrb
marokkói	noun,noun_prs
férjemről	noun
sérülni	vrb
költöznöd	vrb
őrzők	vrb,adj
bírnád	vrb
bejegyzett	adj,vrb
stukker	noun
klikk	noun
idejöjjek	vrb
mentőcsapat	noun,vrb
zöldre	adj
fiúért	noun
kezeljék	vrb
szemeiddel	noun
tartásdíjat	noun
nyugalomban	noun
eldobtad	vrb
cseles	noun
mázlink	noun
halványan	adj
döntésnek	noun,vrb
szövetségesünk	noun,adj
üldögélek	vrb
helyez	vrb,noun
biztonságosak	adj,noun
elzárta	noun,vrb
szörnyűségeket	adj,noun
börtönök	noun
kölcsönveszem	vrb
unokahúgod	noun
gyogyós	adj,noun
kimennél	vrb
észak-amerikai	UNK
elfelejtheted	vrb
rejtegetett	vrb
jelölteket	adj,noun,vrb
lármát	noun
menekülnöd	vrb
megházasodom	vrb,noun
döntsenek	vrb
ruhákkal	noun
kicsikéim	adj
hősnő	noun
váltasz	vrb
érzelmeimet	noun
libát	noun
sütis	noun
csábít	vrb
dokival	noun
váltottál	vrb
ötletemet	noun
erőlteti	vrb
galibát	noun
nemét	noun
mocskosan	adj,noun
pultra	noun
elválok	vrb
feldob	vrb
érettünk	noun_pron,adj
kötényt	noun
párkapcsolati	noun
védenek	vrb
megvitatjuk	vrb
fenntartása	noun,vrb
kocogni	vrb
dílert	noun
haveromnak	noun
mázlis	adj,noun
visszaesett	vrb
izzik	vrb
fájdalmadat	noun
félbeszakítottam	vrb
lekésed	vrb
szett	noun
kiét	noun_pron
odafentről	adv,vrb
lógjunk	vrb
felrobbantom	vrb
mentséged	noun,vrb,adj
megkezdi	vrb
meghagyta	vrb
belbiztonsági	noun
elgondolkodtató	noun,vrb
asztalát	noun
makk	noun
embereik	noun
gázszivárgás	noun,vrb
találkozók	noun,vrb
átmennek	vrb
jutalmam	noun
gyümölcsök	noun
izén	noun
korkülönbség	noun
portrét	noun
megcsalni	vrb
emlékeink	noun
tanítsa	vrb
vittelek	vrb
kiköltözött	vrb
keresgélni	vrb
poharunkat	noun
enniük	vrb
gyomorral	noun
kézikönyvet	noun
vigasztalni	vrb
megtehetné	vrb
megcsókoltalak	vrb
távozás	vrb,noun
rohadékokat	noun
áldozathoz	noun
cédulát	noun
hallucinálok	vrb
döntöttetek	vrb
temettem	vrb
névjegykártyám	noun
sebhelyes	adj,noun
kereshetek	vrb
részedet	noun
várhatjuk	vrb
megsérülni	vrb
borulj	vrb
összejöttetek	vrb
hordanom	vrb
bátorságra	noun
eljátszottad	vrb
heteroszexuális	adj
gőzöd	noun
atmoszféra	noun
lekésni	vrb
ünnepekre	noun
üldögélsz	vrb
gyerekemmel	noun
okold	vrb
interjúm	noun
lopják	vrb
túlvilág	noun
megszüntetni	vrb
alattad	noun_pron
találkozhattunk	vrb
hasznodat	noun
átfutottam	vrb
rendre	adv,noun
akikhez	noun_pron
képviseletében	noun
amennyivel	adj_num_wh
behatol	vrb
barátomnál	noun,adj
szakos	adj,noun
melegeket	adj,noun
bárkik	noun_pron
izlandi	noun,noun_prs
omlani	vrb
épülethez	noun
kispadon	noun
tájékoztatta	vrb,noun
betegségét	noun,adj
kezdeményezés	vrb,noun
megelégedve	vrb
bandád	noun
meggyógyulni	vrb
kilencre	adj_num
leszedtem	vrb
mászkálsz	vrb
rendőrbírók	noun,vrb
csukló	noun,vrb
népszerűbb	adj,noun
váltottunk	vrb
illetlenség	adj
lelökte	vrb
bevesszük	vrb
erényes	adj,noun
beépülve	vrb
jelképes	adj,noun
ágak	noun
kiválasztva	vrb
lövöldöznek	vrb
frontális	adj
könyvei	noun
aludnunk	vrb
gyanúsítottal	noun,adj,vrb
nyugtasd	vrb
figyelted	vrb
távolítsa	vrb
szabadidejében	noun
elfognak	vrb
tanárokat	noun
adósságom	noun
házakban	noun
klánból	noun
ágynemű	noun
bomlás	vrb
kidob	vrb
dolcsim	noun
birkózás	vrb
mitikus	adj
fogadná	vrb
gumikat	noun
elveszítesz	vrb
repülőgépek	noun
toki	noun
repülős	noun,vrb
haltunk	vrb
emlegetni	vrb
légkörben	noun
szkenner	noun
mondhattál	vrb
rohamosan	noun
törvénytisztelő	adj
építsen	vrb
ujjával	noun
feldühíteni	vrb
jelenjen	vrb
21-én	adj_num
tartalom	noun
zenéket	noun
váltottak	vrb
elsétálsz	vrb
spóroltam	vrb
tagjaival	noun
visszaesés	noun,vrb
szobra	noun
ereit	noun
hajra	sentint,noun
megsértetted	vrb
hercegek	noun
homokvihar	noun
szúrtad	vrb
összehozzuk	vrb
tesztelték	vrb
megindul	vrb
elutaztak	vrb,noun
leprás	adj,noun
találós	vrb
kanári	noun
megszokás	noun,vrb
másodikos	noun
halálesetek	noun
olvassátok	vrb
gyakoroltunk	vrb
megaláztatást	noun,vrb
alszotok	vrb
alvajáró	noun
kocsijuk	noun,noun_prs
oldalnak	noun
parancsolnak	vrb
megtennénk	vrb
pszichopaták	noun
rabolja	vrb
belezúgott	vrb
kikerülök	vrb
neveddel	noun
mesében	noun
gondolkodási	noun,vrb
horda	noun
működésre	vrb
csajomat	noun
poénból	noun
hősködni	vrb
félkarú	adj,adj_num,noun
rendőrkapitány	noun
apánkat	noun
változtatnod	vrb
eltörték	vrb
csapsz	vrb
fenntartott	adj,vrb
megtanítasz	vrb
létezik-e	vrb,noun,adv
utóirat	noun
etet	vrb
hidegek	adj
észrevettétek	vrb
kikapcsolja	vrb
dugtunk	vrb
pihenjenek	vrb
fikarcnyit	adj
láthasd	vrb
megvádoltak	vrb
megállítottuk	vrb
meghajtó	noun,vrb
nagysága	noun
emlékeztetőt	noun,vrb
televízióban	noun
másodfokú	adj,noun
kifürkészhetetlenek	adj,vrb
iramot	noun
terjeszd	vrb
táskájába	noun
de-	con
beülök	vrb
bukkannak	vrb
befejezhetem	vrb,noun
kiképezve	vrb,noun
bűnözőknek	noun,vrb
idézetet	noun
származna	vrb
említed	vrb
félidőben	noun
házigazdája	noun
megiszod	vrb
hordd	vrb
butuska	adj
felültették	vrb
ultimátumot	noun
teljesíted	vrb
tagadhatod	vrb
lőfegyver	noun
együttműködött	vrb
magánjellegű	adj
özvegyet	noun
golyókkal	noun
betegesen	adj,noun
lódulj	vrb
6-án	adj_num
csapnivaló	adj
hoznád	vrb
vessenek	vrb
megkönnyítem	vrb
félszemű	adj,adj_num,noun
ilyesféle	adj_wh
rátalálni	vrb
fiaid	noun
esküvővel	noun,vrb,adj
seriffel	noun
végiggondoltam	vrb
korára	noun
árú	noun
gondolkodásra	noun,vrb
gyermekeid	noun
céloztál	vrb,noun
erőforrások	noun,vrb
van.	vrb
betartottam	vrb
sárgák	adj
kutyáról	noun
fordítom	vrb
fokhagymát	noun
jazzt	noun
szavadon	noun
induljak	vrb
menta	noun
találkozásunkkor	vrb
bízzák	vrb
csarnok	noun
kancsó	noun
újságnál	noun,adj
sorsuk	noun
tábortűz	noun
véletlenre	adj,vrb
maxi	adj
térhet	vrb
csecsen	noun,adj
mennyországot	noun
szórakozzanak	vrb
leng	vrb
törvényszék	noun
projektben	noun
sikerét	noun
laptopja	noun
tettetem	vrb
kérjenek	vrb
beengedte	vrb
elcsábította	vrb
gatyámat	noun
sütve	vrb
szomszédot	noun
tehetetlennek	vrb,adj
elhallgatott	adj,vrb
mindhalálig	adv
vonulnak	vrb
körözési	noun
esethez	noun
kimondjam	vrb
hangulatát	noun
vitában	noun
kocsijából	noun,noun_prs
imádság	noun
ügyvédünk	noun
megismertük	vrb
megjegyezte	vrb,noun
folytatták	vrb
intézkedni	vrb
huszonegy	adj_num
megváltozna	vrb
nyilatkozata	noun
konzulátus	noun
kijátszott	vrb,adj
használhatsz	vrb
feltételekkel	noun
becsapódott	vrb
mossák	vrb
kotródj	vrb
lüke	noun
féltestvérem	adj_num,noun
ilyesminek	noun_pron
ablaktól	noun
kétszeresen	adj,adj_num,noun
utazása	noun,vrb
németekkel	adj,noun
pulykás	noun
nigériai	noun_prs
kiképeztek	vrb,noun
darabos	adj,noun
anyukájának	noun
telefonkönyvben	noun
rizzsel	noun
könnyelmű	adj
bárja	noun
cunami	noun
otthagyod	vrb
hüllő	noun
dereket	noun
erőlteted	vrb
emelettel	noun
templomok	noun
cikkét	noun
malom	noun
küszködik	vrb
halálközeli	noun
társadalombiztosítási	noun,vrb
megbizonyosodni	vrb
kíséretet	noun
kapujában	noun
kiderítenünk	vrb
kaviárt	noun
megcsókolsz	vrb
lehengerlő	vrb,adj
acélt	noun
mindre	noun_ind,noun,det
örököst	adj,noun
megsemmisítjük	vrb,noun_pron,noun
otthonukat	noun
szakállat	noun
kifejlett	adj,vrb
szúrtak	vrb
vetkőzni	vrb
lezárást	vrb
ösztönök	noun
elutasítás	noun,vrb
ütik	vrb
elkaptátok	vrb
felbéreltek	vrb
terjeszt	vrb
naplóban	noun
száguld	vrb
rablásnak	noun
47-es	adj_num
megjátszod	vrb
segglyuk	noun
körülményeit	noun
kizárjuk	vrb
becsszóra	noun
pályafutásom	noun
utazgatni	vrb,noun
fellegekben	noun
bábut	noun
gyanakodtam	vrb
nyúltak	vrb
manipulálta	vrb
kifizesse	vrb
portré	noun
beteszed	vrb
dutyiban	noun
kinyírják	vrb
legőszintébb	adj
átvettük	vrb
kitűzött	vrb,noun
eseménye	noun
hehe	sentint
szerencsésebb	adj,noun
kísérletnek	noun
kényelmet	noun
számolnom	vrb
levegyem	vrb
biztonságiaknak	noun
apádé	noun
nulláról	adj_num
felajánlottad	vrb
kerülhetnek	vrb
kaukázusi	adj,noun_prs
felhívnom	vrb
házmester	noun
filozófiai	adj,noun
öljünk	vrb
hangárban	noun
korombeli	adj,noun
ondó	noun
dögösen	noun
hibáztatta	vrb,noun
szerethető	vrb
fussak	vrb
lepusztult	vrb
frizurát	noun
folyóból	noun,adj,vrb
gecik	noun,adj
kurvája	noun
olyanba	adj_wh
kapcsolati	noun
nézné	vrb
szökjünk	vrb
ítéllek	vrb
maréknyi	noun
torontóban	noun,vrb
kiirtani	vrb
bánatom	noun
örökli	vrb
sapkám	noun
megissza	vrb
munkájáért	noun
gondjaik	noun
szakában	noun
lapokkal	noun
férjezett	adj,noun
ugranunk	vrb
lenéz	vrb
megvertem	vrb,adj
velejárója	noun,vrb
közöljük	vrb
vendégházban	noun
beijedtél	vrb
benézünk	vrb
rózsaszínt	adj
maradhassak	vrb
figyelmeztessem	vrb,noun
grizzly	noun
megküzdök	vrb
koncentráció	noun
hálából	noun
behúzni	vrb
idegek	noun
bármeddig	adv
verdát	noun
nevelem	vrb
szívrohamom	noun
elszakad	vrb
szagolni	vrb
szárnyán	noun
dohos	adj,noun
rezidencia	noun
felfüggesztett	adj,vrb
szünetnek	noun
labdákat	noun
táskák	noun
mentési	vrb
ízekre	noun
mottója	noun
máglyán	noun
napból	noun
faszát	noun,adj
építettél	vrb
papírral	noun
gofri	noun
fülkét	noun
áldásomat	vrb
feltesszük	vrb
futnom	vrb
kocsidba	noun
asztalos	noun
vezért	noun
bíztunk	vrb
számnak	noun
toljátok	vrb
alóla	noun_pron
fájától	noun
felfordult	vrb
donnát	noun
meglátogatsz	vrb
szárazság	adj
ronggyal	noun,adj
táblázva	vrb,noun
helyszínek	noun
káprázat	noun
övezetben	noun
kérheted	vrb
költi	vrb
elénekelni	vrb
vékonyak	adj
évszázadokkal	noun
negyedbe	adj_num,noun
vigyori	noun
kórteremben	noun
megtennétek	vrb
menetrendet	noun
pakli	noun
engedne	vrb
főhadiszállásra	noun
mm-mm	UNK
iskolákban	noun
alvási	vrb,noun
inzulin	noun
lapjait	noun
egyikükkel	noun_pron
utánajártam	vrb
terminátor	noun
beszélgetésben	noun,vrb
idegesítesz	vrb,noun
anya-lánya	UNK
polgárjogi	noun
vásznon	noun
dolgozhatnék	vrb,noun
juttass	vrb
vessük	vrb
írásbeli	adj,noun,vrb
elcseszi	vrb
városszerte	noun,szerte_PLACE_adj
túlterhelt	adj,vrb
bujkálnak	vrb
külügy	noun
értesültünk	vrb
lakáshoz	noun,vrb
edzővel	vrb,adj
nyámnyila	noun
másom	adj,noun
párbajt	noun
megszerettem	vrb
körök	noun
áruljuk	vrb
vacsorának	noun
vállalják	vrb
zuhanok	vrb
tiédre	noun_pron
hányást	vrb
dúlva	vrb
alakít	vrb
gyulladt	vrb,adj
bombabiztos	adj
utcányira	noun
baron	noun
gyógyszertárba	noun
újoncot	noun
szilánk	noun
legklasszabb	adj
manipulálja	vrb
világosíts	vrb,noun
vártnál	adj,vrb
félelemből	noun
béreltek	vrb
kifejezése	noun,vrb
jegyzeteimet	noun
hölgyre	noun
legcsekélyebb	adj
csatlakozhat	vrb
életünkre	noun
átkutatják	vrb
belegondolunk	vrb
mászok	vrb
felvenné	vrb
lányomtól	noun
kérdik	vrb
kizártam	vrb
csípőd	noun,vrb
fenntartom	vrb
divatot	noun
okoztad	vrb
hazamennék	vrb
ivással	vrb,noun
zabkása	noun
említ	vrb
folyamata	noun
megköszöntem	vrb
mindkettővel	adj_num
befejezhetjük	vrb,noun
korcsolyázni	vrb,noun
értesítsék	vrb
elállítani	vrb
külsejét	noun
tengerészetnél	noun
öltözék	noun
birodalomnak	noun
perecet	noun
társalgás	vrb,noun
felállított	vrb
erősített	vrb,noun
említem	vrb
portált	noun
illeszkedik	vrb
szöktem	vrb
vérvizsgálatot	noun
nagyid	noun
lázam	noun
titkaim	noun
földem	noun
részegnek	adj
beszélték	adj,vrb
együttműködnek	vrb
sütivel	noun
öved	noun
krapek	noun
voltaképp	adv,noun
essek	vrb
segítségünk	noun
törődés	vrb
egyidejűleg	adv
intravénás	adj
megcsinálnod	vrb
elnökre	noun
bejuttatni	vrb
részeiben	noun
bázisa	noun
fényévnyire	noun
profin	adj
eltávolítása	noun,vrb
szólítják	vrb
asztma	noun
szórt	vrb
kitépték	vrb
elhisszük	vrb
szakítanak	vrb
összehasonlítottam	vrb
lábakon	noun
vakcinát	noun
elbukunk	vrb
furát	adj
zenéd	noun
engedhette	vrb
mókamester	noun
súlyú	noun
áráért	noun
veszélytelen	adj,noun
mérföldkő	noun
rehabon	noun
törzsnek	noun
barnát	adj
ragadnak	vrb
dobnod	vrb
annyiba	adj_num_wh
adókat	noun,vrb
kihívások	noun,vrb
papával	noun
bikiniben	noun
kikapcsol	vrb
proszit	noun
készítjük	vrb
konténerben	noun
felépített	vrb
történ	adj,noun,vrb
élné	vrb,noun
szurkolók	vrb
linket	adj
századosnak	noun,adj_num
söröd	noun
villámgyorsan	adj
programozó	noun,vrb
ejtőernyő	noun
kifutó	noun,vrb
rendszerünket	noun
sátánista	noun
kitisztítani	vrb
verj	vrb
nézőknek	noun,vrb
gyógyszertárban	noun
tálib	noun
mérje	vrb
osztod	vrb
tölthetnénk	vrb
szólhatott	vrb
12-kor	adj_num
érvelni	vrb
elkerüljék	vrb
hajvágás	noun
ordított	vrb
aprópénz	noun
gyónás	vrb
leellenőriztük	vrb
mozdulsz	vrb
takarítók	noun,vrb
olimpiára	noun
külvilágtól	noun
tanúd	noun
életünknek	noun
útjáról	noun
várhatom	vrb
leghalálosabb	adj,noun
musicalt	noun
formálni	vrb
várban	noun
kamerám	noun
megszervezem	vrb,noun
torpedók	noun
kazettán	noun
tartozásom	vrb
hozzáfűznivalója	noun
korong	noun
stewardess	noun
geller	noun
lassított	vrb
hangár	noun
támadóját	noun,vrb
boros	adj,noun
pózban	noun
szorosabb	adj
lányomhoz	noun
rohantál	vrb
recepteket	noun
ahonnét	adv
sapkában	noun
dugóban	noun,vrb
dugják	vrb
ügyekről	noun
lóerő	noun
emberes	noun
mindenség	noun
jelszava	noun
fúrni	vrb
földszinti	noun
irodával	noun
bocsátva	vrb
beszálltam	vrb
gyalogság	noun
nehézzé	adj
bajszos	noun
láthassuk	vrb
incidensről	noun
kidobod	vrb
emlősök	noun,adj
alakváltók	noun,vrb
mosolyogtál	vrb
megijedek	vrb
vehette	vrb
pisálni	vrb
avval	noun_pron
tekerje	vrb
fedő	noun,vrb
kerítse	vrb
ingemet	noun
születésnapodra	noun
zsernyák	noun
csuklyás	adj,noun
álmodnak	vrb,noun
vajjal	noun
lakótársak	noun,vrb
mindannak	noun_pron,adv
beugrasz	vrb
hívásomra	vrb
kiengedjük	vrb
otthonától	noun
kávéhoz	noun
fordulhatok	vrb
plafon	noun
rendeznünk	vrb,noun
határoztam	vrb,noun
beleegyezem	vrb
megittad	vrb
megemlíti	vrb
mosod	vrb
várakozunk	vrb
dühödet	noun
megírtad	vrb
megcsinálok	vrb
önmegsemmisítő	noun,vrb,noun_pron
tűk	noun
kultúrák	noun
hallgatag	adj
releváns	adj
lépésnél	noun,vrb
tanítod	vrb
csatlakozhatsz	vrb
leállok	vrb
lehallgatják	vrb
kimutatták	vrb
sietnie	vrb
ránt	vrb
mentették	vrb
viselkednem	vrb
gazdatest	noun
főző	vrb
elveszítettelek	vrb
nekimentem	vrb
ábrázol	vrb,noun
folytatnám	vrb
aranyozott	adj,vrb
bandáját	noun
megkérdi	vrb
integet	vrb
túlontúl	adv
levelében	noun
építs	vrb
vonzóbb	adj,vrb
láncokat	noun
konyhámban	noun
jellemzi	vrb
elvárható	vrb
meglátogatod	vrb
találkozása	vrb
szempár	noun
gőze	noun
felhúzom	vrb
alacsonyak	adj
helyünkön	noun
északiak	adj,noun
bírnék	vrb
anyáék	noun
előírást	noun,vrb
éberen	adj
rizses	noun
elköszönök	vrb
indiánokat	noun
elfutok	vrb
megmaradnak	vrb
tanácsára	noun
hatósági	adj_num,noun
3-at	adj_num
testőröm	noun
becsületem	noun
misszió	noun
partizánok	noun
részein	noun
kérdésekben	noun,vrb
igazságosság	adj,noun
ragasztva	vrb
indítja	vrb
lépcsőház	noun
hazugságon	adj
feljössz	vrb
veszíthetlek	vrb
megmaradni	vrb
töröljék	vrb
támogatták	vrb
hősiesen	adj
felségedet	noun
szívom	vrb
meghalnod	vrb
imádtak	vrb
sajnálat	noun
árok	noun
másét	adj,noun
számlám	noun
látta-e	vrb,adv
részletesebben	adj,noun
bél	noun
érezlek	vrb
szorítja	vrb
futva	vrb
nyilvánítom	vrb
olybá	adv
kiakadtál	vrb
levetkőzni	vrb
osztó	noun,vrb
egyesíti	vrb
módszereim	noun
kiszúrja	vrb
tértünk	vrb
technikával	noun
polcra	noun
fektesd	vrb
zseblámpa	noun
gyilkolást	vrb
szemen	noun
fenekemet	noun
átvitel	noun
felmentünk	vrb
20-án	adj_num
nézet	noun,vrb
ordíts	vrb
maradnának	vrb
hálószobámban	noun
kicsúsztak	vrb
tojó	noun,vrb
pufók	adj
értékeit	noun
járata	noun
hazamennek	vrb
dohányzást	vrb
fájhatott	vrb
ápolók	vrb
tartóztasd	vrb,noun
laptopom	noun
szolgáltunk	vrb
szekrényét	noun
vadonba	noun
száradt	vrb,adj
áruljam	vrb
változtatják	vrb
megérkezhet	vrb
őriz	vrb
feldühítette	vrb
szerezhetnénk	vrb,noun
hozlak	vrb
gyűjteményem	noun
álomvilágban	noun
lóerős	noun
baglyok	noun
telefonálhatok	vrb
játszanánk	vrb
vendéglőben	noun
agyával	noun
megragadom	vrb
programból	noun
utasítsa	vrb,noun
vagon	noun
aranyban	noun
belezúgtam	vrb
terjeszkedni	vrb
elemzésre	vrb,noun
ellentétek	noun
nézhetnénk	vrb
sírjak	vrb
gyújtsuk	vrb
megkérdezhetném	vrb
mostohaapja	noun
navigátor	noun
keletnek	noun
megérzésed	vrb,noun
látomást	noun
nejének	noun
utalhat	vrb
vitatom	vrb
zselét	noun
lovagot	noun
elszúrtuk	vrb
vétkeinket	noun
felkutatása	vrb
káoszba	noun
jóllehet	con
könnyeit	noun
intézek	vrb
legkegyetlenebb	adj
továbblépünk	vrb
technikákat	noun
beszélgetéshez	noun,vrb
morzsa	noun
fogjanak	vrb
barackot	noun
baromnak	noun
szettet	noun
szike	noun
felcser	noun
megfogjuk	vrb
javítottam	vrb
ellátta	vrb
elbeszélgetni	vrb
megállították	vrb
korlátozza	vrb,noun
verekszik	vrb
netről	noun
neon	noun
folytatódni	vrb
társalgóban	vrb,noun,adj
tűrhetetlen	adj,vrb
szabvány	noun
megértést	noun,vrb
megemlékezés	noun,vrb
emlékeztetném	vrb,noun
körünkben	noun
miegymás	noun_pron,noun
befér	vrb
hívtok	vrb
szalaggal	noun
spórolj	vrb
jelnek	noun
felkészültetek	vrb
kitisztul	vrb
képviselte	vrb
igazságtalanságot	adj,noun
résztvevők	noun
programon	noun
kettőből	adj_num
legismertebb	adj,vrb
kihasználjuk	vrb
megválaszolatlan	adj,vrb
nézniük	vrb
pisztráng	noun
drogozol	vrb,noun
levágtad	vrb
sorsomat	noun
sávban	noun
kifizetted	vrb
vakarcs	noun
törődjek	vrb
álmodozik	vrb
őrizte	vrb
császára	noun
pihent	vrb
alsógatyában	noun
száműztek	vrb
hasonlóképp	adj,vrb
látomásod	noun
őfensége	noun
essenek	vrb
berágott	vrb
melegséget	adj
bűzt	noun
megmenthet	vrb
elhagytalak	vrb
csodának	noun
szívemen	noun
gurult	vrb
ajtókon	noun
elfoglalom	vrb
bízzál	vrb
kémény	noun
számolod	vrb
elzárja	vrb
csókolózunk	vrb
veszíthetjük	vrb
ártanak	vrb
meglepne	vrb
felfigyelt	vrb
kapnának	vrb
birtoklása	vrb
legfejlettebb	adj,vrb
bolygókat	noun
vegán	adj,noun
alkalmakkor	noun
kettőtöket	adj_num
hajtják	vrb
megállapították	vrb
osztották	vrb
macskáját	noun
hatvanas	noun,adj
levezetni	vrb
elnökök	noun
ennénk	vrb
tanítványai	noun
fognád	vrb
házasodtam	vrb,noun
színészkedés	noun,vrb
jacht	noun
rózsaszínű	adj
röfi	noun
pontom	noun
űrállomás	noun
berezelt	adj,vrb
estéért	noun,adv
gyakorolnunk	vrb
visszavágó	noun,vrb
szándékot	noun
párnák	noun
borsot	noun
tárgyát	noun
elveszítették	vrb
belvárosában	noun
kilőtték	vrb
lábammal	noun
ködöt	noun
borotvált	adj,vrb
alamizsnát	noun
izgassa	vrb
vérnyomást	noun
reménykedve	vrb
elmer	vrb
feltehetnék	vrb
megszerveztem	vrb,noun
hangzol	vrb
megszegem	vrb
meghalhatok	vrb
esetünkben	noun
zarándok	noun
sérültem	noun,vrb
ügyük	noun
tűzfal	noun
visszahoztad	vrb
füstbe	noun
hívnád	vrb
kefélt	vrb
harcművészet	noun
iratai	noun
csípőm	noun,vrb
elszúrja	vrb
jelmezeket	noun
alkalmazása	vrb,noun
szerezhetsz	vrb,noun
legjobbjai	adj,noun
borostyán	noun
felgyújtom	vrb
duda	noun
pénztárcát	noun
habozz	vrb,noun
romantikusabb	adj
lopd	vrb
bújnak	vrb
fedezik	vrb
betett	vrb,adj
becsuktam	vrb
megtudnád	vrb
ereimben	noun
maxim	adj
szobáról	noun
boldogságod	noun,adj
énekeltünk	adj,vrb
tömegből	noun
kötötték	vrb
élhessen	vrb
kidobnak	vrb
bankrabló	noun
vesztegetik	vrb
betegségre	noun,adj
lovagolsz	vrb
lehetségesnek	adj
bemelegítés	vrb
akcentust	noun
visszateszem	vrb
felkelést	noun,vrb
landolni	vrb
bilincselve	vrb
gyermekeinket	noun
órákba	noun
elterelje	vrb
felnevelt	vrb
fedni	vrb
kilégzés	vrb,noun
2003-ban	adj_num
müzlit	noun
alapítványnak	noun
egészségre	noun,adj
szándékozol	vrb
távozhatnak	vrb,noun
kopogott	vrb
jegygyűrű	noun
elvezeti	vrb
idegesebb	adj,noun
akármire	noun_pron
napomon	noun
érdemelni	vrb
felvettél	vrb
centtel	noun
információkhoz	noun
kupon	noun
eszű	noun
élményem	noun
leestél	vrb
csütörtökre	noun
csávónak	noun
leálltam	vrb
lőjem	vrb
csoportokat	noun
miniatűr	adj
gyermekeik	noun
bemesélni	vrb
abbahagynátok	vrb
hazahozott	vrb
elbuksz	vrb
kiskaput	noun
hamvai	noun
veszettség	noun,vrb
bábok	noun
kampányban	noun
konténert	noun
érdemelted	vrb
erőszakolt	vrb
elpusztítása	noun,vrb
evő	vrb,adj
nyápic	adj
eszkimó	noun
megszünteti	vrb
megmozdulsz	vrb
dobozra	noun
költők	noun,vrb
cseszni	vrb
összest	adj
lábnyomokat	noun
változtathatok	vrb
előnyére	noun
érzésre	vrb,noun
elsején	noun,adj_num
megkaptátok	vrb
harcom	noun
hagyhatnám	vrb
bevallottam	vrb
füleim	noun
selejtes	adj
911-es	adj_num
feltakarítom	vrb
beállok	vrb
újítani	vrb
férünk	vrb
kezéhez	noun
pihenőben	noun,vrb
ragaszkodj	vrb
hitelkártyával	noun
együttérzek	vrb
üdvözlés	vrb,noun
nyilvánítani	vrb
illek	vrb
támadnunk	vrb
borít	vrb
mélységes	adj
teniszezni	vrb,noun
édesanya	noun
költsd	vrb
fojtotta	vrb
hivatkozik	vrb
alkalmazkodik	vrb
lőlek	vrb
varrás	vrb
tisztáznom	vrb
költöttünk	vrb
sziklákat	noun
hazaküldtem	vrb
állad	noun
győzi	vrb
aggódást	vrb
héttől	noun,adj_num
kenyérrel	noun
lemarad	vrb
törtető	vrb
seggedben	noun
csodákban	noun
hölgyeké	noun
szertartásra	noun
visszavágót	noun,vrb
szabadulnod	vrb
eltervezett	vrb,noun
meggyőződni	vrb
vérnyom	noun
srácokra	noun
vörösek	adj
nyomaszt	vrb
vessző	noun
kutyuli	noun
társasággal	noun
sérthetetlen	adj,vrb
dühösebb	adj,noun
ujjakat	noun
szelepet	noun
pasimmal	noun
versenyzünk	vrb
dvd-n	noun
mindenfele	adv
nyomsz	vrb
csónakkal	noun
szövetségeseink	noun,adj
elszökik	vrb
osztottam	vrb
képes-e	adj,noun,adv
elérsz	vrb
varázsereje	noun
hadseregnél	noun
db	noun,abr
lángokat	noun
függőben	noun,vrb
provokatív	adj
szabadtéri	adj,noun
hívattál	vrb
mértékig	noun,vrb
nyomása	vrb
tüzelt	vrb
lövöldözésről	vrb
tanárunk	noun
eladtak	vrb
boldogulnak	vrb
csapdája	noun
befejezhetnénk	vrb,noun
beszámolt	vrb
látszatát	noun
megtagadták	vrb
szabadnap	noun
dohányzott	vrb
parancsuk	noun
cipzár	noun
elvárás	vrb
kijelenthetem	vrb
megtestesítője	vrb,noun
szerveztek	vrb,noun
beindítom	vrb
intéznie	vrb
rendezőt	noun,vrb
olvasnia	vrb
részvétünk	noun
helyszínelőket	noun,adj,vrb
megütlek	vrb
lángész	noun
ébredjetek	vrb
jelképez	vrb,noun
emberrablást	noun
kegyelméből	noun
kézirat	noun
ajánlólevél	noun
képregények	noun
evakuálás	vrb
bevezetés	noun,vrb
hitre	noun
visszaszívom	vrb
szörnyekkel	noun
kívánjon	vrb
kiskorom	noun
vaskos	adj
válaszokra	noun
konferenciát	noun
kínálat	noun
kísértetet	noun
bunkóság	noun,adj
disznóól	noun
rablások	noun
elvégeztük	vrb,noun
sajnálatot	noun
amnéziás	noun
hírnévre	noun
felejtsetek	vrb
hangnemben	noun
bekerültél	vrb
felveszel	vrb
millióhoz	adj_num
lemaradunk	vrb
felajánlottak	adj,vrb
elmondunk	vrb
megfizessen	vrb
állásban	noun,vrb
zúgott	vrb
erőszakoló	vrb
taft	noun
megölnéd	vrb
weboldalt	noun
tanítanom	vrb
égről	noun
esélyeit	noun
olajban	noun
észrevennéd	vrb
öregszünk	vrb
kettőig	adj_num
fenéken	noun
harcművészeti	noun
országgal	noun
lerombolják	vrb
lövészek	noun
súg	vrb
ápolni	vrb
szalagok	noun
elmozdult	vrb
alagsorában	noun
nagybácsim	noun
mobilról	noun,adj
hozhatunk	vrb
védencem	noun
szállítjuk	vrb
stresszel	vrb,noun
rajongóim	noun,vrb
fogynak	vrb
fotózásra	noun,vrb
küzdenie	vrb
hallucinál	vrb
kínt	noun
vezérkar	noun
gála	noun
hagyományosan	adj,noun
érnénk	vrb,noun
42-es	adj_num
kikezdeni	vrb
vadásztam	vrb
állod	vrb
elfogadtuk	vrb
gyomromban	noun
szabaduljak	vrb
baszakodsz	vrb
rátermett	adj,vrb
hunyó	vrb
megjegyeznem	vrb,noun
tetemet	noun
pazaroltam	vrb
bevételi	noun
sügér	noun
megismételjük	vrb
illedelmes	adj
modul	noun
rémültnek	adj,vrb
rumli	noun
szimulációt	noun
wifi	noun
szervezetébe	noun
jegyezzétek	vrb,noun
járda	noun
legyőzlek	vrb
álmainkat	noun
ügynökre	noun
ugrálnak	vrb
járhatunk	vrb
golyói	noun
hemzseg	vrb
kiszökött	vrb
ez-	noun_pron
erősségű	adj
szifilisz	noun
felakasztják	vrb
elmondható	vrb
belátja	vrb
barátkozol	vrb
virága	noun
üzenj	vrb
hátizsákot	noun
magunkért	noun_ref_PL_1,noun
gyöngyök	noun
galambokat	noun
házelnök	noun
álmodtunk	vrb
feltárni	vrb
álmodozol	vrb
felveheted	vrb
óvodába	noun
öreggel	adj
bébit	noun,noun_prs
matador	noun
lyukból	noun
kössék	vrb
maják	noun
lecsukni	vrb
ismerheti	vrb
bársonyos	adj,noun
árverésre	noun
dögleni	vrb
gyönyörűbb	adj,noun
előnnyel	noun
leszedjük	vrb
operában	noun
kedvünk	noun
sugall	vrb
érdekelheti	vrb
boltokban	noun
könyvemben	noun
szirén	noun
kesztyűket	noun
ellátva	vrb
tiszteket	noun
csatlakoztok	vrb
duci	adj
megadjam	vrb
nyertetek	vrb
tampon	noun
meglép	vrb
személyleírás	noun
felhozta	vrb
tennivalóm	noun
testmozgás	noun,vrb
visszakapják	vrb
izraeliek	noun_prs
szerelve	vrb
orgazmust	noun
gyerekeidnek	noun
összedől	vrb
ölheti	vrb
közmondás	noun
4-re	adj_num
rablásban	noun
elhalványul	vrb
menthetetlen	adj,vrb
ajkam	noun
rendezze	vrb,noun
biztonságuk	noun
múzeumi	noun
kürt	noun
öledbe	noun
romantikát	noun
repülőjegy	noun,vrb
odanézzetek	vrb
feliratú	noun
gondoskodtak	vrb
forrásokat	noun,vrb
seprűt	noun
kivetted	vrb
vallana	vrb
könyörögnöm	vrb
ügyvédeim	noun
mérföldnyi	noun
laboratóriumi	noun
dolgára	noun
szerzet	noun
bosszants	vrb
gatyában	noun
fűz	noun,vrb
megfelelőt	adj,vrb
imádkozok	vrb
hatáskörébe	noun
megtanultál	vrb
behoztuk	vrb
hivatásom	noun
hidakat	noun
párbeszédet	noun
vetkőzzön	vrb
irányát	noun
kérdéseikre	noun,vrb
tárgyalásról	noun,vrb
vártatok	vrb
oldalunkra	noun
szabadságomat	noun,adj
fűre	noun
kisegíteni	vrb
sebezhetőek	noun,vrb
javasolhatom	vrb
jelentő	vrb
vittünk	vrb
külvilággal	noun
angolna	noun
veszted	noun,vrb
hazugságnak	adj
beszámoló	noun,vrb
tiltani	vrb
elütötték	vrb
kutyádat	noun
járd	vrb
tehetnéd	vrb
húsa	noun
visszautasították	vrb,noun
elektronika	noun
szeméből	noun
aknákat	noun
megmenekül	vrb
lelketlen	adj
okoskodj	vrb
megválni	vrb
éden	noun
megállít	vrb
lépéseit	noun,vrb
sérültet	adj,noun,vrb
megijeszti	vrb
névjegykártyát	noun
készítettük	vrb
összevesztetek	vrb
stratégiája	noun
felhasznált	adj,vrb
kiáltani	vrb
panelt	noun
bevallod	vrb
megosztják	vrb
kínálnak	vrb
traktor	noun
leszálltak	vrb,adj
gyerekemnek	noun
összekeverte	vrb
medencéhez	noun
fogadót	noun,vrb
őröknek	noun
feltételeztük	vrb,noun
visszamennél	vrb
góliát	noun
intézkedtem	vrb
dolgos	noun
lopással	vrb
kivégeznek	vrb,noun
diplomácia	noun
arcunkat	noun
maradékát	noun
orvostól	noun
számukat	noun
lendületet	noun
feküdtek	vrb
sültet	adj,noun,vrb
toltam	vrb
vagyonos	adj,noun
tetteim	noun,vrb,adj
eteted	vrb
egyeztek	vrb
kitöröltem	vrb
megcsókol	vrb
afelé	adv
úttal	noun
férjjel	noun
félretenni	vrb
maximumra	noun
foguk	noun
illatok	noun
gazdagoknak	adj
tolószékes	vrb,noun
dohányzó	vrb,noun,adj
szembenézek	vrb
szarokat	noun,adj
bohócnak	noun
feladatomat	noun
folytatnod	vrb
kutakodni	vrb
belekeveredtem	vrb
nyertük	vrb
árulásért	vrb
vizekre	noun
tegnapra	noun
gyermekkorom	noun
tehetséggel	noun
tanácsadók	noun
nyafogj	vrb
köszönjön	vrb
szólót	noun,vrb
járkálnak	vrb
kijusson	vrb
gátlástalan	adj,vrb,noun
abbahagyják	vrb
lezuhanyozom	vrb,noun
délutánon	noun,adv
hibátlanul	adj,noun
sürgetni	vrb
kifordult	vrb
halálozási	noun,vrb
villámot	noun
utasították	vrb,noun
kockázati	noun
megteremtette	vrb
szomjasak	adj,noun
vonulj	vrb
akciónak	noun
arckifejezése	noun
beszámolni	vrb
elképzelt	adj,vrb
végrendelete	noun
diákokkal	noun
cserkészek	vrb,noun
hallgattatni	vrb
hozzájárul	vrb
bűnhődni	vrb
hároméves	adj_num,noun
park-i	UNK
idiótával	adj
javítanom	vrb
mutatós	adj,noun,vrb
ügynökeink	noun
megtapasztalni	vrb
álmatlanság	adj
kérdezzenek	vrb
megfogalmazás	noun,vrb
páva	noun
dollárból	noun
kevéssel	adj_num,noun_prs
aggódás	vrb
szellemei	noun
atm	noun
szörnyűbb	adj,noun
érzésekkel	vrb,noun
áramkörök	noun
válhatsz	vrb
leég	vrb
megnyílni	vrb
megtehetnéd	vrb
mindegyike	noun_pron,noun,adj_uni
tagadhatja	vrb
estéjét	noun,adv
és-	con
elvesztettek	vrb,adj
munkaügyben	noun
rátalál	vrb
ölném	vrb,noun
csendesek	adj,noun
kalandjai	noun
hangzanak	vrb
szeresse	vrb
zodiákus	noun
előszobában	noun
másodikra	adj_num
megrémiszt	vrb
kölcsönkérni	vrb
elsőben	adj_num,adj
élőnek	adj,vrb
esélyeim	noun
vegyszerek	noun
elérhetővé	noun,vrb
kaktusz	noun
férfiban	noun
megsértették	vrb
kislányokat	noun
kölni	noun,noun_prs
frissítőt	noun,vrb
hullócsillag	vrb,noun
megtagadod	vrb
résszel	noun
imádkoztunk	vrb
feszültek	adj,vrb
kezeiddel	noun
kapcsolódni	vrb
rászállt	vrb
szereztétek	vrb,noun
szüleimtől	noun
fickóban	noun
fegyverekhez	noun
eldurvult	vrb
dicsősége	noun,adj
alelnököt	noun
kádat	noun
küldetéssel	noun,vrb
mosolyogjatok	vrb
űrlények	noun
letörlöm	vrb
fejlődése	noun,vrb
letartóztattam	vrb,noun
teljesítetted	adj,vrb
egyenruhám	noun
meggyógyít	vrb
bizottsága	noun
ámde	con
katonáim	noun
csordát	noun
csodálja	vrb
férfiért	noun
befolyásolhatja	vrb
gimit	noun
fájdalmasabb	adj,noun
alanyok	noun
hepatitis	noun
suttogsz	vrb
hüvely	noun
óceáni	adj,noun
fiáért	noun
konyhája	noun
életkor	noun
öltözködik	vrb
cérna	noun
nemű	noun
drogra	noun
összege	noun
versenye	noun
egykorú	adj,adj_num,noun
karban	noun
állásodat	noun,vrb
megúszhatja	vrb
ütközetben	noun
köntös	noun
tolvajokat	noun
csevegés	vrb
álljuk	vrb
láthatná	vrb
szavazata	noun
törő	vrb
buktál	vrb
helyeztük	vrb,noun
reggelizünk	vrb,noun
eladtál	vrb
tekintjük	vrb
percekkel	noun
romjai	noun
meglepem	vrb
agyas	noun
frissnek	adj
kanyon	noun
döntésünk	noun,vrb
nyelvedre	noun
utakra	noun
konzervet	noun
kísérletezett	vrb,noun
meggyőzőek	vrb
terheli	vrb
farkaséhes	noun
hatalmunk	noun
tekintsen	vrb
ajánlólevelet	noun
kisebbet	adj
faház	noun
uralkodnak	vrb
tanúval	noun
tömni	vrb
martinnak	noun
iszap	noun
kompon	noun
időszakában	noun
kimehetsz	vrb
perrel	noun
fejnek	vrb,noun
középpontja	noun
derüljön	vrb
alábbi	adj
humanoid	adj
mélytengeri	adj
felugrott	vrb,adj
fedd	vrb
házimat	adj
ártanék	vrb
felhoztad	vrb
lapját	noun
boldogak	adj
bizonyítjuk	vrb
legyőzhetetlenek	adj,vrb
fóka	noun
gyönyörűséges	adj
elvállalja	vrb
lerakom	vrb
forgatja	vrb
szűkíteni	vrb
néhányunknak	adj
kukacok	noun
nagyságát	noun
limitált	vrb
teknőst	noun
túlélője	vrb
elfoglaltnak	adj,vrb
üzlettársam	noun
kórházzal	noun
égették	vrb
szorulsz	vrb
hálószobája	noun
tudhatnánk	vrb
összetartó	vrb
zsarolta	vrb
vírusok	noun
zenekari	adj,noun
buktatni	vrb
rendezzünk	vrb,noun
csalogatni	vrb
meghatódtam	vrb
indulhatsz	vrb
ágyunk	noun
történelemből	noun
eldöntenie	vrb
öltöznek	vrb
azonosítanunk	vrb
parkon	noun
lenyomom	vrb
ismerkedtek	vrb
csomagtartó	noun
idegesen	adj,noun
előbbiért	adv
szinglik	noun
tapéta	noun
tisztítsa	vrb
teherautóban	noun
témák	noun
kiskorodban	noun
kiveszik	vrb
megvett	vrb,adj
kockáztathatok	vrb
eltöröd	vrb
tömi	vrb
vágytunk	vrb
barátjára	noun,adj
vacsoráztál	vrb,noun
elkerülhetetlent	adj,vrb
gesztenye	noun
tűzeset	noun
logikusnak	adj
hitelkártyám	noun
felizgatni	vrb
öregedés	noun,vrb
anyjánál	noun
megsajnáltam	vrb
vacsorázz	vrb,noun
koponyán	noun
31-es	adj_num
megkérnéd	vrb
pofám	noun
kanadaiak	adj,noun_prs
tánca	noun
2-án	adj_num
maszkokat	noun
lekezelő	vrb
légkörbe	noun
vitorlás	noun,adj
követhetjük	vrb
amulettet	noun
udvarán	noun
kormányom	noun
vacsoraidő	noun
rájöjj	vrb
18-án	adj_num
hibáztathatsz	vrb
évtizedekig	noun
spórolok	vrb
tartózkodnak	vrb
sztorik	noun
eltávolodtunk	vrb
teszteltem	vrb
cigiért	noun
szamárság	adj
megmentőm	vrb
kisbabád	noun
kidobják	vrb
lélegzetét	noun
járva	vrb
nyerik	vrb
táplálkozási	vrb
gyanítjuk	vrb
tűzharc	noun
ijedős	adj,vrb
rúgatni	vrb
maszkban	noun
képén	noun
nedvesség	adj,noun
végérvényesen	adj
cégeket	noun
trollok	noun
gyönyörűnek	adj,noun
tanultok	vrb
írhatnék	vrb
mellékhatásai	noun,vrb
ujjlenyomataival	noun
savi	noun
graffiti	noun
alázni	vrb
felrobbantott	vrb
bemutat	vrb
motelt	noun
idéző	vrb
esnie	vrb
többségét	noun
szénsavas	adj
kinyírtad	vrb
mikulásnak	noun
műhelybe	noun
aggódnál	vrb
hallanád	vrb
alkotja	vrb
tengeribeteg	adj
találgatok	vrb
szolgáltat	vrb
zsivány	noun
lebegni	vrb
vallomásod	noun
fajtánk	noun
seggfejjel	noun
elégetem	vrb
kimerültség	vrb,adj
testvéreink	noun
heroinnal	noun
meteorit	noun
erkélyre	noun
fordulópont	noun
pihennek	vrb
szerepben	noun
papucsot	noun
kettőnél	adj_num
testrészek	noun
ájulni	vrb
szubjektív	adj
megtörte	vrb
hajtás	vrb
haiti	noun_prs
hősöd	noun
rendszerem	noun
csücsül	vrb
intergalaktikus	adj
férjedül	noun
nyalja	vrb
mellbimbó	noun
pánikra	noun
szegte	vrb
kivégzése	vrb,noun
megszúrta	vrb
fedezet	noun
megvárta	vrb
ügyvédekkel	noun
hangomra	noun
szeretőjével	noun,vrb
levelekkel	noun
körből	noun
karomba	noun
várhatott	vrb
nagyihoz	noun,noun_prs
vidámparkban	noun
bugyuta	adj
kutatja	vrb
biztosítson	vrb
csomagolja	vrb
engedményt	noun
nőből	noun
megszegték	vrb
kételkedj	vrb
milliomosok	noun
felbukkanni	vrb
szeméttelepen	noun
bejöhetünk	vrb
elosztjuk	vrb
változtatom	vrb
drámaian	adj,noun
tova	prv
célunkat	noun
kitaláltál	vrb
sorozatból	noun
sugárzott	vrb
megsemmisítés	noun,vrb,noun_pron
választana	vrb
bőrön	noun
dollárod	noun
okol	vrb
boszorkánynak	noun
kietlen	adj
pályája	noun
függött	vrb
képmutatás	noun
meghalhatsz	vrb
megkezdése	vrb
beenged	vrb
álmaiban	noun
kiküldtem	vrb
pajtába	noun
tárgyává	noun
sms-eket	noun
hüllők	noun
fáraszd	vrb
székkel	noun
mindegyikre	noun_pron,noun,adj_uni
szerveznek	vrb,noun
szokásod	noun,vrb
hozzad	vrb
gyászolja	vrb
vélt	adj,vrb
szemének	noun
lakossága	noun
tünteti	vrb
pusztulását	vrb
kabinjában	noun
kibékülni	vrb
elszabadultak	vrb
holmid	noun
összehozom	vrb
többinél	adj
harmadfokú	adj
megbeszélésről	noun,vrb
kedvet	noun
szeressék	vrb
előnyünkre	noun
dudor	noun
viselkednie	vrb
vendégeinket	noun,adj
teremtették	vrb
aktatáska	noun
rehabilitáció	noun
kódex	noun
emlegette	vrb
afganisztáni	noun_prs
uv	noun
vallod	vrb
bikák	noun
mocskosak	adj,noun
gyógyulnak	vrb
tudománynak	noun
megfelelőek	adj,vrb
felállok	vrb
rádiója	noun
sebre	noun
kibír	vrb
türelmüket	noun
lesújtó	vrb
kiengedem	vrb
dimenziós	noun
underground	adj
automatát	noun,adj
meglátogassa	vrb
hátrálj	vrb
csizmám	noun
beszélgetéssel	noun,vrb
belek	noun
inspiráció	noun
adminisztrációs	noun
mangó	noun
hibásan	adj,noun
flört	noun
megváltoztatná	vrb
tortából	noun
bekapcsolja	vrb
fedezéket	noun
évfordulónkra	noun
dedikált	vrb
apucit	noun
kisétálsz	vrb
büntetlen	adj
ássa	vrb
becsavarodott	vrb
fakó	adj
főkapitány	noun
szétrúgni	vrb
hangulatos	adj,noun
akárkik	noun_pron
kérné	vrb
érezhető	vrb
menekülnöm	vrb
feltételeim	noun
rábasztunk	vrb
dicsőségét	noun,adj
címezve	vrb,noun
fejünkre	noun
szótár	noun
szállítok	vrb
elfelejthetjük	vrb
leszármazottai	noun,vrb
írhat	vrb
akaratának	noun
falból	noun
bénító	adj,vrb
juttassa	vrb
fognia	vrb
üvölts	vrb
durr	sentint
lövészt	noun
cégen	noun
megoldására	noun,vrb
beteggé	noun,adj
maradi	adj
hozzáértem	vrb
neveztelek	vrb,noun
szerelmének	noun
főnökasszony	noun
megosztottad	vrb
fecseg	vrb
helyezve	vrb,noun
kérésemet	vrb
hárul	vrb
pózt	noun
inspirál	vrb
unokatesód	noun
bába	noun
kopár	adj
leadom	vrb
fedelet	noun
bilincsek	noun
müzli	noun
bizniszben	noun
emlékének	noun
baklövés	noun
próbálná	vrb
tapadt	vrb,adj
maximumot	noun
alakokkal	noun
bajsza	noun
látnoki	adj,noun
aranya	noun
hárítás	vrb
jeleztek	vrb,noun
nikotin	noun
csapok	noun,vrb
tranzakció	noun
hajtom	vrb
közbelépett	vrb
fogjak	vrb
meztelenek	adj,noun
sivatagot	noun
megpróbáltatás	noun,vrb
kerámia	noun
önpusztító	adj
csukták	vrb
meghibásodás	noun,vrb
fogamat	noun
öngyilkossága	adj
ölel	vrb
érvénybe	noun
zsarol	vrb
állapotod	noun
fellángolás	vrb
személyiségi	noun,adj
pennsylvaniai	noun_prs
lányban	noun
gyakorlatok	noun
felhasználásával	noun,vrb
véreb	noun
feeling	noun
albuma	noun
működnünk	vrb
szándékaid	noun
leszállást	vrb
igazítani	vrb
százait	adj_num
nevemmel	noun
győzöl	vrb
cseppnyi	noun
levált	vrb
köszönnöd	vrb
emberevő	noun
megtisztelnél	vrb
bírták	vrb
roncsok	noun
eltervezte	vrb,noun
akadtál	vrb
próbatétel	noun
necces	noun
megköszöni	vrb
futást	vrb
aláírásával	noun,vrb
genny	noun
csokival	noun
fürödj	vrb
ballal	adj
vizsgálattal	noun
meglátogattad	vrb
utcákra	noun
kesztyűk	noun
veretlen	adj,vrb
elmondhattam	vrb
szavunk	noun
dolgairól	noun
elfoglaltságot	adj,vrb
visszatérésre	noun,vrb
szentélyt	noun
erősítették	vrb,noun
végezne	vrb,noun
műsorunkat	noun
főzünk	vrb
uzsorás	noun
munkaidős	noun
számolsz	vrb
üzlettárs	noun
udvarolni	vrb
csökkentsük	vrb
lehetőségekből	vrb,noun
alant	adv
felfedeztek	vrb
csókolja	vrb
meggyújtani	vrb
hőn	noun,adj
kínozzák	vrb,noun
felajánlok	vrb
hangjában	noun
kategóriás	noun
hangjukat	noun
éppoly	adj_wh
pusztította	vrb
ellenszere	noun
segítségeddel	noun
orrot	noun
vonuljunk	vrb
neveznéd	vrb,noun
menekülnie	vrb
kúrni	vrb
döntéssel	noun,vrb
elnökhöz	noun
ébredtél	vrb
megfigyelésen	noun,vrb
előadja	vrb
tépem	vrb
felkavart	vrb
élhetne	vrb
tudhattuk	vrb
vágyai	noun
bemászott	vrb
támadója	noun,vrb
kihallgatta	vrb
zsebemből	noun
birtoklásért	vrb
vasárnapra	noun
kérdezünk	vrb
perec	noun
méltóak	adj
függők	noun,vrb
amelyekben	adj_wh
gipsz	noun
tettre	noun,vrb,adj
szüntelen	adj
feltételeznünk	vrb,noun
unokaöcsémet	noun
hétvégente	adv
nyaklánca	noun
munkahelyemre	noun
vitéz	adj
orvosit	adj,noun
jelentél	vrb
javítson	vrb
hívei	noun
porban	noun
abrakadabra	noun
körbevezetem	vrb
beszámolok	vrb
arcátlanság	adj
kövön	noun
tanulhat	vrb
ijedtem	adj,vrb
kolóniát	noun
muff	noun
fület	noun
szakállad	noun
haragod	noun
zuhanyoznom	vrb,noun
kedvelték	adj,vrb
betörésnek	noun,vrb
reggelije	noun,adv
szülinapodon	noun
megelőzzük	vrb
helikopterre	noun
fickónál	noun
négykézláb	adv
bizottsággal	noun
sétagalopp	noun
születését	vrb
vezetéknevem	noun
meghallgatnál	vrb
időeltolódás	noun,vrb
bebizonyítjuk	vrb
nőjével	noun
szerezzétek	vrb,noun
pillanatod	noun
ássuk	vrb
letörölte	vrb
áldásodat	vrb
intézkedik	vrb
érdekükben	noun
boldogtalanná	adj
kannibálok	noun
gyúrni	vrb
kilogramm	noun
rajzolj	vrb
bensőséges	adj
apa-lánya	UNK
revolver	noun
titkosítva	vrb,noun
argentin	adj
hölgytől	noun
másolni	vrb
buliztunk	vrb,noun
következményekre	noun
parancsai	noun
leveleimet	noun
légzsák	noun
narancsos	noun
szlogen	noun
élvezné	vrb
bankkártya	noun
talpraesett	adj
szorosra	adj
irritáló	vrb
fokozódik	vrb
függönyök	noun
tevékenysége	noun,adj
elejtetted	vrb
szekrénye	noun
sírós	vrb
legalapvetőbb	adj
kiugrom	vrb
békéről	noun
tervedet	noun
kirúgjanak	vrb
vesztét	noun
beletettem	vrb
kijelenti	vrb
határozzák	vrb,noun
kihallgatóban	vrb
mondhatna	vrb
lazítsd	vrb
lelkesedéssel	vrb,noun
hatig	adj_num
országra	noun
péniszed	noun
maszat	noun
koldusok	noun
parkolok	vrb
belerángattalak	vrb
megnyerje	vrb
lovagjai	noun
hulló	vrb
karanténban	noun
kockáztattad	vrb,noun
bukjon	vrb
nyomorultul	adj
szolgálatait	noun
kerüljék	vrb
nagyszüleim	noun
csarnokban	noun
lapokban	noun
tárcád	noun
legyőzhetjük	vrb
pörögve	vrb
elhalasztani	vrb
álcázni	vrb,noun
sorozatszám	noun
sikoltozott	vrb
réteget	noun
vevőket	noun,vrb,adj
türelmemet	noun
eseményekre	noun
ideköltöztem	vrb
munkádra	noun
lóghatnánk	vrb
dörzsöld	vrb
tövig	adv
bizalmába	noun
szakosodott	vrb,noun
lógtok	vrb
terroristának	noun
abortuszra	noun
kitették	vrb
változzon	vrb
tangó	noun
találkozgatni	vrb
sebességű	adj
megállnak	vrb
olyanért	adj_wh
szabadidő	noun
csirkével	noun
négy-öt	UNK
költöttél	vrb
bizonyították	vrb
szauna	noun
birtokába	noun
gondoskodjanak	vrb
visszafordíthatatlan	vrb
kente	vrb
elvakított	vrb
ábécé	noun
büszkébb	adj
fedezel	vrb
öntötte	vrb
színészeket	noun
felhagyott	adj,vrb
kiürül	vrb
felveti	vrb
lövedékek	noun
hangulatba	noun
pályaudvaron	noun
skizofrénia	noun
türelmesek	adj,noun
hajadban	noun
alkalmazzuk	vrb,noun
hangzana	vrb
üzeneteit	noun
elfojtani	vrb
hibájából	noun
elhalasztották	vrb
szívemhez	noun
elítélnek	vrb
témához	noun
kíváncsiskodni	vrb
üzenetrögzítő	noun,vrb
másiktól	noun_pron,noun
képezik	vrb,noun
csapatommal	noun
hűen	adj
tanév	noun
apjánál	noun
bedőltem	vrb
migrén	noun
megérzéseim	vrb,noun
beszélgetnék	vrb
szellemektől	noun
utadra	noun
eladok	vrb
átadtad	vrb
bizonyítottam	vrb
fajnak	noun
mikrohullámú	noun
behozzák	vrb
viselkedjenek	vrb
fennmaradt	vrb
szerelmük	noun
biometrikus	adj
rókát	noun
visszamenjen	vrb
pólómat	noun
manipulált	vrb
őszinteségét	adj
8-án	adj_num
orgia	noun
levinni	vrb
nagyság	noun
védettség	adj,vrb
piára	noun
idegessé	adj,noun
fémes	adj,noun
ingedet	noun
masszázsra	noun
formázta	vrb,noun
világháborús	noun
vallomásokat	noun
lepődj	vrb
szeizmikus	adj
vészkijárat	noun
kikapcsolódni	vrb
vezetésre	noun,vrb
meglepetések	noun,vrb
nagykövete	noun
vezérük	noun
iskoláról	noun
írnál	vrb
hitüket	noun
színen	noun
csajozni	vrb,noun
szégyenkezned	vrb
melóba	noun
valószínűnek	adj
beállítás	noun,vrb
elsírom	vrb
tűztek	vrb,noun
búvárok	noun
levesbe	noun,adj
kényelemben	noun
műtéteket	noun
iróniát	noun
zűrbe	noun
nyaralásra	vrb
elmondanunk	vrb
megakartam	vrb
feltöltöttem	vrb
országúti	noun
felszabadít	vrb
rágondolok	vrb
paragrafus	noun
gyűjtötte	vrb
békebíró	noun,vrb
picinyem	adj
egyesülnek	vrb
vádját	noun
lövöldözött	vrb
idiótákat	adj
millióra	adj_num
magánzárkában	noun
visszaszereztem	vrb,noun
gyűjtöttek	adj,vrb
30-ig	adj_num
fényesebb	adj,noun
érdekét	noun
képével	noun
látványát	noun
szleng	noun
szégyellned	vrb
építsenek	vrb
verjétek	vrb
reggelivel	noun,adv
százával	adj_num
találgass	vrb
hadar	vrb
hihetsz	vrb
gyanítja	vrb
lakhatok	vrb
ikertestvérem	noun
készülődj	vrb
eret	noun
képzelgés	vrb,noun
beleegyező	vrb
keserűség	adj
döntésedet	noun,vrb
izgalmasan	adj,noun
hülyeséggel	adj
házasságtörés	noun
beszámítható	vrb
gatyába	noun
megtalálnánk	vrb
építészet	noun
orvostanhallgató	noun,vrb
kihallgatták	vrb
kórust	noun
fertőzése	vrb,noun
határtól	noun
bináris	adj
ördögűzés	noun
fürödtem	vrb
tölthetem	vrb
észrevettél	vrb
átjövök	vrb
szolgálatába	noun
eltávolította	vrb
elérünk	vrb
hozzányúlni	vrb
amelyekre	adj_wh
megtegyük	vrb
blog	noun
rászolgált	vrb
érzéseinket	vrb,noun
biszexuális	adj
tervrajzokat	noun
csomagold	vrb
hajuk	noun
bizalomról	noun
gyülekezete	noun
házukba	noun
palotája	noun
szégyellte	vrb
húzódjanak	vrb
átadná	vrb
főtörzsőrmester	noun
törődjünk	vrb
többire	adj
névtelenek	adj
iskolájába	noun
felderítést	noun,vrb
szememre	noun
labdába	noun
rendeljek	vrb
füvön	noun
szorosabban	adj
menekülést	vrb
akcióról	noun
táncoljak	vrb
utánig	post
bemenjünk	vrb
távcsövet	noun
államba	noun
tanúskodom	vrb
elérése	noun,vrb
hagyományokat	noun
főminiszter	noun
számítások	vrb
javasoljuk	vrb
fegyverzet	noun
dolgozókat	noun,vrb
gyönyört	noun
elhívom	vrb
nosztalgia	noun
hozzáállást	vrb
pincérnőt	noun
vihetlek	vrb
alkoholmentes	adj,noun
bűneim	noun
százak	adj_num
erősséged	adj,noun
épületre	noun
bemutatnám	vrb
szövetségben	noun
himnusz	noun
telepre	noun
kábítószeres	noun
ígéri	vrb
mivelhogy	adv
termeszek	noun
erőlködj	vrb
csoportunk	noun
szélét	adv,noun
hamisítani	vrb,noun
mártással	vrb,noun_prs
lovagoltam	vrb
rabjai	noun
bajnokságra	noun
cselekedtek	vrb
tüdőm	noun
fajtám	noun
bocsájtani	vrb
letépi	vrb
blokkolni	vrb
párnám	noun
megsérülhet	vrb
könyök	noun
gitáron	noun
dokk	noun
sóoldatot	noun
csapja	noun,vrb
igazságosnak	adj,noun
megfizetett	adj,vrb
áramlás	vrb
létesítményben	noun
kihívni	vrb
útszéli	adj,noun
szétnézek	vrb
szupermarketben	noun
megtegyék	vrb
elfogtunk	vrb
leállítjuk	vrb
marni	vrb
kollekció	noun
alapítók	vrb
elkerülhető	vrb
koleszterin	noun
terepjárót	noun
keresztülmentem	vrb
bácsikámat	noun
kitöltöttem	vrb
hülyéskedik	vrb
rájönnének	vrb
kitalálnom	vrb
csigát	noun
vadat	adj,noun
belebotlottam	vrb
beállni	vrb
miniszterelnöknek	noun
alvilágban	noun
kérdőjel	noun
leggyakrabban	adj
jós	noun
megfigyelt	vrb
leülne	vrb
csodaországban	noun
etetett	vrb
elkezdhetnénk	vrb
előjönni	vrb
gúnyolódni	vrb
felhasználják	vrb
remegő	noun,vrb
hosszas	adj,noun
családodban	noun
üzemet	noun
szívetek	noun
szervert	noun
kinyithatom	vrb
gazdagon	adj
zselés	noun
felület	noun
étlap	noun
jövőjére	noun,vrb,adj
jobbára	adv
legnemesebb	adj,noun
elvesztesz	vrb
abbamaradt	vrb
lábujjhegyen	noun
kiborulni	vrb
szedtünk	vrb
barátomé	noun,adj
hazaérni	vrb
kapcsoljam	vrb
cégben	noun
elutasítják	vrb,noun
fociról	noun
takarítsa	vrb
tréning	noun
tanúvédelem	noun
kérésed	vrb
oldanom	vrb
beköltöztem	vrb
elvégzik	vrb
csecsemők	noun
tisztázom	vrb
szobának	noun
sarkát	noun
közelíti	vrb
győzelemnek	noun
ülése	noun,vrb
meghiúsult	adj,vrb
melegíteni	vrb
használjanak	vrb
klinikáról	noun
feled	vrb,noun
definíciója	noun
műtőasztalon	noun
csekkold	vrb
néznének	vrb
célozza	vrb,noun
könnycsepp	noun
fektet	vrb
engedhetted	vrb
zárod	vrb
szombatonként	noun
felhívják	vrb
sikítok	vrb
anyukátok	noun
eltakarítani	vrb
odalesz	vrb
sajtókonferenciát	noun
kísérletért	noun
kitágult	vrb
világosak	adj,noun
projektről	noun
vasam	noun
nyomtatvány	noun
szertartáson	noun
közre	prv,noun
megkértük	vrb
buzgón	vrb,adj
problémádat	noun
elkötelezni	vrb,noun
golfpályán	noun
költözök	vrb
forrásunk	noun,vrb
molesztálta	vrb
darabon	noun
indítsuk	vrb
becslések	noun
terjedését	vrb
egészségügy	noun
izére	noun
keresné	vrb
eszme	noun
elül	vrb
sodromból	noun
foglaltunk	vrb
királysága	noun,adj
plakát	noun
létrejön	vrb
tudatban	noun
agyamon	noun
posztert	noun
görcsöl	vrb
terjesztik	vrb
találkozókat	noun,vrb
szórakoztatok	vrb
megcsaltad	vrb
jávorszarvas	noun
konyhájában	noun
táborozni	vrb,noun
félő	vrb
háttérből	noun
műtétek	noun
kedveskedni	vrb
beosztású	vrb,noun
részesült	adj,vrb
kezelésen	vrb
nézeteltéréseink	noun
inzulint	noun
kapcsolatunkról	noun
lőjek	vrb
említenem	vrb
beengednek	vrb
műveletek	noun
beleszólása	vrb
távollétemben	noun
intézned	vrb
felfedezi	vrb
majomnak	noun
indítottunk	vrb
udvariasak	adj
körforgása	noun
hazafiak	noun
glória	noun
temetik	vrb
betegebb	adj
blogot	noun
mehessen	vrb
kiadót	noun,vrb
nyugszanak	vrb
határoz	vrb,noun
nyulakat	noun
osztogatni	vrb
üldözöm	vrb
rémület	noun
képviselőnek	noun,vrb
emlékekkel	noun
nyírta	vrb
megörültél	vrb
szülőként	noun,vrb
előfordulnak	vrb
metán	noun
zárak	noun
megismerted	vrb
országomban	noun
jótanács	noun
rajongott	vrb
gyakornokot	noun
nevadai	noun_prs
x-akták	UNK
beszélhettem	vrb
szégyellsz	vrb
sodródott	vrb
kínoznak	vrb,noun
eltévesztettem	vrb
tanulják	vrb
könnyíteni	vrb
emlékeztesd	vrb,noun
visszahozzák	vrb
ellenőrzési	vrb,noun
megnyomtam	vrb
áldozatokról	noun
pucolni	vrb
meghallgattad	vrb
vonulnunk	vrb
lógós	adj,vrb
válthatnék	vrb
semelyik	noun_pron
kínálni	vrb
mappa	noun
dolgában	noun
jóféle	adj
ecetes	adj,noun
figyelmeztették	vrb,noun
küldetésről	noun,vrb
begyulladt	adj,vrb
lassacskán	adv
nyafogást	vrb
jegyezzék	vrb,noun
lánykori	adj
ünneplést	vrb,noun
könyörögnek	vrb
karrieredet	noun
meggyógyulsz	vrb
vitatkozik	vrb
repülőről	noun,vrb
nyomukban	noun
gyakorlunk	vrb
magyarra	noun
elszöktél	vrb
telefonjára	noun
festenek	vrb
pisztolyomat	noun
megvársz	vrb
kaka	noun
beperelte	vrb
szavazó	noun,vrb
sivatagon	noun
csatlakozok	vrb
lázár	noun
korszaka	noun
olyanhoz	adj_wh
felhatalmazása	noun,vrb
elviselnem	vrb
alkalmazottakat	noun,adj,vrb
korlátozottak	adj,vrb,noun
birkát	noun
intravénásan	adj
sráchoz	noun
lövöd	vrb
higgyünk	vrb
szelvényt	noun
napokba	noun
keversz	vrb
ihlette	vrb
felderíteni	vrb
zaja	noun
inasa	noun,adj
bokszolni	vrb
működése	vrb
hűek	adj
megragad	vrb
hajnalra	noun
kézimunka	noun
bánatát	noun
haladtak	vrb
peres	adj,noun
lív	adj
apámért	noun
kiszolgálni	vrb
aranyhal	noun
felfüggesztve	vrb
betiltották	vrb
prédikálni	vrb
dohányzásról	vrb
bukását	vrb
elfajultak	vrb
hazudtatok	vrb
esetből	noun
élelmünk	noun
árulókat	vrb
emelkednek	vrb
büntess	vrb
felrobbantják	vrb
szentelem	vrb
megosztaná	vrb
biopsziát	noun
gyümölcsöző	vrb,noun
valóságnak	noun,adj
szélnek	noun
félévi	adj,adj_num,noun
megbékéltem	vrb
számlájáról	noun
övéi	noun_pron,noun
baka	noun
fodrásznál	noun
arisztokrata	noun
halloweeni	noun
ékszereit	noun
lecsapnak	vrb
lustaság	adj
álcát	noun
foglalkozást	noun,vrb
akkortájt	adv
befolyásom	noun,vrb
22-én	adj_num
kabinjába	noun
személyesnek	adj,noun
hajlam	noun
harmincöt	adj_num
szalagavatóra	noun,vrb
meghívtalak	vrb
megboldogult	vrb
nevel	vrb
aktákban	noun
tévedésben	vrb
hatolni	vrb
megbocsátom	vrb
tettettem	vrb
négyzetméter	noun
metál	adj
eseményről	noun
igényeit	noun
leltárt	noun
retkes	noun
fagyöngy	noun
betegemet	noun,adj
jelentéktelennek	adj
viseljen	vrb
haveroddal	noun
ellenféllel	noun
tandíj	noun
dolgozva	vrb,noun
gőgös	adj,noun
lengyelek	adj,noun
mondandója	vrb
osztályom	noun
mennyekbe	noun
eltűnés	noun,vrb
kiteszi	vrb
odaadhatom	vrb
szívszorító	noun,vrb
elvihetném	vrb
törne	vrb
drágakő	noun
pörgesd	vrb
lakna	vrb
szicíliai	noun_prs
vevőnek	noun,vrb,adj
álcája	noun
olvasást	vrb
boldogsághoz	noun,adj
tor	noun
szerződésed	noun,vrb
menedékjogot	noun
csapattag	noun
elviszek	vrb
vasutat	noun
felkerül	vrb
beavatkozni	vrb
mánia	noun
nőstények	noun
biz	adv
esz	noun,vrb
eldöntened	vrb
óriást	noun
értekezletet	noun
keserves	adj,noun
enyémeket	noun_pron
raktérben	noun
kavarsz	vrb
túrán	noun
szüzet	noun
flörtöltem	vrb
menyasszonynak	noun
fondor	adj
szavaztál	vrb,noun
programról	noun
megpróbálnánk	vrb
képeden	noun
jelenni	vrb
rejtegette	vrb
foglalkozzanak	vrb
elhagyjam	vrb
lehetőségei	vrb,noun
eltemettük	vrb
fékek	noun
fogadna	vrb
hegek	noun
megérzése	vrb,noun
vonatokat	noun
vegyész	noun
csapdák	noun
beszélnének	vrb
haverodat	noun
megüresedett	vrb
medencéből	noun
száddal	noun
fenyegetéssel	vrb
la-be	UNK
megvárattam	vrb
tiltakozott	vrb
büntetésre	noun,vrb
kardomat	noun
emlegeti	vrb
szájával	noun
modortalan	adj,noun
találkozhattam	vrb
mentettelek	vrb
gennyes	adj,noun
hölgye	noun
szerencsejátékot	noun
korcsok	adj
láthassák	vrb
egyetértene	vrb
nyugdíjat	noun
betörtünk	vrb
anyánkat	noun
fülkébe	noun
legfényesebb	adj,noun
megvártam	vrb
készpénzre	noun
rosszullét	noun
ügyesebb	adj,noun
irányításunk	vrb
elkérhetném	vrb
kezedből	noun
felébresztem	vrb
összeállítani	vrb
keltsd	vrb
kísértem	vrb
összefutott	adj,vrb
szedjünk	vrb
sötétbe	adj
erőit	noun
embereidnek	noun
felettes	noun
naplómat	noun
sutba	noun
megrendezték	vrb,noun
terveik	noun
kipróbálhatom	vrb
csinibaba	noun
eltávolítja	vrb
ártok	vrb
kötnöm	vrb
témával	noun
butáskodjon	vrb
műsorokat	noun
véleményüket	noun
egyetlenegy	adj_num
23-án	adj_num
kapcsolatból	noun
elvinnélek	vrb
biztonságáról	noun
zajok	noun
özvegyek	noun
színésznőt	noun
követelés	vrb
kirakom	vrb
tüzek	noun
bilincseket	noun
úszunk	vrb
szemrevaló	adj
érzéstelenítő	noun,vrb
rohangálnak	vrb
brokkoli	noun
kiengedte	vrb
kitűzőt	noun,vrb
tetőtéri	noun
rozoga	adj
anyagra	noun
fülemnek	noun
idegeim	noun
2010-ben	adj_num
hadseregtől	noun
baltát	noun
automatából	noun,adj
világodban	noun
bolha	noun
képez	vrb,noun
felhúzod	vrb
túlzásnak	vrb,noun
aggyal	noun
pihend	vrb
dobnunk	vrb
utazáson	noun,vrb
képezte	vrb,noun
férfija	noun
sokkalta	adv
elvárásai	vrb
sikered	noun
szimbólumot	noun
ikrekkel	noun
neveteket	noun
mindegyikkel	noun_pron,noun,adj_uni
kiadásokat	noun,vrb
veszélyre	noun
mosást	vrb
cserélje	vrb
fizikálisan	adj
operációt	noun
védelmez	vrb,noun
biológiailag	noun
sikított	vrb
megtiltja	vrb
éneklem	vrb
lőttünk	vrb
kutatását	noun,vrb
vadállatot	noun
lelkiismerettel	noun
megértenem	vrb
csordultig	vrb
cukorbetegség	noun,adj
becsukod	vrb,noun
börtöne	noun
bocsátanak	vrb
beindulni	vrb
felnéznek	vrb
vezethető	vrb
fosztogatók	noun,vrb
kalapomat	noun
lazák	adj
köztársaságot	noun
mehettél	vrb
szeg	noun,vrb
3-ig	adj_num
hűtlenség	adj
dühtől	noun
készülnie	vrb
eltávolítottam	vrb
meggyőznöm	vrb
célpontjai	noun
lopjuk	vrb
kését	noun
hangzavar	noun
pozícióra	noun
cselekednem	vrb
elvidd	vrb
költünk	vrb
löktem	vrb
alvilágba	noun
pasiddal	noun
ellenőrzöd	vrb
várhatna	vrb
kölcsönzött	vrb
ügyészségnek	noun
lakásodba	noun,vrb
molekulák	noun
jelére	noun
lámpával	noun
szereket	noun
változtatsz	vrb
randevúra	noun
behívták	vrb
unalmassá	adj,noun
eltemetjük	vrb
minisztériumot	noun
mászkált	vrb
vállamat	noun
ellenfelét	noun
ágyról	noun
elmerült	adj,vrb
leszarja	vrb
sírtak	vrb
kötelességemnek	adj,noun
tükrében	noun
írjatok	vrb
interjúk	noun
autómban	noun
hajdani	adv,adj
javasolnék	vrb
íjászok	noun
szabadalmi	noun
ideadja	vrb
bocsássak	vrb
elhárító	noun,vrb
javasoltad	vrb
mutatkoztam	vrb
legjobbtól	adj,noun
megmagyaráznád	vrb
pasiknak	noun
tudhatnak	vrb
kölyökre	noun
ügylet	noun
felébreszti	vrb
csalóka	adj
mindentudó	adj
erejében	noun
látomásai	noun
gyerekeiddel	noun
jogtalanul	adj,noun
kiszedte	vrb
győzze	vrb
fúródott	vrb
hinnének	vrb
csapta	vrb
manuálisan	adj
kiáltok	vrb
félrevezetni	vrb
pasimat	noun
visszamenj	vrb
tüntessétek	vrb
díványon	noun
tökét	noun
mindazon	noun_pron
zoknik	noun
hasnyálmirigy	noun
bekerülsz	vrb
újjáépíteni	vrb
műtárgy	noun
barlangjába	noun
tánchoz	noun
pipát	noun
beleszeretni	vrb
szappanopera	noun
részvényei	noun
hitük	noun
számítsak	vrb
megfordítani	vrb
jóváhagyott	adj,vrb
végrehajtás	vrb
tanulhatok	vrb
bakteriális	adj
kutatásra	noun,vrb
okáért	noun
szerepeltek	vrb
hűhót	noun
kapcsolatodat	noun
agyából	noun
kehely	noun
államon	noun
káplán	noun
fújjuk	vrb
vigyáztok	vrb
megismerkedett	vrb
nótát	noun
utálj	vrb
boldogsággal	noun,adj
repedések	vrb
nevelési	noun,vrb
százmillió	adj_num
irodájának	noun
hűséged	adj
keveredsz	vrb
ebéddel	noun
faterom	noun
dobra	noun
veszélyeztette	vrb,noun
hajózni	vrb,noun
szúrj	vrb
félrevezető	noun,vrb
titkosak	adj,noun
merészelted	vrb
bejelentjük	vrb
póráz	noun
törődnie	vrb
penny-t	UNK
előadásod	noun,vrb
bátorítani	vrb
parázs	noun
ölés	vrb
indiánt	noun
középosztálybeli	adj
rosszabbnak	adj
visszatérését	noun,vrb
eljegyzett	adj,vrb
támogassuk	vrb
tróger	noun
talány	noun
filmünk	noun
szarj	vrb
újságból	noun,adj
vibráló	vrb
mindegyiküknek	noun_pron,noun,adj_uni
mérge	noun
lefizetett	vrb
megtisztelsz	vrb
reggeliztél	vrb,noun
elváltál	vrb
képességű	noun,adj
hullája	noun
idegenvezető	noun
intézményben	noun
pennyvel	noun
társaságtól	noun
rablót	noun
tiszteletlenül	adj,vrb
ecet	noun
kacat	noun
átható	adj,vrb
kaphatjuk	vrb
másztál	vrb
kezeivel	noun
nyugalmazott	adj,vrb,noun
kábelek	noun
merik	vrb
fellebbezést	noun,vrb
kicsire	adj
emlékhorizont	noun
pisiltem	vrb
ópiumot	noun
homlokod	noun
erek	noun
kapcsolták	vrb
megérem	vrb
távolinak	adj
reményeim	noun
nyilvánította	vrb
bizonyultak	vrb
fegyverért	noun
éjszakával	noun,adv
folyadékkal	noun
szinkront	noun
sarkú	noun
body	noun
szarsz	vrb
szólítottál	vrb
pincéből	noun
termelnek	vrb
hazát	noun
állhatnak	vrb
mamához	noun
2012-ben	adj_num
tegnapról	noun
káromkodni	vrb
megmozdítani	vrb
nagydobra	noun
egyhuzamban	adv
képzelődtem	vrb
telefonomon	noun
túlélőt	vrb
repülőből	noun,vrb
hűséggel	adj
kálium	noun
óvadékkal	noun
értesítés	vrb
anyánál	noun
irányítsam	vrb
érezzen	vrb
ösztöne	noun
kötöm	vrb
kifizetett	adj,vrb
függővé	noun,vrb
démonnak	noun
törünk	vrb
összedőlt	vrb
dugtak	vrb
kutatsz	vrb
korukban	noun
természeted	noun
fabatkát	noun
néznéd	vrb
csicska	noun
válásom	vrb
eljárások	noun,vrb
tolta	vrb
méreted	noun,vrb
lassul	vrb
leadja	vrb
jegesmedve	noun
klisé	noun
egységem	noun
csalónak	vrb
zárult	vrb
leállítottam	vrb
hittelek	vrb
sírjánál	noun
döntötted	vrb
sebhelyet	noun
szentségtörés	noun
rágalom	noun
tömege	noun
helytartó	noun,vrb
kijutsz	vrb
őrizetlenül	adj,vrb
fordulnia	vrb
hányadán	noun,adv
ötmillió	adj_num
fegyvereiteket	noun
felügyelte	vrb
tetteket	vrb,adj,noun
lányaid	noun
csipogó	vrb
prototípust	noun
kikészített	adj,vrb
szakmám	noun
betegségnek	noun,adj
miniszterelnökkel	noun
szeméttelep	noun
fotókon	noun
besétáltál	vrb
örömest	noun
kiadatási	vrb,noun
robbantsd	vrb
életmódot	noun
kísérlettel	noun
fórum	noun
bőrödet	noun
körülményei	noun
álomra	noun
tárja	vrb
kampec	sentint,vrb
alaposak	adj,noun
megmászni	vrb
rendőrkapitányság	noun
basszál	vrb
tagadhatatlan	adj,vrb
fáradni	vrb
menthetjük	vrb
megfagy	vrb
fejlődtél	vrb
mozdulatok	noun
kivizsgálás	noun,vrb
reggelijét	noun,adv
bizalmatlan	adj
szösz	noun
nevezzem	vrb,noun
gyártották	vrb
nehézségei	noun
gépelni	vrb
önbizalmat	noun
megoldott	vrb
kutatásban	noun,vrb
születésnapodon	noun
örökbefogadás	noun
lemerül	vrb
visszaküldte	vrb
meghallották	vrb
betöltött	vrb
szervezetét	noun
mented	vrb
elmémet	noun
területekre	noun
leugrom	vrb
terveinket	noun
érdeklődésemet	noun,vrb
farhad	noun
hetvenes	adj
görögül	noun
elmenekülnek	vrb
éneket	noun,noun_pron
avatkozik	vrb
előadta	vrb
megzsarolni	vrb
elérhet	vrb
elkísérsz	vrb
királylány	noun
haderő	noun
engedékeny	adj
toronyból	noun
izmot	noun
eltöltöttem	vrb
borítják	vrb
félrevezetés	noun,vrb
hazatérés	noun,vrb
mobiltelefont	noun
győzöm	vrb
ezerért	adj_num
szüleitől	noun
világvégét	noun
csuklója	noun,vrb
kihívlak	vrb
elvenné	vrb
másvilágra	noun
idősebbik	adj,noun
megtalálnod	vrb
oldalamra	noun
szétesni	vrb
oxfordi	noun_prs
megbüntet	vrb
elkeseredetten	adj,vrb
tengerből	noun
érezhetem	vrb
szavadba	noun
máshogyan	adv
létrehozza	vrb
zsidónak	noun,adj
találnád	vrb
egészséged	noun,adj
fogadhatok	vrb
rendesnek	adj,noun
lesből	noun
évjárat	noun
gondolhatják	vrb
megidézni	vrb
tükre	noun
kimostam	vrb
védjen	vrb
analízist	noun
akadályozása	vrb,noun
kitalálják	vrb
sajtóhoz	noun
összepakolok	vrb
visszahozod	vrb
sáv	noun
tervezet	noun
visszaszámlálást	vrb
adománygyűjtő	noun,vrb
mindenünket	noun
légierőnél	noun
nyugtalannak	adj
háborúkat	noun
őshonos	adj
változtatnak	vrb
gyarmati	adj,noun_prs,noun
fogékony	adj
maradnotok	vrb
összezavarodva	vrb
pénztárcája	noun
nyomtató	noun,vrb
hibázok	vrb,noun
kijussak	vrb
jelented	vrb
házassághoz	noun,adj
késhetek	vrb
órától	noun
megértek	vrb
csalfa	adj
utasítsd	vrb,noun
kerüljetek	vrb
felrobbanok	vrb
érzéseivel	vrb,noun
közelemből	noun
hóember	noun
doktorhoz	noun
felnyitni	vrb
felmentek	vrb
kísértenek	vrb
feladd	vrb
biztosítottuk	vrb
rablási	noun
wellness	noun
édeset	adj
sétálhat	vrb
behajtani	vrb
elrontsa	vrb
csatatér	noun
felhozom	vrb
ébresztettél	vrb
igazolt	adj,vrb
rajtakapták	vrb
dátumát	noun
férfiaknál	noun
puskákat	noun
külvilágot	noun
rohanunk	vrb
hatszáz	adj_num
felírta	vrb
környezetében	noun
bolygóközi	adj
áramkimaradás	noun,vrb
bőröndöm	noun
lényeknek	noun
tenyerét	noun
túrót	noun,vrb
ablakra	noun
télapónak	noun
felemelkedett	vrb
kukás	noun
alakítottam	vrb
huszadik	adj_num
félóra	adj_num,noun
eltűnj	vrb
16-án	adj_num
beszélgessek	vrb
mintával	noun
leszedte	vrb
temesd	vrb
tengerészt	noun
otthontól	noun
szakácsnak	noun
dadát	noun
diplomáztam	vrb,noun
vizsgált	vrb
apámnál	noun
szerződéssel	noun,vrb
lökj	vrb
beszart	vrb
szenátorok	noun
lenyugodnál	vrb
felébresztette	vrb
tárolt	vrb
értenünk	vrb
festékkel	noun
megérdemelnek	vrb
idejű	noun
éltet	vrb
imádkoztál	vrb
antennát	noun
cityből	noun
alternatívát	adj,noun
kábszeres	noun
mérföldről	noun
iga	noun
mentheted	vrb
seggemen	noun
csapból	noun
elítélve	vrb
lehetnétek	vrb
élveztük	vrb
hangjuk	noun
kenyerét	noun
hazudnál	vrb
nosza	sentint
megszédültem	vrb
sújt	vrb
labdák	noun
bástya	noun
elhajtani	vrb
tömd	vrb
hazudhatok	vrb
nyitottunk	vrb
lovagias	adj
gyilkoshoz	adj,noun
húszast	noun,adj
gyakoriak	adj
pályaudvar	noun
megtalálására	noun,vrb
összefutok	vrb
igényli	vrb
kitaláltunk	vrb
ejtettél	vrb
leletet	noun
csalták	vrb
kullancs	noun
nyerjenek	vrb
dumálok	vrb
zavargás	vrb,noun
tanulásban	noun,vrb
bevittek	vrb
engedélyek	noun
nagyváros	noun
mólónál	noun
falunak	noun
szerepeltél	vrb
híradós	noun
gyógyulást	vrb
olyanban	adj_wh
kereset	noun
kancsal	adj
vertél	vrb
kapitányi	noun
jelezték	vrb,noun
húsom	noun
szeretkeztem	vrb
drogról	noun
randiznék	vrb,noun
megőrülsz	vrb
előnyét	noun
éket	noun
finomságot	adj
zombikat	noun
bírósága	noun
csávóval	noun
piramisok	noun
pénzére	noun
csontig	noun
könyörüljön	vrb
szólóban	noun,vrb
fiaként	noun
önbizalma	noun
idefenn	adv
lépésben	noun,vrb
győztesnek	noun,adj
farkasokat	noun
avass	vrb
hírnöke	noun
cserében	noun
barátságosan	adj
másiknál	noun_pron,noun
kölcsönadom	vrb
elveszítettünk	vrb
helyetekben	noun
árthatnak	vrb
ellenállnak	vrb
igazándiból	adv
magasból	adj
szibériai	noun_prs
gyakorold	vrb
elbírsz	vrb
ládákat	noun
álneve	noun
ügyéről	noun
agyalni	vrb
baszakodni	vrb
buszmegálló	noun,adj
szabályozza	vrb,noun
katonaként	noun
bánd	vrb
életünkkel	noun
összeállítottam	vrb
kimentél	vrb
buggyant	vrb
szándékú	noun
colos	noun
viselné	vrb
futólépés	noun
sorsban	noun
bújva	vrb
nyomozol	vrb,noun
végeredményben	noun
csoportokban	noun
megölnünk	vrb
harvardi	noun_prs
szerezne	vrb,noun
szabadítson	vrb
karibi	adj
dánok	noun,adj
felvet	vrb
üdvözölje	vrb
lovaknak	noun
mutatványt	noun
megmentsenek	vrb
visszajöttök	vrb
szívmasszázst	noun
megmentenem	vrb
elfogása	noun,vrb
lábadozik	vrb
elkezdődtek	vrb
nevezné	vrb,noun
falkavezér	noun
liliom	noun
jelöltünk	noun,vrb
hatost	noun,adj
tápláléklánc	noun
behatolásra	noun,vrb
osztogat	vrb
defibrillátort	noun
tárgyalásnak	noun,vrb
ötcsillagos	adj_num,noun
igyuk	vrb
bemocskolni	vrb
padlóról	noun
hiányolja	vrb
haverját	noun
elkérni	vrb
rakva	vrb
lepcses	adj
nemnek	noun
fagyasztóba	vrb
rozmár	noun
bakancs	noun
együttest	noun,adj
seregek	noun
segélykérő	noun,vrb
5-öt	adj_num
részlegben	noun
családtagot	noun
történelmét	noun
járőröket	noun
mézzel	noun
3-szor	adj_num
rezsim	noun
mottóm	noun
szekrényedben	noun
egyenruhád	noun
elvoltunk	verb
kellékek	noun
összepakolni	vrb
jaguár	noun
kinyissa	vrb
ajánlatokat	noun
egyesítsük	vrb
dombok	noun
támadtam	vrb
szöges	noun
meggyógyított	vrb
méretre	noun
2001-ben	adj_num
emlékeztesse	vrb,noun
elégséges	adj
keverje	vrb
megszokta	vrb
lyukkal	noun
környezetbe	noun
szaúdi	noun_prs
lássatok	vrb
kapná	vrb
szekrényem	noun
karjaidba	noun
fegyverest	noun,adj
egyféle	adj_num
varázst	noun
kirabolják	vrb
kilátásban	vrb,noun
nyomozóknak	vrb,noun
feljutni	vrb
eljárással	noun,vrb
növekedést	noun,vrb
jelmezem	noun
ücsörög	vrb
átnézték	vrb
fejezete	noun
feláldozható	vrb
paci	noun
sejtettük	vrb
unikornis	noun
létrehozták	vrb
szindikátus	noun
hízeleg	vrb
meghoztuk	vrb
elhalasztjuk	vrb
legunalmasabb	adj,noun
ebédlőbe	noun
lerombolta	vrb
app	noun
palira	noun
rendőrökre	noun
teremnek	vrb,noun
szituációban	noun
inger	noun
kárpótollak	vrb
szakaszvezető	noun,vrb
megvakult	vrb
töredéke	noun
gondoskodás	vrb
kapitányom	noun
felfedjük	vrb
tolod	vrb
moloch	noun
eldöntik	vrb
kérjetek	vrb
támadtál	vrb
percekben	noun
baltával	noun
zászlók	noun
réten	noun
beugrottunk	vrb
szenvedélyed	noun
komornyikja	noun
előnyre	noun
e-mailjeit	noun
ezrest	adj_num,noun,adj
kóstolnod	vrb
bosszúm	noun
kiugrottam	vrb
felismerték	vrb
létrehozva	vrb
örültök	vrb
megállna	vrb
megszeretni	vrb
tüntette	vrb
félős	vrb
neheze	adj
parkolóhely	vrb,noun
atlanti-óceán	UNK
lefoglaljuk	vrb
megpróbálnál	vrb
lázban	noun
pokrócot	noun
ötletekből	noun
szülője	noun,vrb
meccsek	noun
szemrehányást	noun
lefújom	vrb
tájfun	noun
hisztéria	noun
rakjon	vrb
sírjához	noun
háttérrel	noun
kipróbálta	vrb
nyuszikám	noun
kaptátok	noun,vrb
kifosztották	vrb
ufó	noun
tölgyfa	noun
gonosszá	adj
kapcsoltad	vrb
földrengést	noun
kiabáltak	vrb
vélemények	noun
sötétedésig	vrb
eltussolni	vrb
hatásai	noun,vrb
hatékonyság	adj
kansasi	noun_prs
mamádnak	noun
síneken	noun
megfázol	vrb
térképeket	noun
ástak	vrb
meglássuk	vrb
reménykedtünk	vrb
pasasról	noun
ennyibe	adj_num_wh
elbúcsúzom	vrb,noun
felbosszantani	vrb
fővárosi	adj,noun
hazudozás	noun,vrb
remi	noun
pofás	noun
tudatod	noun,vrb
kérdéseit	noun,vrb
könyveimet	noun
min.	abr,noun_pron,noun
csörögj	vrb
büntetendő	vrb
mutassunk	vrb
zavarod	noun,vrb
távolodik	vrb
mennétek	vrb
hallhatta	vrb
pörgés	vrb,noun
sajátot	adj
idegbeteg	noun
vonnunk	vrb
csontvázat	noun
biopszia	noun
alkalmazást	vrb,noun
befektetést	noun,vrb
kémkedtél	vrb
támaszkodni	vrb
számkivetett	vrb
őrangyalom	noun
kiskorúak	adj
napjaiban	noun
kabaré	noun,adj
keresésével	vrb
fejükre	noun
csiszolatlan	adj,vrb
undorítóan	vrb
félnél	vrb,adj_num,noun
bámulok	vrb
legkönnyebben	adj
szentélybe	noun
hátrál	vrb
fogamzásgátló	noun,adj
védője	noun,vrb
sokuk	adj_num
lelkesedést	vrb,noun
alvással	vrb,noun
karina	noun
szusi	noun
elárasztotta	vrb
többieknél	adj
emberedet	noun
napfényes	adj,noun
nagypapám	noun
kamarás	noun
belenéz	vrb
autómmal	noun
kiszaladt	vrb
beleadtam	vrb
túlozz	vrb
alelnöknek	noun
akadályozzák	vrb,noun
megkínozta	vrb,noun
birodalmában	noun
kiváltani	vrb
lelkéért	noun
megcsonkított	adj,vrb
sérülékeny	adj
tárcámban	noun
megtudnunk	vrb
bátorsággal	noun
unokatestvér	noun
féljek	vrb
szexibb	adj,noun
sétányon	noun
karoddal	noun
comb	noun
nehézségeket	noun
csaptam	vrb
sérteget	vrb
fordultunk	vrb
támogassam	vrb
észlelhető	vrb
amijük	noun_pron
kezdeményezni	vrb,noun
öve	noun
megegyezést	noun,vrb
anyuhoz	noun
befogtam	vrb
könyörületet	noun
eléréséhez	noun,vrb
fejtsd	vrb
rendelték	adj,vrb
járművel	noun
újraélesztést	vrb
házasodnunk	vrb,noun
háztömböt	noun
utolérlek	vrb
meghátrálni	vrb
átöltözök	vrb
dobál	vrb
felhőt	noun
idehozod	vrb
kapaszkodjanak	vrb
állhattam	vrb
ágyak	noun
szakítanod	vrb
magnó	noun
összeszeded	vrb
félreértetted	vrb
szélvédőn	noun,vrb
állomásnál	noun
hírekből	noun
vehetne	vrb
unokaöccsét	noun
tudományban	noun
berakta	vrb
dolgodra	noun
kikapcsolnád	vrb
éjszakának	noun,adv
puskája	noun
engednéd	vrb
kiskölyök	noun
kunyhóba	noun
ráillik	vrb
rontasz	vrb
hűségesen	adj
szakítsunk	vrb
rámutatni	vrb
eljátszod	vrb
puskák	noun
főhős	noun
őrsről	noun
szalma	noun
hasonlítotok	vrb
fullad	vrb
őslakosok	noun
rémálmaid	noun
személyleírása	noun
gazdáját	noun
utasít	vrb,noun
hozzátenni	vrb
tanítanod	vrb
elolvadt	vrb
kihívja	vrb
száradva	vrb
őrangyal	noun
fizessünk	vrb
magi	noun
érzéseink	vrb,noun
padra	noun
aukciós	noun
intimitás	noun
összehoz	vrb
átvinni	vrb
juttatnom	vrb
elhúz	vrb
haverjaiddal	noun
hozzátartozója	noun,vrb
vámpírral	noun
baszás	vrb
eszednél	noun
ranch	noun
korba	noun
öltözzek	vrb
átszállítják	vrb
alázattal	noun
hozzávalókat	noun
atyák	noun
artériás	noun
nyilak	noun
tipped	noun
megtalálnia	vrb
vasból	noun
visszatérhetek	vrb
puskaport	noun
tűzforró	adj
teraszra	noun
hajukat	noun
reménykedett	vrb
lekapcsolta	vrb
gyűjts	vrb
gépházba	noun
koránt	con
rajzoltál	vrb
gézt	noun
állomásozott	vrb,noun
műszakja	noun
helyesbítek	vrb
varrtam	vrb
hajómra	noun
építmény	noun
bacont	noun
észrevesznek	vrb
napjaimat	noun
molesztált	vrb
kiiktatta	vrb
hibátok	noun
mindkettőtökkel	adj_num
problémánkat	noun
szirupot	noun
kastélya	noun
kerekét	noun,adj
kísérleteztek	vrb,noun
arrogancia	noun
genetika	noun
szódával	noun
ribanccal	noun
jelenthetem	vrb
találhatok	vrb
rákom	noun
üzenek	vrb
önkénteseket	adj,noun
hazamenjek	vrb
sajnálhatod	vrb
bankkal	noun
hoznék	vrb
felismerhető	vrb
kimagasló	adj,vrb
tagadják	vrb
kortárs	noun
szentesíti	vrb,noun
fokig	noun
szolgát	noun
vesztesége	noun
versenyek	noun
megjegyezted	vrb,noun
iránytűt	noun
feltalálták	vrb
gondolatod	noun
karrierednek	noun
vállalkozók	noun,vrb
tettesek	noun
felelőse	noun,vrb
szörf	noun
értesítsenek	vrb
legcukibb	adj
gondatlanság	adj
külsőd	adj
mellemet	noun
kiderítettük	vrb
kupit	noun,noun_prs
gyártottak	vrb
belehalna	vrb
szitut	noun
levett	vrb,adj
figyelmeztesselek	vrb,noun
játékon	noun
megbuktál	vrb
visszatérhetsz	vrb
megszegik	vrb
logó	noun
holttestére	noun
megszökünk	vrb
szurkolok	vrb
rejtekhelye	noun
életfogytiglani	noun
elmúljon	vrb
munkaerőt	noun
szabadulunk	vrb
kreativitás	noun
támaszkodj	vrb
osztozkodni	vrb
státusz	noun
loptunk	vrb
legostobább	adj
érdekesség	adj,noun
rendezel	vrb,noun
viszonozza	vrb
testeden	noun
domina	noun
felfedezik	vrb
borotvát	noun
végeznék	vrb,noun
gyerekesen	adj,noun
seggedből	noun
összeköltözünk	vrb
apucihoz	noun
vehetném	vrb
szobátokba	noun
világbajnokság	noun
lerakta	vrb
lézerrel	noun
kijátszotta	vrb
oldjam	vrb
néktek	noun_pron
házidat	adj
fellelhető	vrb
bárok	noun
tetthelyről	noun
másikról	noun_pron,noun
osztályának	noun
elkalandoztam	vrb,noun
évessel	adj,noun
pólódat	noun
beérem	vrb
kereskedni	vrb
csiklandoz	vrb
halnál	vrb,noun
józanság	adj
megunni	vrb
furgonból	noun
hétnél	noun,adj_num
tollakat	noun
megbocsátó	vrb
szabadságunkat	noun,adj
faszit	noun
féltestvére	adj_num,noun
állkapcsa	noun
visszahívja	vrb
szerve	noun
megírták	vrb
vinnél	vrb
átbeszéltük	vrb
önbizalmad	noun
kérdezgetni	vrb
járatni	vrb
jelentkeznie	vrb
igyekeznünk	vrb
vacsoránk	noun
kijuthatunk	vrb
találhatnak	vrb
leütöttem	vrb
mocsári	adj,noun
rágós	vrb
tartályba	noun
választalak	vrb
neheztelek	vrb
sörétes	noun
visszahívjuk	vrb
golfozik	vrb,noun
tudásomat	noun,vrb
kajáról	noun
elindítom	vrb
ünnepeltük	vrb
magnót	noun
olyant	adj_wh
tortával	noun
fecske	noun
lakozó	vrb,noun
etettem	vrb
közelítünk	vrb
írhatom	vrb
vehettem	vrb
meglásson	vrb
műveltetek	vrb,adj
utazásról	noun,vrb
kukucs	sentint
tiszteletünket	noun
fecsegni	vrb
milla	noun
kideríthetjük	vrb
kihozták	vrb
senkiről	noun_pron
szívod	vrb
riválisa	adj
bizonyítható	vrb
álmodta	vrb
elfogom	vrb
eljöjjek	vrb
munkahelyéről	noun
töltetet	noun
áldozatának	noun
40-et	adj_num
hízelegni	vrb
szöveteket	noun
oldalakon	noun
süsd	vrb
gyermekével	noun
hódítani	vrb
tudhatok	vrb
szentelni	vrb
indokolatlan	adj,vrb
tönkretedd	vrb
felbosszantott	adj,vrb
cinkosa	noun,adj
igazolás	vrb
videóban	noun
megkóstolom	vrb
kiviszi	vrb
neveltél	vrb
elmezavar	noun
kapcsolnom	vrb
befektetőket	vrb
szűnik	vrb
sorsodat	noun
manipuláció	noun
bíznám	vrb
kategóriában	noun
mérgezték	vrb,noun
megeheted	vrb
meggyógyította	vrb
elbuktak	vrb
zsinór	noun
hősöket	noun
mentést	vrb,noun
pirított	vrb
megszökjön	vrb
seregből	noun
forogni	vrb
rendjét	noun
hűsége	adj
hibáztak	vrb,noun
felügyelem	vrb
parlamentben	noun
sikerem	noun
körmönfont	adj
lőnie	vrb
magzatvíz	noun
valahára	adv
letennéd	vrb
barátaikat	noun
utazásunk	noun,vrb
jelentkezés	vrb
megszervezte	vrb,noun
könyveim	noun
szabadítanunk	vrb
okozzak	vrb
lenyomozta	vrb,noun
megakarom	vrb
végezhet	vrb,noun
visszavág	vrb
gyerekeknél	noun
kimenjek	vrb
melleidet	noun
visszahozták	vrb
szentírás	noun
kiadást	noun,vrb
megtiltottam	vrb
többségében	noun
pólók	noun
feljöttem	vrb
terhesek	adj,noun
matematikát	noun
borús	adj,noun
köszöntök	vrb
közöttetek	noun_pron
szardínia	noun
apa-fia	UNK
pupilla	noun
ejtsék	vrb
javaslatod	noun
merszem	noun
környezetvédő	noun,vrb
romlottak	adj,vrb
hassal	noun
társaságnál	noun
megmaradjon	vrb
szerszámos	noun
rendezvényre	noun
mocsokban	noun
előrelépést	vrb
sugarú	noun
melóhoz	noun
házasságok	noun,adj
résznek	noun
hegynek	noun
káró	noun
ugrottak	vrb,adj
eseményeken	noun
mutogat	vrb
intézetet	noun
szonár	noun
használatos	noun
akciók	noun
villanykörte	noun
rendezték	vrb,noun
engedélyezik	vrb,noun
látványosan	adj,noun
osztanunk	vrb
penészes	adj,noun
boci	noun
gyártási	vrb
kínaiaknak	adj,noun_prs
fókuszálni	vrb
mentettek	vrb
bemehetnék	vrb
bordélyház	noun
sugárzási	vrb
szédül	vrb
ügyelek	vrb
fellépésem	noun,vrb
tűzszerészek	noun
kanapéján	noun
reám	noun_pron
kezdeményezett	vrb,noun
megváltoztassam	vrb
szabványos	adj,noun
viseltél	vrb
kémnek	noun
túloz	vrb
kimondhatatlanul	adj,vrb
elnyomó	vrb
támadjanak	vrb
nekilátok	vrb
apáink	noun
cement	noun
elnökével	noun
engedelmesség	adj,noun
ereidben	noun
kamilla	noun
viselkedésemért	vrb
labornak	noun
eljutottál	vrb
varázsát	noun
pénzmosás	noun,vrb
helyetek	noun
örömében	noun
löketet	noun
szórd	vrb
frankót	adj
hallása	vrb
dudák	noun
dolgozhassak	vrb,noun
leellenőrizzük	vrb
kegyvesztett	adj
énekeljetek	vrb
kinyitott	adj,vrb
dokik	noun
izéket	noun
tanúsítani	vrb,noun
felültettél	vrb
beomlott	vrb
látogassa	vrb
részvényeit	noun
megmondd	vrb
24-én	adj_num
újraindítani	vrb
központtal	noun
folytatódjon	vrb
megházasodtam	vrb,noun
szektort	noun
gyárból	noun
azonosítója	vrb
napodat	noun
mérik	vrb
veszítjük	vrb
támogasd	vrb
bevezetni	vrb
fegyház	noun
bűnért	noun
fizetnél	vrb
törvénykönyv	noun
kezéről	noun
hűvösebb	adj
ökölbe	noun
hatásait	noun,vrb
veszítem	vrb
turistákat	noun,adj
érintetlenül	adj,vrb
tűznél	vrb,noun
tekercsek	noun
égne	vrb
testvérrel	noun
blokád	noun
segíthetett	vrb
szab	vrb
természetfölötti	noun,adj
tájékoztatlak	vrb,noun
leugrik	vrb
talpán	noun
visszahívtak	vrb
hajdan	adv
elbeszélgetek	vrb
temettek	vrb
megrendeltem	vrb,adj
selejt	adj
érdek	noun
fukar	adj
csibe	noun
jöhetünk	vrb
törékenyek	adj
együttesen	adj,noun
ládába	noun
tulajdonosai	noun
hajóútra	noun
kisegér	noun
időről-időre	UNK
hátába	noun
színűek	adj,noun
visszajönnöd	vrb
elterelte	vrb
előélete	noun
elegük	adv,noun
oldva	vrb
fedezék	noun
felszerelését	noun,vrb
forgószél	noun
alsógatyát	noun
eszmék	noun
visszamennünk	vrb
bordélyban	noun
emelünk	vrb
hangjai	noun
nyaral	vrb
szabályzata	noun
pincérek	noun
visszavittem	vrb
segítem	vrb
túltettem	vrb
tartóztasson	vrb,noun
nyugodnia	vrb
megkeseredett	vrb
bánthatja	vrb
fizetésemet	noun,vrb
fejfájásom	noun
fejeznie	vrb,noun
csomagolok	vrb
rádióval	noun
inspirálta	vrb
rágódni	vrb
javunkra	noun
piszkál	vrb
tekintetbe	noun
letöltés	vrb
finnyás	adj
elküldök	vrb
alakzat	noun
találkozókra	noun,vrb
ügyedet	noun
napnyugtakor	noun
szobrokat	noun
érzékenyebb	adj
címedet	noun
ciklon	noun
eljárási	vrb,noun
émelygek	vrb
kiadjuk	vrb
felírok	vrb
hívásaimat	vrb
ismertebb	adj,vrb
ijedtnek	vrb,adj
elejtett	vrb
problémákról	noun
életükért	noun
állig	noun
nemek	noun
azonosítsák	vrb
átgondoljuk	vrb
bitang	adj
meghallgatlak	vrb
zuhanást	vrb
megnősülsz	vrb
egyedüllétre	noun
orrukat	noun
márkájú	noun
aktívak	adj
diadal	noun
csúnyák	adj
fogyasztás	noun,vrb
homokkal	noun
hálózata	noun
kihozlak	vrb
temessék	vrb
hajnalán	noun
döntene	vrb
hobbid	noun
összetéveszt	vrb
gyűlölködő	vrb
bejussunk	vrb
tudatát	noun
eunuch	noun
fussanak	vrb
hirdeti	vrb
felüli	adj,vrb
leheleted	noun
hallana	vrb
szünetem	noun
avatkozzon	vrb
riport	noun
megölnél	vrb
házasságtörő	adj
egyetemnek	noun
megítélése	noun,vrb
magántulajdon	noun
beavatott	adj,vrb
tiédben	noun_pron
szórólap	vrb,noun
főnöknő	noun
vigyáznék	vrb
télre	noun
ammónia	noun
külvárosában	noun
robbantást	vrb
csatornánál	noun
ártalmatlanok	adj
stabilizálódik	vrb
rumos	noun
próbálnál	vrb
pitbull	noun
elszúrom	vrb
ügyészek	noun
felszívódik	vrb
kereszteződésnél	vrb
folytatnak	vrb
felhívnak	vrb
pasidat	noun
házimunka	noun
elüti	vrb
szerethetsz	vrb
megkérné	vrb
nyakláncát	noun
főnökség	noun
tudósnak	noun,vrb
csodálkozni	vrb
bocsánatkérésemet	noun
túlmegy	vrb
bűnrészesség	noun,adj
túlértékelik	vrb
lökjed	vrb
idegeskedni	vrb
mindannyiunkért	adj_num_wh
parkolóból	vrb
megszáradt	vrb
megoldjam	vrb
zárjanak	vrb
legények	noun
nyújtottak	adj,vrb
csapatába	noun
bábuk	noun
döfi	vrb
képességemet	noun,adj
gyilkosságokkal	adj,noun
beosztott	noun,vrb
cigire	noun
tányérok	noun
eszeveszett	adj
helyzetén	noun
üveges	noun,adj
mesélték	vrb
finanszírozni	vrb
felültette	vrb
elhagyd	vrb
kidolgozni	vrb,noun
00-ra	adj_num
élre	noun
választhatunk	vrb
versek	noun
hajtóműveket	noun
ellenzék	noun
véljem	vrb
minisztériumból	noun
ülnénk	vrb
végzetet	noun
megérett	adj,vrb
seregnyi	noun
váltsa	vrb
sikoltozni	vrb
öngyilkossággal	adj
istenként	noun
elpusztítanak	vrb
grófné	noun
pontatlan	adj
otthonosan	noun
shillinget	noun
betegről	noun,adj
balta	noun
kékre	adj
méretem	noun,vrb
megtalálná	vrb
italába	noun
formázás	vrb,noun
bizonyítva	vrb
szüleinket	noun
mellekkel	noun
ásó	noun,vrb
bonyolulttá	adj
lebukunk	vrb
pánikolni	vrb
szabadba	adj
könnyeid	noun
fegyencek	noun
figyelmeztetéssel	vrb,noun
másabb	adj
kötet	noun
panama	noun
szánalmat	noun
kiiktatjuk	vrb
műsoron	noun
fehéreknek	adj
magyarázatnak	noun
picikét	adj
összeggel	noun
keresztülmentél	vrb
barátságosnak	adj
elégedettnek	vrb
lemészárolta	vrb
létrehoztak	vrb
torpedókat	noun
találkozhatnék	vrb
mozdulatát	noun
aszalt	adj,vrb
csíkok	noun
nagyját	adj
estély	noun
önkormányzat	noun
megmenekültem	vrb
gondolatokkal	noun
lebilincselő	noun,vrb
galériába	noun
fejszével	noun
lucian	noun
beleit	noun
összeillünk	vrb
tiltakozást	vrb
békülni	vrb
elárulsz	vrb
közelünkben	noun
hatalomért	noun
vitamint	noun
tisztviselők	noun,vrb
kifogyunk	vrb
köszöntsétek	vrb
felfalta	vrb
hotelnél	noun
agyrázkódást	noun,vrb
angyalnak	noun
dolgozószobában	noun
kapcsolódott	vrb
utasításig	vrb,noun
mexikóit	noun,noun_prs
fővárost	noun
hátuljába	noun
fajták	noun
korlátot	noun
karmester	noun
megmaradtak	vrb
klubjába	noun
továbbmenni	vrb
táblák	noun
idény	noun
hapsit	noun
limuzint	noun
helyeslem	vrb
eladjam	vrb
visszafordulunk	vrb
irányult	adj,vrb
marslakók	noun
gépjármű	noun
hívására	vrb
köpős	vrb
példányban	noun
zabpelyhet	noun
tisztelettudó	noun,vrb
trágár	adj
meglenni	vrb
funkció	noun
asztronauta	noun
vont	vrb
kolera	noun
atropint	noun
szabálysértés	noun,vrb
mieinket	noun_pron
házától	noun
igényelnek	vrb
magját	noun
bizonyossággal	adj
újjászülettem	vrb
rezeg	vrb
negyedikes	noun
elhitetted	vrb
jelentkezek	vrb
kupont	noun
kocsikázunk	vrb
megbocsátja	vrb
drogdílerek	noun
mérlege	noun
fordítjuk	vrb
mehettünk	vrb
elbújok	vrb
hangyányit	noun
törjétek	vrb
öltözet	noun
pasa	noun
tököd	noun
elrepülök	vrb
megkaptál	vrb
lelassítani	vrb
kiöntöttem	vrb
gondolatától	noun
öleljelek	vrb
kockáztatott	vrb,noun
odaértél	vrb
felhívhatlak	vrb
ellenségeskedés	vrb
pang	vrb
vaktában	adv
akadályozhatja	vrb,noun
keltsen	vrb
borító	noun,vrb
tapasztalatai	noun
elégtelen	adj
potyautas	noun
szófordulat	noun
erkély	noun
tárcsázni	vrb,noun
akusztikus	adj
bevisz	vrb
táncost	noun
oszoljanak	vrb
égetem	vrb
együttélés	noun
kegyelmi	noun
holdról	noun
ügynél	noun
fogadtuk	vrb
vásárlási	vrb,noun
bulihoz	noun
karim	adj
vulkanikus	adj
válaszolnék	vrb
bőrére	noun
eseménynek	noun
felismersz	vrb
tisztelte	vrb
megtanítottál	vrb
szekrények	noun
vállalkozásom	noun,vrb
ejtenek	vrb
ízben	noun
visszaeső	adj,vrb
félelmetesek	adj
hasított	vrb
meghívnak	vrb
otthonnak	noun
beavatkozásra	noun,vrb
levágod	vrb
nyakadban	noun
megállítják	vrb
keretek	noun
fülében	noun
elveszítek	vrb
leírását	noun,vrb
beleegyezés	noun,vrb
index	noun
viselet	noun
szolgálatát	noun
tré	adj
üvöltő	vrb
fejünkben	noun
letörölni	vrb
tudósító	vrb
manipulál	vrb
falunk	noun,vrb
jóváhagyja	vrb
beszélgetnem	vrb
pucádban	noun
ügyfeleknek	noun
kizártuk	vrb
helyzetedet	noun
szereplői	vrb,noun,adj
pasiról	noun
elterveztük	vrb,noun
sebezhetőnek	noun,vrb
reklámozni	vrb,noun
belehalsz	vrb
fordítson	vrb
bújhatsz	vrb
melegét	noun,adj
átversz	vrb
megvédened	vrb
meccseket	noun
24-es	adj_num
problémáinkat	noun
történetünket	noun
értékeltem	adj,vrb
magyarázatra	noun
hihetetlennek	vrb,adj
fújnak	vrb
erősítsd	vrb,noun
rázzad	vrb
változtassak	vrb
osztálytársam	noun
leharapta	vrb
választva	vrb
képessé	adj,noun
határokon	noun
ellentét	noun
25-én	adj_num
szerencsétlenséget	adj,noun
hátteret	noun
megver	vrb
népszerűségi	adj
csinálnotok	vrb
begyógyult	adj,vrb
tudtomra	noun
elve	noun
emeljen	vrb
bíróhoz	noun,vrb
lányomért	noun
kapuzárási	noun,vrb
tudománya	noun
keltő	vrb
trónját	noun
fizethetek	vrb
küklopsz	noun
selymet	noun
vasútállomás	noun
kajánk	noun
popsi	noun
feküdnék	vrb
ortopéd	noun
fürdőkád	noun
járhatnak	vrb
előkeríteni	vrb
megkötözték	vrb
mecset	noun
remélted	adj,vrb
beválni	vrb
aludjál	vrb
fejlődési	noun,vrb
sulykot	noun
ellátjuk	vrb
remél	vrb
rátenni	vrb
leghűségesebb	adj
rázott	vrb
foglalkozzatok	vrb
idiótákkal	adj
kana	noun
vallomások	noun
visszagondolva	vrb
felolvasná	vrb
ösztönzés	vrb,noun
megváltozom	vrb
akadémiáról	noun
elfogtam	vrb
fotel	noun
vőlegényét	noun
hangzás	vrb
ága	noun
vadászokat	noun
patkányokkal	noun
árkot	noun
hívnánk	vrb
megvolnánk	vrb
esküvőmet	noun,vrb,adj
szavazol	vrb,noun
lemásolta	vrb
tűznek	vrb,noun
beindít	vrb
morgó	vrb,adj
brutalitás	noun
szerdánként	noun
nyomasd	vrb
bizsereg	vrb
átlépett	vrb
vérminta	noun
ugass	vrb
kihasználták	vrb
cserélek	vrb
rémít	vrb
kapcsolattal	noun
bepakoltam	vrb
riporternek	noun
családjából	noun
kibújt	vrb
végignézem	vrb
fordulnom	vrb
karikacsapás	noun,vrb
pitiáner	adj
agyvérzése	noun,vrb
felfedezzük	vrb
101-es	adj_num
átvennéd	vrb
termelés	noun,vrb
sávot	noun
húsgombóc	noun
átmenjek	vrb
szobához	noun
olvadni	vrb
baromsággal	noun
rémülten	adj,vrb
kínozd	vrb,noun
szóbeszédet	noun
vihetnénk	vrb
zamatos	adj,noun
hívnának	vrb
hahaha	sentint
kényszeríthet	vrb
ciciket	noun
gondolkodnia	vrb
sarkából	noun
kifizetik	vrb
nézőink	noun,vrb
önzőnek	adj
sötétek	adj
szakra	noun
tejszínnel	noun
figyelmeztesse	vrb,noun
srácaim	noun
etette	vrb
jogosítványom	noun
alapítottam	vrb
hotelszobát	noun
tereli	vrb
megkérdezett	vrb
küzdelemnek	noun
átlát	vrb
martinnal	noun
szappannal	noun
ortodox	adj
hallásom	vrb
mentesz	vrb
kevéske	noun
rabszolgaként	noun
szemétdombon	noun
kinyírtak	vrb
tetszettem	vrb
tényre	noun
visszatartom	vrb
hongkongi	noun_prs
aranyosan	adj
teljesítményét	noun
ötletetek	noun
válságot	noun
mosakodni	vrb
szövegek	noun
rajongóid	noun,vrb
megharapni	vrb
takony	noun
szövetkezett	vrb
helyeznünk	vrb,noun
megvegyem	vrb
havazni	vrb,noun
szabadidőmben	noun
önvédelemre	noun
emelték	adj,vrb
napsütésben	noun
költök	vrb
gyógyszerekre	noun
rendőrfőnököt	noun
elfogadnom	vrb
császárné	noun
húsból	noun
rendőrőrsön	noun
fénysugár	noun
cikkem	noun
vérengző	adj,vrb
egyezne	vrb
változnia	vrb
veszélytől	noun
hitünket	noun
helyzetében	noun
sántít	vrb
valóságshow	noun,adj
okra	noun
cikkely	noun
látván	vrb
akarja-e	vrb,adv
álmodunk	vrb
bámulva	vrb
mértem	vrb
útvonala	noun
vitatni	vrb
párás	noun
nagymenők	noun
akkorák	adv
elszívni	vrb
újbóli	adv
tapasztalatokat	noun
terrortámadás	noun,vrb
alakzatot	noun
fedezünk	vrb
kivehető	adj,vrb
juttattam	vrb
lovakra	noun
átjárja	vrb
képeim	noun
szedjenek	vrb
orvosát	noun
cipel	vrb
olvasunk	vrb
almák	noun
tehetetlenül	vrb,adj
királyak	adj
elhanyagolt	adj,vrb
üzletelsz	vrb
kirobbanó	vrb
lemásoltam	vrb
hátrahagyni	vrb
szívatlak	vrb
standing	noun
lehetőségről	vrb,noun
déliek	adj,noun
horizonton	noun
felállsz	vrb
letetted	vrb
problémátok	noun
világrend	noun
tárgyhoz	noun
állásinterjú	noun,vrb
monogám	noun
tömböt	noun
javítják	vrb
megjavítjuk	vrb
csipszet	noun
mennyid	adj_num_wh,noun
amelyből	adj_wh
szemetesbe	noun,adj
kirakta	vrb
egybevetve	vrb
megrémített	vrb
cserélnek	vrb
sértést	vrb
kormánynál	noun
2-t	adj_num
kislányként	noun
csökkentjük	vrb
zaklatják	vrb
jelentetted	vrb
elegancia	noun
antropológus	noun
hallanék	vrb
hazudnia	vrb
szédülni	vrb
megnéztünk	vrb
szajhát	noun
csodálója	vrb
lézert	noun
fiadra	noun
romantikusan	adj
legbölcsebb	adj
fáztam	vrb
vérnyomásom	noun
lefeküdtetek	vrb
lerázott	vrb
ékzár	noun
megsemmisítem	vrb,noun_pron,noun
működjenek	vrb
áruljak	vrb
tapssal	noun
elcsúsztam	vrb
illúziót	noun
életjeleket	noun
droidok	noun
katalógus	noun
akadémiát	noun
gyújtás	vrb
alkották	vrb
születendő	adj
bejegyzést	vrb,noun
örege	adj
tetejében	noun
megerősítse	vrb,noun
szivárványt	noun
partnerét	noun
inkognitóban	noun
nyilatkozta	vrb
trükköm	noun
kínálja	vrb
utánanéz	vrb
elkerültük	vrb
hélium	noun
alapanyag	noun
kétirányú	adj_num,noun
növelte	vrb
beletelt	vrb
tündöklő	vrb,adj
módosítást	noun,vrb
utcából	noun
kaphattam	vrb
őrnaggyal	noun
főbejárat	noun
legtöbbje	adj_num
munkájába	noun
katonáit	noun
világunkba	noun
panaszkodtam	vrb
befolyását	noun,vrb
lelkében	noun
kiállunk	vrb
egészségem	noun,adj
elérkezik	vrb
köszönöd	vrb
irányítunk	vrb
utódom	noun
aranyra	noun
átlátni	vrb
faszból	noun
s-o-n-i-c	UNK
reagálna	vrb
elzsibbadt	vrb
pénzemért	noun
bukkantál	vrb
csípője	noun,vrb
foglalót	noun,vrb
lányokért	noun
felépítettem	vrb
szorulva	vrb
hasznunk	noun
határvonal	noun
álcázta	vrb,noun
mán	noun
jelenlévők	noun,vrb,adj
beavatás	noun,vrb
paprikát	noun
kilyukadt	vrb
őrülttel	adj,vrb
szavazatát	noun
kannát	noun
kívánhat	vrb
kielégíti	vrb
imák	noun
puncs	noun
találhatom	vrb
megkönnyebbülést	noun,vrb
körmök	noun
táborában	noun
tanulhatnál	vrb
zsidóknak	noun,adj
szomszédságban	noun
lerendezni	vrb,noun
zsebpénzt	noun
jégbe	noun
királynőjét	noun
védték	vrb
nyissunk	vrb
koleszban	noun
játszva	vrb
emészt	vrb
gyógyszerészeti	noun
finnt	noun,adj
levélről	noun
kiútnak	noun
engedélyeket	noun
megmérgezi	vrb,noun
bankja	noun
lazulni	vrb
zsírszegény	noun,adj
megcsinálhatom	vrb
hazajöjjön	vrb
jogosít	vrb,noun
megpillantottam	vrb
megvádolta	vrb
napkeltekor	noun
foglyom	noun
postaláda	noun
alkonyzóna	noun
egytől-egyig	UNK
petyhüdt	adj
sugározza	vrb
rizikót	noun
megoldaná	vrb
jelzéseket	vrb,noun
liftből	noun
kitekerem	vrb
ragasztószalag	noun,vrb
városért	noun
nyög	vrb
bohócokat	noun
dobogó	noun,vrb
jegygyűrűt	noun
repesz	noun
észlel	vrb
felemeltem	vrb,adj
céltudatos	adj
megtalálnám	vrb
pincérnek	noun
utcánál	noun
forgatási	vrb
empátia	noun
leukémia	noun
betegét	noun,adj
levegőért	noun
kiszámoltam	vrb
halottunk	noun
esküvődön	noun,vrb,adj
ellenzik	vrb
cicák	noun
elvárásaim	vrb
zuhog	vrb
áldozatául	noun
elnyertem	vrb
röhögj	vrb
idejétmúlt	adj
letették	vrb
beköltözni	vrb
felgyorsítja	vrb
dalszöveg	noun
direktor	noun
vesztegetés	vrb
lábujj	noun
teszteli	vrb
jelszóval	noun
fellázadtak	vrb
mosolyogtam	vrb
elveim	noun
ásták	vrb
listával	noun
társadalomba	noun
megnyitjuk	vrb
házamnál	noun
tűkön	noun
állatokra	noun
listához	noun
megzsarolta	vrb
megőriztem	vrb
bántsalak	vrb
fogorvosnál	noun
minőségben	noun
öregúr	noun
balos	adj
kivesz	vrb
zuhanyozik	vrb,noun
tisztelgés	vrb,noun
feláldozom	vrb
keféltem	vrb
megállhatnánk	vrb
szándékunkban	noun
kísérletezni	vrb,noun
tartóztatnak	vrb,noun
feletteseim	noun
ennyink	adj_num_wh
elérnie	vrb
csigák	noun
vigyorog	vrb
lufik	noun
durvának	adj
amelyeknek	adj_wh
leckéztetni	vrb,noun
letöltötte	vrb
lámpája	noun
hazamennem	vrb
olvastunk	vrb
bulimra	noun
tanácsának	noun
visszahúzódó	vrb
ünnepeltek	adj,vrb
elméleteket	noun
csókolóztak	vrb
áthatolt	vrb
kilépünk	vrb
beengedsz	vrb
mát	noun
sikerülnie	vrb
szopj	vrb
férgeket	noun
mindenfajta	noun
beülünk	vrb
tanultatok	vrb
hasszán	noun
szusit	noun
ügynökökkel	noun
feszíteni	vrb
kezdőknek	noun,vrb
akaratomból	noun
kirakatban	noun
anomáliát	noun
zúzd	vrb
pókert	noun
családjáért	noun
gondjaira	noun
jent	noun
patyolat	noun
halljon	vrb
falánk	adj
érzéseiket	vrb,noun
székét	noun
égesse	vrb
megbünteti	vrb
nyughatatlan	adj
jelöl	vrb
ólmot	noun
dadust	noun
egységtől	noun
fogalmazzam	vrb,noun
ölhetjük	vrb
kiszálltál	vrb
talpnyaló	noun,adj
felteszünk	vrb
szomszédoknak	noun
szögesdrót	noun
fedte	vrb
nyomtatni	vrb
elvágjuk	vrb
hazudhatsz	vrb
adatokhoz	noun
sorában	noun
mocskosnak	adj,noun
legszexibb	adj,noun
bocsátja	vrb
valljon	vrb
gleccser	noun
vetned	vrb
szolgálod	vrb
eltitkoltad	vrb
cégeknek	noun
tetoválva	vrb
mechanikai	noun
mamádat	noun
mélyéről	adj
gondjait	noun
megérdemlünk	vrb
munkái	noun
kérdezősködsz	vrb
mámorító	vrb
raktárhoz	noun
féltelek	vrb
kameráját	noun
anatómia	noun
fickón	noun
parancsolgat	vrb
kérdezhet	vrb
kialakított	vrb
ragadok	vrb
változtattál	vrb
hagynotok	vrb
ragaszkodtál	vrb
szerencsében	noun
megégettem	vrb
törvényről	noun
tévén	vrb,noun
nevetve	vrb
ugyanattól	adv
segítenénk	vrb
zavarosak	adj,noun
bízna	vrb
fotózást	noun,vrb
kihalás	vrb
tartályokat	noun
helyesebb	adj,noun
kegyelme	noun
jelvényemet	noun
pápának	noun
ámulatba	noun
gyógynövény	noun
rendezővel	noun,vrb
diktatúra	noun
hecc	noun
összekötve	vrb
melyről	adj_wh
kosztüm	noun
szabályozni	vrb,noun
szállítottam	vrb
megegyező	vrb
rozsomák	noun
szanitéc	noun
netalán	con
befogná	vrb
bányászati	adj,noun
őfelségével	noun
városhoz	noun
másnapra	noun
dísz	noun
kilőtte	vrb
metamfetamin	noun
sarja	noun
beálltam	vrb
leszállnak	vrb
elégni	vrb
megszívtam	vrb
csinosan	adj
ujjára	noun
jelentőséget	noun
felfedezők	noun,vrb
tarka	adj
adóvevő	noun,vrb
haverodnak	noun
raktárnál	noun
megerőltető	vrb
gazdagságot	adj
rendelésre	vrb
precedens	noun
engedve	vrb
legbüszkébb	adj
eljuthatunk	vrb
ejtve	vrb
rendelnek	vrb
őz	noun
elkérte	vrb
benyújtott	adj,vrb
autón	noun
vágású	vrb
elkövettek	vrb
pöcsöm	noun
megküzdünk	vrb
gondolkoztunk	vrb
passzolnak	vrb
befejezd	vrb,noun
összevesztem	vrb
golfot	noun
irántuk	noun_pron
tárgyalnak	vrb
helyreáll	vrb
viszályt	noun
közlöd	vrb
egyként	adj_num
visszaviszi	vrb
oldottam	vrb
önkéntesnek	noun,adj
fejéről	noun
beperel	vrb
lecserélte	vrb
besegítek	vrb
átmehetek	vrb
érdeklődésem	noun,vrb
üldözési	vrb
hamisító	vrb,noun
emlékezés	vrb,noun
elakad	vrb
továbbmegyünk	vrb
fegyverben	noun
csonka	adj
repülnöm	vrb
bájitalt	noun
projektnek	noun
átgondolta	vrb
fejemmel	noun
nyugtalanok	adj
aszály	noun
kormányhoz	noun
divatba	noun
basztam	vrb
emlékezünk	vrb,noun
hullamerevség	noun,adj
vendégszoba	noun
esetekre	noun
evezni	vrb
kifizetődik	vrb
ropogósra	noun,vrb
felvegyük	vrb
erőszakossá	adj,noun
kéréssel	vrb
bulizik	noun
kiszabadítalak	vrb
viszonzatlan	adj
zokog	vrb
legyőztek	vrb
sziklákon	noun
besétálok	vrb
lefordítani	vrb
kisebbség	noun
botlottunk	vrb
bízod	vrb
megérinted	vrb
lefizetni	vrb
szelektív	adj
hallgatózni	vrb,noun
rúghat	vrb
öttel	adj_num
kapuján	noun
felsőd	adj
elutasít	vrb,noun
kupola	noun
menete	noun
dominikai	noun_prs
megtagadják	vrb
szülessen	vrb
templomában	noun
regisztrációs	noun
előléptetnek	vrb
visszajöttetek	vrb
csinálhatott	vrb
seggéből	noun
létrehozása	vrb
küldenék	vrb
irodához	noun
bénulás	vrb
alkonyat	noun
elhelyezve	vrb,noun
gyorshajtásért	noun
túlértékelt	vrb
fizikát	noun
megbocsátanának	vrb
lányait	noun
nesztek	sentint
alapozza	vrb,noun
faktor	noun
melák	noun
énekesek	noun
kutatják	vrb
szereltem	vrb
náthás	noun
emberismerő	noun,vrb
folytatást	noun,vrb
misén	noun
igazította	vrb
letagadni	vrb
otthonukban	noun
pornós	noun
írással	noun,vrb
ütköző	noun,vrb
estélyi	noun
engedélyeztem	vrb,noun
építését	vrb
hadsereghez	noun
előnyhöz	noun
segítsék	vrb
betegei	noun,adj
mályvacukor	noun
büszkeséget	adj
genya	adj
vérnyomásod	noun
ebédről	noun
elősegíti	vrb
kitalálnod	vrb
távolítanunk	vrb
felülmúlni	vrb
évszázadokig	noun
bárpultnál	noun
dohányos	noun
értelmetlenül	adj
hordóban	noun,vrb
replikátor	noun
telefonhívások	noun
biztosítsátok	vrb
mesélnél	vrb
leszűkíteni	vrb
küldetésünket	noun,vrb
vérének	noun
megolvadt	vrb
segélyhívás	noun,vrb
plutónium	noun
nyelves	adj,noun
lelkemen	noun
műtéte	noun
hazamentél	vrb
tárcájában	noun
vállalnak	vrb
senkin	noun_pron
röplabda	noun
1800-as	adj_num
magyarázkodnom	vrb
buszhoz	noun
megbeszélnénk	vrb
kicsikémet	adj
rakétával	noun
forróbb	adj,vrb
élményben	noun
bankjegy	noun
fennmarad	vrb
világítani	vrb
mobilodon	noun,adj
oké.	sentint,noun
bugyimat	noun
észlelni	vrb
semerre	adv
negyedszer	adj_num
krokodilok	noun
szezont	noun
tüzét	noun
sikolyt	noun
melléjük	noun_pron
beköszönök	vrb
döntéseimet	noun,vrb
kocsiján	noun,noun_prs
lámpást	noun
csesztem	vrb
bepillantást	vrb
pofázz	vrb,noun
kelyhet	noun
indulhatnánk	vrb
kongresszusban	noun
felfalják	vrb
hűlni	vrb
h-hé	UNK
hidraulikus	adj
óriásit	adj,noun
megkímélni	vrb
késéssel	vrb
húznia	vrb
emészd	vrb
kristályokat	noun
barátkozz	vrb
bemehetsz	vrb
beszélgessen	vrb
elkerülhetetlenül	adj,vrb
hableány	noun
meditációs	noun
szorgos	adj
trágyát	noun
ügyfeleit	noun
akasztott	vrb
megszámolni	vrb
csöndesen	adj,noun
eseményei	noun
négyezer	adj_num
rudakat	noun
gyújt	vrb
gálán	noun
kötözni	vrb
kanca	noun
pályáját	noun
bántjuk	vrb
horgony	noun
11-ig	adj_num
seggel	vrb,noun
sztorinak	noun
sellők	noun
homoszexualitás	noun
fázok	vrb
továbbítja	vrb
húsra	noun
őrjöng	vrb
vállaltál	vrb
fejükbe	noun
remegés	vrb
magáénak	noun_ref_SG_3
óceánra	noun
intézményt	noun
titkolózik	vrb
immunrendszere	noun
májam	noun
főszereplők	noun
magyaráznod	vrb
hátuljára	noun
gecit	noun,adj
elvégezték	vrb,noun
szétlőtte	vrb
megdugta	vrb
fogkrémet	noun
ízére	noun
juthattak	vrb
összeesik	vrb
életbiztosítás	noun
pokolfajzat	noun
aludd	vrb
mindenes	noun
létrehoz	vrb
hanyagság	adj
holmijait	noun
ezeréves	adj_num,noun
tébolyult	vrb
színészet	noun
utaltak	vrb
fiától	noun
végighallgatni	vrb
lényegesen	adj,noun
csatlakoznék	vrb
jegyeznem	vrb,noun
amelyekről	adj_wh
halottkémet	noun
rendőrre	noun
tanulással	noun,vrb
embereiddel	noun
gyáván	adj,An_MODE_adv
being	vrb
csapódik	vrb
rejtegetek	vrb
lifthez	noun
fanatikusok	adj
ítélkezel	vrb
robbanékony	adj
szívják	vrb
nagykövettel	noun
záratni	vrb
leesel	vrb
pajtát	noun
elszívja	vrb
tudatja	vrb
napjának	noun
országomat	noun
ételünk	noun
koronahercegnő	noun
bankjegyek	noun
madarakkal	noun
becsületbeli	noun
nyereményt	noun
mozdulnak	vrb
receptem	noun
adhattam	vrb
tanúskodnia	vrb
műsorból	noun
általánosban	adj
honfitársaim	noun
nagymamát	noun
odaadták	vrb
estétől	noun,adv
kollégámmal	noun
személytől	noun
parki	noun
fojtották	vrb
végletekig	noun
jelöltnek	noun,adj,vrb
elhivatott	adj
megkérték	vrb
lenyűgözve	vrb,noun
kifejezett	adj,vrb,noun
tervrajzok	noun
szólítasz	vrb
kussoljon	vrb
megkülönböztetés	noun,vrb
vitatja	vrb
habbal	noun
emeletén	noun
ebola	noun
mindkettőnkkel	adj_num
formaság	noun
testvéreimet	noun
kenőcsöt	noun
kínszenvedés	noun
elismerik	vrb
alapjaiban	noun
perbe	noun
vezetésére	noun,vrb
múzeumból	noun
megtaláljalak	vrb
borítva	vrb
minőséget	noun
visszakaptuk	vrb
gént	noun
vasútállomáson	noun
lábnyomot	noun
fiatalemberrel	noun
simogatni	vrb
büfébe	noun
párnákat	noun
mítoszok	noun
irányú	noun
kormányzás	vrb,noun
megbetegszik	vrb
birtoklásáért	vrb
élteti	vrb
beleőrülök	vrb
megfigyelte	vrb
bosszúszomjas	adj
apród	noun,adj
elmés	adj,noun
rubel	noun
történeteit	noun
vitaminok	noun
magyarázná	vrb
irányíthatja	vrb
tankokat	noun
pöttyös	noun
sodródik	vrb
nyájas	adj,noun
feltesz	vrb
madám	noun
kezeltük	vrb
feladatnak	vrb,noun
elpusztultak	vrb,adj
dag	noun
szürreális	adj
tréfás	adj,noun
céltábla	noun
ölnének	vrb,noun
megakarod	vrb
bűzlő	vrb
nyerem	vrb
korall	noun
lefizették	vrb
elszámolni	vrb
kelnünk	vrb
tengerentúlra	noun
keverednek	vrb
ugranod	vrb
humorod	noun
mentsenek	vrb
házim	adj
kiütést	noun,vrb
hegység	noun
tervekkel	noun
színei	noun
harmad	adj_num
ások	vrb
olvasva	vrb
rábukkantam	vrb
adatbázisba	noun
esküvőnkre	noun,vrb,adj
elhagyná	vrb
szavukat	noun
bakancsot	noun
felolvastam	vrb
reggelid	noun
öröklődik	vrb
szomjazik	vrb,noun
szinkronban	noun
fenevadat	noun
szögletes	adj,noun
aktiváld	vrb
találkám	noun
irányíthatod	vrb
csekkek	noun
búcsúlevél	noun
járműveket	noun
füleimnek	noun
padlás	noun
válladra	noun
kinevetett	vrb
belekeveredtél	vrb
elengedtük	vrb
zuhantam	vrb
beszivárgott	vrb
mamámat	noun
leleplezi	vrb,noun
célnak	noun
légnyomás	noun
összegeket	noun
gödörből	noun
tanácsadóként	noun
puccsot	noun
viselünk	vrb
végrehajtva	vrb
életformát	noun
hulljon	vrb
jogra	noun
ajánlottál	vrb
viselném	vrb
napjáról	noun
hajtva	vrb
beérkező	vrb
kimondott	adj,vrb
emberüket	noun
politikusokat	noun,adj
formám	noun
infók	noun
13-án	adj_num
mellettetek	noun_pron
autópályára	noun
kiadtuk	vrb
extrát	adj
örökkévalóságot	adj
szedtük	vrb
hiéna	noun
rakjunk	vrb
karamell	noun
műtik	vrb
vetettél	vrb
bámulatosan	adj,noun
19-én	adj_num
tárni	vrb
jelöltje	noun,adj,vrb
hűségem	adj
melózik	vrb,noun
gyógyszereidet	noun
hasson	vrb
téveszteni	vrb
bemennék	vrb
gárdát	noun
high-tech	noun
megfosztani	vrb
frigid	adj
teája	noun
munkátokat	noun
törődnél	vrb
osztályteremben	noun
puncik	noun
michigani	noun_prs
harmadikra	adj_num
emeled	vrb
változtatásokat	vrb
megalázva	vrb
gátló	vrb,adj
fejlesztették	vrb
kikerültem	vrb
parkolóhelyet	vrb,noun
barátaitok	noun
nyújtson	vrb
módnak	noun
vizeletet	noun
megölelt	vrb
bocsánatáért	noun
sírásó	noun
örüljünk	vrb
sapkás	noun
azonosulni	vrb
elővenni	vrb
balekot	noun
galambom	noun
óvintézkedést	noun
vállalj	vrb
keményfejű	adj
utálat	noun
versenyeznek	vrb,noun
programozták	vrb,noun
hagymás	noun
énekest	noun
másokról	adj,noun
felrobbannak	vrb
nyaggat	vrb
javaslod	vrb
viselkedésre	vrb
kioldó	noun,vrb
nosztalgikus	adj
partizán	noun
kelet-európai	adj
retek	noun
havert	noun
letartóztatásnak	noun,vrb
erődből	noun
zárkózz	vrb
tanítást	vrb
elbújik	vrb
csajról	noun
jutalmát	noun
megvegye	vrb
csalót	vrb
mozdítsd	vrb
eladná	vrb
dolgozta	vrb,noun
pestist	noun
pilótával	noun
patológus	noun
megszabadít	vrb
holmijai	noun
észrevehető	vrb,adj
csorba	adj
forgatott	vrb
lenyugodott	vrb
benyomása	noun,vrb
benézni	vrb
beavatni	vrb
kiütötted	vrb
számításokat	vrb
picur	adj
agykárosodást	noun,vrb
beavatási	vrb,noun
fárassz	vrb
kontrollt	noun
megkérdezheted	vrb
druida	noun
idehoztak	vrb
döbbenet	noun
kereskedelmet	noun
vezetőjeként	noun,adj,vrb
izélj	vrb
megbüntetnek	vrb
legbiztosabb	adj
hálózatra	noun
fiola	noun
bemértük	vrb
budi	noun,noun_prs
izének	noun
egységre	noun
megbénult	vrb
pszichiátere	noun
legszexisebb	adj
kisbabámat	noun
képzelheti	vrb
eltávolítom	vrb
tudjatok	vrb
parancsnokom	noun
boszik	noun
pinty	noun
övem	noun
lábtörlő	noun
megjelenek	vrb
elkötelezettséget	noun,vrb
megfeledkezik	vrb
szamarat	noun
befut	vrb
lélegeztető	vrb
kiszemelt	adj,vrb
zápor	noun
rendfenntartó	noun,vrb
megöleti	vrb
gyártásvezető	vrb,noun
derekad	noun,adj
kajáját	noun
áradás	vrb
coloradói	noun_prs
megnyerték	vrb
kokainnal	noun
nyavalyát	noun
lüktető	vrb
visszaszerzi	vrb
szolgáltatások	vrb
sért	vrb
ürüggyel	noun
dühöd	noun
lőnöd	vrb
cipeli	vrb
mappát	noun
szólítsam	vrb
elhízott	adj,vrb
forgatok	vrb
redőnyt	noun
diétán	noun
pasasok	noun
péntekenként	noun
készítése	vrb
életetekben	noun
másszunk	vrb
rovására	vrb,noun
pötty	noun
alakod	noun
pékségben	noun
bepótoljuk	vrb
hálószobám	noun
leszállásra	vrb
amekkora	adv
asztalomhoz	noun
összeesküvésben	vrb,noun
mesékben	noun
utasítanom	vrb,noun
játékunk	noun
gyerekszoba	noun
dugjuk	vrb
bujkáltam	vrb
titkolt	adj,vrb
hugyozni	vrb
írását	noun,vrb
kettesével	noun,adj
hálózatát	noun
keddre	noun
valósnak	adj,noun
közveszélyes	noun
csapatait	noun
véleményedre	noun
mozdulunk	vrb
bűncselekménynek	noun
megsült	vrb
bíztok	vrb
töltést	noun,vrb
túlórát	noun
zsákból	noun
elválás	noun,vrb
csörgőkígyó	noun
emberekbe	noun
szenvedjenek	vrb
sikkasztott	vrb
dzsip	noun
amelyikkel	noun_pron
pihentető	vrb
parknál	noun
újságírónak	noun
figyelnének	vrb
barátságosabb	adj
elődje	noun
ébresztőt	noun,vrb
adnák	vrb
rémültem	vrb
levonni	vrb
doboznyi	noun_prs,noun
raktuk	vrb
oktatni	vrb
halálért	noun
vödörbe	noun
kísérj	vrb
mélyben	adj
foglalkoztunk	vrb
látszódjon	vrb
társadat	noun
felvevő	noun,vrb,adj
tüntessék	vrb
tagadhatom	vrb
vezetőségi	noun,adj
csókolóztál	vrb
hajnalodik	vrb
átvertelek	vrb
história	noun
huszonéves	noun
százezret	adj_num
jutalék	noun
elbaszta	vrb
erődre	noun
földszint	noun
gyermekeknek	noun
felőlük	noun_pron
ücsörögsz	vrb
témájú	noun
gordont	noun
robbanófej	noun,vrb
prosztata	noun
előadásokat	noun,vrb
virágom	noun
szárnyalni	vrb
átvertem	vrb
zúzódásokat	vrb
titkaikat	noun
cselekedjünk	vrb
beosztása	noun,vrb
akarnátok	vrb
leszálltam	vrb
lehúzom	vrb
száműzetésben	noun
alsót	adj
munkátok	noun
munkamániás	noun
megérdemelné	vrb
örökölni	vrb
szoknyád	noun
megfizetek	vrb
éneklünk	vrb
belementél	vrb
többiekről	adj
cukrász	noun
szemeszter	noun
miamiból	noun_prs
aktiválás	vrb
prímán	adj,An_MODE_adv
tartozásod	vrb
tanítalak	vrb
reakcióját	noun
nagyherceg	noun
összejövetelen	noun
mikkel	noun_pron,noun
gránátok	noun
órátok	noun
rövidlátó	adj
ügynökről	noun
megmérgezett	vrb,noun
haverral	noun
érzékenység	adj
kínzott	vrb
helyiségbe	noun,adj
watt	noun
ebédeltél	vrb
történetekkel	noun
megtanulták	vrb
elveszítsd	vrb
vonalba	noun
adnátok	vrb
gyémántokkal	noun
érdemem	noun
pakolja	vrb
bilincsbe	noun
vőfély	noun
lovaggá	noun
szavaznék	vrb,noun
rúgjam	vrb
spórolunk	vrb
karácsonyfát	noun
kilátástalan	adj,vrb,noun
hadműveleti	noun
válogatni	vrb
égessétek	vrb
rítus	noun
díjjal	noun
megígérjük	vrb
tanácsolnám	vrb
vénás	adj,noun
ábránd	noun
etikett	noun
elmémben	noun
segítségéért	noun
bankszámlát	noun
villámgyors	adj
sétálgat	vrb
rágyújtok	vrb
gepárd	noun
számítógéphez	noun
megbosszulni	vrb
családotok	noun
lenyomtam	vrb
jóból	adj
önbizalmam	noun
dobálnak	vrb
félrevezetett	adj,vrb
szárnyakkal	noun
hajlítsd	vrb
valóságosak	adj,noun
dolgozd	vrb,noun
boszorkányokat	noun
hallgatnék	vrb
feloldozást	noun,vrb
törjünk	vrb
kocsinkat	noun
hívhatok	vrb
teknősök	noun
koton	noun
beszartam	vrb
hagynék	vrb
mérgesen	adj,noun
támaszt	vrb,noun
beleegyezésem	noun,vrb
részidős	adj,noun
szívmelengető	adj
büntetésből	noun,vrb
elnyel	vrb
termeszteni	vrb
feleségedről	noun
grafikus	noun,adj
bordám	noun
összetörve	vrb
fékezd	vrb,noun
kívülállónak	adj
kripta	noun
életemhez	noun
városomban	noun
felhatalmazva	vrb,noun
borzalmasak	adj,noun
fürdött	vrb,adj
törzsből	noun
vinnénk	vrb
erre-arra	UNK
közölt	vrb
agyalsz	vrb
gyanútlan	adj,noun
kilincs	noun
motiválja	vrb
bunkerbe	noun
hibáimat	noun
megpróbálhatja	vrb
magániskolába	noun
nyújtom	vrb
kezeink	noun
uralkodók	noun,vrb
kiabálva	vrb
tapasztalni	vrb
átalakítja	vrb
leültünk	vrb
játékában	noun
kevertél	vrb
apátokat	noun
t-te	UNK
másodiknak	adj_num
emelsz	vrb
prezentációt	noun
tipli	noun
gyűrött	adj
ebédelsz	vrb
háton	noun
összeillenek	vrb
összejöttél	vrb
szívességeket	adj,noun
meggyógyultál	vrb
klubokban	noun
elhányom	vrb
ismerősei	noun,vrb
fordítást	vrb
falát	noun
4-et	adj_num
odavoltam	vrb
térképét	noun
hangnemet	noun
találkozhatnak	vrb
füledet	noun
helyzethez	noun
lányához	noun
kagylók	noun
haverjával	noun
neveljük	vrb
viszonyról	noun
szaturál	vrb
hangjával	noun
lövő	vrb,adj
befogadja	vrb
eladások	noun,vrb
azonosítóját	vrb
ördögért	noun
sirályok	noun
gyengélkedik	vrb
megverlek	vrb
hatalmasok	adj,noun
kápéban	noun
ismerősöd	noun,vrb
laknom	vrb
kirabolnak	vrb
megesküdnék	vrb
felhőtlen	adj,noun
helység	noun
eshetőség	noun
elvettük	vrb
kenőcs	noun
helyieket	adj,noun
csomagjait	noun
rajongóknak	noun,vrb
kibaszás	vrb
tószt	noun
földrengések	noun
vagyonomat	noun
felejtenek	vrb
kártérítési	noun
tartózkodni	vrb
csendre	noun
halljunk	vrb
erőnkkel	noun
csíped	vrb
kifejezéseket	noun,vrb
bocsátanod	vrb
kupán	noun
csalódottnak	adj,vrb
töltelék	noun
véletlennek	adj,vrb
esettek	vrb
melónak	noun
szívunk	vrb
szebbé	adj
kiömlött	vrb
kinevetnek	vrb
kimosta	vrb
mentenie	vrb
lányból	noun
názáreti	noun_prs
átestem	vrb
hattyúk	noun
boldogtalanok	adj
utóbbit	adv
adhatott	vrb
bűntárs	noun
részünket	noun
gondolkozzatok	vrb
fánkok	noun
kardokat	noun
tekintélyt	noun
visszatenni	vrb
hívnák	vrb
ítélkező	vrb
elméletek	noun
kazetták	noun
alapítványi	noun
népemnek	noun
nézőpontból	noun
jóbarátom	noun
sebekkel	noun
figyelmezteti	vrb,noun
rövidek	adj
informatikai	noun
tóból	noun
kiestek	vrb
felejtik	vrb
hokit	noun
visszavágás	noun,vrb
kerge	adj
kérdezgetett	vrb
nézegetem	vrb
tudósokat	noun,vrb
reggelizett	vrb,noun
kettőnkért	adj_num
számítanék	vrb
mutassatok	vrb
oktass	vrb
felírni	vrb
végigmenni	vrb
érdekesebbé	adj,noun
helyénvalónak	adj
perel	vrb
óvóhelyre	noun
spártai	adj,noun_prs
válaszul	noun
pszichológiát	noun
hazahoztam	vrb
hercegné	noun
döntsék	vrb
ragu	noun
vidámak	adj
vízum	noun
pazarlod	vrb
alkalomadtán	adv
műtétről	noun
jóért	adj
dolgozót	noun,vrb
amerikaiakkal	adj,noun_prs
holttesten	noun
rögbi	noun
átalakító	noun,vrb
elkerüld	vrb
küldhetek	vrb
tesztelik	vrb
tudatjuk	vrb
pontszámot	noun
10-szer	adj_num
alakították	vrb
eldöntöd	vrb
luxust	noun
megütöd	vrb
megvárattalak	vrb
neurológus	noun
nevettetni	vrb
bírósághoz	noun
felzárkózni	vrb
jön-e	vrb,adv
elkülöníteni	vrb
tagunk	noun
duplája	adj
javítóban	noun,vrb
meccsét	noun
sapkáját	noun
félelemre	noun
hipnotikus	adj
játékomat	noun
mentettük	vrb
kitesszük	vrb
megszöknek	vrb
sörét	noun
körülményekre	noun
békefenntartók	noun,vrb
pihenjek	vrb
tévesszen	vrb
4-ig	adj_num
hitvesem	noun
focis	noun
morfint	noun
köszönjek	vrb
meccsem	noun
használtok	vrb
előadások	noun,vrb
szakítást	vrb
lemondja	vrb
27-én	adj_num
etetik	vrb
rendetlenségért	adj
szemöldököd	noun
kattints	vrb
tatum	noun
megrémítesz	vrb
horderejű	adj,noun
visszaáll	vrb
megoldások	noun,vrb
elolvassam	vrb
technológiája	noun
söpörni	vrb
fellebbezés	noun,vrb
felszálltam	vrb
mitévők	noun
táncoljatok	vrb
egyező	vrb
késes	noun
bér	noun
mulatunk	vrb
elvetélt	vrb
gyermekeinek	noun
rúghatsz	vrb
reménykedhetünk	vrb
lefeküdjek	vrb
rajzoltad	vrb
lakásunkban	noun,vrb
megölhetnek	vrb
kapura	noun
egyetértetek	vrb
izmai	noun
körmét	noun
megmentik	vrb
butának	adj
komolyat	adj
férfiba	noun
legyőztél	vrb
absztrakt	adj
egód	noun
víziló	noun
kukát	noun
alkotói	noun,vrb
meséljetek	vrb
perelj	vrb
gondoskodjunk	vrb
megkérdeznie	vrb
becsapja	vrb
fecsegsz	vrb
elrabolnak	vrb
kiad	vrb
megmentettünk	vrb
előkerítem	vrb
büntetik	vrb
módba	noun
szaké	noun
átvizsgálni	vrb
gyilkosra	adj,noun
leülhetsz	vrb
kihívásokkal	noun,vrb
háborúját	noun
mögöttetek	noun_pron
művelte	vrb
keresztnév	noun
távcső	noun
aludjanak	vrb
adósom	noun,vrb
autólopás	noun,vrb
törhet	vrb
vénlány	noun
vizem	noun
kényelmesnek	adj,noun
mindenkiből	noun
elfelejtettek	vrb
dolgotokat	noun
v-várj	UNK
koponyák	noun
gyilkosokkal	adj,noun
hagymával	noun
20-kor	adj_num
ruhán	noun
elgondolkodom	vrb
kiesni	vrb
idegesített	vrb,noun
legénységi	noun
isszuk	vrb
remegnek	vrb
kipróbáltad	vrb
tisztelegni	vrb
szajrét	noun
lelkébe	noun
hölgyről	noun
parancsnokságon	noun
átszúrta	vrb
vezetőit	noun,adj,vrb
majonézt	noun
tervéről	noun
mindegyikünknek	noun_pron,noun,adj_uni
jelezze	vrb,noun
válással	vrb
kenőpénz	vrb,noun
hadjáratot	noun
szóvá	noun
bárkát	noun
legénységét	noun
ferdítette	vrb
kitakarítom	vrb
kétféleképpen	adj,adj_num
nehézségekkel	noun
megjelöltem	vrb
kombinálva	vrb
segítségemmel	noun
rókák	noun
kísérjük	vrb
könyvhöz	noun
hiányoltunk	vrb
injekciós	noun
üvegre	noun
likőr	noun
tüdőgyulladást	noun
heteket	adj_num,noun
kilencen	adj_num
anyucinak	noun
háztömbnyi	noun
sodortam	vrb
mitológia	noun
csavaros	adj,noun
elfogadnád	vrb
bestseller	noun
betartod	vrb
evésre	vrb,noun
szolgáljátok	vrb
kínoztak	vrb,noun
szakaszon	noun
jósolni	vrb
létesíteni	vrb,noun
tv-n	noun
burok	noun
fázva	vrb
sajnálnod	vrb
pentagonban	noun
borjút	noun
mentjük	vrb,adj
támogatók	noun,vrb
becsuknád	vrb
lendület	noun
erőknél	noun
találhatóak	adj,vrb
csalj	vrb
bemutatója	noun,vrb
pénzén	noun
betöltötte	vrb
ékszerész	noun
elloptuk	vrb
harcunk	noun
hollók	noun
szállna	vrb
zombivá	noun
viccelődsz	vrb
mamit	noun
elvont	adj,vrb
kérdezget	vrb
napjaid	noun
bejelentettem	vrb,adj
címezték	vrb,noun
barlangok	noun
lenyomja	vrb
lányaink	noun
kétségbeesettnek	adj,vrb
eldől	vrb
feliratért	noun
fordítod	vrb
cselszövés	noun
szólás	vrb
kiütések	noun,vrb
körülményes	adj,noun
névjegye	noun
dolgozhatnak	vrb,noun
faterod	noun
kitérni	vrb
kerestetek	vrb
prostival	noun
parancsnokságra	noun
nyomoztak	vrb,noun
bekapok	vrb
alkunak	noun
alkottunk	vrb
ilyened	adj_wh
partikon	noun,adj
makarónit	noun
pajtik	noun
legtutibb	adj
megütöttelek	vrb
skótok	noun
tarthatják	vrb
kegyelmezzen	vrb,noun
rizikó	noun
álmaikat	noun
karba	noun
véle	noun_pron,adv
zongorázik	vrb,noun
megtartsd	vrb
kínálunk	vrb
kiváltképp	adv,vrb
járgányt	noun
tombolt	vrb
úszva	vrb
sógorod	noun
albínó	noun,adj
sebészeten	noun
lupe	noun
rendszámtábla	noun
ágyunkban	noun
dalait	noun
emelkedés	vrb
lelassult	vrb
visszautasít	vrb,noun
küldhette	vrb
hordókat	noun,vrb
nővérünk	noun
megillető	vrb
állítható	vrb
útjából	noun
fenntartható	vrb
titkokkal	noun
reményét	noun
reménykedjen	vrb
irányítója	noun,vrb
potenciál	noun
lilát	adj
beveszek	vrb
pórul	noun
rekordját	noun
megegyeztem	vrb
személyében	noun
seggére	noun
elveszíthetjük	vrb
főszerkesztő	noun
hatva	vrb
kötelesek	adj,noun
önkormányzati	adj,noun
otthonodban	noun
kolosszális	adj
kipróbáltuk	vrb
vetetni	vrb
dárda	noun
teához	noun
jólétet	noun
apádnál	noun
özönvíz	noun
szivárgást	vrb,noun
szeretkezz	vrb
miatyánk	noun
feküdne	vrb
szexnek	noun
látogatom	vrb
becsaptam	vrb
nagylelkűek	adj
rockot	noun
kikelt	vrb
zavartalak	vrb
fájdalomról	noun
legszarabb	adj
funkciója	noun
hínár	noun
felvettünk	vrb
pakoljuk	vrb
summa	noun
programhoz	noun
zsarnokság	noun,adj
mosdóból	noun,vrb
megérintetted	vrb
asszonyság	noun
cserélj	vrb
fantáziát	noun
lábatokat	noun
közém	noun_pron
engedniük	vrb
bemutatják	vrb
kismama	noun
háztartás	noun
felépülni	vrb
rögeszméje	noun
megtalálásában	noun,vrb
mélyek	adj
pakolok	vrb
hátsódat	adj
keresnivalód	noun
rokonaid	noun
gondozza	vrb,noun
porral	noun
lefejezték	vrb,noun
nyerhetnek	vrb
felettesével	noun
tölteném	vrb
fenékbe	noun
tennivalónk	noun
többért	adj_num
megállíthatja	vrb
ötezret	adj_num
forgatták	vrb
csúnyát	adj
vigyáztak	vrb
rávesz	vrb
gyermekünket	noun
polcot	noun
tudna-e	vrb,adv
célozzon	vrb,noun
orral	noun
hajókon	noun
türelme	noun
hazudta	vrb
órámra	noun
bizonyítottad	vrb
szívjunk	vrb
megharap	vrb
10-ből	adj_num
befejezné	vrb,noun
győzelemmel	noun
élhettek	vrb
jelölni	vrb
röhögnek	vrb
ajánlottad	vrb
seprű	noun
csemege	noun
rendezik	vrb,noun
kislányra	noun
kiválasztja	vrb
nyilvánvalót	adj
aranyát	noun
nyitják	vrb
bigyó	noun
biliárd	noun
megcsináltátok	vrb
szimmetrikus	adj
emlékeznie	vrb,noun
fedőneve	noun
kérdésnek	noun,vrb
bandatagok	noun
szembenéz	vrb
megtalálhatja	vrb
megölhetett	vrb
szalonnás	noun
vélekedik	vrb
6-ig	adj_num
sózott	vrb
amikért	noun_pron
néggyel	adj_num
ágyúval	noun
sorsnak	noun
kutyájával	noun
kimenetele	noun
meghallgatnám	vrb
lépcsőről	noun
korongot	noun
többitől	adj
visszaadtad	vrb
pelenkás	noun
nyugtom	noun
bevándorlásiak	noun,vrb
felfújt	noun,adj,vrb
vágóhídra	noun
szegni	vrb
elmagyaráznom	vrb
szalont	noun
letelepedni	vrb
eldugtam	vrb
védőszentje	noun
űzi	vrb
szavazattal	noun
tudásunk	noun,vrb
rendszerében	noun
könyvekből	noun
bevetem	vrb
tesztnek	noun
kikészítesz	vrb
elefántcsont	noun
kitaláltak	vrb,adj
tűzvész	noun
bácsikámnak	noun
ismételt	adj,vrb
gyanította	vrb
kigondoltam	vrb
brávó	noun
születésekor	vrb
pihenhetsz	vrb
összetevője	vrb,adj,noun
indítanunk	vrb
élhetett	vrb
szuvenírt	noun
főnökei	noun
kihasználtak	vrb
törődnünk	vrb
régészek	noun
magáévá	noun_ref_SG_3
időzítése	vrb
keresztezi	vrb,noun
juttatom	vrb
felismerné	vrb
kiakaszt	vrb
szeressem	vrb
gyárak	noun
szobalányt	noun
szentnek	noun,adj
prioritás	noun
professor	noun
választanál	vrb
harcát	noun
lenéztem	vrb
barátságnak	adj
kifejtené	vrb
venezuelai	noun_prs
ideköltöztünk	vrb
gépész	noun
vétkezőknek	noun,vrb
próbálkoznod	vrb
félreérthető	vrb
játékokra	noun
lemondtak	vrb
boltját	noun
postahivatal	noun
elpusztítsuk	vrb
oroszt	adj,noun
fiúnkat	noun
lakhelye	noun
sebésznek	noun
ajánlatunkat	noun
und	vrb
pohárkával	noun
dögunalom	noun
rátérünk	vrb
kifinomultabb	vrb,adj
provokáció	noun
feddhetetlen	adj,vrb
szeminárium	noun
markomban	noun
kerítsétek	vrb
mondhatnak	vrb
suttognak	vrb
rágondolni	vrb
adódóan	vrb
narrátor	noun
ártalmatlannak	adj
verekednek	vrb
nőül	noun
lelassul	vrb
oltsátok	vrb
szabadítsuk	vrb
rokonságban	adj
lakókat	noun,vrb
tenyeremet	noun
regényeket	noun
randizzon	vrb,noun
nyilakat	noun
szélesség	adj,noun
különösképp	adj
kijutottam	vrb
rontotta	vrb
narancslét	noun
megszakította	vrb
átvetted	vrb
hasogat	vrb
gyűrűdet	noun
súrolta	vrb
kazán	noun
hazámban	noun
osztályok	noun
hatékonyak	adj
meghallgatások	noun,vrb
ismeretlenbe	adj,vrb
feltennénk	vrb
nagyítsd	vrb
belegondoltam	vrb
szülötte	noun
érhetek	vrb
beszélhetett	vrb
ismerőseim	noun,vrb
belehaltam	vrb
vallottak	vrb
ízük	noun
legyengült	adj,vrb
állomása	noun
ételnek	noun
méternyire	noun
kötődnek	vrb
elkészültem	vrb
megharapták	vrb
beírom	vrb
pacsirta	noun
koncentrálnia	vrb
titkaimat	noun
szűrőt	noun,vrb
rokonszenves	adj,noun
chilei	noun_prs
vidékről	noun
pletykás	adj,noun
csipet	noun
tulajdonod	noun,adj
z.	noun
ígéretedet	noun
terhessége	adj,noun
alagutakat	noun
beteghez	noun,adj
vesztenivalóm	adj
pókokat	noun
éreznénk	vrb
kakast	noun
döntsek	vrb
apaság	noun
meztelenre	adj,noun
színdarabot	noun
századot	adj_num,noun
ez-ez	UNK
feltárja	vrb
összegyűjtöm	vrb
tömeggyilkos	noun
szerezhetnék	vrb,noun
vonalát	noun
elmével	noun
nyomozzon	vrb,noun
nátrium	noun
herceghez	noun
képekről	noun
szüleimnél	noun
ajkaim	noun
aktus	noun
autoimmun	adj
gondjukat	noun
purgatórium	noun
királyért	noun,adj
életerő	noun
helyettesít	vrb
elvágják	vrb
sebben	noun
próbálnánk	vrb
feldühödött	vrb
műsorral	noun
lehajtott	adj,vrb
szolgáltató	vrb
miénkkel	noun_pron
miden	noun_pron,noun
állítását	vrb
mutathatom	vrb
meghallgattál	vrb
beletelhet	vrb
vörösbor	noun
úrban	noun
éjnek	noun
támogassák	vrb
húgyagyú	noun
sújtja	vrb
valag	noun
szupermodell	noun
szintek	noun
baszok	vrb
sétálgatni	vrb
elképzelései	noun,vrb
állambeli	noun
meditálni	vrb
esküvőhöz	noun,vrb,adj
testőrei	noun
rohangálni	vrb
cáfolni	vrb
jelölés	vrb
kiiktatva	vrb
kijáraton	noun
botlás	vrb
átugrott	vrb,adj
ruszki	noun
lezuhanunk	vrb
mondása	vrb,noun
tervrajz	noun
megtanulnod	vrb
kussoljatok	vrb
dugva	vrb
kilencéves	adj_num,noun
nyakunkba	noun
takarókat	noun,vrb
jelentettél	vrb
laptopján	noun
bérelték	vrb
zagyvaság	adj
viharba	noun
elhiggye	vrb
kivertem	vrb,adj
bepakolni	vrb
újoncokat	noun
fecsegek	vrb
kartonját	noun
melós	noun
megrendelést	vrb
elzárták	vrb
géppuska	noun
terjesztenek	vrb
erőteljesen	adj
céloznak	vrb,noun
festették	adj,vrb
fertőzte	vrb,noun
jelentkezzetek	vrb
emlegetnek	vrb
megfáztál	vrb
hallgattok	vrb
éjen	noun
elmesélted	vrb
ion	noun
homunculus	noun
készségesen	adj,noun
felszerelésünk	noun,vrb
erednek	vrb,noun
méltóságot	adj
ölelésre	vrb
kihatással	vrb
idiótáknak	adj
fordították	vrb
innánk	vrb
értelmeset	adj,noun
lőszerrel	noun
megfizethető	vrb
halálosak	adj,noun
életnagyságban	noun
jelenségek	noun,adj
kenyérpirító	noun
feküdjenek	vrb
halhatnak	vrb
őseid	noun
műtéted	noun
szállítók	noun,vrb
gondolkodjam	vrb
küldve	vrb
éhesnek	adj,noun
gyümölcsöket	noun
hazahozta	vrb
ugyanahhoz	noun_pron
büntesd	vrb
szemszögemből	noun
egyezünk	vrb
e-mailen	noun
érveket	noun
nyüzsgés	vrb,noun
forogj	vrb
szánalomból	noun
vitaminokat	noun
tanúsítja	vrb,noun
mindkétszer	adj_num
képviselek	vrb
recepció	noun
poloskák	noun
harctéri	noun
megnyilvánulása	vrb
kényszeríthetsz	vrb
névnek	noun
összegért	noun
rohamra	noun
ágyamon	noun
rizsa	noun
megemelni	vrb
kiáltja	vrb
kalóriát	noun
nyugtát	noun
rezervátum	noun
bőrük	noun
tisztítja	vrb
kezdhetik	vrb
elalvás	vrb,noun
lelkére	noun
megbánom	vrb
szebbek	adj
sárkányokat	noun
kultúránk	noun
belátod	vrb
hunyja	vrb
méltónak	adj
nyögés	vrb
összegyűjti	vrb
tarot	noun
függetlenek	adj
világának	noun
bőrében	noun
sorom	noun
kikötőből	noun,vrb
megölhetsz	vrb
csészealj	noun
zenekarral	noun
sorolni	vrb
megállapodásunkat	noun,vrb
nagyapával	noun
pokróc	noun
sértegetsz	vrb
megkérdőjelezed	vrb,noun
lagúna	noun
elakadtam	vrb
békéjét	noun
tekintetem	noun,vrb
bizonyosság	adj
gyakoroljunk	vrb
visszamenjünk	vrb
ébernek	adj
kiengedi	vrb
partikra	noun,adj
oldaladat	noun
ruháinkat	noun
szegezett	vrb,noun
henger	noun
hónapokra	noun
mellkast	noun
kereszteződés	vrb
őrködöm	vrb
tolass	vrb
pulzust	noun
ohiói	noun_prs
jóképűbb	adj
meghajlás	noun,vrb
számítógépem	noun
elpusztítására	noun,vrb
szenvedése	vrb
odatette	vrb
kutass	vrb
paintball	noun
kódolás	vrb
suttogás	vrb
korának	noun
alsóbbrendű	adj
cuccra	noun
szemkontaktus	noun
lezárhatjuk	vrb
olyasvalakire	noun_pron
levélre	noun
kedvezményes	adj,noun
nyíllal	noun
támaszkodik	vrb
hetekre	adj_num,noun
műfajom	noun
meghalnának	vrb
jelentsék	vrb
felfrissítem	vrb
ritmusa	noun
képletet	noun
pornósztár	noun
köpenyben	noun
leszerelt	vrb
létrehoztunk	vrb
parkolj	vrb
szemlátomást	adv
kárpótlást	vrb,noun
jelentkezését	vrb
mereven	adj
giliszta	noun
elleneztem	vrb,noun
öltözködni	vrb
maffiának	noun
kivonni	vrb
férjéhez	noun
megmérgeztek	vrb,noun
áldassék	vrb
gonosztevők	noun,adj
szereplője	vrb,noun,adj
elvesztjük	vrb
tájékoztassam	vrb,noun
rúgsz	vrb
szemináriumon	noun
molekula	noun
ragacs	noun
oregoni	noun_prs
must	noun
megírod	vrb
anyagom	noun
végrehajtott	vrb
randiról	noun
visszaküldték	vrb
örültél	vrb
bámulják	vrb
rögzítettem	adj,vrb
ágyas	noun
szívat	vrb
kedélyek	noun
istállót	noun
token	noun
juhú	noun
parancsnokát	noun
fiatalemberek	noun
garnélát	noun
szobánkba	noun
magácska	noun
lopjon	vrb
intézkedést	vrb
nézelődni	vrb
reform	noun
elintézlek	vrb
csókom	noun
gondolhatott	vrb
hibáztattam	vrb,noun
boltnál	noun
nőgyűlölő	noun,vrb
bocsátottam	vrb
óráért	noun
finanszírozza	vrb
sikít	vrb
bedobunk	vrb
korlátozva	vrb,noun
kívüliek	adj
sütünk	vrb
emészti	vrb
elsétáltam	vrb
hatalomnak	noun
pisilj	vrb
eresztek	vrb
egyszerűt	adj,adj_num,noun
elindultál	vrb
mintára	noun
grófot	noun
korrupciót	noun
elveszlek	vrb
cicit	noun
drótokat	noun
keresésben	vrb
tengerszint	noun
keféltél	vrb
kiválasztották	vrb
műanyagot	noun
idekerültem	vrb
aláírjuk	vrb
ügyelni	vrb
felhívna	vrb
veszettül	vrb
elfogadás	noun,vrb
libanoni	noun_prs
szerkesztőm	noun,vrb
mutatkozzam	vrb
tapodtat	vrb
kondiban	noun
hawaiin	noun_prs
ritmusra	noun
monarchia	noun
szerződéses	noun,vrb
kutyái	noun
diliházban	noun
szellemekről	noun
vitán	noun
kisétáltam	vrb
tizenkettedik	adj_num
tévútra	noun
rágalmazás	vrb,noun
kárhozat	noun
croissant	noun
értékei	noun
kihágás	vrb
műsorok	noun
szállodából	noun
ülését	noun,vrb
jóvágású	adj
aláássa	vrb
megvédtelek	vrb
sérülésnek	noun,vrb
csatlakozzam	vrb
dátumokat	noun
költöd	vrb
kuki	noun
titkolok	vrb
szponzor	noun
ugráló	vrb
nézőket	noun,vrb
befizetni	vrb
gondolhatta	vrb
átéltünk	vrb
széfjében	noun
tarsolyában	noun
újkorában	noun
parfümje	noun
hitelességét	adj,noun
csontjaim	noun
ellenállásba	noun,vrb
zavara	noun
tányéron	noun
seggfejeket	noun
kincsét	noun
magunkon	noun_ref_PL_1,noun
láthatnád	vrb
pasihoz	noun
keresniük	vrb
körbenéztem	vrb
olvasók	noun,vrb
fogadlak	vrb
szteroidot	noun
kedvedben	noun
tagsági	noun
tanároknak	noun
hármunk	adj_num
bobbynak	noun
felszállsz	vrb
tesztelés	vrb
kőszívű	adj
alább	adv
elhozzák	vrb
begörcsölt	vrb
találkozhassak	vrb
megtanultunk	vrb
idővonalat	noun
utánzó	noun,adj
állomásozik	vrb,noun
drasztikusan	adj
kihagysz	vrb
bürokrata	noun
megbántottad	vrb
születésének	vrb
hármak	adj_num
hallanunk	vrb
motorod	noun
megvitattuk	vrb
bérli	vrb
használhatta	vrb
halálsoron	noun
gerilla	noun
romantikusnak	adj
úszok	vrb
karöltve	adv
illem	noun,vrb
gyermekeimet	noun
hibridek	noun
takarítja	vrb
ennyiből	adj_num_wh
földrajz	noun
húsvétkor	noun
keltettél	vrb
értsétek	vrb
statuálni	vrb
pelikán	noun
elektrosokk	noun
múljon	vrb
áthelyeznek	vrb,noun
megölésében	vrb
támadásért	vrb
elutasítod	vrb,noun
jogsit	noun
hazudtok	vrb
vezetné	vrb
modellel	noun
aggodalmad	noun
huszonhárom	adj_num
mindezeket	noun_pron
hihetünk	vrb
filmemet	noun
elviselhető	vrb
próbaidőre	noun
ölteni	vrb
alkalmatlannak	adj
játszadozást	vrb
ideát	noun
aktiválom	vrb
komédiás	noun
kastélyból	noun
rálépett	vrb
főzet	noun,vrb
gálára	noun
gót	noun
megölnélek	vrb
perek	noun
valamik	noun_pron,adj
machete	noun
helyezed	vrb,noun
kiszúrták	vrb
fényei	noun
láthasson	vrb
parancsoltam	vrb
kártérítés	noun
társadalomra	noun
őrölt	vrb
végződnek	vrb,adj
vizét	noun
elküldtél	vrb
sziklára	noun
cégről	noun
megy-e	vrb,adv
dolgaikat	noun
gazfickók	noun
kételkedett	vrb
jelölik	vrb
dönthetek	vrb
tanácsadóval	noun
esküvők	noun,vrb,adj
gyomrába	noun
37-es	adj_num
amcsi	adj
forrásod	noun,vrb
észrevegye	vrb
testvérünket	noun
összepakoltam	vrb
flörtölés	vrb
törődő	vrb
bemértem	vrb
jelenete	noun
nyernék	vrb
megszülettek	vrb
darabbal	noun
töltsünk	vrb
aláírják	vrb
testületi	adj,noun
angelus	noun
törmeléket	noun
melyikbe	noun_pron
generációt	noun
összetétele	noun
képviselt	vrb
gerincvelő	noun
biciklim	noun
bajnokságban	noun
megkérdezze	vrb
ösztöndíjjal	noun
mondjál	vrb
kalózokat	noun
válaszként	noun
kivizsgálást	noun,vrb
igazgatójának	noun,vrb
oldott	vrb
ártottak	vrb
bocsátotta	vrb
elfoglaltuk	vrb
gyilkosságokhoz	adj,noun
embereké	noun
elsülhet	vrb
bújócskát	noun,vrb
eljegyezte	vrb,noun
javítást	vrb
összekever	vrb
elraboltam	vrb
plakátokat	noun
kifejezzem	vrb,noun
megismertél	vrb
nevekre	noun
büntetőjogi	adj
fejlövés	noun
aknamező	noun
pozíciónkat	noun
taposni	vrb
bizonyítod	vrb
nemesebb	adj,noun
szolgálattól	noun
ússzunk	vrb
kényelmesebben	adj,noun
újabbat	adj
odafigyelsz	vrb
szavaira	noun,noun_prs
nevelést	noun,vrb
hazaviszünk	vrb
váltatok	vrb
hallucinogén	noun
eltévesztette	vrb
agyunkat	noun
stabilizálódott	vrb
szesz	noun
diagnosztikai	noun
kétségbeejtő	adj
kiakadni	vrb
szöcske	noun
őexcellenciája	noun
napraforgó	noun
tájékoztatták	vrb,noun
ették	vrb
kiürítette	vrb
nővérei	noun
torkon	noun
hányra	adj_num_wh
parádét	noun
nyíló	vrb
magzatot	noun
33-as	adj_num
tanúját	noun
menyasszonyomat	noun
csomóval	noun
veszélyek	noun
latba	noun
fegyverré	noun
gyorsíts	vrb
szmokingban	noun
kegyelmed	noun
kifizettük	vrb
közvéleményt	noun
magyaráz	vrb
szalámi	noun
történetei	noun
gondoskodjatok	vrb
hitvese	noun
vizelni	vrb
fáradhatatlan	adj,vrb
irányíthatatlanná	vrb
egyenértékű	adj,noun
kertem	noun
hullákkal	noun
évszázados	adj,noun
megveti	vrb
szikrázó	vrb,noun
kábeltévé	noun
késedelem	noun
ételhez	noun
jegyző	vrb,adj
kamerái	noun
elhallgat	vrb
fegyházban	noun
közvetíti	vrb
plazmát	noun
sértegess	vrb
eladást	noun,vrb
eldöntse	vrb
leszedi	vrb
ellenségre	noun
laknia	vrb
célzó	vrb,noun,adj
enyhébb	adj
megfosztott	vrb
becsüljük	vrb
rejtegetnivalóm	noun
lenyűgözőnek	noun,vrb
humort	noun
kipróbálhatnánk	vrb
környékéről	noun
függnek	vrb
szakmámban	noun
kísérik	vrb
enyémről	noun_pron
börtönnel	noun
egyetemisták	noun
átgondolod	vrb
belehalnál	vrb
biokémiai	noun
mulat	vrb
problémámat	noun
emberke	noun
távoztam	vrb,noun
leszállnál	vrb
törekvő	vrb,adj
anyatermészet	noun
kapkodni	vrb
tarkójára	noun
cimborája	noun
férfiaktól	noun
értesíti	vrb
odafönn	adv
tanonc	noun
kiváltsága	noun,vrb
lehúzott	vrb
egyesítjük	vrb
lefoglalják	vrb
hoznám	vrb
krampusz	noun
bátorkodtam	vrb
randizzak	vrb,noun
takarítom	vrb
osztályában	noun
rajtakaptak	vrb
személyesebb	adj,noun
elbeszélgettem	vrb
milliméter	noun
soknál	adj_num
vészhelyzetre	noun
vállalná	vrb
bérlők	vrb,noun,adj
hunyni	vrb
bejelentve	vrb
álldogálni	vrb
indították	vrb
szór	vrb
elemeztem	vrb,noun
párnával	noun
megbánt	vrb
önkéntest	noun,adj
kalapál	vrb
elásni	vrb
másodpilóta	adj_num,noun
esküvődre	noun,vrb,adj
meghajtás	noun,vrb
töltheted	vrb
árulták	vrb
bevonták	vrb
gépi	adj,noun
hadseregének	noun
hallgatnál	vrb
terméketlen	adj
egyesülni	vrb
áruházba	noun
vészhelyzetet	noun
rájöjjenek	vrb
szétverte	vrb
