corpus,chunk1,chunk2
vagyok,vagy,ok
miért,mi,ért
valami,vala,mi
semmi,sem,mi
amikor,ami,kor
valamit,vala,mit
mikor,mi,kor
azért,az,ért
ezért,ez,ért
semmit,sem,mit
akarok,akar,ok
magát,ma,gát
szerint,szer,int
tudok,tud,ok
egyszer,egy,szer
magad,mag,ad
egyedül,egyed,ül
micsoda,mi,csoda
holnap,hol,nap
tehát,te,hát
fogok,fog,ok
haver,ha,ver
utolsó,utol,só
férfi,fér,fi
srácok,srác,ok
nagyszerű,nagy,szerű
végre,vég,re
vagytok,vagy,tok
készen,kés,zen
szabad,szab,ad
ahhoz,ah,hoz
jöjjön,jöjj,ön
bármit,bár,mit
emlékszem,emlék,szem
jelenti,jelen,ti
maradj,mar,adj
bármi,bár,mi
mennyire,mennyi,re
viszlát,visz,lát
éjjel,éj,jel
sikerült,siker,ült
igazad,igaz,ad
végül,vég,ül
halló,hal,ló
ismerem,is,merem
marad,mar,ad
rendőrség,rend,őrség
ennyire,ennyi,re
keresztül,kereszt,ül
egyszerű,egy,szerű
őrült,őr,ült
mindketten,mind,ketten
amire,ami,re
mindegy,mind,egy
segítség,segíts,ég
számára,szám,ára
amiért,ami,ért
egyre,egy,re
jöttél,jött,él
lányok,lány,ok
mondok,mond,ok
mondtál,mond,tál
barátok,barát,ok
egyébként,egyéb,ként
ismeri,is,meri
értettem,ér,tettem
értettem,ért,ettem
segíthetek,segít,hetek
ugyanaz,ugyan,az
ismered,is,mered
merre,mer,re
magára,mag,ára
tartok,tart,ok
helyre,hely,re
tettél,tett,él
észre,ész,re
maradjon,mar,adjon
közül,köz,ül
gondolok,gondol,ok
életet,él,etet
szerettem,szer,ettem
látok,lát,ok
végén,vég,én
üzenetet,üzen,etet
magas,mag,as
állok,áll,ok
nyomás,nyom,ás
mások,más,ok
csinálok,csinál,ok
maradni,mar,adni
tehetek,te,hetek
csináltál,csinál,tál
rajtad,rajt,ad
seggfej,segg,fej
hallottad,hallott,ad
vette,vet,te
maradok,mar,adok
maradok,marad,ok
figyeljen,figyel,jen
baleset,bal,eset
teszem,te,szem
minél,min,él
kétszer,két,szer
hónapja,hó,napja
akartál,akar,tál
földön,föld,ön
őrmester,őr,mester
hasonló,hason,ló
rájöttem,rá,jöttem
úristen,úr,isten
miattad,miatt,ad
félre,fél,re
bármikor,bármi,kor
percre,perc,re
földre,föld,re
véletlenül,véletlen,ül
bocsáss,bocs,áss
hónap,hó,nap
rendőr,rend,őr
remekül,remek,ül
próbálok,próbál,ok
örökre,örök,re
aznap,az,nap
nevet,ne,vet
kórházba,kór,házba
maradsz,mar,adsz
kórházban,kór,házban
testvér,test,vér
kapok,kap,ok
egyszerre,egyszer,re
gazdag,gaz,dag
időre,idő,re
ezúttal,ez,úttal
hamar,ha,mar
segítséget,segíts,éget
ismerek,is,merek
indulás,indul,ás
nővér,nő,vér
készült,kész,ült
gyorsabban,gyors,abban
csináltad,csinált,ad
várok,vár,ok
bizonyára,bizony,ára
hálás,hál,ás
várjatok,várja,tok
ügyvéd,ügy,véd
szólok,szól,ok
valamire,valami,re
hátsó,hát,só
láttál,lát,tál
másodperc,másod,perc
olyanok,olyan,ok
akartad,akart,ad
mindkét,mind,két
teszed,te,szed
tehetem,te,hetem
akartok,akar,tok
akartok,akart,ok
nézzen,néz,zen
sikerül,siker,ül
találtál,talál,tál
bármelyik,bár,melyik
hitte,hit,te
messzire,messzi,re
magadnak,mag,adnak
képesek,kép,esek
ugyanazt,ugyan,azt
rendőrséget,rend,őrséget
üljön,ül,jön
üljön,ülj,ön
ismertem,is,mertem
hozok,hoz,ok
rendszer,rend,szer
nahát,na,hát
ismer,is,mer
semmire,semmi,re
egyetértek,egye,tértek
egyetértek,egyet,értek
képest,kép,est
mindezt,mind,ezt
habár,hab,ár
támadás,támad,ás
ismersz,is,mersz
mindenre,minden,re
hónapban,hó,napban
akartalak,akart,alak
testvérem,test,vérem
emberekkel,emberek,kel
máskor,más,kor
szintén,szint,én
készül,kész,ül
éljen,él,jen
egyelőre,egyel,őre
mindez,mind,ez
rakás,rak,ás
tanár,tan,ár
hercegnő,herceg,nő
amennyire,amennyi,re
mentél,ment,él
barátnőm,barát,nőm
fogadok,fog,adok
fogadok,fogad,ok
segítségre,segíts,égre
segítségre,segítség,re
ugyanezt,ugyan,ezt
küldte,küld,te
járok,jár,ok
ilyenkor,ilyen,kor
tehetünk,te,hetünk
segítesz,segít,esz
ezekkel,ezek,kel
kérte,kér,te
magaddal,magad,dal
egyesült,egyes,ült
gondoltál,gondol,tál
jóképű,jó,képű
mellettem,mell,ettem
valamikor,valami,kor
olyasmi,olyas,mi
barátnője,barát,nője
szerette,szer,ette
szerette,szeret,te
mindennek,mind,ennek
anyukád,anyu,kád
futás,fut,ás
csináltok,csinál,tok
csináltok,csinált,ok
mindegyik,mind,egyik
fájdalom,fáj,dalom
tudtál,tud,tál
ismerte,is,merte
ismerte,ismer,te
maradunk,mar,adunk
találok,talál,ok
hadsereg,had,sereg
mellette,mell,ette
mellette,mellet,te
hónappal,hó,nappal
hívtál,hív,tál
létre,lét,re
hozzátok,hozzá,tok
célpont,cél,pont
rendőrök,rend,őrök
egymáshoz,egymás,hoz
azokkal,az,okkal
nővérem,nő,vérem
történetet,történ,etet
valamelyik,vala,melyik
egyél,egy,él
jártál,jár,tál
házas,ház,as
japán,ja,pán
kaptál,kap,tál
melletted,mell,etted
életre,élet,re
hoztál,hoz,tál
fogtok,fog,tok
tanács,tan,ács
kórház,kór,ház
értesz,ér,tesz
értesz,ért,esz
indulok,indul,ok
ismerős,ismer,ős
voltatok,volta,tok
vészhelyzet,vész,helyzet
említette,említ,ette
polgármester,polgár,mester
nagyapa,nagy,apa
központ,köz,pont
holtan,hol,tan
adtál,ad,tál
halad,hal,ad
választás,választ,ás
régebben,rég,ebben
fogadni,fog,adni
múltkor,múlt,kor
csajok,csaj,ok
szeretet,szer,etet
titok,ti,tok
állami,áll,ami
állami,álla,mi
hívás,hív,ás
egyfajta,egy,fajta
barátnőd,barát,nőd
lábad,láb,ad
szóló,szó,ló
kezdesz,kezd,esz
állatok,álla,tok
állatok,állat,ok
gondoltad,gondolt,ad
hallok,hall,ok
szabályok,szabály,ok
teheted,te,heted
kelljen,kell,jen
mondhatok,mondhat,ok
szívás,szív,ás
érezte,érez,te
közvetlenül,közvetlen,ül
gondold,gond,old
rájön,rá,jön
valamiben,vala,miben
mindkettő,mind,kettő
mindenesetre,minden,esetre
helyette,hely,ette
helyette,helyet,te
fogalma,fog,alma
hónapig,hó,napig
gazember,gaz,ember
rátok,rá,tok
államok,állam,ok
valóság,valós,ág
északi,ész,aki
áruló,áru,ló
pénzért,pénz,ért
engedjen,enged,jen
műsor,mű,sor
végeztél,végez,tél
testvére,test,vére
orvosok,orvos,ok
helyszínen,hely,színen
másnap,más,nap
bármire,bármi,re
holnapra,hol,napra
ismerik,is,merik
vettél,vet,tél
vettél,vett,él
kérdésre,kérdés,re
tudtok,tud,tok
boldogok,boldog,ok
készítette,készít,ette
szemétláda,szemét,láda
maradjatok,mar,adjatok
maradjanak,mar,adjanak
fiatalember,fiatal,ember
nyomozás,nyomoz,ás
rendszert,rend,szert
ügyész,ügy,ész
segítettem,segít,ettem
magadat,mag,adat
szóltál,szól,tál
társaság,társas,ág
házasok,háza,sok
házasok,házas,ok
napok,nap,ok
műtét,mű,tét
akire,aki,re
maradnak,mar,adnak
valakire,valaki,re
maradjunk,mar,adjunk
helyén,hely,én
tűnjön,tűnj,ön
készülj,kész,ülj
tárgyalás,tárgyal,ás
épületet,épül,etet
egyetemre,egyetem,re
hajad,haj,ad
akármi,akár,mi
szülők,szül,ők
szerezte,szerez,te
lépjen,lép,jen
fogadja,fog,adja
maradtam,mar,adtam
utánad,után,ad
robbanás,robban,ás
észrevettem,észre,vettem
valamiért,valami,ért
vigyázok,vigyáz,ok
hétre,hét,re
művész,mű,vész
számlát,szám,lát
szabadna,szab,adna
akikkel,akik,kel
darabokra,darab,okra
születtem,szül,ettem
uramisten,uram,isten
kérdezte,kérdez,te
hihetetlenül,hihetetlen,ül
fiatalok,fiatal,ok
színész,szín,ész
halok,hal,ok
rájönni,rá,jönni
sikerülni,siker,ülni
holttestet,holt,testet
jelentős,jelent,ős
kezdte,kezd,te
áldozatok,áldozat,ok
másfél,más,fél
műsort,mű,sort
esetre,eset,re
adhatok,adhat,ok
gyerekekkel,gyerekek,kel
történjen,történ,jen
kívánok,kíván,ok
fogadd,fog,add
csillagok,csillag,ok
fejjel,fej,jel
népszerű,nép,szerű
végez,vég,ez
követte,követ,te
úriember,úri,ember
készítettem,készít,ettem
jövőre,jövő,re
sráccal,srác,cal
kérdezhetek,kérdez,hetek
akármit,akár,mit
szemetet,szem,etet
olyasmit,olyas,mit
istenverte,isten,verte
álltok,áll,tok
álltok,állt,ok
pénzre,pénz,re
maradhat,mar,adhat
maradhat,marad,hat
mérföldre,mér,földre
mérföldre,mérföld,re
találtad,talált,ad
állás,áll,ás
választásunk,választ,ásunk
maradjak,mar,adjak
hagytál,hagy,tál
érzelmi,érzel,mi
segítettél,segít,ettél
segítettél,segített,él
évekkel,évek,kel
apáddal,apád,dal
képviselő,kép,viselő
testvéred,test,véred
határt,hat,árt
azokra,az,okra
értette,ér,tette
értette,ért,ette
hozhatok,hozhat,ok
többre,több,re
ügyön,ügy,ön
ügyvédje,ügy,védje
órakor,óra,kor
kerüljön,kerül,jön
kerüljön,kerülj,ön
rémálom,rém,álom
hónapok,hó,napok
hónapok,hónap,ok
helyettem,hely,ettem
holttest,holt,test
semmiért,semmi,ért
édesanyja,édes,anyja
határ,ha,tár
határ,hat,ár
rádió,rá,dió
rózsaszín,rózsa,szín
emberre,ember,re
rendőrségre,rendőrség,re
egyenlő,egyen,lő
édesanyád,édes,anyád
engedhetem,enged,hetem
valamiről,vala,miről
bírónő,bíró,nő
követi,köve,ti
jelentette,jelen,tette
jelentette,jelent,ette
maradhatok,mar,adhatok
maradhatok,maradhat,ok
kaphatok,kaphat,ok
időnként,időn,ként
ezekre,ezek,re
abbahagyni,abba,hagyni
nagymama,nagy,mama
állati,álla,ti
viszontlátásra,viszont,látásra
mindennap,minden,nap
kértél,kér,tél
kértél,kért,él
közülünk,köz,ülünk
eszköz,esz,köz
kerültél,kerül,tél
kerültél,került,él
álljatok,állja,tok
egyesek,egy,esek
állomás,állom,ás
értetted,ér,tetted
értetted,ért,etted
vadász,vad,ász
meztelenül,meztelen,ül
micsodát,mi,csodát
engedte,enged,te
készülsz,kész,ülsz
mindkettőt,mind,kettőt
segítségedre,segítséged,re
önért,ön,ért
gyerekkel,gyerek,kel
kereste,keres,te
tiszteletet,tisztel,etet
mindkettőnknek,mind,kettőnknek
számítógép,számító,gép
ugyanazon,ugyan,azon
mindenért,minden,ért
labor,la,bor
évente,éven,te
várhat,vár,hat
hajóra,haj,óra
semmiből,sem,miből
időpontot,idő,pontot
említettem,említ,ettem
módszer,mód,szer
mérföld,mér,föld
sebész,seb,ész
rávenni,rá,venni
bírok,bír,ok
semmibe,sem,mibe
vezette,vezet,te
ugyanez,ugyan,ez
könnyedén,könnyed,én
hagyjatok,hagyja,tok
önként,ön,ként
valaminek,vala,minek
számok,szám,ok
estén,est,én
egykor,egy,kor
utálok,utál,ok
esetén,eset,én
hetente,heten,te
vesztettem,vesz,tettem
térdre,térd,re
nyertél,nyer,tél
nyertél,nyert,él
maradnia,mar,adnia
napunk,na,punk
részén,rész,én
bizonyítékok,bizonyíték,ok
maradhatsz,mar,adhatsz
tisztára,tiszt,ára
döntöttél,döntött,él
virágok,virág,ok
varázsló,varázs,ló
színpadon,szín,padon
telhetőt,telhet,őt
semmiről,sem,miről
istenre,isten,re
nőkkel,nők,kel
fogad,fog,ad
nővére,nő,vére
nővére,nővé,re
haladunk,hal,adunk
délre,dél,re
mentőt,ment,őt
kerestelek,keres,telek
apukád,apu,kád
orvoshoz,orvos,hoz
ügynököt,ügynök,öt
méterre,méter,re
jutok,jut,ok
szemtanú,szem,tanú
tanácsadó,tanács,adó
ebédre,ebéd,re
olyannak,oly,annak
csalás,csal,ás
éjfél,éj,fél
nővéred,nő,véred
meséljen,mesél,jen
maradnod,mar,adnod
szélén,szél,én
ugyanabban,ugyan,abban
hónapot,hó,napot
oroszok,orosz,ok
lányokkal,lány,okkal
maradtak,mar,adtak
adatok,adat,ok
nevére,ne,vére
szomszédok,szomszéd,ok
ügyfél,ügy,fél
születésnapot,születés,napot
szervezet,szer,vezet
újságíró,újság,író
térkép,tér,kép
fordítás,fordít,ás
jelölt,jel,ölt
érjen,ér,jen
gazdagok,gazdag,ok
értelek,ér,telek
jelenet,jele,net
ilyesmire,ilyesmi,re
kezekkel,kezek,kel
faszfej,fasz,fej
maradnom,mar,adnom
kórházból,kór,házból
emberekre,emberek,re
nagykövet,nagy,követ
maradtunk,mar,adtunk
többiekkel,többiek,kel
nyomok,nyom,ok
holttestét,holt,testét
maradtál,mar,adtál
maradtál,marad,tál
házhoz,ház,hoz
mutatok,mutat,ok
segíthetünk,segít,hetünk
magadhoz,magad,hoz
húzás,húz,ás
rendőrt,rend,őrt
helyszín,hely,szín
nálatok,nála,tok
emeletre,emelet,re
reptérre,reptér,re
minap,mi,nap
sejtettem,sejt,ettem
bűncselekmény,bűn,cselekmény
vérnyomás,vér,nyomás
vérnyomás,vérnyom,ás
dollárért,dollár,ért
nagyapám,nagy,apám
hatalma,hat,alma
önmagát,ön,magát
függetlenül,független,ül
határon,hat,áron
érdemel,érd,emel
anyáddal,anyád,dal
őrség,őrs,ég
jelenetet,jelen,etet
másokkal,más,okkal
nénikém,néni,kém
irántad,iránt,ad
néztél,néz,tél
késésért,késés,ért
egészségedre,egészséged,re
tönkretette,tönkre,tette
adjatok,adja,tok
agyad,agy,ad
készültem,kész,ültem
őrültek,őr,ültek
köszönetet,köszön,etet
szerettelek,szeret,telek
mélyén,mély,én
lényegre,lényeg,re
vártál,vár,tál
reggelre,reggel,re
ördögöt,ördög,öt
csütörtökön,csütörtök,ön
rájönnek,rá,jönnek
ezerszer,ezer,szer
gondoltok,gondol,tok
gondoltok,gondolt,ok
ismernek,is,mernek
műtétet,mű,tétet
műanyag,mű,anyag
ismerd,is,merd
tanultál,tanul,tál
rákos,rá,kos
mesélte,mesél,te
számítok,számít,ok
nevetni,ne,vetni
mondhatni,mond,hatni
doktornő,doktor,nő
ismerted,is,merted
esküdtszék,esküdt,szék
hazamenni,haza,menni
miként,mi,ként
rádiót,rá,diót
másként,más,ként
írtál,ír,tál
gépre,gép,re
társadalom,társa,dalom
mentén,ment,én
nagypapa,nagy,papa
gyilkosok,gyilkos,ok
kerestél,keres,tél
térképet,tér,képet
mondjad,mondj,ad
hónapra,hó,napra
döntesz,dönt,esz
önmagad,ön,magad
veszteség,vesztes,ég
szerettél,szer,ettél
szerettél,szeret,tél
szeretted,szer,etted
század,száz,ad
maradna,mar,adna
álltál,áll,tál
aranyom,ara,nyom
színésznő,színész,nő
okozhat,okoz,hat
télapó,tél,apó
helyetted,hely,etted
érdekelte,érdekel,te
tehette,tehet,te
esküvőre,esküvő,re
atyaég,atya,ég
főiskolára,fő,iskolára
rendezte,rendez,te
semmiben,sem,miben
balhét,bal,hét
nagyfiú,nagy,fiú
angyalok,angyal,ok
időpont,idő,pont
területén,terület,én
démonok,démon,ok
csináltatok,csinálta,tok
vámpírok,vámpír,ok
merész,mer,ész
hívok,hív,ok
ilyennek,ily,ennek
bolondok,bolond,ok
mindkettőnket,mind,kettőnket
életének,élet,ének
küldjön,küld,jön
küldjön,küldj,ön
nagyok,nagy,ok
egyház,egy,ház
készülnek,kész,ülnek
mélyre,mély,re
színpadra,szín,padra
nevezte,nevez,te
diákok,diák,ok
semmihez,sem,mihez
havonta,ha,vonta
bármennyire,bármennyi,re
karácsonykor,karácsony,kor
egyetért,egye,tért
egyetért,egyet,ért
mindennél,mind,ennél
tervez,terv,ez
öregember,öreg,ember
semmiképp,sem,miképp
édesanyám,édes,anyám
pontosabban,pontos,abban
közti,köz,ti
rájössz,rá,jössz
köszönök,kösz,önök
helyszínt,hely,színt
harcosok,harcos,ok
fogadom,fog,adom
mentőket,ment,őket
kellesz,kell,esz
időjárás,idő,járás
rendőrtiszt,rendőr,tiszt
rendőrfőnök,rendőr,főnök
szintre,szint,re
maradnunk,mar,adnunk
szerez,szer,ez
üzletember,üzlet,ember
telefonálok,telefonál,ok
semmim,sem,mim
jelentkezem,jelent,kezem
kedvemért,kedve,mért
kedvemért,kedvem,ért
vágás,vág,ás
holmi,hol,mi
tanulok,tanul,ok
lőjön,lő,jön
lőjön,lőj,ön
udvarias,udvari,as
miami,mi,ami
magamhoz,magam,hoz
imádok,imád,ok
nyíltan,nyíl,tan
mikorra,mi,korra
mikorra,mik,orra
ügyvédem,ügy,védem
próbáltad,próbált,ad
végezte,végez,te
születésnapja,születés,napja
ugyanazok,ugyan,azok
ugyanazok,ugyanaz,ok
kérdez,kérd,ez
sírok,sír,ok
farmer,far,mer
rohadékok,rohadék,ok
vastag,vas,tag
ígéretet,ígér,etet
barátnő,barát,nő
kérjen,kér,jen
vesztette,vesz,tette
tanárnő,tanár,nő
szarok,szar,ok
nézte,néz,te
bűntény,bűn,tény
kétségtelenül,kétségtelen,ül
tengerész,tenger,ész
évesek,év,esek
családtag,család,tag
forrás,forr,ás
kórházat,kór,házat
kaphat,kap,hat
óránként,órán,ként
mindenkire,mindenki,re
balesetet,bal,esetet
gyerekét,gyere,két
régimódi,régi,módi
meccsre,meccs,re
drogok,drog,ok
hétvége,hét,vége
pitét,pi,tét
tudósok,tudós,ok
készüljetek,kész,üljetek
hangosabban,hangos,abban
kutatás,kutat,ás
maradhatunk,mar,adhatunk
könnyebben,könny,ebben
helyeken,helye,ken
gyerekként,gyerek,ként
írtad,írt,ad
istenért,isten,ért
készülök,kész,ülök
önmagam,ön,magam
szerezzen,szerez,zen
patkányok,patkány,ok
lopás,lop,ás
tökfej,tök,fej
házad,ház,ad
egyetértünk,egye,tértünk
egyetértünk,egyet,értünk
csapás,csap,ás
segítségért,segítség,ért
halottkém,halott,kém
papírok,pap,írok
papírok,papír,ok
észrevette,észre,vette
amatőr,ama,tőr
gyerekkoromban,gyerek,koromban
teherautó,teher,autó
valamim,vala,mim
gyilkosságok,gyilkosság,ok
tervezte,tervez,te
úrnőm,úr,nőm
születtél,szül,ettél
kérhetek,kér,hetek
halkabban,halk,abban
keményebben,kemény,ebben
irányítás,irányít,ás
seggfejek,segg,fejek
olvasok,olvas,ok
szabadok,szab,adok
szabadok,szabad,ok
állhat,áll,hat
késtél,kés,tél
késtél,kést,él
zavarok,zavar,ok
háttérben,hát,térben
mélyebbre,mélyebb,re
számla,szám,la
egyforma,egy,forma
nevetsz,ne,vetsz
köszönhetem,köszön,hetem
trükköt,trükk,öt
észrevetted,észre,vetted
viselte,visel,te
raktár,rak,tár
fején,fej,én
erősebben,erő,sebben
erősebben,erős,ebben
családdal,család,dal
kulcsok,kulcs,ok
szereztél,szerez,tél
holnapig,hol,napig
gondok,gond,ok
hangok,hang,ok
kellős,kell,ős
jármű,jár,mű
lázadó,láz,adó
másért,más,ért
központban,köz,pontban
féljen,fél,jen
dobás,dob,ás
egykori,egy,kori
fogadjunk,fog,adjunk
ügyvédi,ügy,védi
műveltél,művel,tél
műveltél,művelt,él
próbáltalak,próbált,alak
otthagyta,ott,hagyta
nagyúr,nagy,úr
ítéletet,ítél,etet
járőr,jár,őr
egymillió,egy,millió
szóltok,szól,tok
szóltok,szólt,ok
szerte,szer,te
fogás,fog,ás
célpontot,cél,pontot
tudás,tud,ás
helyrehozni,helyre,hozni
kötél,köt,él
hatóságok,hatóság,ok
kapcsolatok,kapcsolat,ok
reggelire,reggeli,re
éveken,éve,ken
rendőröket,rend,őröket
reakció,re,akció
mindenkinél,mindenkin,él
önökkel,önök,kel
maradnék,mar,adnék
szívesebben,szíve,sebben
szívesebben,szíves,ebben
utánanéztem,utána,néztem
tréfa,tré,fa
festesz,fest,esz
csapatok,csapat,ok
nagybátyám,nagy,bátyám
négyszer,négy,szer
fedélzetre,fedélzet,re
kaptok,kap,tok
mindezek,mind,ezek
találtatok,találta,tok
feküdjön,feküdj,ön
ráérsz,rá,érsz
árthat,árt,hat
mindazt,mind,azt
farkasok,farka,sok
farkasok,farkas,ok
kétségbeesett,kétségbe,esett
hátad,hát,ad
istenkém,isten,kém
verte,ver,te
keletre,kelet,re
számíthatok,számíthat,ok
gyilkosságért,gyilkosság,ért
tönkretenni,tönkre,tenni
hazajön,haza,jön
mindkettőnk,mind,kettőnk
szertartás,szer,tartás
helyszínre,hely,színre
helyszínre,helyszín,re
önmaga,ön,maga
másodpercet,másod,percet
lényeget,lény,eget
szerkezet,szer,kezet
épült,ép,ült
arccal,arc,cal
térjen,tér,jen
szeretetet,szeret,etet
veszélyesek,veszély,esek
esténként,estén,ként
vesztettél,vesz,tettél
vesztettél,vesztett,él
követtél,követ,tél
válaszolok,válaszol,ok
harcolok,harcol,ok
fénykép,fény,kép
választottad,választott,ad
készültek,kész,ültek
mondás,mond,ás
haladjunk,hal,adjunk
otthagytam,ott,hagytam
pillanatok,pillanat,ok
senkire,senki,re
hónapokig,hó,napokig
rosszfiú,rossz,fiú
fényképet,fény,képet
lépcső,lép,cső
bízhatok,bízhat,ok
fogadtam,fog,adtam
kértelek,kér,telek
tönkreteszi,tönkre,teszi
küldtél,küld,tél
zenekar,zene,kar
tűntél,tűnt,él
főiskolán,fő,iskolán
észrevenni,észre,venni
parancsára,parancs,ára
srácokkal,srác,okkal
tízezer,tíz,ezer
társad,társ,ad
rájöttél,rá,jöttél
rájöttél,rájött,él
szemtanúk,szem,tanúk
térerő,tér,erő
sétálok,sétál,ok
éjfélkor,éjfél,kor
abbahagynád,abba,hagynád
emberként,ember,ként
tudnátok,tudná,tok
férjének,férj,ének
működjön,működj,ön
édesapja,édes,apja
számolok,számol,ok
árulás,árul,ás
bűntudat,bűn,tudat
törődjön,törődj,ön
színház,szín,ház
utánanézek,utána,nézek
üzemanyag,üzem,anyag
repülőgép,repülő,gép
segítettek,segít,ettek
mindegyiket,mind,egyiket
hónapon,hó,napon
pihenjen,pihen,jen
érint,ér,int
semmitől,sem,mitől
lássalak,láss,alak
kezdjen,kezd,jen
készüljenek,kész,üljenek
fogadást,fog,adást
maradtok,mar,adtok
maradtok,marad,tok
maradtok,maradt,ok
haverok,haver,ok
vadállat,vad,állat
meséltél,mesél,tél
meséltél,mesélt,él
rabszolga,rab,szolga
sebesült,sebes,ült
mennyország,menny,ország
módszert,mód,szert
egybeesés,egybe,esés
asztalhoz,asztal,hoz
tolvajok,tolvaj,ok
olykor,oly,kor
falhoz,fal,hoz
öljön,öl,jön
öljön,ölj,ön
készüljön,kész,üljön
készüljön,készül,jön
készüljön,készülj,ön
későre,kés,őre
későre,késő,re
próbáltál,próbál,tál
tetőre,tető,re
nagymamám,nagy,mamám
barátnőjét,barát,nőjét
készpénzben,kész,pénzben
kérdésemre,kérdésem,re
említetted,említ,etted
nagyapád,nagy,apád
kezdtél,kezd,tél
számíthat,számít,hat
rájöttünk,rá,jöttünk
rémült,rém,ült
hagyok,hagy,ok
hétvégét,hét,végét
gyerekkori,gyerek,kori
rosszkor,rossz,kor
jelszó,jel,szó
vallás,vall,ás
vérnyomása,vér,nyomása
nyerte,nyer,te
hallgatok,hallgat,ok
értél,ér,tél
értél,ért,él
embereken,embere,ken
okokból,ok,okból
nevess,ne,vess
töröld,tör,öld
fizette,fizet,te
nagybácsi,nagy,bácsi
egyenruhát,egyen,ruhát
játékok,játék,ok
tudhat,tud,hat
helyesnek,hely,esnek
szigetre,sziget,re
unokaöcsém,unoka,öcsém
mentette,ment,ette
zenész,zen,ész
fürdőszoba,fürdő,szoba
haladsz,hal,adsz
versenyre,verseny,re
dögölj,dög,ölj
fegyverekkel,fegyverek,kel
főnököt,főnök,öt
fogadás,fog,adás
fogadás,fogad,ás
bármiben,bár,miben
mindegyikük,mind,egyikük
telefonál,tele,fonál
mérföldet,mér,földet
könyvtár,könyv,tár
rémülve,rém,ülve
igazságszolgáltatás,igazság,szolgáltatás
használtad,használt,ad
melletti,mellet,ti
hullámok,hullám,ok
maradnál,mar,adnál
kocsihoz,kocsi,hoz
egyenruha,egyen,ruha
indiánok,indián,ok
tarthat,tart,hat
lázadók,láz,adók
házkutatási,ház,kutatási
hittél,hit,tél
hittél,hitt,él
táncolok,táncol,ok
hadsereget,had,sereget
rejteget,rejt,eget
űrhajó,űr,hajó
húzzatok,húzza,tok
válaszoltál,válaszol,tál
mindenkorra,minden,korra
mondhat,mond,hat
figyelmeztettelek,figyelmeztet,telek
ittas,itt,as
éltél,él,tél
éltél,élt,él
tanút,tan,út
szívrohamot,szív,rohamot
ajánlok,ajánl,ok
figyelemre,figyelem,re
futok,fut,ok
műszaki,mű,szaki
lázadás,láz,adás
lázadás,lázad,ás
kényelmetlenül,kényelmetlen,ül
repülőt,repül,őt
másodpercig,másod,percig
közölni,köz,ölni
fürdőszobában,fürdő,szobában
tengerparton,tenger,parton
zsákutca,zsák,utca
padlóra,pad,lóra
gyerekekre,gyerekek,re
olyasvalaki,olyas,valaki
tanárok,tan,árok
tanárok,tanár,ok
területre,terület,re
szerettek,szer,ettek
haladnak,hal,adnak
múltkori,múlt,kori
rövidre,rövid,re
adhat,ad,hat
önmagában,ön,magában
nappali,nap,pali
lakását,la,kását
napfény,nap,fény
munkások,munkás,ok
hívjatok,hívja,tok
tökre,tök,re
csípős,csíp,ős
készpénz,kész,pénz
mindkettőtöket,mind,kettőtöket
középiskolában,közép,iskolában
emberrablás,ember,rablás
férfias,férfi,as
unokatestvérem,unoka,testvérem
jelentették,jelen,tették
jelentették,jelent,ették
kábítószer,kábító,szer
fogadják,fog,adják
rokonok,rokon,ok
használok,használ,ok
ajtónál,aj,tónál
jelentettek,jelent,ettek
köztársaság,köz,társaság
űrhajós,űr,hajós
vénember,vén,ember
félúton,fél,úton
látogatás,látogat,ás
családok,család,ok
vadászok,vadász,ok
nyugdíjas,nyugdíj,as
tízszer,tíz,szer
koncertre,koncert,re
őrsre,őrs,re
édesapád,édes,apád
barátoddal,barátod,dal
gyerekjáték,gyerek,játék
vallomás,vallom,ás
főiskola,fő,iskola
rájövök,rá,jövök
hozzatok,hozza,tok
barátaiddal,barátaid,dal
hazaviszlek,haza,viszlek
goromba,go,romba
tönkretetted,tönkre,tetted
testvérét,test,vérét
rólatok,róla,tok
semmirekellő,semmire,kellő
főként,fő,ként
istennő,isten,nő
kapun,kap,un
műholdas,műhold,as
ügyre,ügy,re
bocsánatkérés,bocsánat,kérés
rendőröknek,rend,őröknek
nemzetbiztonsági,nemzet,biztonsági
kérdezek,kérd,ezek
fejenként,fejen,ként
padló,pad,ló
kalózok,kalóz,ok
szeress,szer,ess
kérdésekre,kérdések,re
balesetben,bal,esetben
készülünk,kész,ülünk
nagyuram,nagy,uram
öltél,öl,tél
öltél,ölt,él
másodpercre,másod,percre
másodpercre,másodperc,re
arcára,arc,ára
szembenézni,szembe,nézni
semmink,sem,mink
hatására,hatás,ára
újságok,újság,ok
halkan,hal,kan
egyenlőre,egyenlő,re
létrehozni,létre,hozni
szavazás,szavaz,ás
sokára,sok,ára
ártatlanok,ártatlan,ok
helyekre,helyek,re
álmodtál,álmod,tál
építették,épít,ették
állampolgár,állam,polgár
angolok,angol,ok
középiskola,közép,iskola
vállalja,váll,alja
műsorban,mű,sorban
amikre,amik,re
percenként,percen,ként
lépésre,lépés,re
hálaadás,hála,adás
ismertek,is,mertek
egyenként,egyen,ként
vesztettünk,vesz,tettünk
örömöt,öröm,öt
gyümölcsöt,gyümölcs,öt
csillagflotta,csillag,flotta
építette,épít,ette
szemüveg,szem,üveg
kellő,kel,lő
ejtette,ej,tette
ejtette,ejt,ette
intézte,intéz,te
barátnőjével,barát,nőjével
rendelte,rendel,te
bocsássatok,bocsássa,tok
tagadja,tag,adja
szabadlábra,szabad,lábra
apátok,apát,ok
izgulok,izgul,ok
bizalmát,biz,almát
léptél,lép,tél
fiadat,fi,adat
ajtóhoz,aj,tóhoz
ajtóhoz,ajtó,hoz
devon,de,von
érdekesnek,érdek,esnek
pincérnő,pincér,nő
bocsánatkéréssel,bocsánat,kéréssel
mindkettőtöknek,mind,kettőtöknek
máshoz,más,hoz
olyankor,olyan,kor
valamibe,vala,mibe
menjél,menj,él
szépfiú,szép,fiú
törölni,tör,ölni
kezelésre,kezelés,re
viccesnek,vicc,esnek
nyakláncot,nyak,láncot
balszerencse,bal,szerencse
hazaértem,haza,értem
hercegnőt,herceg,nőt
élvezet,él,vezet
tanultad,tanult,ad
mintegy,mint,egy
nőstény,nős,tény
hallottalak,hallott,alak
rabló,rab,ló
nagydarab,nagy,darab
műtétre,műtét,re
holnaptól,hol,naptól
személyre,személy,re
nevetek,ne,vetek
névre,név,re
hallgassatok,hallgassa,tok
őrsön,őrs,ön
mindenáron,minden,áron
építettem,épít,ettem
szerencsejáték,szerencse,játék
figyeltél,figyel,tél
figyeltél,figyelt,él
hozzáállás,hozzá,állás
hadművelet,had,művelet
érdemelsz,érd,emelsz
államügyész,állam,ügyész
sikerülne,siker,ülne
temetésre,temetés,re
vízre,víz,re
önvédelem,ön,védelem
zsarolás,zsarol,ás
milyennek,mily,ennek
farok,far,ok
nyomkövető,nyom,követő
helyszínén,helyszín,én
halálom,hal,álom
nyaklánc,nyak,lánc
juthat,jut,hat
bármiről,bár,miről
csontok,csont,ok
jókor,jó,kor
azokból,az,okból
amikkel,amik,kel
hazajöttem,haza,jöttem
szedte,szed,te
csináljatok,csinálja,tok
vakmerő,vak,merő
játékosok,játékos,ok
ígérte,ígér,te
segítségemre,segítségem,re
szabadlábon,szabad,lábon
valamid,vala,mid
jártok,jár,tok
jártok,járt,ok
éreztél,érez,tél
jégkrémet,jég,krémet
nővért,nő,vért
törte,tör,te
szolgálatára,szolgálat,ára
kérhetem,kér,hetem
gondolatok,gondolat,ok
telihold,teli,hold
tévedtél,téved,tél
tévedtél,tévedt,él
hálószoba,háló,szoba
földszinten,föld,szinten
családoddal,családod,dal
örökölte,örök,ölte
testvéremet,test,véremet
napló,nap,ló
lázas,láz,as
japánok,japán,ok
robotok,robot,ok
boszorkányok,boszorkány,ok
mesterlövész,mester,lövész
másrészt,más,részt
féltél,fél,tél
féltél,félt,él
zaklatás,zaklat,ás
számotokra,számot,okra
nagyapja,nagy,apja
járművet,jármű,vet
nyolcas,nyolc,as
azokhoz,azok,hoz
szerették,szer,ették
másfajta,más,fajta
világháború,világ,háború
testén,test,én
középiskolás,közép,iskolás
undok,und,ok
szívroham,szív,roham
címre,cím,re
színpad,szín,pad
nőszemély,nő,személy
hagyjad,hagyj,ad
zűrzavar,zűr,zavar
bácsikád,bácsi,kád
mellettünk,mell,ettünk
barátként,barát,ként
szereplő,szerep,lő
vérfarkas,vér,farkas
hazugságok,hazugság,ok
akinél,akin,él
fejedre,fejed,re
filmre,film,re
tanulás,tanul,ás
fedélzetén,fedélzet,én
ugyanazzal,ugyan,azzal
világvége,világ,vége
lófaszt,ló,faszt
nyolckor,nyolc,kor
amiken,ami,ken
mindazok,mind,azok
mindazok,mindaz,ok
ráérek,rá,érek
édesapám,édes,apám
képviseli,kép,viseli
vezetők,vezet,ők
láttatok,látta,tok
fizettél,fizet,tél
kérdezzen,kérdez,zen
némelyik,né,melyik
gyerekkorom,gyerek,korom
unokatestvére,unoka,testvére
gazemberek,gaz,emberek
sikerülhet,siker,ülhet
szemtanúja,szem,tanúja
vártalak,várt,alak
merült,mer,ült
hatás,hat,ás
légierő,légi,erő
kényszerítette,kényszerít,ette
nagybátyja,nagy,bátyja
szobalány,szoba,lány
hatalmát,hat,almát
közölte,köz,ölte
vállalok,vállal,ok
nyakad,nyak,ad
élvezte,élvez,te
ügynökkel,ügynök,kel
ültél,ül,tél
ültél,ült,él
szerelemre,szerelem,re
okoztál,okoz,tál
pókember,pók,ember
fogadhatom,fog,adhatom
bérelte,bérel,te
mérföldnyire,mérföldnyi,re
biztosítás,biztosít,ás
csókold,csók,old
vártok,vár,tok
vártok,várt,ok
támogatás,támogat,ás
hívjalak,hívj,alak
építész,épít,ész
nyugtató,nyugta,tó
számítógépet,számító,gépet
magamért,maga,mért
magamért,magam,ért
bármibe,bár,mibe
tönkretettem,tönkre,tettem
határidő,határ,idő
tettest,tett,est
győzelemre,győzelem,re
éjszakánként,éjszakán,ként
ilyenre,ilyen,re
keljen,kel,jen
reggelente,reggelen,te
szuperhős,szuper,hős
cuccok,cucc,ok
balesete,bal,esete
százezer,száz,ezer
nyakkendő,nyak,kendő
gyerekre,gyerek,re
ismertelek,ismer,telek
láthat,lát,hat
jelszót,jel,szót
szexre,szex,re
jelöltek,jel,öltek
ösztöndíjat,ösztön,díjat
ránézek,rá,nézek
továbblépni,tovább,lépni
hazaviszem,haza,viszem
unokahúgom,unoka,húgom
célpontja,cél,pontja
közte,köz,te
születésnapom,születés,napom
karddal,kard,dal
anyagok,anyag,ok
politikusok,politikus,ok
unokaöccse,unoka,öccse
támadások,támad,ások
támadások,támadás,ok
abbahagyta,abba,hagyta
hitelkártya,hitel,kártya
hadseregben,had,seregben
hazamész,haza,mész
érdekeset,érdek,eset
istenemre,istenem,re
tartalak,tart,alak
véletlenszerű,véletlen,szerű
segítségünkre,segítségünk,re
ablakok,ablak,ok
anyukáddal,anyukád,dal
színházban,szín,házban
szavazok,szavaz,ok
rejtette,rejt,ette
emberölés,ember,ölés
társaságában,társas,ágában
dologhoz,dolog,hoz
pihenésre,pihenés,re
papírmunkát,papír,munkát
kétszáz,két,száz
könyvelő,könyve,lő
örömömre,örömöm,re
térképen,tér,képen
szegénykém,szegény,kém
abbahagytam,abba,hagytam
tagok,tag,ok
központot,köz,pontot
szállok,száll,ok
mentség,ments,ég
születtek,szül,ettek
ujjad,ujj,ad
futár,fut,ár
műhold,mű,hold
időpontja,idő,pontja
anyátok,anyát,ok
küldetésre,küldetés,re
másodperccel,másod,perccel
járhat,jár,hat
szakítás,szakít,ás
láttok,lát,tok
szemüveget,szem,üveget
magatok,maga,tok
szentlélek,szent,lélek
utasítás,utasít,ás
hálószobában,háló,szobában
végrehajtani,végre,hajtani
készítették,készít,ették
élhetek,él,hetek
ugyanazokat,ugyan,azokat
szarvas,szar,vas
húgát,hú,gát
színjáték,szín,játék
lógok,lóg,ok
lakására,lakás,ára
fivérem,fi,vérem
faszkalap,fasz,kalap
nőttél,nőt,tél
nőttél,nőtt,él
sorrendben,sor,rendben
nagyanyám,nagy,anyám
marion,mar,ion
nyakkendőt,nyak,kendőt
hatkor,hat,kor
sírás,sír,ás
autóbalesetben,autó,balesetben
külügyminiszter,külügy,miniszter
készpénzt,kész,pénzt
anyukádat,anyu,kádat
mindaz,mind,az
francért,franc,ért
hálaadást,hála,adást
fogadj,fog,adj
bocsássa,bocs,ássa
egyetértesz,egyet,értesz
egyetértesz,egyetért,esz
fenntartani,fenn,tartani
estél,est,él
hétkor,hét,kor
szerettünk,szer,ettünk
boldogulok,boldogul,ok
magukhoz,maguk,hoz
titkosszolgálat,titkos,szolgálat
főnökkel,főnök,kel
védte,véd,te
kosárlabda,kosár,labda
kezelte,kezel,te
hallottatok,hallotta,tok
ejtették,ej,tették
ejtették,ejt,ették
későbbre,később,re
okozok,okoz,ok
mindhárom,mind,három
hazaér,haza,ér
magadért,magad,ért
feküdtél,feküdt,él
élőlény,élő,lény
vizsgálatok,vizsgálat,ok
teherautót,teher,autót
fülest,fül,est
hétvégi,hét,végi
labort,la,bort
rajtatok,rajta,tok
másokra,más,okra
repülőre,repül,őre
repülőre,repülő,re
rabok,rab,ok
tanítok,tanít,ok
jelez,jel,ez
rájövünk,rá,jövünk
csirkefogó,csirke,fogó
részre,rész,re
hazajössz,haza,jössz
háromkor,három,kor
hozhat,hoz,hat
ezekért,ezek,ért
tartottad,tartott,ad
világegyetem,világ,egyetem
nyomára,nyom,ára
hozzászoktam,hozzá,szoktam
határok,hat,árok
határok,határ,ok
hordok,hord,ok
jópofa,jó,pofa
németül,német,ül
telefonszámát,telefon,számát
papírmunka,papír,munka
kalapács,kalap,ács
következményekkel,következmények,kel
szevasztok,szevasz,tok
rendszám,rend,szám
autópályán,autó,pályán
fogadunk,fog,adunk
szemekkel,szemek,kel
fiatalúr,fiatal,úr
munkahelyen,munka,helyen
fogadjuk,fog,adjuk
évszázadok,évszázad,ok
ujjlenyomatok,ujjlenyomat,ok
törölték,tör,ölték
lőttél,lőtt,él
válaszok,válasz,ok
bűntudatom,bűn,tudatom
rosszfiúk,rossz,fiúk
sípszó,síp,szó
dobok,dob,ok
forgatás,forgat,ás
arcok,arc,ok
központja,köz,pontja
azokért,azok,ért
autópálya,autó,pálya
csinálhatok,csinálhat,ok
neveztél,nevez,tél
együttműködni,együtt,működni
hallgattál,hallgat,tál
rendszerint,rendszer,int
jelentkezünk,jelent,kezünk
semminek,sem,minek
készítettek,készít,ettek
hőség,hős,ég
kedvelte,kedvel,te
dolgokhoz,dolgok,hoz
abbahagyom,abba,hagyom
rabszolgák,rab,szolgák
hazamentem,haza,mentem
egyenruhában,egyen,ruhában
maradva,mar,adva
építettek,épít,ettek
nézők,néz,ők
kansas,kan,sas
fogadnod,fog,adnod
haladni,hal,adni
életemre,életem,re
szabadnapot,szabad,napot
holttesteket,holt,testeket
fényképezte,fény,képezte
célpontok,cél,pontok
célpontok,célpont,ok
műveletet,művel,etet
váltás,vált,ás
rendőrnek,rend,őrnek
nővérkém,nővér,kém
várhatok,várhat,ok
jómagam,jó,magam
választások,választ,ások
választások,választás,ok
veszítettem,veszít,ettem
testőr,test,őr
értettük,ér,tettük
titkárnő,titkár,nő
csinálhat,csinál,hat
veszítesz,veszít,esz
akarhat,akar,hat
árnyak,ár,nyak
rohanok,rohan,ok
pusztítás,pusztít,ás
fényképeket,fény,képeket
hullaházban,hulla,házban
nőkre,nők,re
tönkreteszed,tönkre,teszed
munkahelyén,munka,helyén
munkahelyén,munkahely,én
olyanokkal,olyan,okkal
főhadnagy,fő,hadnagy
nevetnek,ne,vetnek
vezetékneve,vezeték,neve
utolsót,utol,sót
vécére,vécé,re
szeretők,szeret,ők
cukorfalat,cukor,falat
gyémántok,gyémánt,ok
észrevétlenül,észrevétlen,ül
tűzre,tűz,re
kettőtök,kettő,tök
jogok,jog,ok
holtteste,holt,teste
mindhárman,mind,hárman
másodperce,másod,perce
vezérigazgató,vezér,igazgató
semmije,sem,mije
polgárok,polgár,ok
autóbaleset,autó,baleset
füstöt,füst,öt
fejre,fej,re
útvonalat,út,vonalat
harap,ha,rap
határán,hat,árán
grófnő,gróf,nő
balfasz,bal,fasz
akármikor,akármi,kor
figyelte,figyel,te
részen,rés,zen
készültünk,kész,ültünk
végignézni,végig,nézni
értheted,ért,heted
tagadni,tag,adni
bankok,bank,ok
hírnevét,hír,nevét
barátnők,barát,nők
férfiként,férfi,ként
jelentesz,jelen,tesz
jelentesz,jelent,esz
használtál,használ,tál
ajtóban,aj,tóban
haditengerészet,hadi,tengerészet
hegyre,hegy,re
okostojás,okos,tojás
kettőkor,kettő,kor
sírtál,sír,tál
lovagok,lovag,ok
vonalak,von,alak
nővéremet,nő,véremet
mamája,ma,mája
ötkor,öt,kor
fogorvos,fog,orvos
haladok,hal,adok
haladok,halad,ok
képviselem,kép,viselem
mentettem,ment,ettem
igazgatónő,igazgató,nő
élhetünk,él,hetünk
változások,változás,ok
gondoljatok,gondolja,tok
világok,világ,ok
temetésén,temetés,én
túszok,túsz,ok
halihó,hali,hó
fürdőszobába,fürdő,szobába
telefonszám,telefon,szám
helyezte,helyez,te
asszonyok,asszony,ok
családhoz,család,hoz
időszakon,idő,szakon
halhat,hal,hat
kertész,kert,ész
hatan,ha,tan
ügyosztály,ügy,osztály
semmid,sem,mid
drogdíler,drog,díler
repülőtéren,repülő,téren
égvilágon,ég,világon
együttműködik,együtt,működik
juthatott,jut,hatott
valamelyikük,vala,melyikük
végigcsinálni,végig,csinálni
állhatok,állhat,ok
eszelős,eszel,ős
falakat,fa,lakat
hírnév,hír,név
nyitok,nyit,ok
készpénzzel,kész,pénzzel
fejemre,fejem,re
papok,pap,ok
haladás,hal,adás
haladás,halad,ás
ajándékok,ajándék,ok
híresek,hír,esek
telefonhoz,telefon,hoz
ügyvédre,ügyvéd,re
ugyanolyanok,ugyanolyan,ok
portás,port,ás
bankár,bank,ár
fogadó,fog,adó
főzöl,főz,öl
világért,világ,ért
világítás,világít,ás
négykor,négy,kor
töltesz,tölt,esz
találtok,talál,tok
találtok,talált,ok
hírneve,hír,neve
ígértél,ígér,tél
ígértél,ígért,él
kérdeztél,kérdez,tél
döntsön,dönts,ön
főiskolás,fő,iskolás
nagybátyád,nagy,bátyád
táncolt,tán,colt
robbantás,robbant,ás
hónapokkal,hó,napokkal
hónapokkal,hónap,okkal
állíthat,állít,hat
fogadtak,fog,adtak
szolgálhatok,szolgálhat,ok
szállítás,szállít,ás
végezzen,végez,zen
szívrohama,szív,rohama
magadnál,mag,adnál
alakok,alak,ok
újságírók,újság,írók
helyükön,helyük,ön
egyensúlyt,egyen,súlyt
magánügy,magán,ügy
lángok,láng,ok
égbolt,ég,bolt
árulok,árul,ok
hatvan,hat,van
szobatársam,szoba,társam
torkán,tor,kán
helyedre,helyed,re
keresztre,kereszt,re
kétezer,két,ezer
lőszer,lő,szer
hazaérek,haza,érek
tehettél,tehet,tél
lőszert,lő,szert
végtelenül,végtelen,ül
ötszáz,öt,száz
sugárút,sugár,út
védelemre,védelem,re
lyukas,lyuk,as
fogadták,fog,adták
évszázad,év,század
létrehozott,létre,hozott
győztél,győz,tél
ötezer,öt,ezer
gyilkossághoz,gyilkosság,hoz
lapok,lap,ok
utasok,utas,ok
választok,válasz,tok
választok,választ,ok
részegek,rész,egek
képernyőre,képernyő,re
parasztok,paraszt,ok
párok,pár,ok
szempillantás,szem,pillantás
ismertél,is,mertél
ismertél,ismer,tél
ismertél,ismert,él
valamitől,vala,mitől
rávette,rá,vette
szövetségesek,szövetség,esek
holttestek,holt,testek
haltál,hal,tál
hányás,hány,ás
balfék,bal,fék
repülőtér,repülő,tér
repülőtér,repülőt,ér
fővezér,fő,vezér
valamije,vala,mije
nyomjad,nyomj,ad
nagynéném,nagy,néném
kapuhoz,kapu,hoz
tanára,tan,ára
hazaért,haza,ért
rendez,rend,ez
rendőrbíró,rendőr,bíró
halakat,ha,lakat
unokatesóm,unoka,tesóm
ügyért,ügy,ért
ezredest,ezred,est
sárkányok,sárkány,ok
kosár,kos,ár
jégkrém,jég,krém
tényekkel,tények,kel
indulhat,indul,hat
csillagidő,csillag,idő
különösebben,különös,ebben
tiszteletre,tisztelet,re
hasonlítok,hasonlít,ok
középre,közép,re
háztömbnyire,ház,tömbnyire
háztömbnyire,háztömbnyi,re
festette,fest,ette
állatokkal,állat,okkal
középkorú,közép,korú
nyerjen,nyer,jen
nyaralás,nyaral,ás
rátaláltam,rá,találtam
sörre,sör,re
küldesz,küld,esz
készülni,kész,ülni
fennáll,fenn,áll
vásárló,vásár,ló
tanítás,tanít,ás
nagyrészt,nagy,részt
barátokkal,barát,okkal
egyensúly,egyen,súly
csökkenti,csökken,ti
szakállas,szakáll,as
erőre,erő,re
ápolónő,ápoló,nő
rátalált,rá,talált
olvastál,olvas,tál
magánnyomozó,magán,nyomozó
sürgősségire,sürgősségi,re
fogadnak,fog,adnak
sebaj,se,baj
titoktartás,titok,tartás
faszért,fasz,ért
szörnyetegek,szörnyet,egek
bármelyikünk,bár,melyikünk
dolgotok,dolgot,ok
akiért,aki,ért
kedvedért,kedved,ért
készülve,kész,ülve
akikre,akik,re
középkori,közép,kori
jártatok,járta,tok
kényszerítettek,kényszerít,ettek
ébredjen,ébred,jen
bármihez,bár,mihez
polgárháború,polgár,háború
társasága,társas,ága
mentősök,ment,ősök
készülnünk,kész,ülnünk
javítás,javít,ás
jófiú,jó,fiú
kézre,kéz,re
időkre,idők,re
iratok,irat,ok
fogadsz,fog,adsz
fordulok,fordul,ok
képmutató,kép,mutató
halász,hal,ász
tengerre,tenger,re
fejvadász,fej,vadász
dolcsiért,dolcsi,ért
tervezek,terv,ezek
bármelyikük,bár,melyikük
ribancok,ribanc,ok
útvonal,út,vonal
emeletet,emel,etet
hazajöttél,haza,jöttél
hazajöttél,hazajött,él
vérre,vér,re
kegyetlenül,kegyetlen,ül
nagyfőnök,nagy,főnök
fedél,fed,él
rajtaütés,rajta,ütés
édesanyját,édes,anyját
unokahúga,unoka,húga
üzletre,üzlet,re
fordulhat,fordul,hat
abbahagyja,abba,hagyja
vidékre,vidék,re
tagadom,tag,adom
hidegvérrel,hideg,vérrel
vállalt,váll,alt
kettőre,kettő,re
észreveszi,észre,veszi
dolgozhatok,dolgozhat,ok
újabban,új,abban
rendszerek,rend,szerek
színházba,szín,házba
fogadod,fog,adod
vasút,vas,út
kölyökkel,kölyök,kel
drogfüggő,drog,függő
nagynéni,nagy,néni
készülnöm,kész,ülnöm
következtetésre,következtetés,re
teremtette,terem,tette
teremtette,teremt,ette
tesztelni,tesz,telni
találkozhatok,találkozhat,ok
látomás,látom,ás
mentők,ment,ők
munkahelyemen,munka,helyemen
vezérlő,vezér,lő
ügyvédnő,ügyvéd,nő
fedezte,fedez,te
nyálas,nyál,as
netre,net,re
szeretetre,szeretet,re
melltartó,mell,tartó
tejjel,tej,jel
hónapokban,hó,napokban
szívedre,szíved,re
művészetet,művész,etet
ráférne,rá,férne
veszélyesnek,veszély,esnek
szóhoz,szó,hoz
fajok,faj,ok
repülőtérre,repülő,térre
repülőtérre,repülőtér,re
dokumentumok,dokumentum,ok
vetettem,vet,ettem
fényképek,fény,képek
miattatok,miatta,tok
vezetőt,vezet,őt
sértetlenül,sértetlen,ül
jólesik,jól,esik
arcoddal,arcod,dal
szupersztár,szuper,sztár
keveredtél,kevered,tél
kötöttél,kötött,él
sikerüljön,siker,üljön
sikerüljön,sikerül,jön
egyenest,egyen,est
rovarok,rovar,ok
lábadat,láb,adat
balesetek,bal,esetek
valakinél,valakin,él
loptál,lop,tál
barátokra,barát,okra
fenekén,fene,kén
igyatok,igya,tok
öljelek,öl,jelek
zúzódások,zúzódás,ok
állatorvos,állat,orvos
háziasszony,házi,asszony
hívások,hív,ások
hívások,hívás,ok
bocsánatkérést,bocsánat,kérést
egyén,egy,én
helyszíne,hely,színe
rajongok,rajong,ok
képeslapot,képes,lapot
harapás,harap,ás
választhat,választ,hat
eszméletlenül,eszméletlen,ül
telefonok,telefon,ok
életmentő,élet,mentő
tetthelyen,tett,helyen
takarítás,takarít,ás
valamihez,vala,mihez
szervezte,szervez,te
másrészről,más,részről
igazatok,igaza,tok
igazatok,igazat,ok
terepre,terep,re
veszteséget,vesztes,éget
balesetnek,bal,esetnek
részének,rész,ének
éjszakában,éj,szakában
blöfföl,blöff,öl
egyúttal,egy,úttal
viccesek,vicc,esek
munkatársa,munka,társa
érdemelte,érd,emelte
érdemelte,érdemel,te
őrséget,őrs,éget
rendszámot,rend,számot
öregasszony,öreg,asszony
láthatnak,lát,hatnak
otthagyni,ott,hagyni
szolgáltatás,szolgáltat,ás
akartatok,akarta,tok
nyerhetünk,nyer,hetünk
csaltál,csal,tál
jókora,jó,kora
festéket,fest,éket
harcoltál,harcol,tál
koncentrálok,koncentrál,ok
tanárt,tan,árt
maradandó,mar,adandó
képeken,képe,ken
másodpercen,másod,percen
házaspár,házas,pár
alakváltó,alak,váltó
valamelyikőtök,vala,melyikőtök
képvisel,kép,visel
hálaadáskor,hálaadás,kor
telefonszáma,telefon,száma
időpontban,idő,pontban
mamának,ma,mának
maradhatnék,mar,adhatnék
fogadnom,fog,adnom
maradhatnak,marad,hatnak
rendőrökkel,rend,őrökkel
rendőrökkel,rendőrök,kel
nemesek,nem,esek
szeressen,szer,essen
egymaga,egy,maga
vágytál,vágy,tál
adatbázis,adat,bázis
seggfejnek,segg,fejnek
hercegnőm,herceg,nőm
évesnek,év,esnek
határa,hat,ára
rágót,rá,gót
tízkor,tíz,kor
ilyenekkel,ilyenek,kel
mennyiért,mennyi,ért
otthagytad,ott,hagytad
őrmestert,őr,mestert
reakciót,re,akciót
állatkertben,állat,kertben
források,forr,ások
források,forrás,ok
szenvedjen,szenved,jen
mezőgazdasági,mező,gazdasági
valamennyire,valamennyi,re
ismerném,is,merném
nagymamád,nagy,mamád
telefonhívás,telefon,hívás
hazajönni,haza,jönni
hányok,hány,ok
pontok,pont,ok
tanúvédelmi,tanú,védelmi
teára,te,ára
sorok,sor,ok
hálásnak,hál,ásnak
végignéztem,végig,néztem
zsebre,zseb,re
fiadnak,fi,adnak
ablakhoz,ablak,hoz
városok,város,ok
testvért,test,vért
pókok,pók,ok
állatkert,állat,kert
tartalmát,tart,almát
hoztatok,hozta,tok
vetette,vet,ette
háromszög,három,szög
úgymond,úgy,mond
fegyverre,fegyver,re
bűntényt,bűn,tényt
dalok,dal,ok
hadseregnek,had,seregnek
balszerencsét,bal,szerencsét
hánykor,hány,kor
örököltem,örök,öltem
teljesítettem,teljesít,ettem
részletekre,részletek,re
közvélemény,köz,vélemény
laptop,lap,top
agyadat,agy,adat
bizonyítékként,bizonyíték,ként
szabadnak,szab,adnak
küzdesz,küzd,esz
csoportok,csoport,ok
titkárnője,titkár,nője
muffint,muff,int
merül,mer,ül
kezdhetünk,kezd,hetünk
dobozok,doboz,ok
lábára,láb,ára
vettelek,vet,telek
tárgyalások,tárgyal,ások
tárgyalások,tárgyalás,ok
olaszok,olasz,ok
szemszögből,szem,szögből
vezettél,vezet,tél
éjjelén,éjjel,én
csajokkal,csaj,okkal
lányhoz,lány,hoz
sajnálok,sajnál,ok
családtagok,család,tagok
családtagok,családtag,ok
csapatmunka,csapat,munka
nyomozok,nyomoz,ok
mamát,ma,mát
balkezes,bal,kezes
öregfiú,öreg,fiú
hajadat,haj,adat
haláleset,halál,eset
erődöt,erőd,öt
közrendőr,köz,rendőr
nagyképű,nagy,képű
házigazda,házi,gazda
tartsatok,tartsa,tok
játszhatok,játszhat,ok
páncél,pán,cél
olyasvalakit,olyas,valakit
kényszerítették,kényszerít,ették
kezdheted,kezd,heted
szülőket,szül,őket
nézhetem,néz,hetem
rendszáma,rend,száma
váltok,vált,ok
barátnőt,barát,nőt
ugyanabból,ugyan,abból
ülhetek,ül,hetek
íjász,íj,ász
pöcsfej,pöcs,fej
kedveském,kedves,kém
tóhoz,tó,hoz
következel,követ,kezel
születésnapjára,születés,napjára
mentős,ment,ős
születtünk,szül,ettünk
bűntudata,bűn,tudata
riporterek,riport,erek
holmit,hol,mit
szabadúszó,szabad,úszó
ihatok,ihat,ok
akármelyik,akár,melyik
emberrabló,ember,rabló
születésnapod,születés,napod
szarzsák,szar,zsák
főnyereményt,fő,nyereményt
keltél,kel,tél
keltél,kelt,él
helyükre,helyük,re
dühöt,düh,öt
darabok,darab,ok
bőröndöt,bőrönd,öt
ágyad,ágy,ad
képregény,kép,regény
újfajta,új,fajta
hozzászokva,hozzá,szokva
nővérét,nő,vérét
sztárok,sztár,ok
tértél,tér,tél
tértél,tért,él
főnyeremény,fő,nyeremény
szembeszállni,szembe,szállni
rávettem,rá,vettem
tökön,tök,ön
párom,pá,rom
ezüstöt,ezüst,öt
gyilkolás,gyilkol,ás
egészre,egész,re
vágok,vág,ok
rúgás,rúg,ás
jogász,jog,ász
erőszakra,erő,szakra
készüljünk,kész,üljünk
háttér,hát,tér
bűntudatod,bűn,tudatod
sokkos,sok,kos
főnökének,főnök,ének
ebédidő,ebéd,idő
hadserege,had,serege
fenekét,fene,két
gazfickó,gaz,fickó
tojások,tojás,ok
vezetéket,vezet,éket
párbaj,pár,baj
bajnokok,bajnok,ok
számold,szám,old
történetének,történet,ének
tönkretették,tönkre,tették
szervezetet,szervez,etet
szárazföldön,száraz,földön
szárazföldön,szárazföld,ön
területeken,területe,ken
hazatért,haza,tért
másodperced,másod,perced
hajszál,haj,szál
helyemre,helyem,re
járőrök,jár,őrök
drogokkal,drog,okkal
hozzászokni,hozzá,szokni
babára,bab,ára
hazajövök,haza,jövök
nevettem,ne,vettem
csődöt,csőd,öt
csigavér,csiga,vér
enyémre,enyém,re
országok,ország,ok
jegyzőkönyv,jegyző,könyv
kétségbeesés,kétségbe,esés
hagyjalak,hagyj,alak
gyerekkorában,gyerek,korában
sebhely,seb,hely
üzemanyagot,üzem,anyagot
sikerre,siker,re
telefonszámot,telefon,számot
hullaházba,hulla,házba
dolgoddal,dolgod,dal
üssön,üss,ön
hírnevet,hír,nevet
folyóhoz,folyó,hoz
hírekkel,hírek,kel
csendesebben,csendes,ebben
karokkal,kar,okkal
állítottad,állított,ad
harcok,harc,ok
hozzáférni,hozzá,férni
jelképe,jel,képe
szívok,szív,ok
ugyanazért,ugyanaz,ért
kellemetlenül,kellemetlen,ül
vittél,vitt,él
töltöttél,töltött,él
áramszünet,áram,szünet
ügyvéded,ügy,véded
csillagkapu,csillag,kapu
nőként,nő,ként
szobatársa,szoba,társa
hősként,hős,ként
napokra,nap,okra
jelentettem,jelen,tettem
jelentettem,jelent,ettem
fenyegette,fenyeget,te
kosarat,kos,arat
számítógépek,számító,gépek
karate,kara,te
zenekart,zene,kart
utalás,utal,ás
hadosztály,had,osztály
rácsok,rács,ok
valamiből,vala,miből
magukért,maguk,ért
rosszfiúkat,rossz,fiúkat
abbahagyod,abba,hagyod
eszköze,esz,köze
másodpercben,másod,percben
helyszínelő,helyszíne,lő
gyűlésre,gyűlés,re
hátára,hát,ára
nővérnek,nő,vérnek
perez,per,ez
részeként,része,ként
törölje,tör,ölje
szervez,szerv,ez
telitalálat,teli,találat
egyrészt,egy,részt
érdekeljen,érdekel,jen
képre,kép,re
nevelte,nevel,te
fulladás,fullad,ás
vakok,vak,ok
életforma,élet,forma
jóság,jós,ág
ránéztem,rá,néztem
dologért,dolog,ért
fogadnék,fog,adnék
érintette,érint,ette
fényre,fény,re
általad,által,ad
mindegyiknek,mind,egyiknek
bocsátok,bocsát,ok
döntésre,döntés,re
haladó,hal,adó
jártas,járt,as
bohócok,bohóc,ok
dinoszauruszok,dinoszaurusz,ok
ülésén,ülés,én
testvéredet,test,véredet
tálalva,tál,alva
remélte,remél,te
férfihoz,férfi,hoz
halálhoz,halál,hoz
fiatalembert,fiatal,embert
háromnegyed,három,negyed
vállalatok,vállalat,ok
ajtóra,aj,tóra
hazaértél,haza,értél
hazaértél,hazaér,tél
hazaértél,hazaért,él
szárnyas,szárny,as
készítesz,készít,esz
fiaddal,fiad,dal
születésnapján,születés,napján
világbajnok,világ,bajnok
értéket,ért,éket
erősítésre,erősítés,re
rájönne,rá,jönne
munkatársam,munka,társam
vállad,váll,ad
fogadnunk,fog,adnunk
szagold,szag,old
köszöntőt,köszönt,őt
mennyországban,menny,országban
polgármestert,polgár,mestert
rémálmok,rém,álmok
gyűlöletet,gyűlöl,etet
mérfölddel,mér,földdel
nevetünk,ne,vetünk
húszas,húsz,as
mobiltelefon,mobil,telefon
fogtál,fog,tál
engedheted,enged,heted
szörnyeteget,szörnyet,eget
oroszlánok,oroszlán,ok
tagadás,tag,adás
helytelenül,helytelen,ül
lázadást,láz,adást
lakos,la,kos
fényképét,fény,képét
harang,ha,rang
öltözzön,öltözz,ön
nyúlok,nyúl,ok
végeredmény,vég,eredmény
hasad,has,ad
szokások,szokás,ok
gyerekekért,gyereke,kért
gyerekekért,gyerekek,ért
hercegnőnek,herceg,nőnek
polgármesternek,polgár,mesternek
vigyáztál,vigyáz,tál
ügyészt,ügy,észt
mutattál,mutat,tál
messzebbre,messzebb,re
köszönheted,köszön,heted
nagyanyád,nagy,anyád
tönkretesz,tönkre,tesz
hozzámentem,hozzá,mentem
vicceset,vicc,eset
holló,hol,ló
jelképezi,jel,képezi
marhát,mar,hát
munkahely,munka,hely
rémálmaim,rém,álmaim
nagymamája,nagy,mamája
óriások,óriás,ok
nevemre,nevem,re
mondjatok,mondja,tok
ágyhoz,ágy,hoz
humorérzéke,humor,érzéke
lakókocsi,lakó,kocsi
szerzetesek,szerzet,esek
készítettünk,készít,ettünk
ejtettek,ejt,ettek
törzsőrmester,törzs,őrmester
lányokra,lány,okra
célszemély,cél,személy
fényképész,fénykép,ész
semmivé,sem,mivé
úrhoz,úr,hoz
történtekért,történtek,ért
műsora,mű,sora
éjjelente,éjjelen,te
testőre,test,őre
apámhoz,apám,hoz
székre,szék,re
segítettünk,segít,ettünk
üldözte,üldöz,te
hetekkel,hetek,kel
tönkretegye,tönkre,tegye
munkaerő,munka,erő
keresztapa,kereszt,apa
kutatások,kutat,ások
kutatások,kutatás,ok
tankok,tank,ok
sógornőm,sógor,nőm
tengerpartra,tenger,partra
törölte,tör,ölte
keresztneve,kereszt,neve
gyűlölte,gyűlöl,te
tervre,terv,re
internetre,internet,re
rájöjjek,rá,jöjjek
hálószobába,háló,szobába
figyelmeztette,figyelmeztet,te
szólhatok,szólhat,ok
önfejű,ön,fejű
tárgyalóteremben,tárgyaló,teremben
maradványok,maradvány,ok
győzzön,győzz,ön
készüléket,készül,éket
féleszű,fél,eszű
jószívű,jó,szívű
ultrahang,ultra,hang
tudtatok,tudta,tok
telefonhívást,telefon,hívást
szúrás,szúr,ás
szívverés,szív,verés
bandatag,banda,tag
szervezetnek,szer,vezetnek
hormonok,hormon,ok
napsugár,nap,sugár
munkaidőben,munka,időben
kérdésekkel,kérdések,kel
célokra,cél,okra
barbárok,bar,bárok
barbárok,barbár,ok
vendégül,vendég,ül
hazamehet,haza,mehet
vonás,von,ás
segítette,segít,ette
értettél,ér,tettél
értettél,ért,ettél
értettél,értett,él
mélyebben,mély,ebben
szálló,szál,ló
értették,ér,tették
értették,ért,ették
hajtok,haj,tok
hajtok,hajt,ok
hajóhoz,hajó,hoz
követtelek,követ,telek
készültél,kész,ültél
készültél,készül,tél
készültél,készült,él
szentatyám,szent,atyám
szexeltél,szexel,tél
szexeltél,szexelt,él
rendeltél,rendel,tél
rendeltél,rendelt,él
képzeltél,képzel,tél
képzeltél,képzelt,él
közölnöm,köz,ölnöm
kérdeztelek,kérdez,telek
csapathoz,csapat,hoz
hangposta,hang,posta
csengőt,cseng,őt
filmsztár,film,sztár
húzok,húz,ok
ránézni,rá,nézni
hírnevem,hír,nevem
százas,száz,as
állatkertbe,állat,kertbe
magadfajta,magad,fajta
hadbíróság,had,bíróság
foltok,folt,ok
őrülni,őr,ülni
lakókocsiban,lakó,kocsiban
tengerpart,tenger,part
zsenikém,zseni,kém
ígérhetek,ígér,hetek
édesanyádat,édes,anyádat
földszintre,föld,szintre
földszintre,földszint,re
figyeltelek,figyel,telek
testvérével,test,vérével
vártad,várt,ad
vadállatok,vad,állatok
vadállatok,vadállat,ok
barátotok,barátot,ok
hagymát,hagy,mát
ügyesek,ügy,esek
pusztulás,pusztul,ás
nevettünk,ne,vettünk
fogadtál,fog,adtál
fogadtál,fogad,tál
hazafi,haza,fi
önökért,önök,ért
helyesek,hely,esek
egyenruhás,egyen,ruhás
fehérnemű,fehér,nemű
tartalma,tart,alma
hívhat,hív,hat
köztudott,köz,tudott
komolyabban,komoly,abban
anyámhoz,anyám,hoz
minősül,minő,sül
emberrablók,ember,rablók
sárgát,sár,gát
ösztöndíj,ösztön,díj
kérdésedre,kérdésed,re
egyvalaki,egy,valaki
nyelvén,nyelv,én
parfümöt,parfüm,öt
hozzámenni,hozzá,menni
hozzámenni,hozzám,enni
holnapot,hol,napot
erőkkel,erők,kel
szerelemért,szerelem,ért
színfalak,szín,falak
halálbüntetés,halál,büntetés
napfényt,nap,fényt
teremtettek,teremt,ettek
anyagát,anya,gát
rolling,roll,ing
szakítok,szakít,ok
egymagam,egy,magam
testvérünk,test,vérünk
találhat,talál,hat
fiatalkorú,fiatal,korú
fogadnia,fog,adnia
olyasmire,olyasmi,re
rémálmom,rém,álmom
parancsolok,parancsol,ok
szervusztok,szervusz,tok
fejest,fej,est
áruházban,áru,házban
reakciója,re,akciója
korsó,kor,só
mozdulok,mozdul,ok
ejtettem,ej,tettem
ejtettem,ejt,ettem
találtalak,talált,alak
rájöjjön,rá,jöjjön
rájöjjön,rájöjj,ön
ingatlanügynök,ingatlan,ügynök
nagyanyja,nagy,anyja
szemért,szem,ért
engedhetünk,enged,hetünk
napvilágra,nap,világra
gyógyulás,gyógyul,ás
hordágyat,hord,ágyat
apádhoz,apád,hoz
utánatok,utána,tok
rakok,rak,ok
képességekkel,képességek,kel
ütöttél,ütött,él
áruház,áru,ház
magamfajta,magam,fajta
ezredesnek,ezred,esnek
hitelkártyát,hitel,kártyát
időpontját,idő,pontját
fizetésemelést,fizetés,emelést
szűzanyám,szűz,anyám
bátyáddal,bátyád,dal
irányítok,irányít,ok
edzésre,edzés,re
kérdőre,kérd,őre
számokkal,szám,okkal
néhanapján,néha,napján
térre,tér,re
hozzáért,hozzá,ért
ügyésszel,ügy,ésszel
fiára,fi,ára
haladj,hal,adj
rocksztár,rock,sztár
martini,mar,tini
próbáljatok,próbálja,tok
bocsesz,bocs,esz
haditengerészeti,hadi,tengerészeti
sugárúton,sugár,úton
balesetről,bal,esetről
szovjetunió,szovjet,unió
mentettél,ment,ettél
mentettél,mentett,él
emberekért,embere,kért
emberekért,emberek,ért
bajok,baj,ok
félretéve,félre,téve
nagykövetség,nagy,követség
igazságért,igazság,ért
nemzetbiztonság,nemzet,biztonság
fürdőszobát,fürdő,szobát
főszerepben,fő,szerepben
atombomba,atom,bomba
szőlő,sző,lő
merszed,mer,szed
rendelkezem,rendel,kezem
italok,ital,ok
szemügyre,szem,ügyre
öreglány,öreg,lány
fivére,fi,vére
holdfény,hold,fény
sikeresek,siker,esek
bántalak,bánt,alak
szemtanút,szem,tanút
kölcsönvettem,kölcsön,vettem
ülésre,ülés,re
rendőrrel,rend,őrrel
szigetén,sziget,én
félmillió,fél,millió
tündérmese,tündér,mese
tágas,tág,as
fogadjon,fog,adjon
észrevették,észre,vették
egymásért,egymás,ért
teljesítette,teljesít,ette
gyártó,gyár,tó
ebédidőben,ebéd,időben
érkezünk,ér,kezünk
nagyágyú,nagy,ágyú
tréfát,tré,fát
ételre,étel,re
jólesne,jól,esne
háromszáz,három,száz
helyzetjelentést,helyzet,jelentést
újoncok,újonc,ok
természetesnek,természet,esnek
takarítok,takarít,ok
testre,test,re
romok,rom,ok
szállás,száll,ás
balesetem,bal,esetem
kaptatok,kapta,tok
menetrend,menet,rend
olvasás,olvas,ás
születésnapját,születés,napját
hozzáállása,hozzá,állása
jelezte,jelez,te
büntetlenül,büntetlen,ül
jelre,jel,re
egyetértenek,egyet,értenek
egészségesnek,egészség,esnek
verjen,ver,jen
névtelenül,névtelen,ül
vészhelyzetben,vész,helyzetben
tölthetek,tölt,hetek
hozzámegy,hozzám,egy
névjegyem,név,jegyem
bírtad,bírt,ad
kellettek,kell,ettek
technikusok,technikus,ok
félreérted,félre,érted
köszönt,kösz,önt
reménytelenül,reménytelen,ül
középiskolába,közép,iskolába
ráírva,rá,írva
fénylő,fény,lő
szívességre,szívesség,re
képviselni,kép,viselni
munkaidő,munka,idő
eseményre,esemény,re
önökre,önök,re
időutazás,idő,utazás
dolgokért,dolgok,ért
rengetegszer,rengeteg,szer
nézőpont,néző,pont
énekeljen,énekel,jen
színházat,szín,házat
spanyolok,spanyol,ok
kezdetén,kezdet,én
hajaddal,hajad,dal
címlapon,cím,lapon
főiskolát,fő,iskolát
képekkel,képek,kel
republikánusok,republikánus,ok
kettőnkre,kettőnk,re
kötélen,köt,élen
bankrablás,bank,rablás
igazsághoz,igazság,hoz
szerezhetek,szerez,hetek
kávéért,kávé,ért
mindezért,mindez,ért
nővérrel,nő,vérrel
városháza,város,háza
vízesés,víz,esés
kézfogás,kéz,fogás
csapatként,csapat,ként
szemtanúnk,szem,tanúnk
hozzáérsz,hozzá,érsz
ülhetünk,ül,hetünk
érdemelnek,érd,emelnek
jéghegy,jég,hegy
fővárosban,fő,városban
kockáztatok,kockáztat,ok
fényképe,fény,képe
kábítószert,kábító,szert
operatőr,opera,tőr
lázad,láz,ad
iránytű,irány,tű
kórháznak,kór,háznak
bérlő,bér,lő
festettem,fest,ettem
parancsok,parancs,ok
ráfér,rá,fér
fickóhoz,fickó,hoz
gyerekkora,gyerek,kora
életért,élet,ért
tetthely,tett,hely
készítettél,készít,ettél
készítettél,készített,él
fegyverként,fegyver,ként
úriemberek,úri,emberek
repülők,repül,ők
jegyzőkönyvbe,jegyző,könyvbe
pajzsok,pajzs,ok
dugás,dug,ás
ítélkezem,ítél,kezem
választottalak,választott,alak
légitársaság,légi,társaság
nőért,nő,ért
hétszer,hét,szer
szólhattál,szólhat,tál
kórházakat,kór,házakat
lányoddal,lányod,dal
valamelyikünk,vala,melyikünk
bámultok,bámul,tok
bámultok,bámult,ok
öregszem,öreg,szem
ráveszem,rá,veszem
fogalmatok,fogalma,tok
abbahagytuk,abba,hagytuk
vízvezeték,víz,vezeték
gyógyszerekkel,gyógyszerek,kel
emelte,emel,te
népének,nép,ének
őrjárat,őr,járat
baljós,bal,jós
életedre,életed,re
közölje,köz,ölje
veszítette,veszít,ette
életjelek,élet,jelek
vesszen,vess,zen
egyesül,egye,sül
egyesül,egyes,ül
dobtál,dob,tál
naptár,nap,tár
félreértettem,félre,értettem
halálbüntetést,halál,büntetést
adtok,ad,tok
fordultál,fordul,tál
karbantartó,karban,tartó
árvaházban,árva,házban
számítógépen,számító,gépen
szarás,szar,ás
költözzön,költözz,ön
űrhajót,űr,hajót
ügyekkel,ügyek,kel
nagykutya,nagy,kutya
zuhanás,zuhan,ás
tetteti,tette,ti
haladtunk,hal,adtunk
vesztesz,vesz,tesz
hazavinni,haza,vinni
ültök,ül,tök
szünetre,szünet,re
vesztetted,vesz,tetted
időtök,idő,tök
rendezek,rend,ezek
bútorok,bú,torok
bútorok,bútor,ok
maradhatnánk,mar,adhatnánk
léphetünk,lép,hetünk
jeladó,jel,adó
nővéredet,nő,véredet
zenélni,zen,élni
passzold,passz,old
vérdíjat,vér,díjat
rosszfiút,rossz,fiút
tökmag,tök,mag
ágyút,ágy,út
csoporthoz,csoport,hoz
szuperül,szuper,ül
jegyzőkönyvet,jegyző,könyvet
kedveltelek,kedvel,telek
emberének,ember,ének
módszerek,mód,szerek
örökölted,örök,ölted
szolgálok,szolgál,ok
másodpercenként,másodpercen,ként
túszként,túsz,ként
illetőt,illet,őt
másvalaki,más,valaki
varázsigét,varázs,igét
fővárosa,fő,városa
énekelte,énekel,te
együttérzés,együtt,érzés
táncosok,táncos,ok
flörtölni,flört,ölni
pazarold,pazar,old
múltad,múlt,ad
lakoma,la,koma
munkatárs,munka,társ
terhelő,terhe,lő
borsó,bor,só
töltsön,tölts,ön
szellemekkel,szellemek,kel
otthagyja,ott,hagyja
sorrend,sor,rend
ikertestvére,iker,testvére
térfigyelő,tér,figyelő
hitelkártyáját,hitel,kártyáját
képzelte,képzel,te
félévben,fél,évben
kapcsolatotok,kapcsolatot,ok
testének,test,ének
maradnánk,mar,adnánk
nézheted,néz,heted
érdeme,érd,eme
útvonalon,út,vonalon
meneküljön,menekül,jön
meneküljön,menekülj,ön
jóisten,jó,isten
mentetted,ment,etted
halloweenkor,halloween,kor
kézírása,kéz,írása
műsorom,mű,sorom
marhahús,marha,hús
láthatáron,lát,határon
láthatáron,láthat,áron
hazaérsz,haza,érsz
atyaisten,atya,isten
észreveszik,észre,veszik
jelennek,jel,ennek
élőlények,élő,lények
eszközökkel,eszközök,kel
kódok,kód,ok
alantas,alant,as
látás,lát,ás
álmodok,álmod,ok
félreértett,félre,értett
füstölt,füst,ölt
maradhatna,mar,adhatna
gazembert,gaz,embert
indultál,indul,tál
perceken,perce,ken
kendőt,kend,őt
színre,szín,re
lányért,lány,ért
izzadok,izzad,ok
időjárást,idő,járást
önkéntesek,önként,esek
flörtöl,flört,öl
féregjárat,féreg,járat
valamink,vala,mink
ünnepségre,ünnepség,re
példakép,példa,kép
nyilvántartás,nyilván,tartás
kapóra,kap,óra
szívesek,szív,esek
hűségesek,hűség,esek
hosszútávú,hosszú,távú
építettünk,épít,ettünk
tanulmányok,tanulmány,ok
tesztre,teszt,re
rémálma,rém,álma
bűntársa,bűn,társa
jóbarátok,jóbarát,ok
hozzáér,hozzá,ér
kérdéseimre,kérdéseim,re
rajtakaptam,rajta,kaptam
számítógépét,számító,gépét
rablásért,rablás,ért
tönkreteszik,tönkre,teszik
testvérének,test,vérének
testvérének,testvér,ének
részletekkel,részletek,kel
istennője,isten,nője
pihenőt,pihen,őt
nyílás,nyíl,ás
szoktatok,szokta,tok
kerülhetek,kerül,hetek
fogadjátok,fog,adjátok
térképe,tér,képe
szájára,száj,ára
autóhoz,autó,hoz
hagyhat,hagy,hat
léphetek,lép,hetek
láthatott,lát,hatott
robbanószer,robbanó,szer
szenvedtél,szenved,tél
zárás,zár,ás
haverokkal,haver,okkal
törpék,tör,pék
halhatok,halhat,ok
unokatestvéred,unoka,testvéred
bízzatok,bízza,tok
virágokkal,virág,okkal
világháborúban,világ,háborúban
ölhette,ölhet,te
ilyenekre,ilyenek,re
csatatéren,csata,téren
hazaértünk,haza,értünk
bármelyiket,bár,melyiket
robbanóanyag,robbanó,anyag
fedez,fed,ez
taxisofőr,taxi,sofőr
műsorát,mű,sorát
jóváhagyta,jóvá,hagyta
bűneiért,bűnei,ért
dolgozzatok,dolgozza,tok
fegyveresek,fegyver,esek
tárgyalok,tárgyal,ok
álltatok,állta,tok
egészségesek,egészség,esek
részmunkaidős,rész,munkaidős
gépház,gép,ház
támadásnak,támad,ásnak
gyerekkorunkban,gyerek,korunkban
rákerestem,rá,kerestem
nőjön,nő,jön
nőjön,nőj,ön
fájlok,fájl,ok
láncszem,lánc,szem
ugyanezen,ugyan,ezen
vezérigazgatója,vezér,igazgatója
ugyanannak,ugyan,annak
köszöntelek,köszön,telek
hátvéd,hát,véd
szerepre,szerep,re
amelyre,amely,re
évekre,évek,re
olyasmiket,olyas,miket
helyrehozom,helyre,hozom
vágtál,vág,tál
vízért,víz,ért
helyettünk,hely,ettünk
péntekre,péntek,re
gyakorlatias,gyakorlati,as
sógornő,sógor,nő
árnyékok,árnyék,ok
haladjon,hal,adjon
tanítottad,tanított,ad
hányinger,hány,inger
edzőteremben,edző,teremben
követelek,köve,telek
mindkettőtök,mind,kettőtök
mindkettőtök,mindkettő,tök
készültök,kész,ültök
készültök,készül,tök
merülve,mer,ülve
tulajdonosok,tulajdonos,ok
seggfejet,segg,fejet
tönkreteszem,tönkre,teszem
hajléktalanok,hajléktalan,ok
centiméter,centi,méter
olyasvalakivel,olyas,valakivel
hazamehetek,haza,mehetek
gyerekének,gyerek,ének
szexért,szex,ért
vezetéknevét,vezeték,nevét
másikhoz,másik,hoz
árvíz,ár,víz
going,go,ing
hazavisz,haza,visz
bűnözőkkel,bűnözők,kel
húgoddal,húgod,dal
lábaddal,lábad,dal
szülőkkel,szülők,kel
hangsúly,hang,súly
helyszínét,hely,színét
villámcsapás,villám,csapás
vádalkut,vád,alkut
takarítónő,takarító,nő
főváros,fő,város
képviselőt,képvisel,őt
látomások,látom,ások
látomások,látomás,ok
anyajegy,anya,jegy
zsebkendőt,zseb,kendőt
úgysincs,úgy,sincs
munkámhoz,munkám,hoz
utasítására,utasítás,ára
lábnyomok,láb,nyomok
lábnyomok,lábnyom,ok
határidőt,határ,időt
kaphatnak,kap,hatnak
gyengélkedőre,gyengélkedő,re
egyikkel,egyik,kel
búvár,bú,vár
mennyországba,menny,országba
közöltem,köz,öltem
napnyugta,nap,nyugta
polgármestere,polgár,mestere
együttérzést,együtt,érzést
rátámadt,rá,támadt
gépén,gép,én
fegyverszünetet,fegyver,szünetet
csatlakozhatok,csatlakozhat,ok
motorok,motor,ok
helyrehozzuk,helyre,hozzuk
mennydörgés,menny,dörgés
egyesülés,egyes,ülés
hercegnője,herceg,nője
határát,hat,árát
tisztviselő,tiszt,viselő
lélekkel,lélek,kel
szálltál,száll,tál
gyermekkori,gyermek,kori
hazaérünk,haza,érünk
végrendelet,vég,rendelet
csótányok,csótány,ok
munkatársai,munka,társai
fokhagyma,fok,hagyma
létrehozta,létre,hozta
játszótéren,játszó,téren
védőügyvéd,védő,ügyvéd
zsákutcába,zsák,utcába
követelte,követel,te
kérdéseire,kérdései,re
fővárosba,fő,városba
mondtok,mond,tok
tetteiért,tettei,ért
teljesül,teljes,ül
mindenkiért,mindenki,ért
sérültél,sérül,tél
sérültél,sérült,él
szerszám,szer,szám
ranglétrán,rang,létrán
aranybánya,arany,bánya
sármos,sár,mos
édesanyádnak,édes,anyádnak
kelti,kel,ti
híradó,hír,adó
fogadtad,fog,adtad
árulónak,áru,lónak
alkatrész,alkat,rész
hozzámegyek,hozzám,egyek
bútor,bú,tor
gondolatolvasó,gondolat,olvasó
alhatok,alhat,ok
pénztárca,pénz,tárca
edzőt,edz,őt
szemétládát,szemét,ládát
centire,centi,re
osztrák,oszt,rák
hazatér,haza,tér
egyetértett,egyet,értett
töröltem,tör,öltem
egyért,egy,ért
harapok,harap,ok
szobatársak,szoba,társak
mertél,mer,tél
mertél,mert,él
szemtanúi,szem,tanúi
adatbázist,adat,bázist
keltette,kel,tette
keltette,kelt,ette
örüljön,örül,jön
örüljön,örülj,ön
örökölt,örök,ölt
csillaghajó,csillag,hajó
hadsereggel,had,sereggel
szerver,szer,ver
érzékelő,érzéke,lő
helyrehozza,helyre,hozza
lopok,lop,ok
együttműködő,együtt,működő
hazafias,hazafi,as
kerültök,kerül,tök
apaként,apa,ként
járás,jár,ás
hazamehetünk,haza,mehetünk
ráérünk,rá,érünk
mindegyiküket,mind,egyiküket
orvosként,orvos,ként
érezheted,érez,heted
vágyad,vágy,ad
dokumentumfilmet,dokumentum,filmet
félév,fél,év
teljesült,teljes,ült
nagylány,nagy,lány
időgép,idő,gép
egyazon,egy,azon
jeleként,jele,ként
munkatársak,munka,társak
tanúvallomást,tanú,vallomást
veszti,vesz,ti
képesnek,kép,esnek
baktériumok,baktérium,ok
kopogás,kopog,ás
érdekesek,érdek,esek
orvostudomány,orvos,tudomány
muszlimok,muszlim,ok
énekeltél,énekel,tél
énekeltél,énekelt,él
repülőgépet,repülő,gépet
nyolcvan,nyolc,van
ismerne,is,merne
csődtömeg,csőd,tömeg
erőmű,erő,mű
lopásért,lopás,ért
üzletemberek,üzlet,emberek
szervezek,szerv,ezek
szervet,szer,vet
telepesek,telep,esek
próbaidőn,próba,időn
dolgoztatok,dolgozta,tok
tagadd,tag,add
azoknál,az,oknál
rejtettem,rejt,ettem
klónok,klón,ok
szenteltessék,szentelt,essék
szólhat,szól,hat
jóvátenni,jóvá,tenni
vesztettük,vesz,tettük
hajtóművet,hajtómű,vet
szerezhetünk,szerez,hetünk
mihaszna,mi,haszna
veszíthetem,veszít,hetem
egymagad,egy,magad
magunkhoz,magunk,hoz
címlapra,cím,lapra
utolérni,utol,érni
játékhoz,játék,hoz
atombombát,atom,bombát
napotok,napot,ok
repülőjegyet,repülő,jegyet
agyvérzést,agy,vérzést
ijesztettél,ijeszt,ettél
ijesztettél,ijesztett,él
támogatására,támogatás,ára
tagadod,tag,adod
magafajta,maga,fajta
menetre,menet,re
fafej,fa,fej
műholdat,mű,holdat
folytatás,folytat,ás
merjen,mer,jen
fogalmát,fog,almát
vágások,vág,ások
vágások,vágás,ok
jelölték,jel,ölték
győződjön,győződj,ön
veszítettünk,veszít,ettünk
édesanyáddal,édes,anyáddal
édesanyáddal,édesanyád,dal
részletre,részlet,re
faszok,fasz,ok
őrszem,őr,szem
fogadtunk,fog,adtunk
vicceljen,viccel,jen
élvezetet,élvez,etet
vajas,vaj,as
főorvos,fő,orvos
haladtok,hal,adtok
haladtok,halad,tok
haladtok,haladt,ok
időpazarlás,idő,pazarlás
kétmillió,két,millió
sietős,siet,ős
mosás,mos,ás
életedért,életed,ért
szárazföld,száraz,föld
észrevettük,észre,vettük
galambok,galamb,ok
épülni,ép,ülni
bánthat,bánt,hat
ítélte,ítél,te
vasember,vas,ember
robbantó,robban,tó
világhoz,világ,hoz
anyádhoz,anyád,hoz
hétfőre,hétfő,re
farmerek,far,merek
farmerek,farm,erek
rendszámát,rend,számát
szabadságért,szabadság,ért
győzte,győz,te
rohanás,rohan,ás
családomhoz,családom,hoz
hóvihar,hó,vihar
magánéletem,magán,életem
titkárnőm,titkár,nőm
merte,mer,te
tönkretettél,tönkre,tettél
tönkretettél,tönkretett,él
egyirányú,egy,irányú
égette,ég,ette
égette,éget,te
dugtál,dug,tál
kezelő,keze,lő
szerszámokat,szer,számokat
jégre,jég,re
fogorvoshoz,fog,orvoshoz
fogorvoshoz,fogorvos,hoz
nővérével,nő,vérével
végrendeletet,vég,rendeletet
villamos,villa,mos
másodperces,másod,perces
nézhetek,néz,hetek
fizetős,fizet,ős
eredményre,eredmény,re
fejsérülés,fej,sérülés
számítógépe,számító,gépe
félvér,fél,vér
rendszereket,rend,szereket
halálakor,halála,kor
életmód,élet,mód
kölykökkel,kölykök,kel
szeressenek,szer,essenek
mentőre,ment,őre
mentőre,mentő,re
karok,kar,ok
őrültem,őr,ültem
nyerhetek,nyer,hetek
pénztárcám,pénz,tárcám
tűzhely,tűz,hely
járőrt,jár,őrt
íróasztal,író,asztal
narancslé,narancs,lé
mellékhatások,mellékhatás,ok
húztál,húz,tál
jegyesek,jegy,esek
fogjad,fogj,ad
címkét,cím,két
havas,ha,vas
édesanyjával,édes,anyjával
nyújtok,nyújt,ok
szükségesnek,szükség,esnek
ugyanebben,ugyan,ebben
fájhat,fáj,hat
halhatott,hal,hatott
melyikre,melyik,re
égjen,ég,jen
hányas,hány,as
nyakára,nyak,ára
kórházak,kór,házak
hagynátok,hagyná,tok
hűvösre,hűvös,re
magasabban,magas,abban
álláspontja,állás,pontja
harchoz,harc,hoz
házimunkát,házi,munkát
éjfélre,éjfél,re
dőljön,dől,jön
dőljön,dőlj,ön
fénypontja,fény,pontja
említettél,említ,ettél
említettél,említett,él
mosok,mos,ok
hotelszobában,hotel,szobában
vérdíj,vér,díj
hallgatás,hallgat,ás
változtatok,változtat,ok
lakosok,lakos,ok
háromezer,három,ezer
diáktanács,diák,tanács
rajtakapott,rajta,kapott
doktorok,doktor,ok
említették,említ,ették
fürdőkádban,fürdő,kádban
veszíthetek,veszít,hetek
emberért,ember,ért
készenlét,készen,lét
óvatosabban,óvatos,abban
álláspontját,állás,pontját
hozzámész,hozzá,mész
hozzámész,hozzám,ész
ránéz,rá,néz
kutatok,kutat,ok
műhelyben,mű,helyben
fegyverszünet,fegyver,szünet
rendesek,rend,esek
gyógyszerre,gyógyszer,re
eredményeként,eredménye,ként
utánanézünk,utána,nézünk
hidegháború,hideg,háború
életjelei,élet,jelei
főügyész,fő,ügyész
őrmesternek,őr,mesternek
mindezen,mind,ezen
szempont,szem,pont
önmagával,ön,magával
terepjáró,terep,járó
táncosnő,táncos,nő
módszereket,mód,szereket
ponthoz,pont,hoz
évforduló,év,forduló
követelnek,köve,telnek
vérkép,vér,kép
hazugok,hazug,ok
könyvtárat,könyv,tárat
polgármesterrel,polgár,mesterrel
mustár,must,ár
harcias,harci,as
rájöjjünk,rá,jöjjünk
ultrahangot,ultra,hangot
szervezetek,szer,vezetek
fiatalkori,fiatal,kori
telefonáltál,telefonál,tál
programok,program,ok
terveztél,tervez,tél
dögöt,dög,öt
kevesebbért,kevesebb,ért
kölcsönkérhetem,kölcsön,kérhetem
fényképen,fény,képen
veszíthetünk,veszít,hetünk
tekintettem,tekint,ettem
hagytok,hagy,tok
járművek,jár,művek
győzelemért,győzelem,ért
kössön,köss,ön
helyettest,helyet,test
helyettest,helyett,est
maradhattok,maradhat,tok
nőnél,nőn,él
tintahal,tinta,hal
szabályokkal,szabály,okkal
vonatok,vonat,ok
korlát,kor,lát
menekültél,menekül,tél
menekültél,menekült,él
sajtótájékoztató,sajtó,tájékoztató
helyért,hely,ért
idézte,idéz,te
ingerült,inger,ült
éjjelre,éj,jelre
éjjelre,éjjel,re
flörtölt,flört,ölt
madárijesztő,madár,ijesztő
oltárhoz,oltár,hoz
magatartás,maga,tartás
sebészt,seb,észt
percnyire,percnyi,re
önvédelmi,ön,védelmi
adtatok,adta,tok
árvaház,árva,ház
hegyeken,hegye,ken
valamelyiket,vala,melyiket
edzettem,edz,ettem
nehézsúlyú,nehéz,súlyú
faszfejek,fasz,fejek
szívén,szív,én
rágógumi,rágó,gumi
zsoldosok,zsoldos,ok
közölték,köz,ölték
bankárok,bank,árok
bankárok,bankár,ok
házatok,háza,tok
házatok,házat,ok
önmagamat,ön,magamat
vérvizsgálat,vér,vizsgálat
istenfélő,isten,félő
kézzelfogható,kézzel,fogható
drogosok,drogos,ok
tanácsadás,tanács,adás
szeretőt,szeret,őt
mindkettőnek,mind,kettőnek
szülte,szül,te
napszemüveget,nap,szemüveget
külügyminisztérium,külügy,minisztérium
passzolok,passzol,ok
szavazatok,szavazat,ok
úrnője,úr,nője
bérgyilkosok,bérgyilkos,ok
lábtörést,láb,törést
fahéjas,fahéj,as
szedtél,szed,tél
módszerekkel,módszerek,kel
hazamehetsz,haza,mehetsz
vérmintát,vér,mintát
főparancsnok,fő,parancsnok
mindazért,mindaz,ért
helyzetre,helyzet,re
nevedre,neved,re
műhely,mű,hely
könyörtelenül,könyörtelen,ül
kezdhetem,kezd,hetem
seggarc,segg,arc
sebesültek,sebes,ültek
könyvre,könyv,re
katolikusok,katolikus,ok
önbizalom,ön,bizalom
érkezem,ér,kezem
nevekkel,nevek,kel
hallás,hall,ás
vadember,vad,ember
öngyilkosok,öngyilkos,ok
sértésért,sértés,ért
maradniuk,mar,adniuk
magánterület,magán,terület
táncoltál,táncol,tál
arabok,arab,ok
középszerű,közép,szerű
kárpótolni,kár,pótolni
hadtest,had,test
napszemüveg,nap,szemüveg
árverés,ár,verés
alaposabban,alapos,abban
mindehhez,mind,ehhez
küldtelek,küld,telek
magánélet,magán,élet
savas,sav,as
pakoljatok,pakolja,tok
méretet,mér,etet
kellemetlenségért,kellemetlenség,ért
számítógéppel,számító,géppel
sejtette,sejt,ette
sejtette,sejtet,te
cserediák,csere,diák
írhatok,írhat,ok
egypár,egy,pár
rámutatott,rá,mutatott
puskapor,puska,por
forrófejű,forró,fejű
zavargások,zavargás,ok
rejtetted,rejt,etted
gonoszok,gonosz,ok
hívők,hív,ők
páncélt,pán,célt
rajzok,rajz,ok
öregembert,öreg,embert
robbanóanyagot,robbanó,anyagot
indultok,indul,tok
indultok,indult,ok
italhoz,ital,hoz
alkatrészeket,alkat,részeket
házamhoz,házam,hoz
vállaltad,vállalt,ad
mondhatott,mond,hatott
végignézte,végig,nézte
bűnbak,bűn,bak
ígérhetem,ígér,hetem
zenekarban,zene,karban
merülés,mer,ülés
távolságtartó,távolság,tartó
rendelkezünk,rendel,kezünk
haladnunk,hal,adnunk
sütőt,süt,őt
eredményez,eredmény,ez
számíthatnak,számít,hatnak
továbbléptem,tovább,léptem
maradhatnál,mar,adhatnál
keresztülmentünk,keresztül,mentünk
naprendszer,nap,rendszer
frankkel,frank,kel
lányára,lány,ára
jutalma,jut,alma
maradhatott,mar,adhatott
maradhatott,marad,hatott
tönkretenné,tönkre,tenné
szemén,szem,én
hozzáállásod,hozzá,állásod
érintettek,érint,ettek
állampolgárok,állam,polgárok
állampolgárok,állampolgár,ok
köcsögöt,köcsög,öt
utasítások,utasít,ások
utasítások,utasítás,ok
utáltad,utált,ad
fivér,fi,vér
mérföldön,mér,földön
mérföldön,mérföld,ön
kövekkel,kövek,kel
főnővér,fő,nővér
fősulis,fő,sulis
bajtársak,baj,társak
abbahagyná,abba,hagyná
abbahagyjuk,abba,hagyjuk
törjön,tör,jön
törjön,törj,ön
kezdők,kezd,ők
mutánsok,mutáns,ok
hadseregbe,had,seregbe
árultad,árult,ad
apróságok,apróság,ok
vendégekkel,vendégek,kel
gázok,gáz,ok
kerülhetünk,kerül,hetünk
mogyoróvaj,mogyoró,vaj
bárminek,bár,minek
főúton,fő,úton
időpontra,idő,pontra
ránézel,rá,nézel
engedhetek,enged,hetek
ajándékként,ajándék,ként
zsebkendő,zseb,kendő
útmutató,út,mutató
valakiért,valaki,ért
fiamhoz,fiam,hoz
bőkezű,bő,kezű
vihette,vihet,te
tanúként,tanú,ként
többiekre,többiek,re
otthagyom,ott,hagyom
árvaházba,árva,házba
anyaként,anya,ként
ragyogás,ragyog,ás
helyrehozzam,helyre,hozzam
miniszterelnököt,miniszterelnök,öt
horzsolások,horzsolás,ok
mindegyikünk,mind,egyikünk
fahéj,fa,héj
keresetet,keres,etet
esküvőmön,esküvőm,ön
hercegnővel,herceg,nővel
információért,információ,ért
cigányok,cigány,ok
változtathat,változtat,hat
gondoltatok,gondolta,tok
néztelek,néz,telek
jelöli,jel,öli
raktál,rak,tál
színdarab,szín,darab
játékszer,játék,szer
jófiúk,jó,fiúk
estének,est,ének
alkotás,alkot,ás
hazugságokkal,hazugság,okkal
cégének,cég,ének
utánajárok,utána,járok
edzőterembe,edző,terembe
tartottalak,tartott,alak
kedvemre,kedvem,re
tervének,terv,ének
mindegyiken,mind,egyiken
telefonszámom,telefon,számom
magánélete,magán,élete
egyest,egy,est
karácsonyfa,karácsony,fa
gyógyszertár,gyógyszer,tár
gyógyszertár,gyógyszert,ár
ügyésznő,ügyész,nő
mondtatok,mondta,tok
ötvenezer,ötven,ezer
lakótársam,lakó,társam
helyettesem,helyett,esem
szedjen,szed,jen
munkáddal,munkád,dal
tánccal,tánc,cal
juthatok,juthat,ok
állítás,állít,ás
nagymester,nagy,mester
egyházat,egy,házat
ételért,étel,ért
tömegpusztító,tömeg,pusztító
mindegyikben,mind,egyikben
főztél,főz,tél
testőrök,test,őrök
merülni,mer,ülni
vásárolok,vásárol,ok
csomagok,csomag,ok
féreglyuk,féreg,lyuk
ujjadat,ujj,adat
rémálmai,rém,álmai
ragadtál,ragad,tál
énekesnő,énekes,nő
hívtatok,hívta,tok
családként,család,ként
semmik,sem,mik
apukáddal,apukád,dal
úttörő,út,törő
házadat,ház,adat
hozzáfér,hozzá,fér
jeladót,jel,adót
szívemre,szívem,re
jóember,jó,ember
vénasszony,vén,asszony
hálószobájában,háló,szobájában
vezethetek,vezet,hetek
reggelén,reggel,én
fűszer,fű,szer
információhoz,információ,hoz
foglaljatok,foglalja,tok
varázsige,varázs,ige
cowboyok,cowboy,ok
célhoz,cél,hoz
hozzáfért,hozzá,fért
kommandósok,kommandó,sok
kommandósok,kommandós,ok
társkereső,társ,kereső
készítetted,készít,etted
veteránok,veterán,ok
úrnőt,úr,nőt
tanítottalak,tanított,alak
közöld,köz,öld
farkamat,far,kamat
célok,cél,ok
kapás,kap,ás
tarthatnak,tart,hatnak
maradtatok,mar,adtatok
neveltelek,nevel,telek
tudomásunk,tudom,ásunk
kínálok,kínál,ok
utolér,utol,ér
időutazó,idő,utazó
középpontban,közép,pontban
szólalt,szól,alt
rendszerre,rendszer,re
sírjára,sírj,ára
otthagytál,ott,hagytál
bántottad,bántott,ad
koronaherceg,korona,herceg
gombás,gomb,ás
veszteségek,vesztes,égek
bármelyikőtök,bár,melyikőtök
fegyverekre,fegyverek,re
térképről,tér,képről
állítok,állít,ok
alkalmazás,alkalmaz,ás
találjatok,találja,tok
napvilágot,nap,világot
tönkreteheti,tönkre,teheti
rabszolgája,rab,szolgája
centért,cent,ért
határhoz,határ,hoz
fiatalembernek,fiatal,embernek
küzdöttél,küzdött,él
szimbólumok,szimbólum,ok
atyaúristen,atya,úristen
szabadulok,szabadul,ok
jólét,jó,lét
űrhajósok,űrhajó,sok
űrhajósok,űrhajós,ok
hullaház,hulla,ház
háztömb,ház,tömb
menekülésre,menekülés,re
vérfarkasok,vér,farkasok
vérfarkasok,vérfarkas,ok
észrevenné,észre,venné
tálibok,tálib,ok
rákok,rák,ok
közösülés,közös,ülés
anyahajó,anya,hajó
tekintesz,tekint,esz
rehab,re,hab
sörért,sör,ért
rajtakapta,rajta,kapta
rosszcsont,rossz,csont
részesül,része,sül
helyreállítani,helyre,állítani
eszén,esz,én
holdfényben,hold,fényben
szeretkezünk,szeret,kezünk
napfényben,nap,fényben
feketepiacon,fekete,piacon
hasonlóval,hason,lóval
töröljük,tör,öljük
gyerekkorodban,gyerek,korodban
lőpor,lő,por
képregényt,kép,regényt
színészt,szín,észt
farkasember,farkas,ember
teherhajó,teher,hajó
gyermekkel,gyermek,kel
nagyapó,nagy,apó
születésnap,születés,nap
nevessen,ne,vessen
értékesek,érték,esek
rákérdeztem,rá,kérdeztem
melyre,mely,re
harmincas,harminc,as
játszótér,játszó,tér
kezemre,kezem,re
lépcsőházban,lépcső,házban
játszottad,játszott,ad
fűrész,fű,rész
végítélet,vég,ítélet
nyomozáshoz,nyomozás,hoz
testvérnek,test,vérnek
kegyelemért,kegyelem,ért
születésnapomon,születés,napomon
tárgyaló,tárgya,ló
robbanószert,robbanó,szert
munkahelyeden,munka,helyeden
hangszer,hang,szer
viszontlátni,viszont,látni
nevelő,neve,lő
apukádat,apu,kádat
játszottatok,játszotta,tok
ügyeljen,ügyel,jen
dokumentumfilm,dokumentum,film
ismerősök,ismer,ősök
agyára,agy,ára
lábnyom,láb,nyom
mókusok,mókus,ok
úriembert,úri,embert
életemért,élete,mért
életemért,életem,ért
holttestemen,holt,testemen
rátaláltunk,rá,találtunk
közhely,köz,hely
négyre,négy,re
szabadidőm,szabad,időm
szembeszállt,szembe,szállt
vesztették,vesz,tették
tollad,toll,ad
egyikre,egyik,re
nevettél,ne,vettél
nevettél,nevet,tél
lakókocsit,lakó,kocsit
amilyenre,amilyen,re
gömböt,gömb,öt
jelentkezel,jelent,kezel
szemétdomb,szemét,domb
műsorra,mű,sorra
tábornokok,tábornok,ok
bizonyítékokkal,bizonyíték,okkal
weboldal,web,oldal
következőre,következő,re
abbahagytad,abba,hagytad
éneklő,ének,lő
időpontom,idő,pontom
húszezer,húsz,ezer
zártad,zárt,ad
gyermekének,gyermek,ének
ráadás,rá,adás
károk,kár,ok
sarkára,sark,ára
favágó,fa,vágó
gyümölcslé,gyümölcs,lé
követelni,köve,telni
szobatárs,szoba,társ
áldozatokkal,áldozat,okkal
hullámvasút,hullám,vasút
kaphatott,kap,hatott
ránézett,rá,nézett
nyúltál,nyúl,tál
ültettek,ült,ettek
intenzívre,intenzív,re
szívének,szív,ének
rendeljen,rendel,jen
vérnyomok,vér,nyomok
vérnyomok,vérnyom,ok
tekintetet,tekint,etet
lógtál,lóg,tál
félbeszakítani,félbe,szakítani
bajtárs,baj,társ
záróra,zár,óra
önmagukat,ön,magukat
indítok,indít,ok
börtönőr,börtön,őr
némán,né,mán
fogjatok,fogja,tok
flörtölsz,flört,ölsz
gyógyszerész,gyógyszer,ész
továbblépett,tovább,lépett
értettétek,ér,tettétek
sztriptíztáncos,sztriptíz,táncos
ültette,ül,tette
ültette,ült,ette
hazavittem,haza,vittem
veszítettél,veszít,ettél
veszítettél,veszített,él
vállára,váll,ára
nősülni,nős,ülni
ráébresztett,rá,ébresztett
fiamért,fia,mért
fiamért,fiam,ért
repüljön,repül,jön
repüljön,repülj,ön
műszer,mű,szer
együttműködünk,együtt,működünk
erőtér,erő,tér
erőtér,erőt,ér
műsorod,mű,sorod
bányászok,bányász,ok
kísérjen,kísér,jen
defektet,de,fektet
kérjelek,kér,jelek
fodrászhoz,fodrász,hoz
vaddisznó,vad,disznó
édesanyjának,édes,anyjának
hídhoz,híd,hoz
kéziratot,kéz,iratot
tartsad,tarts,ad
halas,hal,as
sasok,sas,ok
kocsiddal,kocsid,dal
végállomás,vég,állomás
igazságügy,igazság,ügy
késztette,kész,tette
késztette,késztet,te
csőre,cső,re
perckor,perc,kor
együttvéve,együtt,véve
jelölte,jel,ölte
jelölte,jelöl,te
jólesett,jól,esett
kényszerítettem,kényszerít,ettem
háborúhoz,háború,hoz
tagjaként,tagja,ként
olyanokra,olyan,okra
főszerepet,fő,szerepet
ötletekkel,ötletek,kel
okozhatnak,okoz,hatnak
szerszámok,szer,számok
szerszámok,szerszám,ok
ügyfelekkel,ügyfelek,kel
országért,ország,ért
viharok,vihar,ok
létrehoztam,létre,hoztam
várhatnak,vár,hatnak
gondolhat,gondol,hat
nyitás,nyit,ás
hónapokon,hó,napokon
kereshetünk,keres,hetünk
gyerekkorunk,gyerek,korunk
alkalomhoz,alkalom,hoz
tehetős,tehet,ős
maradhasson,marad,hasson
színjátékot,szín,játékot
hírneved,hír,neved
országút,ország,út
gyakornokok,gyakornok,ok
korlátok,kor,látok
korlátok,korlát,ok
sebességre,sebesség,re
világítótorony,világító,torony
erőforrás,erő,forrás
középiskolát,közép,iskolát
kényszerítesz,kényszerít,esz
micsodák,mi,csodák
hidegre,hideg,re
célpontokat,cél,pontokat
időtöltés,idő,töltés
időtöltés,időt,öltés
hajós,ha,jós
lényekkel,lények,kel
baromarcú,barom,arcú
halászok,halász,ok
unokaöcséd,unoka,öcséd
kézikönyv,kézi,könyv
aludhatok,aludhat,ok
szardarab,szar,darab
reklámok,reklám,ok
sorsára,sors,ára
falára,fal,ára
kardok,kard,ok
épeszű,ép,eszű
naphoz,nap,hoz
teliholdkor,telihold,kor
ősidők,ős,idők
fontért,font,ért
őrülve,őr,ülve
vészjelzést,vész,jelzést
családért,család,ért
négyest,négy,est
kristályok,kristály,ok
mostohaapám,mostoha,apám
fősuli,fő,suli
rendőrtisztet,rendőr,tisztet
újjászületés,újjá,születés
rajzfilm,rajz,film
gonddal,gond,dal
haladást,hal,adást
ezermester,ezer,mester
képviselők,képvisel,ők
szarkupac,szar,kupac
keverte,kever,te
szerepjáték,szerep,játék
vadmacska,vad,macska
járhatott,jár,hatott
gépekkel,gépek,kel
ütközünk,üt,közünk
segítségül,segítség,ül
vetettek,vet,ettek
édesapját,édes,apját
hadihajó,hadi,hajó
szúnyogok,szúnyog,ok
olyasmiről,olyas,miről
boltok,bolt,ok
egyidőben,egy,időben
barátomhoz,barátom,hoz
ügyének,ügy,ének
adatokkal,adat,okkal
szerencsénkre,szerencsénk,re
nagyapát,nagy,apát
félretettem,félre,tettem
számítógépén,számító,gépén
számítógépén,számítógép,én
célért,cél,ért
csodabogár,csoda,bogár
észrevétel,észre,vétel
rejtették,rejt,ették
hozzámentél,hozzá,mentél
hozzámentél,hozzáment,él
vezetékneved,vezeték,neved
államügyészi,állam,ügyészi
közöljem,köz,öljem
példaképem,példa,képem
mogyoróvajas,mogyoróvaj,as
ennyiért,ennyi,ért
gyíkok,gyík,ok
kísérti,kísér,ti
hazaviszi,haza,viszi
szójáték,szó,játék
zajló,zaj,ló
lakások,lakás,ok
szárazföldre,száraz,földre
szárazföldre,szárazföld,re
hangpostára,hang,postára
bárkire,bárki,re
játsszatok,játssza,tok
kocsimhoz,kocsim,hoz
hőségben,hős,égben
félreértette,félre,értette
hozzáérni,hozzá,érni
utánanéztünk,utána,néztünk
csábítás,csábít,ás
rapper,rap,per
főtörzs,fő,törzs
edzőterem,edző,terem
szereteted,szer,eteted
tanárral,tan,árral
üzente,üzen,te
bőrén,bőr,én
fenntartja,fenn,tartja
finomabban,finom,abban
hangsúlyt,hang,súlyt
készülnöd,kész,ülnöd
láthatatlanok,láthatatlan,ok
harcoltok,harcol,tok
harcoltok,harcolt,ok
időgépet,idő,gépet
egészért,egész,ért
önmagadat,ön,magadat
vágyok,vágy,ok
esküdtszéket,esküdt,széket
rajzolok,rajzol,ok
tyúkok,tyúk,ok
társas,tár,sas
társas,társ,as
párducok,párduc,ok
rávettél,rá,vettél
rávettél,rávett,él
képzelheted,képzel,heted
önmagára,ön,magára
engedélyre,engedély,re
asztalok,asztal,ok
alkatrészek,alkat,részek
fürdőruha,fürdő,ruha
címért,cím,ért
csillogás,csillog,ás
másolatok,másolat,ok
érzelmekkel,érzelmek,kel
pénzügyeit,pénz,ügyeit
alkatrészt,alkat,részt
számítógépeket,számító,gépeket
napokkal,nap,okkal
tonhalas,tonhal,as
vadbarom,vad,barom
tízre,tíz,re
fiúhoz,fiú,hoz
úriembernek,úri,embernek
okozhatott,okoz,hatott
bárónő,báró,nő
szolgálhat,szolgál,hat
kívántál,kíván,tál
kínok,kín,ok
küzdjön,küzd,jön
küzdjön,küzdj,ön
nyúlhat,nyúl,hat
félreeső,félre,eső
égbolton,ég,bolton
szerencsédre,szerencséd,re
juthatnak,jut,hatnak
hazavigyelek,haza,vigyelek
gombok,gomb,ok
tetthelyet,tett,helyet
változtatás,változtat,ás
építesz,épít,esz
egykezes,egy,kezes
vádemelés,vád,emelés
harangok,harang,ok
őrmesterrel,őr,mesterrel
tízmillió,tíz,millió
vendégszobában,vendég,szobában
szállhat,száll,hat
kapjatok,kapja,tok
kérhetünk,kér,hetünk
magazinok,magazin,ok
ügyfélnek,ügy,félnek
hadjárat,had,járat
játékokkal,játék,okkal
nyaraló,nyara,ló
hajszálat,haj,szálat
főcím,fő,cím
együttműködésre,együtt,működésre
együttműködésre,együttműködés,re
egyenruhája,egyen,ruhája
hadvezér,had,vezér
őstehetség,ős,tehetség
vércsoport,vér,csoport
millióért,millió,ért
önmagunk,ön,magunk
hónapba,hó,napba
térképre,tér,képre
térképre,térkép,re
fogtündér,fog,tündér
részvényesek,részvény,esek
nyakadat,nyak,adat
klubhoz,klub,hoz
mesterlövészek,mester,lövészek
járhatok,járhat,ok
tartás,tart,ás
fegyvertelenül,fegyvertelen,ül
kezdhetek,kezd,hetek
hónapom,hó,napom
estre,est,re
csinálhatnak,csinál,hatnak
ünneplésre,ünneplés,re
tarthatok,tarthat,ok
igazságszolgáltatást,igazság,szolgáltatást
haladva,hal,adva
főbejáraton,főbe,járaton
vizeken,vize,ken
védtelenül,védtelen,ül
kárára,kár,ára
üzlettársa,üzlet,társa
egyetértettünk,egyet,értettünk
egyetértettünk,egyetért,ettünk
raktárat,rak,tárat
köztársasági,köz,társasági
harangot,ha,rangot
ölette,öl,ette
nézhetünk,néz,hetünk
haladjanak,hal,adjanak
óramű,óra,mű
erőszakért,erőszak,ért
rendeletet,rendel,etet
négyszáz,négy,száz
képeslap,képes,lap
kergeti,kerge,ti
jelöltem,jel,öltem
szuperhősök,szuper,hősök
fogadjam,fog,adjam
tehetségkutató,tehetség,kutató
könyvének,könyv,ének
támadáshoz,támadás,hoz
pénztárcáját,pénz,tárcáját
szomszédokkal,szomszéd,okkal
rohamok,roham,ok
humorérzéked,humor,érzéked
landolás,landol,ás
helyszínéről,hely,színéről
észrevesz,észre,vesz
egyháznak,egy,háznak
lovasok,lova,sok
lovasok,lovas,ok
zsarukhoz,zsaruk,hoz
mentőakció,mentő,akció
sorrendet,sor,rendet
félti,fél,ti
alsónemű,alsó,nemű
kaptár,kap,tár
szőkét,sző,két
futárt,fut,árt
hölgyekkel,hölgyek,kel
papnő,pap,nő
gondokkal,gond,okkal
tudhatott,tud,hatott
tollas,toll,as
hazavitte,haza,vitte
kezedre,kezed,re
tűzön,tűz,ön
vezetéknév,vezeték,név
lófasz,ló,fasz
vígjáték,víg,játék
láncok,lánc,ok
kulcsszó,kulcs,szó
űrlapot,űr,lapot
műsorában,mű,sorában
következem,követ,kezem
semminél,sem,minél
semminél,semmin,él
abbahagyták,abba,hagyták
kedvedre,kedved,re
fogytál,fogy,tál
rendelkezel,rendel,kezel
mindkettőre,mind,kettőre
mindkettőre,mindkettő,re
könyörögtél,könyörög,tél
bántottalak,bántott,alak
sorozatgyilkosok,sorozatgyilkos,ok
nagykövetségen,nagy,követségen
kocsiért,kocsi,ért
cserélte,cserél,te
abbahagyhatod,abba,hagyhatod
állásinterjúra,állás,interjúra
köszön,kösz,ön
kenguru,ken,guru
csókoltál,csókol,tál
munkanap,munka,nap
pulthoz,pult,hoz
fogadalom,foga,dalom
csatamezőn,csata,mezőn
hazavisszük,haza,visszük
híváslistáját,hívás,listáját
dokihoz,doki,hoz
autóbalesetet,autó,balesetet
bujkálok,bujkál,ok
zaklatásért,zaklatás,ért
vethetünk,vet,hetünk
szükségesek,szükség,esek
javulás,javul,ás
próbáltok,próbál,tok
próbáltok,próbált,ok
klubok,klub,ok
nyomozásnak,nyomoz,ásnak
szobatársad,szoba,társad
szobatársad,szobatárs,ad
ősember,ős,ember
tejszín,tej,szín
fokhagymás,fok,hagymás
teremtettem,terem,tettem
teremtettem,teremt,ettem
fasírt,fa,sírt
egyenruháját,egyen,ruháját
repülőket,repül,őket
családomért,családom,ért
gyöngyöt,gyöngy,öt
mellre,mell,re
titánok,titán,ok
jelszavát,jel,szavát
seggedre,segged,re
magánnyomozót,magán,nyomozót
bántok,bánt,ok
kényszerítettél,kényszerít,ettél
kényszerítettél,kényszerített,él
ütköztünk,üt,köztünk
nevetségesnek,nevetség,esnek
nagykorú,nagy,korú
mindkettőnkre,mind,kettőnkre
mindkettőnkre,mindkettőnk,re
választhatok,választhat,ok
önmagáért,ön,magáért
vörösre,vörös,re
kézírás,kéz,írás
személyeset,személy,eset
csalok,csal,ok
fürdőruhát,fürdő,ruhát
lóháton,ló,háton
lakótárs,lakó,társ
fordítok,fordít,ok
nővérének,nő,vérének
nővérének,nővér,ének
oroszokkal,orosz,okkal
fegyverkereskedő,fegyver,kereskedő
mezőre,mező,re
címlap,cím,lap
lordok,lord,ok
vicceltél,viccel,tél
vicceltél,viccelt,él
foglalok,foglal,ok
nyitottad,nyitott,ad
helyetekre,helyetek,re
családodhoz,családod,hoz
kosárban,kos,árban
ebédlő,ebéd,lő
harcmezőn,harc,mezőn
félreérti,félre,érti
kalandok,kaland,ok
köszönhetek,köszön,hetek
eshetőségre,eshetőség,re
papírokkal,papír,okkal
templomhoz,templom,hoz
türelmetlenül,türelmetlen,ül
maradhattam,mar,adhattam
államokból,állam,okból
őslakos,ős,lakos
éltessen,élt,essen
gyógyítás,gyógyít,ás
sikertelenül,sikertelen,ül
olyas,oly,as
repülőút,repülő,út
tornateremben,torna,teremben
középsuliban,közép,suliban
asztalára,asztal,ára
híradót,hír,adót
blöffölsz,blöff,ölsz
tanszék,tan,szék
máskorra,más,korra
szőnyegre,szőnyeg,re
hírnevemet,hír,nevemet
válasszatok,válassza,tok
holmim,hol,mim
mindezzel,mind,ezzel
melyikkel,melyik,kel
farkasszemet,farkas,szemet
munkahelye,munka,helye
papírmunkával,papír,munkával
jelenlét,jelen,lét
biztosítalak,biztosít,alak
kellettem,kell,ettem
próbaidő,próba,idő
atyavilág,atya,világ
lövésre,lövés,re
áramkör,áram,kör
lépcsőkön,lépcsők,ön
pénztárcámat,pénz,tárcámat
ismernék,is,mernék
másodpercek,másod,percek
félidő,fél,idő
nőnemű,nő,nemű
hüvelykujj,hüvelyk,ujj
szükségszerű,szükség,szerű
mestermű,mester,mű
szolgáltál,szolgál,tál
ajándékokkal,ajándék,okkal
hangerőt,hang,erőt
győztest,győz,test
szórakoztatás,szórakoztat,ás
szövetségre,szövetség,re
bármiért,bármi,ért
újévet,új,évet
hazajutni,haza,jutni
egyensúlyát,egyen,súlyát
energiaforrás,energia,forrás
hegyén,hegy,én
főpap,fő,pap
szabadnapom,szabad,napom
államtitkár,állam,titkár
ügyén,ügy,én
lányokhoz,lányok,hoz
időkön,idők,ön
emberölésért,emberölés,ért
utánanézni,utána,nézni
torok,tor,ok
holmik,hol,mik
engedtél,enged,tél
dugok,dug,ok
aratás,arat,ás
üzlettársak,üzlet,társak
rabszolgát,rab,szolgát
világegyetemben,világ,egyetemben
szobafogságban,szoba,fogságban
faházban,fa,házban
gyerekért,gyere,kért
gyerekért,gyerek,ért
nézzél,nézz,él
focicsapat,foci,csapat
csapatkapitány,csapat,kapitány
áramütés,áram,ütés
holttesttel,holt,testtel
köszönteni,kösz,önteni
városházára,város,házára
orvosokkal,orvos,okkal
lázadókat,láz,adókat
tetszettél,tetszett,él
vidámpark,vidám,park
farokkal,far,okkal
némelyikük,né,melyikük
tandíjat,tan,díjat
ügynökként,ügynök,ként
figyelmeztettél,figyelmeztet,tél
félhold,fél,hold
melyekkel,melyek,kel
kölcsönadtam,kölcsön,adtam
szilveszterkor,szilveszter,kor
vezetésért,vezetés,ért
receptre,recept,re
vezetőre,vezet,őre
vezetőre,vezető,re
küzdelemre,küzdelem,re
műszerek,mű,szerek
gépházban,gép,házban
mérhetetlenül,mérhetetlen,ül
bárányok,bárány,ok
rémálmod,rém,álmod
fogadására,fogadás,ára
buszok,busz,ok
esküvőnkön,esküvőnk,ön
karbantartás,karban,tartás
ráveszi,rá,veszi
űrhajón,űr,hajón
országúton,ország,úton
rendőrautó,rendőr,autó
útvonalát,út,vonalát
félmeztelenül,félmeztelen,ül
történetre,történet,re
vesztegettem,veszteg,ettem
tartsalak,tarts,alak
napért,nap,ért
törölt,tör,ölt
ültettem,ül,tettem
ültettem,ült,ettem
kölcsönadni,kölcsön,adni
végénél,végén,él
indítás,indít,ás
szakadás,szakad,ás
létszám,lét,szám
munkahelyet,munka,helyet
magok,mag,ok
műalkotás,mű,alkotás
szembeszáll,szembe,száll
teherautóval,teher,autóval
hazafutás,haza,futás
drónok,drón,ok
nagyapának,nagy,apának
törzsfőnök,törzs,főnök
járdára,járd,ára
gyerekkorod,gyerek,korod
repültél,repül,tél
repültél,repült,él
árultál,árul,tál
hangmérnök,hang,mérnök
halhatatlanok,halhatatlan,ok
ráébredtem,rá,ébredtem
szteroidok,szteroid,ok
unoka,un,oka
értékeset,érték,eset
óceánok,óceán,ok
rendőrnő,rendőr,nő
készíthetek,készít,hetek
mutassalak,mutass,alak
rátaláltak,rá,találtak
viszonyok,viszony,ok
huligánok,huligán,ok
repülőgépen,repülő,gépen
készülő,kész,ülő
célpontra,cél,pontra
védekezésre,védekezés,re
unokatestvérek,unoka,testvérek
börtönre,börtön,re
alakítás,alakít,ás
észreveszed,észre,veszed
pohárköszöntőt,pohár,köszöntőt
tetthelyre,tetthely,re
tanácsadót,tanács,adót
ráesett,rá,esett
alapok,alap,ok
otthagyták,ott,hagyták
lakótársa,lakó,társa
szívtál,szív,tál
szamurájok,szamuráj,ok
kergette,kerget,te
kerülte,kerül,te
hagytatok,hagyta,tok
amelyekkel,amelyek,kel
vérnyomokat,vér,nyomokat
képregényeket,kép,regényeket
rajtaütést,rajta,ütést
heteken,hete,ken
fűrészt,fű,részt
egyetérteni,egyet,érteni
történész,történ,ész
karamellás,karamell,ás
hónapokba,hó,napokba
egymilliárd,egy,milliárd
lámpaoltás,lámpa,oltás
testrészeket,test,részeket
kísérte,kísér,te
zseblámpát,zseb,lámpát
észreveszem,észre,veszem
szorulok,szorul,ok
hadműveletet,had,műveletet
folyóparton,folyó,parton
űrlény,űr,lény
térképek,tér,képek
ilyenfajta,ilyen,fajta
hosszútávon,hosszú,távon
üzletasszony,üzlet,asszony
hajónapló,hajó,napló
hitelkártyája,hitel,kártyája
erőteret,erő,teret
erőteret,erőt,eret
mobilok,mobil,ok
élénken,élén,ken
köthetünk,köt,hetünk
csalásért,csalás,ért
részmunkaidőben,rész,munkaidőben
hozzátartozik,hozzá,tartozik
kenetet,ken,etet
fejesek,fej,esek
vetették,vet,ették
egyezségre,egyezség,re
csodagyerek,csoda,gyerek
utazáshoz,utazás,hoz
hazatérni,haza,térni
szigeteken,szigete,ken
újságírói,újság,írói
szeretetem,szer,etetem
szerencsémre,szerencsém,re
szakácsok,szakács,ok
tüdőgyulladás,tüdő,gyulladás
mindegyikőtök,mind,egyikőtök
borsót,bor,sót
csapatért,csapat,ért
repülésre,repülés,re
használhatatlanok,használhatatlan,ok
rendőrként,rendőr,ként
magánéletét,magán,életét
trónok,trón,ok
tiszteletest,tisztelet,est
vércsoportja,vér,csoportja
erőszakhoz,erőszak,hoz
fontold,font,old
vadnyugat,vad,nyugat
lábhoz,láb,hoz
őrségben,őrs,égben
rájönnöm,rá,jönnöm
régész,rég,ész
igazgatóhoz,igazgató,hoz
egymagában,egy,magában
település,telep,ülés
főparancsnokság,fő,parancsnokság
főiskoláról,fő,iskoláról
férjemre,férjem,re
ölheted,öl,heted
papírja,pap,írja
diliházba,dili,házba
aranyért,arany,ért
kóddal,kód,dal
tengerészgyalogság,tengerész,gyalogság
fejének,fej,ének
rávetted,rá,vetted
foglalás,foglal,ás
középkorban,közép,korban
tököt,tök,öt
ösztöndíjas,ösztöndíj,as
szemtanúkat,szem,tanúkat
ügyvédként,ügyvéd,ként
anyagokkal,anyag,okkal
háziállat,házi,állat
másoknál,más,oknál
gyermekként,gyermek,ként
jobbkezes,jobb,kezes
karóra,kar,óra
tönkreteszel,tönkre,teszel
szarságok,szarság,ok
fenntartva,fenn,tartva
reagálok,reagál,ok
együttműködését,együtt,működését
pszichológushoz,pszichológus,hoz
teherautóra,teher,autóra
kívántad,kívánt,ad
nősült,nős,ült
páncélterem,páncél,terem
gyerekeken,gyereke,ken
egymilliót,egy,milliót
halvér,hal,vér
művelünk,mű,velünk
nagyapámat,nagy,apámat
főtitkár,fő,titkár
bankszámla,bank,számla
zenének,zen,ének
tehetségesek,tehetség,esek
emlékeztetőül,emlékeztető,ül
vademberek,vad,emberek
nevetségesek,nevetség,esek
sólyomszem,sólyom,szem
emlékmű,emlék,mű
bűntudattal,bűn,tudattal
fejvadászok,fej,vadászok
fejvadászok,fejvadász,ok
szarért,szar,ért
háziúr,házi,úr
történtekre,történtek,re
remekmű,remek,mű
egyedüllét,egyedül,lét
forráshoz,forrás,hoz
igazgatótanács,igazgató,tanács
vidámparkba,vidám,parkba
mindkettőjük,mind,kettőjük
akiken,aki,ken
vendéglő,vendég,lő
önmagunkat,ön,magunkat
rendőrőrs,rendőr,őrs
szívre,szív,re
dátumok,dátum,ok
seggén,segg,én
akadályok,akadály,ok
testőrt,test,őrt
sétáltál,sétál,tál
kórháznál,kór,háznál
kormányok,kormány,ok
bocsánatért,bocsánat,ért
gyakoroltál,gyakorol,tál
vérképet,vér,képet
szerszámot,szer,számot
fogadhat,fog,adhat
fogadhat,fogad,hat
fivéred,fi,véred
fedezzen,fedez,zen
láthatok,láthat,ok
adóhivatal,adó,hivatal
őskori,ős,kori
perre,per,re
autószerelő,autó,szerelő
tudományok,tudomány,ok
apacsok,apacs,ok
ígéretesnek,ígéret,esnek
őrsöt,őrs,öt
találkozgatok,találkozgat,ok
haditengerészetnél,hadi,tengerészetnél
cuccokkal,cucc,okkal
vörösbort,vörös,bort
agyvérzés,agy,vérzés
rávesszük,rá,vesszük
világűr,világ,űr
édesanyámat,édes,anyámat
ócskavas,ócska,vas
rovarirtó,rovar,irtó
évszakok,évszak,ok
robbanások,robban,ások
robbanások,robbanás,ok
mogyoróvajat,mogyoró,vajat
fogkrém,fog,krém
középiskolából,közép,iskolából
szembenéznie,szembe,néznie
életveszélyben,élet,veszélyben
portál,por,tál
parkolás,parkol,ás
félreértettél,félre,értettél
félreértettél,félreértett,él
családtagja,család,tagja
kosárlabdát,kosár,labdát
füstöl,füst,öl
juttok,jut,tok
vérveszteség,vér,veszteség
helyreállt,helyre,állt
motorosok,motoros,ok
részvétel,rész,vétel
vezetőket,vezet,őket
tanácsért,tanács,ért
vándorló,vándor,ló
kritikusok,kritikus,ok
munkahelyére,munka,helyére
keresztapja,kereszt,apja
érhetünk,ér,hetünk
másokért,mások,ért
használhat,használ,hat
házára,ház,ára
esküvőmre,esküvőm,re
baromarc,barom,arc
tréfálok,tréfál,ok
újságírót,újság,írót
példaképe,példa,képe
teherautók,teher,autók
hatóságokkal,hatóság,okkal
könyvekkel,könyvek,kel
kórházakban,kór,házakban
vallok,vall,ok
győzhetünk,győz,hetünk
baleseted,bal,eseted
polgártárs,polgár,társ
nevezzen,nevez,zen
merültek,mer,ültek
törtél,tör,tél
törtél,tört,él
szélhámosok,szélhámos,ok
hozzájutni,hozzá,jutni
tárgyalt,tárgy,alt
ebédszünet,ebéd,szünet
hivatalnokok,hivatalnok,ok
védelmemre,védelmem,re
autóbalesete,autó,balesete
élőlényt,élő,lényt
kapcsolatokkal,kapcsolat,okkal
világháborút,világ,háborút
buborékok,buborék,ok
ejtetted,ej,tetted
ejtetted,ejt,etted
értettek,ért,ettek
életén,élet,én
halálára,halál,ára
nagyvárosban,nagy,városban
szabadultál,szabadul,tál
tejszínt,tej,színt
használatára,használat,ára
iparág,ipar,ág
másodpercünk,másod,percünk
rámegy,rám,egy
holttestre,holt,testre
holttestre,holttest,re
másodosztályú,másod,osztályú
munkahelyem,munka,helyem
képviselik,kép,viselik
klubbot,klub,bot
jelkép,jel,kép
tengerészgyalogosok,tengerészgyalogos,ok
évest,év,est
hálószobát,háló,szobát
kötszert,köt,szert
csúcspontja,csúcs,pontja
bűnüldözés,bűn,üldözés
tornaterem,torna,terem
mindkettejük,mind,kettejük
őrökkel,őrök,kel
hagyhatok,hagyhat,ok
császárnő,császár,nő
helyőrség,hely,őrség
munkatársaim,munka,társaim
segítettetek,segít,ettetek
újságírás,újság,írás
szívbajt,szív,bajt
hoztok,hoz,tok
mintaképe,minta,képe
váddal,vád,dal
hagyományok,hagyomány,ok
érkezel,ér,kezel
mustárt,must,árt
állkapocs,áll,kapocs
tanuljatok,tanulja,tok
önmagától,ön,magától
keddenként,kedden,ként
villanyszerelő,villany,szerelő
egyének,egy,ének
jobbkeze,jobb,keze
pogányok,pogány,ok
vérvonal,vér,vonal
sérülésekkel,sérülések,kel
úthoz,út,hoz
bájital,báj,ital
marhahúst,marha,húst
vonulok,vonul,ok
olyasmiért,olyasmi,ért
rövidtávú,rövid,távú
képviseljük,kép,viseljük
nemtörődöm,nem,törődöm
gyűjtsön,gyűjts,ön
démonokkal,démon,okkal
utánanézett,utána,nézett
tökfejek,tök,fejek
élőket,él,őket
értettünk,ér,tettünk
értettünk,ért,ettünk
férfire,fér,fire
férfire,férfi,re
hónapokat,hó,napokat
állhatott,áll,hatott
ugyanezzel,ugyan,ezzel
italért,ital,ért
replikátorok,replikátor,ok
olyasvalakinek,olyas,valakinek
ételmérgezés,étel,mérgezés
szántad,szánt,ad
haladtam,hal,adtam
robotzsaru,robot,zsaru
szülőt,szül,őt
mentőcsapat,mentő,csapat
zöldre,zöld,re
fiúért,fiú,ért
tartásdíjat,tartás,díjat
szövetségesünk,szövetség,esünk
helyez,hely,ez
kölcsönveszem,kölcsön,veszem
unokahúgod,unoka,húgod
hősnő,hős,nő
érettünk,ér,ettünk
párkapcsolati,pár,kapcsolati
fenntartása,fenn,tartása
félbeszakítottam,félbe,szakítottam
gázszivárgás,gáz,szivárgás
korkülönbség,kor,különbség
kézikönyvet,kézi,könyvet
áldozathoz,áldozat,hoz
hallucinálok,hallucinál,ok
kereshetek,keres,hetek
ünnepekre,ünnepek,re
okold,ok,old
alattad,alatt,ad
rendre,rend,re
rendőrbírók,rendőr,bírók
ágynemű,ágy,nemű
fogadná,fog,adná
repülőgépek,repülő,gépek
repülős,repül,ős
mondhattál,mondhat,tál
jelenjen,jelen,jen
zenéket,zen,éket
homokvihar,homok,vihar
szúrtad,szúrt,ad
halálesetek,halál,esetek
alvajáró,alva,járó
rendőrkapitány,rendőr,kapitány
észrevettétek,észre,vettétek
emlékeztetőt,emlékeztet,őt
másodfokú,másod,fokú
idézetet,idéz,etet
félidőben,fél,időben
házigazdája,házi,gazdája
tagadhatod,tag,adhatod
lőfegyver,lő,fegyver
együttműködött,együtt,működött
félszemű,fél,szemű
rátalálni,rá,találni
végiggondoltam,végig,gondoltam
korára,kor,ára
céloztál,céloz,tál
erőforrások,erő,források
erőforrások,erőforrás,ok
fokhagymát,fok,hagymát
találkozásunkkor,találkozásunk,kor
tábortűz,tábor,tűz
tábortűz,tábort,űz
véletlenre,véletlen,re
mennyországot,menny,országot
törvényszék,törvény,szék
mindhalálig,mind,halálig
féltestvérem,fél,testvérem
németekkel,németek,kel
telefonkönyvben,telefon,könyvben
otthagyod,ott,hagyod
templomok,templom,ok
társadalombiztosítási,társadalom,biztosítási
kíséretet,kísér,etet
mindre,mind,re
segglyuk,segg,lyuk
házmester,ház,mester
hangárban,hang,árban
lapokkal,lap,okkal
közöljük,köz,öljük
vendégházban,vendég,házban
rózsaszínt,rózsa,színt
nevelem,ne,velem
ízekre,ízek,re
építettél,épít,ettél
építettél,épített,él
fülkét,fül,két
helyszínek,hely,színek
kérheted,kér,heted
évszázadokkal,évszázad,okkal
kórteremben,kór,teremben
menetrendet,menet,rendet
egyikükkel,egyikük,kel
utánajártam,utána,jártam
lakáshoz,lakás,hoz
párbajt,pár,bajt
zuhanok,zuhan,ok
tiédre,tiéd,re
hölgyre,hölgy,re
életünkre,életünk,re
fenntartom,fenn,tartom
hazamennék,haza,mennék
mindkettővel,mind,kettővel
perecet,per,ecet
vérvizsgálatot,vér,vizsgálatot
együttműködnek,együtt,működnek
engedhette,engedhet,te
mókamester,móka,mester
mérföldkő,mérföld,kő
történ,tört,én
gyógyszertárban,gyógyszert,árban
szólhatott,szól,hatott
hajvágás,haj,vágás
aprópénz,apró,pénz
hangár,hang,ár
lányomhoz,lányom,hoz
rohantál,rohan,tál
lóerő,ló,erő
jelszava,jel,szava
mosolyogtál,mosolyog,tál
vehette,vehet,te
lakótársak,lakó,társak
mindannak,mind,annak
kávéhoz,kávé,hoz
fordulhatok,fordulhat,ok
mentették,ment,ették
gazdatest,gazda,test
nekimentem,neki,mentem
integet,int,eget
szempár,szem,pár
helyünkön,helyünk,ön
tanácsára,tanács,ára
partizánok,partizán,ok
lépcsőház,lépcső,ház
töröljék,tör,öljék
részletesebben,részletes,ebben
zseblámpa,zseb,lámpa
maradnának,mar,adnának
hálószobámban,háló,szobámban
hazamennek,haza,mennek
fájhatott,fáj,hatott
álomvilágban,álom,világban
mostohaapja,mostoha,apja
utalhat,utal,hat
továbblépünk,tovább,lépünk
miegymás,mi,egymás
hívtok,hív,tok
képviselte,kép,viselte
képviselte,képvisel,te
őrizte,őriz,te
alsógatyában,alsó,gatyában
hatvanas,hatvan,as
űrállomás,űr,állomás
ködöt,köd,öt
vérnyomást,vér,nyomást
reménykedve,remény,kedve
tűzfal,tűz,fal
harcművészet,harc,művészet
pénztárcát,pénz,tárcát
bankrabló,bank,rabló
egészségre,egészség,re
jegygyűrű,jegy,gyűrű
akármire,akármi,re
érdemelni,érd,emelni
információkhoz,információk,hoz
csütörtökre,csütörtök,re
abbahagynátok,abba,hagynátok
abbahagynátok,abbahagyná,tok
hazahozott,haza,hozott
bábok,báb,ok
költők,költ,ők
lábnyomokat,láb,nyomokat
változtathatok,változtathat,ok
érzésre,érzés,re
hitelkártyával,hitel,kártyával
együttérzek,együtt,érzek
édesanya,édes,anya
hazaküldtem,haza,küldtem
állad,áll,ad
törtető,tör,tető
vérnyom,vér,nyom
srácokra,srác,okra
varázsereje,varázs,ereje
hívattál,hívat,tál
szabadnap,szabad,nap
rendezőt,rendez,őt
lángész,láng,ész
jelképez,jel,képez
jelképez,jelkép,ez
emberrablást,ember,rablást
kézirat,kéz,irat
hitre,hit,re
szörnyekkel,szörnyek,kel
vaskos,vas,kos
válaszokra,válasz,okra
kísértetet,kísért,etet
rablások,rablás,ok
hírnévre,hír,névre
hírnévre,hírnév,re
millióhoz,millió,hoz
észrevennéd,észre,vennéd
harcművészeti,harc,művészeti
szalagok,szalag,ok
vezérkar,vezér,kar
rátermett,rá,termett
ügynökre,ügynök,re
magunkért,magunk,ért
árverésre,árverés,re
testmozgás,test,mozgás
közmondás,köz,mondás
repülőjegy,repülő,jegy
vetkőzzön,vetkőzz,ön
vártatok,várta,tok
fogadót,fog,adót
férjjel,férj,jel
félretenni,félre,tenni
illatok,illat,ok
szembenézek,szembe,nézek
árulásért,árulás,ért
vizekre,vizek,re
gyermekkorom,gyermek,korom
tanácsadók,tanács,adók
köszönjön,köszön,jön
köszönjön,köszönj,ön
abbahagyják,abba,hagyják
diákokkal,diák,okkal
érzésekkel,érzések,kel
mindegyike,mind,egyike
tagadhatja,tag,adhatja
munkaügyben,munka,ügyben
rátalál,rá,talál
csendesek,csend,esek
kölcsönkérni,kölcsön,kérni
hullócsillag,hulló,csillag
rászállt,rá,szállt
alelnököt,alelnök,öt
űrlények,űr,lények
teljesítetted,teljesít,etted
egyenruhám,egyen,ruhám
férfiért,férfi,ért
alanyok,alany,ok
életkor,élet,kor
egykorú,egy,korú
percekkel,percek,kel
agyas,agy,as
nyelvedre,nyelved,re
faház,fa,ház
időszakában,idő,szakában
középpontja,közép,pontja
derüljön,derül,jön
kukacok,kukac,ok
üzlettársam,üzlet,társam
kórházzal,kór,házzal
égették,ég,ették
hálószobája,háló,szobája
vírusok,vírus,ok
csomagtartó,csomag,tartó
teherautóban,teher,autóban
tűzeset,tűz,eset
hitelkártyám,hitel,kártyám
vacsoraidő,vacsora,idő
rájöjj,rá,jöjj
cigiért,cigi,ért
tűzharc,tűz,harc
képén,kép,én
trollok,troll,ok
tanultok,tanul,tok
tanultok,tanult,ok
seggfejjel,segg,fejjel
seggfejjel,seggfej,jel
erkélyre,erkély,re
fordulópont,forduló,pont
testrészek,test,részek
hajtás,hajt,ás
férjedül,férjed,ül
szegte,szeg,te
ügyvédekkel,ügyvédek,kel
várhatott,vár,hatott
nagyihoz,nagyi,hoz
vidámparkban,vidám,parkban
milliomosok,milliomos,ok
szeméttelepen,szemét,telepen
bőrön,bőr,ön
székkel,szék,kel
mindegyikre,mind,egyikre
mindegyikre,mindegyik,re
hozzad,hozz,ad
szemének,szem,ének
holmid,hol,mid
harmadfokú,harmad,fokú
szeressék,szer,essék
teremtették,terem,tették
teremtették,teremt,ették
aktatáska,akta,táska
sebre,seb,re
fedezéket,fedez,éket
főkapitány,fő,kapitány
fejünkre,fejünk,re
szótár,szó,tár
szótár,szót,ár
szállítok,szállít,ok
írhat,ír,hat
hozzáértem,hozzá,értem
neveztelek,nevez,telek
főnökasszony,főnök,asszony
unokatesód,unoka,tesód
emlékének,emlék,ének
baklövés,bak,lövés
alakokkal,alak,okkal
csapok,csap,ok
közbelépett,közbe,lépett
önpusztító,ön,pusztító
gyakorlatok,gyakorlat,ok
véreb,vér,eb
győzöl,győz,öl
roncsok,roncs,ok
akadtál,akad,tál
próbatétel,próba,tétel
üzlettárs,üzlet,társ
ébredtél,ébred,tél
ébredtél,ébredt,él
birtoklásért,birtoklás,ért
függők,függ,ők
tettre,tett,re
unokaöcsémet,unoka,öcsémet
munkahelyemre,munka,helyemre
munkahelyemre,munkahelyem,re
jelentél,jelen,tél
jelentél,jelent,él
tanulhat,tanul,hat
szakállad,szakáll,ad
helikopterre,helikopter,re
vezetéknevem,vezeték,nevem
kannibálok,kannibál,ok
következményekre,következmények,re
bankkártya,bank,kártya
talpraesett,talpra,esett
vesztét,vesz,tét
koldusok,koldus,ok
parkolok,parkol,ok
nagyszüleim,nagy,szüleim
sorozatszám,sorozat,szám
eseményekre,események,re
lógtok,lóg,tok
olyanért,olyan,ért
szabadidő,szabad,idő
költöttél,költött,él
kente,ken,te
pályaudvaron,pálya,udvaron
üzenetrögzítő,üzenet,rögzítő
tanév,tan,év
fennmaradt,fenn,maradt
piára,pi,ára
világháborús,világ,háborús
vezetésre,vezetés,re
búvárok,bú,várok
búvárok,búvár,ok
műtéteket,mű,téteket
rágondolok,rá,gondolok
békebíró,béke,bíró
egyesülnek,egyes,ülnek
lakhatok,lakhat,ok
ikertestvérem,iker,testvérem
házasságtörés,házasság,törés
tölthetem,tölt,hetem
észrevettél,észre,vettél
észrevettél,észrevett,él
hozzányúlni,hozzá,nyúlni
amelyekre,amelyek,re
rászolgált,rá,szolgált
tervrajzokat,terv,rajzokat
csomagold,csomag,old
főtörzsőrmester,fő,törzsőrmester
főtörzsőrmester,főtörzs,őrmester
többire,többi,re
szememre,szemem,re
szorosabban,szoros,abban
főminiszter,fő,miniszter
számítások,számít,ások
hozzáállást,hozzá,állást
pincérnőt,pincér,nőt
épületre,épület,re
telepre,telep,re
keresztülmentem,keresztül,mentem
rájönnének,rá,jönnének
csodaországban,csoda,országban
szervert,szer,vert
jobbára,jobb,ára
abbamaradt,abba,maradt
lábujjhegyen,lábujj,hegyen
hazaérni,haza,érni
tanúvédelem,tanú,védelem
műtőasztalon,műtő,asztalon
csekkold,csekk,old
könnycsepp,könny,csepp
szombatonként,szombaton,ként
sikítok,sikít,ok
sajtókonferenciát,sajtó,konferenciát
kísérletért,kísérlet,ért
közre,köz,re
golfpályán,golf,pályán
forrásunk,forr,ásunk
egészségügy,egészség,ügy
izére,izé,re
létrejön,létre,jön
görcsöl,görcs,öl
szórakoztatok,szórakoztat,ok
műveletek,mű,veletek
emlékekkel,emlékek,kel
szülőként,szülő,ként
jótanács,jó,tanács
semelyik,se,melyik
lánykori,lány,kori
lázár,láz,ár
olyanhoz,olyan,hoz
sráchoz,srác,hoz
ihlette,ihlet,te
kézimunka,kézi,munka
haladtak,hal,adtak
apámért,apám,ért
aranyhal,arany,hal
hazudtatok,hazudta,tok
személyesnek,személy,esnek
harmincöt,harminc,öt
hatolni,ha,tolni
tettettem,tett,ettem
négyzetméter,négyzet,méter
fagyöngy,fa,gyöngy
viseljen,visel,jen
haveroddal,haverod,dal
tandíj,tan,díj
drágakő,drága,kő
boldogsághoz,boldogság,hoz
menedékjogot,menedék,jogot
csapattag,csapat,tag
vasutat,vas,utat
nőstények,nős,tények
raktérben,rak,térben
flörtöltem,flört,öltem
szavaztál,szavaz,tál
jelenni,jel,enni
rejtegette,rejteget,te
fogadna,fog,adna
száddal,szád,dal
büntetésre,büntetés,re
szerencsejátékot,szerencse,játékot
korcsok,korcs,ok
egyetértene,egyet,értene
készpénzre,kész,pénzre
készpénzre,készpénz,re
rosszullét,rosszul,lét
irányításunk,irányít,ásunk
csinibaba,csini,baba
ártok,ár,tok
ártok,árt,ok
műsorokat,mű,sorokat
egyetlenegy,egyetlen,egy
zajok,zaj,ok
színésznőt,színész,nőt
tetőtéri,tetőt,éri
képez,kép,ez
képezte,képez,te
ikrekkel,ikrek,kel
mindegyikkel,mind,egyikkel
mindegyikkel,mindegyik,kel
veszélyre,veszély,re
vadállatot,vad,állatot
köztársaságot,köz,társaságot
mehettél,mehet,tél
készülnie,kész,ülnie
hangzavar,hang,zavar
pasiddal,pasid,dal
írjatok,írja,tok
íjászok,íjász,ok
javasoltad,javasolt,ad
tudhatnak,tud,hatnak
kölyökre,kölyök,re
félrevezetni,félre,vezetni
mindazon,mind,azon
újjáépíteni,újjá,építeni
műtárgy,mű,tárgy
tánchoz,tánc,hoz
szappanopera,szappan,opera
végrehajtás,végre,hajtás
tanulhatok,tanulhat,ok
vigyáztok,vigyáz,tok
százmillió,száz,millió
mindegyiküknek,mind,egyiküknek
tiszteletlenül,tiszteletlen,ül
fegyverért,fegyver,ért
állhatnak,áll,hatnak
nagydobra,nagy,dobra
érezzen,érez,zen
jegesmedve,jeges,medve
hittelek,hit,telek
sebhelyet,seb,helyet
helytartó,hely,tartó
ötmillió,öt,millió
miniszterelnökkel,miniszterelnök,kel
szeméttelep,szemét,telep
örömest,öröm,est
életmódot,élet,módot
rendőrkapitányság,rendőr,kapitányság
mozdulatok,mozdulat,ok
önbizalmat,ön,bizalmat
örökbefogadás,örökbe,fogadás
területekre,területek,re
farhad,far,had
görögül,görög,ül
haderő,had,erő
félrevezetés,félre,vezetés
mobiltelefont,mobil,telefont
ezerért,ezer,ért
világvégét,világ,végét
másvilágra,más,világra
érezhetem,érez,hetem
létrehozza,létre,hozza
fogadhatok,fog,adhatok
fogadhatok,fogadhat,ok
rendesnek,rend,esnek
évjárat,év,járat
védjen,véd,jen
sajtóhoz,sajtó,hoz
adománygyűjtő,adomány,gyűjtő
pénztárcája,pénz,tárcája
nyomtató,nyomta,tó
házassághoz,házasság,hoz
késhetek,kés,hetek
csalfa,csal,fa
hóember,hó,ember
doktorhoz,doktor,hoz
sétálhat,sétál,hat
csatatér,csata,tér
ébresztettél,ébreszt,ettél
ébresztettél,ébresztett,él
rajtakapták,rajta,kapták
hatszáz,hat,száz
félóra,fél,óra
tengerészt,tenger,észt
szenátorok,szenátor,ok
festékkel,festék,kel
mérföldről,mér,földről
mentheted,ment,heted
lovagias,lovagi,as
gyilkoshoz,gyilkos,hoz
pályaudvar,pálya,udvar
ejtettél,ej,tettél
ejtettél,ejt,ettél
ejtettél,ejtett,él
dumálok,dumál,ok
nagyváros,nagy,város
szerepeltél,szerepel,tél
szerepeltél,szerepelt,él
kancsal,kan,csal
vertél,ver,tél
vertél,vert,él
piramisok,piramis,ok
könyörüljön,könyörülj,ön
fiaként,fia,ként
farkasokat,farka,sokat
kölcsönadom,kölcsön,adom
árthatnak,árt,hatnak
katonaként,katona,ként
életünkkel,életünk,kel
futólépés,futó,lépés
dánok,dán,ok
szívmasszázst,szív,masszázst
falkavezér,falka,vezér
jelöltünk,jel,öltünk
tápláléklánc,táplálék,lánc
tárgyalásnak,tárgyal,ásnak
padlóról,pad,lóról
együttest,együtt,est
családtagot,család,tagot
járőröket,jár,őröket
egyenruhád,egyen,ruhád
dombok,domb,ok
méretre,méret,re
lássatok,lássa,tok
fegyverest,fegyver,est
létrehozták,létre,hozták
rendőrökre,rendőrök,re
támadtál,támad,tál
létrehozva,létre,hozva
örültök,örül,tök
félős,fél,ős
parkolóhely,parkoló,hely
tölgyfa,tölgy,fa
kapcsoltad,kapcsolt,ad
térképeket,tér,képeket
őrangyalom,őr,angyalom
fejükre,fejük,re
bámulok,bámul,ok
nagypapám,nagy,papám
unokatestvér,unoka,testvér
karoddal,karod,dal
sérteget,sért,eget
anyuhoz,anyu,hoz
járművel,jár,művel
háztömböt,ház,tömböt
háztömböt,háztömb,öt
félreértetted,félre,értetted
unokaöccsét,unoka,öccsét
ráillik,rá,illik
rámutatni,rá,mutatni
főhős,fő,hős
őslakosok,ős,lakosok
őslakosok,őslakos,ok
rémálmaid,rém,álmaid
hozzátenni,hozzá,tenni
őrangyal,őr,angyal
haverjaiddal,haverjaid,dal
puskaport,puska,port
gépházba,gép,házba
rajzoltál,rajzol,tál
észrevesznek,észre,vesznek
hibátok,hibát,ok
mindkettőtökkel,mindkettőtök,kel
ribanccal,ribanc,cal
jelenthetem,jelent,hetem
találhatok,találhat,ok
hazamenjek,haza,menjek
tagadják,tag,adják
kortárs,kor,társ
iránytűt,irány,tűt
tettesek,tett,esek
holttestére,holt,testére
munkaerőt,munka,erőt
apucihoz,apuci,hoz
világbajnokság,világ,bajnokság
bárok,bár,ok
tetthelyről,tett,helyről
féltestvére,fél,testvére
találhatnak,talál,hatnak
választalak,választ,alak
munkahelyéről,munka,helyéről
töltetet,tölt,etet
tudhatok,tudhat,ok
tönkretedd,tönkre,tedd
neveltél,nevel,tél
neveltél,nevelt,él
magzatvíz,magzat,víz
szentírás,szent,írás
köszöntök,köszön,tök
merszem,mer,szem
rendezvényre,rendezvény,re
melóhoz,meló,hoz
házasságok,házasság,ok
eseményeken,eseménye,ken
intézetet,intéz,etet
mentettek,ment,ettek
viseltél,visel,tél
viseltél,viselt,él
nekilátok,neki,látok
viselkedésemért,viselkedése,mért
viselkedésemért,viselkedésem,ért
pénzmosás,pénz,mosás
központtal,köz,ponttal
bűnért,bűn,ért
törvénykönyv,törvény,könyv
érintetlenül,érintetlen,ül
testvérrel,test,vérrel
hajóútra,hajó,útra
forgószél,forgó,szél
alsógatyát,alsó,gatyát
napnyugtakor,napnyugta,kor
életükért,életük,ért
egyedüllétre,egyedül,létre
egyedüllétre,egyedüllét,re
diadal,dia,dal
fogyasztás,fogyaszt,ás
házasságtörő,házasság,törő
főnöknő,főnök,nő
télre,tél,re
ártalmatlanok,ártalmatlan,ok
házimunka,házi,munka
bocsánatkérésemet,bocsánat,kérésemet
mindannyiunkért,mindannyiunk,ért
gyilkosságokkal,gyilkosság,okkal
cigire,cigi,re
tányérok,tányér,ok
eszeveszett,esze,veszett
helyzetén,helyzet,én
istenként,isten,ként
kékre,kék,re
mellekkel,mellek,kel
műsoron,mű,soron
picikét,pici,két
keresztülmentél,keresztül,mentél
keresztülmentél,keresztülment,él
létrehoztak,létre,hoztak
csíkok,csík,ok
önkormányzat,ön,kormányzat
gondolatokkal,gondolat,okkal
hatalomért,hatalom,ért
dolgozószobában,dolgozó,szobában
fővárost,fő,várost
karmester,kar,mester
továbbmenni,tovább,menni
marslakók,mars,lakók
gépjármű,gép,jármű
hívására,hívás,ára
köpős,köp,ős
szabálysértés,szabály,sértés
újjászülettem,újjá,születtem
jelentkezek,jelent,kezek
drogdílerek,drog,dílerek
öleljelek,ölel,jelek
szófordulat,szó,fordulat
fogadtuk,fog,adtuk
bulihoz,buli,hoz
tisztelte,tisztel,te
félelmetesek,félelmet,esek
jóváhagyja,jóvá,hagyja
osztálytársam,osztály,társam
hátteret,hát,teret
emeljen,emel,jen
bíróhoz,bíró,hoz
lányomért,lányom,ért
fizethetek,fizet,hetek
vasútállomás,vasút,állomás
fürdőkád,fürdő,kád
járhatnak,jár,hatnak
rátenni,rá,tenni
vallomások,vallom,ások
vallomások,vallomás,ok
patkányokkal,patkány,okkal
szerdánként,szerdán,ként
bizsereg,biz,sereg
vérminta,vér,minta
végignézem,végig,nézem
agyvérzése,agy,vérzése
húsgombóc,hús,gombóc
etette,etet,te
hotelszobát,hotel,szobát
mentesz,ment,esz
rabszolgaként,rabszolga,ként
szemétdombon,szemét,dombon
tényre,tény,re
szabadidőmben,szabad,időmben
önvédelemre,ön,védelemre
önvédelemre,önvédelem,re
gyógyszerekre,gyógyszerek,re
rendőrfőnököt,rendőr,főnököt
rendőrfőnököt,rendőrfőnök,öt
rendőrőrsön,rendőr,őrsön
rendőrőrsön,rendőrőrs,ön
fénysugár,fény,sugár
valóságshow,valóság,show
útvonala,út,vonala
párás,pár,ás
terrortámadás,terror,támadás
tehetetlenül,tehetetlen,ül
standing,stand,ing
problémátok,problémát,ok
világrend,világ,rend
tárgyhoz,tárgy,hoz
állásinterjú,állás,interjú
tömböt,tömb,öt
egybevetve,egybe,vetve
jelentetted,jelen,tetted
jelentetted,jelent,etted
életjeleket,élet,jeleket
droidok,droid,ok
gyújtás,gyújt,ás
utánanéz,utána,néz
alapanyag,alap,anyag
kétirányú,két,irányú
főbejárat,főbe,járat
pénzemért,pénze,mért
pénzemért,pénzem,ért
bukkantál,bukkan,tál
lányokért,lányok,ért
határvonal,határ,vonal
kívánhat,kíván,hat
zsebpénzt,zseb,pénzt
hazajöjjön,haza,jöjjön
napkeltekor,napkelte,kor
postaláda,posta,láda
ragasztószalag,ragasztó,szalag
városért,város,ért
jegygyűrűt,jegy,gyűrűt
esküvődön,esküvőd,ön
dalszöveg,dal,szöveg
lábujj,láb,ujj
tűkön,tűk,ön
állatokra,állat,okra
bántsalak,bánts,alak
fogorvosnál,fog,orvosnál
öregúr,öreg,úr
hazamennem,haza,mennem
sikerülnie,siker,ülnie
mindenfajta,minden,fajta
tanultatok,tanulta,tok
hasszán,has,szán
ügynökökkel,ügynökök,kel
jelöl,jel,öl
szögesdrót,szöges,drót
fedte,fed,te
adatokhoz,adatok,hoz
raktárhoz,raktár,hoz
féltelek,fél,telek
ragadok,ragad,ok
változtattál,változtat,tál
nevetve,ne,vetve
városhoz,város,hoz
másnapra,más,napra
ujjára,ujj,ára
jelentőséget,jelentős,éget
rendelésre,rendelés,re
helyreáll,helyre,áll
egyként,egy,ként
önkéntesnek,önként,esnek
bájitalt,báj,italt
nyugtalanok,nyugtalan,ok
kormányhoz,kormány,hoz
vendégszoba,vendég,szoba
esetekre,esetek,re
rúghat,rúg,hat
szülessen,szül,essen
csinálhatott,csinál,hatott
énekesek,ének,esek
bárpultnál,bár,pultnál
értelmetlenül,értelmetlen,ül
telefonhívások,telefon,hívások
telefonhívások,telefonhívás,ok
vérének,vér,ének
segélyhívás,segély,hívás
hazamentél,haza,mentél
hazamentél,hazament,él
buszhoz,busz,hoz
bankjegy,bank,jegy
fennmarad,fenn,marad
negyedszer,negyed,szer
krokodilok,krokodil,ok
négyezer,négy,ezer
vállaltál,vállal,tál
fogkrémet,fog,krémet
életbiztosítás,élet,biztosítás
létrehoz,létre,hoz
végighallgatni,végig,hallgatni
halottkémet,halott,kémet
rendőrre,rendőr,re
fanatikusok,fanatikus,ok
ítélkezel,ítél,kezel
koronahercegnő,korona,hercegnő
koronahercegnő,koronaherceg,nő
bankjegyek,bank,jegyek
műsorból,mű,sorból
nagymamát,nagy,mamát
tervrajzok,terv,rajzok
tervrajzok,tervrajz,ok
emeletén,emelet,én
mindkettőnkkel,mindkettőnk,kel
kenőcsöt,kenőcs,öt
kínszenvedés,kín,szenvedés
vasútállomáson,vasút,állomáson
lábnyomot,láb,nyomot
fiatalemberrel,fiatal,emberrel
mítoszok,mítosz,ok
élteti,élte,ti
vitaminok,vitamin,ok
céltábla,cél,tábla
bűzlő,bűz,lő
tervekkel,tervek,kel
rábukkantam,rá,bukkantam
esküvőnkre,esküvőnk,re
tanácsadóként,tanácsadó,ként
végrehajtva,végre,hajtva
életformát,élet,formát
mellettetek,mell,ettetek
autópályára,autó,pályára
karamell,kara,mell
vetettél,vet,ettél
vetettél,vetett,él
osztályteremben,osztály,teremben
gátló,gát,ló
parkolóhelyet,parkoló,helyet
barátaitok,barátai,tok
barátaitok,barátait,ok
sírásó,sír,ásó
keményfejű,kemény,fejű
énekest,ének,est
viselkedésre,viselkedés,re
havert,ha,vert
jutalmát,jut,almát
agykárosodást,agy,károsodást
vezetőjeként,vezetője,ként
egységre,egység,re
tudjatok,tudja,tok
derekad,derek,ad
áradás,ár,adás
áradás,árad,ás
szolgáltatások,szolgáltat,ások
szolgáltatások,szolgáltatás,ok
forgatok,forgat,ok
pasasok,pasa,sok
pasasok,pasas,ok
péntekenként,pénteken,ként
hálószobám,háló,szobám
asztalomhoz,asztalom,hoz
gyerekszoba,gyerek,szoba
keddre,kedd,re
véleményedre,véleményed,re
amelyikkel,amelyik,kel
pihentető,pihen,tető
újságírónak,újság,írónak
ébresztőt,ébreszt,őt
rémültem,rém,ültem
halálért,halál,ért
társadat,társ,adat
tagadhatom,tag,adhatom
százezret,száz,ezret
erődre,erőd,re
földszint,föld,szint
robbanófej,robbanó,fej
akarnátok,akarná,tok
munkátok,munkát,ok
munkamániás,munka,mániás
örökölni,örök,ölni
tanítalak,tanít,alak
nagyherceg,nagy,herceg
mikkel,mik,kel
gránátok,gránát,ok
órátok,órát,ok
ebédeltél,ebédel,tél
ebédeltél,ebédelt,él
történetekkel,történetek,kel
adnátok,adná,tok
gyémántokkal,gyémánt,okkal
karácsonyfát,karácsony,fát
hadműveleti,had,műveleti
vénás,vén,ás
bankszámlát,bank,számlát
számítógéphez,számító,géphez
családotok,családot,ok
önbizalmam,ön,bizalmam
félrevezetett,félre,vezetett
hívhatok,hívhat,ok
közölt,köz,ölt
magániskolába,magán,iskolába
kevertél,kever,tél
kevertél,kevert,él
ismerősei,ismer,ősei
falát,fa,lát
térképét,tér,képét
hangnemet,hang,nemet
ördögért,ördög,ért
sirályok,sirály,ok
hatalmasok,hatalma,sok
hatalmasok,hatalmas,ok
csendre,csend,re
erőnkkel,erőnk,kel
hattyúk,hat,tyúk
boldogtalanok,boldogtalan,ok
adhatott,ad,hatott
bűntárs,bűn,társ
fánkok,fánk,ok
sebekkel,sebek,kel
kettőnkért,kettőnk,ért
mutassatok,mutassa,tok
végigmenni,végig,menni
hazahoztam,haza,hoztam
jóért,jó,ért
holttesten,holt,testen
küldhetek,küld,hetek
pontszámot,pont,számot
bírósághoz,bíróság,hoz
félelemre,félelem,re
használtok,használ,tok
használtok,használt,ok
rendetlenségért,rendetlenség,ért
horderejű,hord,erejű
rajzoltad,rajzolt,ad
kapura,kap,ura
egyetértetek,egyet,értetek
víziló,vízi,ló
művelte,művel,te
keresztnév,kereszt,név
autólopás,autó,lopás
vénlány,vén,lány
gyilkosokkal,gyilkos,okkal
mindegyikünknek,mind,egyikünknek
hadjáratot,had,járatot
nehézségekkel,nehézségek,kel
üvegre,üveg,re
evésre,evés,re
pénzén,pénz,én
ékszerész,ékszer,ész
mamit,ma,mit
barlangok,barlang,ok
szólás,szól,ás
névjegye,név,jegye
skótok,skót,ok
rendszámtábla,rendszám,tábla
nővérünk,nő,vérünk
főszerkesztő,fő,szerkesztő
önkormányzati,ön,kormányzati
miatyánk,mi,atyánk
zavartalak,zavart,alak
programhoz,program,hoz
háztartás,ház,tartás
többért,több,ért
ötezret,öt,ezret
rávesz,rá,vesz
bizonyítottad,bizonyított,ad
jelölni,jel,ölni
ajánlottad,ajánlott,ad
fedőneve,fedő,neve
bandatagok,banda,tagok
bandatagok,bandatag,ok
szembenéz,szembe,néz
amikért,ami,kért
amikért,amik,ért
vágóhídra,vágó,hídra
tudásunk,tud,ásunk
tűzvész,tűz,vész
születésekor,születése,kor
szobalányt,szoba,lányt
gépész,gép,ész
játékokra,játék,okra
postahivatal,posta,hivatal
dögunalom,dög,unalom
rátérünk,rá,térünk
mondhatnak,mond,hatnak
rágondolni,rá,gondolni
narancslét,narancs,lét
osztályok,osztály,ok
érhetek,ér,hetek
ismerőseim,ismer,őseim
meztelenre,meztelen,re
színdarabot,szín,darabot
életerő,élet,erő
szolgáltató,szolgálta,tó
miénkkel,miénk,kel
vörösbor,vörös,bor
szupermodell,szuper,modell
testőrei,test,őrei
jelölés,jel,ölés
tervrajz,terv,rajz
jelentettél,jelen,tettél
jelentettél,jelent,ettél
jelentettél,jelentett,él
géppuska,gép,puska
festették,fest,ették
hallgattok,hallgat,tok
ölelésre,ölelés,re
halhatnak,hal,hatnak
hazahozta,haza,hozta
ugyanahhoz,ugyan,ahhoz
mindkétszer,mind,kétszer
mindkétszer,mindkét,szer
képviselek,kép,viselek
zenekarral,zene,karral
nagyapával,nagy,apával
hónapokra,hó,napokra
hónapokra,hónap,okra
számítógépem,számító,gépem
suttogás,suttog,ás
olyasvalakire,olyas,valakire
olyasvalakire,olyasvalaki,re
hetekre,hetek,re
pornósztár,pornó,sztár
létrehoztunk,létre,hoztunk
szemlátomást,szem,látomást
szereplője,szerep,lője
örültél,örül,tél
örültél,örült,él
ágyas,ágy,as
fiatalemberek,fiatal,emberek
gondolhatott,gondol,hatott
mintára,mint,ára
tengerszint,tenger,szint
keféltél,kefél,tél
keféltél,kefélt,él
műanyagot,mű,anyagot
veszettül,veszett,ül
diliházban,dili,házban
műsorok,mű,sorok
műsorok,műsor,ok
jóvágású,jó,vágású
titkolok,titkol,ok
nézőket,néz,őket
újkorában,új,korában
seggfejeket,segg,fejeket
pasihoz,pasi,hoz
kőszívű,kő,szívű
idővonalat,idő,vonalat
születésének,születés,ének
halálsoron,halál,soron
földrajz,föld,rajz
húsvétkor,húsvét,kor
keltettél,kel,tettél
keltettél,kelt,ettél
keltettél,keltett,él
támadásért,támadás,ért
mindezeket,mind,ezeket
próbaidőre,próba,időre
próbaidőre,próbaidő,re
rálépett,rá,lépett
valamik,vala,mik
láthasson,lát,hasson
őrölt,őr,ölt
gazfickók,gaz,fickók
jelölik,jel,ölik
dönthetek,dönt,hetek
észrevegye,észre,vegye
flörtölés,flört,ölés
ösztöndíjjal,ösztön,díjjal
válaszként,válasz,ként
gyilkosságokhoz,gyilkosságok,hoz
nevekre,nevek,re
fejlövés,fej,lövés
aknamező,akna,mező
kényelmesebben,kényelmes,ebben
hazaviszünk,haza,viszünk
kétségbeejtő,kétségbe,ejtő
közvéleményt,köz,véleményt
hitvese,hit,vese
évszázados,év,százados
kábeltévé,kábel,tévé
anyatermészet,anya,természet
rajtakaptak,rajta,kaptak
vészhelyzetre,vész,helyzetre
vészhelyzetre,vészhelyzet,re
önkéntest,önként,est
másodpilóta,másod,pilóta
esküvődre,esküvőd,re
töltheted,tölt,heted
hadseregének,hadsereg,ének
egyesülni,egyes,ülni
áruházba,áru,házba
vészhelyzetet,vész,helyzetet
rájöjjenek,rá,jöjjenek
