corpus,chunk1,chunk2,chunk3,score,joke
rendben,ren,db,en,,
valami,va,la,mi,,
köszönöm,kösz,ön,öm,,
valamit,va,la,mit,,
valamit,va,lam,it,,
valamit,val,am,it,,
semmit,se,mm,it,,
szerintem,szer,int,em,,
láttam,lá,tt,am,,
istenem,is,te,nem,3,is te nem
istenem,is,ten,em,,
istenem,ist,en,em,,
akartam,ak,art,am,,
akartam,aka,rt,am,,
hittem,hi,tt,em,,
annyira,ann,yi,ra,,
igazán,ig,az,án,2,
gondoltam,gon,dol,tam,,
jobban,jo,bb,an,,
teljesen,tel,je,sen,,
egyedül,egy,ed,ül,,
mondani,mon,da,ni,,
tovább,to,vá,bb,,
pontosan,pont,os,an,,
tudjuk,tu,dj,uk,,
remélem,rem,él,em,,
hallottam,hall,ot,tam,,
hallottam,hall,ott,am,,
hallottam,hallo,tt,am,,
azonnal,az,onn,al,,
magának,mag,án,ak,,
csinálni,csi,nál,ni,,
csinálni,csin,ál,ni,,
érdekel,ér,de,kel,,
gondolom,gon,dol,om,,
biztosan,biz,to,san,,
egyáltalán,egy,ál,talán,2,
egyáltalán,egy,által,án,2,
halott,ha,lo,tt,,
szeretem,szer,et,em,,
szerinted,sze,rin,ted,,
szerinted,szer,in,ted,,
szerinted,szer,int,ed,,
mondott,mon,do,tt,,
majdnem,ma,jd,nem,,
valakit,val,ak,it,,
valaha,va,la,ha,,
tettem,te,tt,em,,
barátom,ba,rá,tom,3,ba rá tom
dolgokat,dol,go,kat,,
drágám,dr,ág,ám,,
jelenti,jel,en,ti,2,
mindjárt,min,dj,árt,,
maradj,ma,ra,dj,,
valóban,va,ló,ban,,
természetesen,természet,es,en,,
tökéletes,tök,élet,es,,
teljes,te,lj,es,,
találtam,tal,ál,tam,,
vettem,ve,tt,em,,
sikerült,sik,er,ült,,
egyszerűen,egy,szerű,en,2,
igazad,ig,az,ad,2,
hamarosan,ha,mar,osan,,
hamarosan,hamar,os,an,,
bocsánat,bo,csá,nat,,
bocsánat,bocs,án,at,,
doktor,do,kt,or,,
egymást,egy,má,st,,
életem,él,et,em,,
pillanat,pil,la,nat,,
pillanat,pil,lan,at,,
kapcsolatban,kapcsol,at,ban,,
szívesen,szív,es,en,,
ismerem,is,me,rem,,
ismerem,is,mer,em,,
rendőrség,rend,őrs,ég,,
láttad,lá,tt,ad,,
gondolja,gon,dol,ja,,
fekete,fe,ke,te,,
azokat,az,ok,at,,
mindketten,mind,ket,ten,,
várjon,vá,rj,on,,
hatalmas,ha,tal,mas,,
hatalmas,hat,al,mas,,
fiatal,fi,at,al,,
érdekes,ér,de,kes,,
ketten,ke,tt,en,,
valahol,va,la,hol,,
csináltam,csi,nál,tam,,
csináltam,csin,ál,tam,,
fordította,fordít,ot,ta,,
igazat,ig,az,at,2,
egészen,eg,és,zen,,
egészen,eg,ész,en,,
mondjuk,mon,dj,uk,,
titeket,ti,te,ket,2,
veszélyes,ve,szél,yes,,
veszélyes,vesz,él,yes,,
magukat,ma,gu,kat,,
magukat,mag,uk,at,,
rengeteg,ren,get,eg,,
éreztem,ér,ezt,em,,
amerikai,am,erik,ai,,
amerikai,ame,ri,kai,,
valahogy,va,la,hogy,,
barátok,ba,rá,tok,2,
szereti,sze,re,ti,2,
kapott,ka,po,tt,,
szeretnél,szer,et,nél,,
ismeri,is,me,ri,,
értettem,ér,tett,em,,
értettem,érte,tt,em,,
ugyanaz,ugy,an,az,,
mindannyian,min,danny,ian,,
mindannyian,mind,annyi,an,2,
értelme,ér,tel,me,,
hallani,hal,la,ni,,
szeretne,szer,et,ne,,
lássuk,lá,ss,uk,,
ismered,is,me,red,,
ismered,is,mer,ed,,
egészet,eg,ész,et,,
talált,ta,lá,lt,,
valakinek,val,aki,nek,3,val aki nek
dollár,do,ll,ár,,
tartok,ta,rt,ok,,
mondanom,mon,dan,om,,
mondanom,mond,an,om,,
városban,vár,os,ban,2,
lassan,la,ss,an,,
számomra,szám,om,ra,2,
tettél,te,tt,él,,
maradjon,mar,ad,jon,,
maradjon,mar,adj,on,,
maradjon,mara,dj,on,,
hallom,ha,ll,om,,
gondolok,gon,dol,ok,,
őszintén,ősz,int,én,,
csinálja,csi,nál,ja,,
csinálja,csin,ál,ja,,
tudott,tu,do,tt,,
életet,él,et,et,,
hozott,ho,zo,tt,,
nyugodtan,nyu,god,tan,,
jutott,ju,to,tt,,
üzenetet,üzen,et,et,,
találni,tal,ál,ni,,
látott,lá,to,tt,,
ilyesmi,il,yes,mi,,
ilyesmi,ily,es,mi,,
titkos,ti,tk,os,,
szereted,sze,re,ted,,
szereted,szer,et,ed,,
normális,norm,ál,is,,
szeretné,szer,et,né,,
csinálok,csi,nál,ok,,
csinálok,csin,ál,ok,,
hallgass,hall,ga,ss,,
maradni,mar,ad,ni,,
rajtam,ra,jt,am,,
világon,vi,lá,gon,,
őszinte,ősz,in,te,,
mondjam,mon,dj,am,,
valódi,va,ló,di,,
picsába,pi,csá,ba,,
igenis,ig,en,is,3,ig en is
személyes,sze,mély,es,,
személyes,szem,él,yes,,
csináltál,csi,nál,tál,,
csináltál,csin,ál,tál,,
rajtad,ra,jt,ad,,
egyenesen,egye,ne,sen,,
egyenesen,egyen,es,en,,
hallottad,hall,ot,tad,,
hallottad,hall,ott,ad,,
hallottad,hallo,tt,ad,,
maradok,ma,ra,dok,,
maradok,mar,ad,ok,,
életed,él,et,ed,,
baleset,bal,es,et,,
mostantól,mo,stan,tól,,
mostantól,mos,tan,tól,,
mostantól,most,an,tól,2,
nyugalom,nyu,gal,om,,
hónapja,hó,nap,ja,,
dollárt,do,ll,árt,,
dollárt,dol,lá,rt,,
magunkat,ma,gun,kat,,
magunkat,mag,un,kat,,
akartál,ak,art,ál,,
akartál,aka,rt,ál,,
barátod,ba,rá,tod,2,
haragudj,ha,ragu,dj,,
haragudj,hara,gu,dj,,
történet,tört,én,et,,
világot,vi,lá,got,,
bármilyen,bár,mily,en,2,
magadra,mag,ad,ra,,
ártatlan,árt,at,lan,,
hasonló,ha,son,ló,,
hasonló,has,on,ló,,
rájöttem,rá,jött,em,2,
úristen,úr,is,ten,,
úristen,úr,ist,en,,
úristen,úri,st,en,,
valakivel,val,aki,vel,3,val aki vel
valamilyen,va,la,milyen,,
valamilyen,va,lam,ilyen,,
valamilyen,val,am,ilyen,2,
valamilyen,vala,mily,en,,
miattad,mi,at,tad,,
miattad,mia,tt,ad,,
csinálom,csi,nál,om,,
csinálom,csin,ál,om,,
semmilyen,se,mm,ilyen,2,
semmilyen,sem,mily,en,2,
mondjak,mon,dj,ak,,
bármikor,bár,mi,kor,3,bár mi kor
bármikor,bár,mik,or,,
ezredes,ez,re,des,,
ezredes,ez,red,es,,
álljon,ál,lj,on,,
tartja,ta,rt,ja,,
tartott,ta,rt,ott,,
nyugodj,nyu,go,dj,,
csinálta,csi,nál,ta,,
csinálta,csin,ál,ta,,
bocsáss,bo,csá,ss,,
miatta,mi,at,ta,,
tetted,te,tt,ed,,
akarjuk,aka,rj,uk,,
vártam,vá,rt,am,,
mester,me,st,er,,
szívességet,szív,ess,éget,,
szívességet,szíve,ss,éget,,
helyett,hel,ye,tt,,
családi,csa,lá,di,,
kértem,ké,rt,em,,
miattam,mi,at,tam,,
miattam,mia,tt,am,,
dehogynem,de,hogy,nem,3,de hogy nem
találtak,tal,ál,tak,,
kórházba,kór,ház,ba,2,
végeztem,vég,ezt,em,,
férfiak,fér,fi,ak,,
halála,ha,lá,la,,
kórházban,kór,ház,ban,2,
testvér,te,st,vér,,
egyszerre,egy,szer,re,2,
ostoba,os,to,ba,,
alkalom,al,kal,om,,
tartom,ta,rt,om,,
ezúttal,ez,út,tal,,
segítséget,segíts,ég,et,,
istennek,is,ten,nek,2,
istennek,ist,en,nek,2,
nemsokára,nem,sok,ára,3,nem sok ára
nemsokára,nem,soká,ra,2,
sohasem,so,ha,sem,2,
sohasem,so,has,em,,
amilyen,am,il,yen,,
amilyen,am,ily,en,,
önöket,ön,ök,et,,
gyorsabban,gyors,ab,ban,2,
csináltad,csi,nál,tad,,
csináltad,csin,ál,tad,,
bajban,ba,jb,an,,
láttalak,lá,tt,alak,,
láttalak,lát,tal,ak,,
mindenhol,min,den,hol,,
mindenhol,mind,en,hol,3,mind en hol
szabadon,szab,ad,on,,
személyesen,személy,es,en,2,
iskola,is,ko,la,,
érezni,ér,ez,ni,,
várjatok,vár,ja,tok,,
várjatok,várj,at,ok,,
igazgató,igaz,ga,tó,,
kevesebb,ke,vese,bb,,
egymással,egy,más,sal,2,
valamire,va,la,mire,,
valamire,val,ami,re,3,val ami re
valamire,vala,mi,re,2,
kapcsolatot,kapcsol,at,ot,,
családom,csa,lá,dom,,
mondanám,mon,dan,ám,,
mondanám,mond,an,ám,2,
érkezett,ér,keze,tt,,
láttál,lá,tt,ál,,
iskolába,is,ko,lába,,
csinálnak,csi,nál,nak,2,
csinálnak,csin,ál,nak,,
magamnak,mag,am,nak,,
kapcsolatba,kapcsol,at,ba,,
gondolj,gon,do,lj,,
gyerekeket,gyere,ke,ket,,
pokolba,po,kol,ba,,
katona,ka,to,na,,
kellemes,kell,em,es,,
halálra,hal,ál,ra,,
olyanok,oly,an,ok,,
azonban,az,on,ban,3,az on ban
gondolta,gon,dol,ta,,
akartad,ak,art,ad,,
akartad,aka,rt,ad,,
tartsa,ta,rt,sa,,
jobbra,jo,bb,ra,,
akartok,ak,art,ok,,
akartok,aka,rt,ok,,
sikerül,sik,er,ül,,
találtál,tal,ál,tál,,
várost,vá,ro,st,,
történni,tört,én,ni,,
találom,tal,ál,om,,
katonai,ka,to,nai,,
katonai,ka,ton,ai,,
katonai,kat,on,ai,,
messzire,me,ss,zire,,
magadnak,mag,ad,nak,,
rendesen,ren,de,sen,,
rendesen,ren,des,en,,
rendesen,rend,es,en,,
szerezni,szer,ez,ni,,
ugyanazt,ugy,an,azt,,
rendőrséget,rend,őrs,éget,,
rendőrséget,rend,őrség,et,,
nemrég,ne,mr,ég,,
ismertem,is,mert,em,2,
szeretett,sze,re,tett,2,
gondolni,gon,dol,ni,,
keresem,ke,re,sem,2,
ugyanolyan,ugy,an,olyan,,
ugyanolyan,ugyan,oly,an,,
kocsiban,ko,csi,ban,,
lássam,lá,ss,am,,
bocsásson,bocs,ás,son,,
bocsásson,bocs,áss,on,,
magához,mag,áh,oz,,
életemet,élet,em,et,,
tökéletesen,tök,élete,sen,,
martin,ma,rt,in,,
őrület,őr,ül,et,,
ilyesmit,il,yes,mit,,
ilyesmit,ily,es,mit,,
menjenek,men,je,nek,,
walter,wa,lt,er,,
kérdeztem,kérd,ezt,em,,
igazam,ig,az,am,2,
szeretni,szer,et,ni,,
semmire,sem,mi,re,3,sem mi re
egyetértek,eg,ye,tértek,,
egyetértek,egy,et,értek,,
nyilvánvalóan,nyilván,való,an,2,
reméltem,rem,élt,em,,
találta,tal,ál,ta,,
esélye,es,él,ye,,
hallotta,hall,ot,ta,,
hallott,ha,ll,ott,2,
hallott,hal,lo,tt,,
mindenre,min,den,re,,
mindenre,mind,en,re,3,mind en re
hónapban,hó,nap,ban,2,
titokban,ti,tok,ban,2,
titokban,tito,kb,an,,
ugyanúgy,ugy,an,úgy,,
tulajdonképpen,tulaj,don,képpen,,
tulajdonképpen,tulajdon,kép,pen,,
halálos,ha,lá,los,,
halálos,hal,ál,os,,
folyamatosan,folyamat,os,an,,
képtelen,kép,tel,en,2,
hallottál,hall,ot,tál,,
hallottál,hall,ott,ál,,
hallottál,hallo,tt,ál,,
akartalak,ak,art,alak,,
akartalak,aka,rt,alak,,
akartalak,akar,tal,ak,,
akartalak,akart,al,ak,,
másikat,má,si,kat,,
másikat,má,sik,at,,
testvérem,te,st,vérem,,
testvérem,test,vér,em,,
szellem,sze,ll,em,,
ismert,is,me,rt,,
nyilvánvaló,nyilván,va,ló,,
hamarabb,ha,mara,bb,,
hamarabb,ham,ara,bb,,
tartozom,tart,oz,om,,
unalmas,un,al,mas,,
egyelőre,egye,lő,re,,
keresi,ke,re,si,,
amennyire,am,ennyi,re,2,
azoknak,az,ok,nak,2,
fogadok,fo,ga,dok,,
fogadok,fog,ad,ok,,
segítségre,segíts,ég,re,,
ugyanezt,ugy,an,ezt,,
sehova,se,ho,va,,
vetted,ve,tt,ed,,
látjuk,lá,tj,uk,,
ilyenkor,il,yen,kor,,
ilyenkor,ily,en,kor,2,
kamera,ka,me,ra,,
kettőt,ke,tt,őt,,
maguknak,mag,uk,nak,,
kérdezni,kérd,ez,ni,,
változott,vált,oz,ott,2,
erősen,er,ős,en,,
városba,vár,os,ba,2,
romantikus,rom,antik,us,,
szánalmas,szán,al,mas,,
magaddal,mag,ad,dal,,
magaddal,mag,add,al,,
egyesült,eg,ye,sült,,
egyesült,eg,yes,ült,,
egyesült,egy,es,ült,,
hibája,hi,bá,ja,,
gondoltál,gon,dol,tál,,
akárcsak,ak,ár,csak,,
mellettem,me,ll,ettem,,
mellettem,melle,tt,em,,
követni,kö,vet,ni,,
mondhatom,mond,ha,tom,3,mond ha tom
mondhatom,mond,hat,om,2,
magamat,mag,am,at,,
valamikor,va,la,mikor,,
valamikor,val,ami,kor,3,val ami kor
valamikor,val,amik,or,2,
valamikor,vala,mi,kor,2,
valamikor,vala,mik,or,,
olyasmi,oly,as,mi,,
barátnője,barát,nő,je,,
szerette,szer,et,te,,
akkora,ak,ko,ra,,
mindennek,min,den,nek,,
mindennek,mind,en,nek,3,mind en nek
anyukád,an,yu,kád,,
borzalmas,borz,al,mas,,
csináltok,csi,nál,tok,,
csináltok,csin,ál,tok,,
szóljon,szó,lj,on,2,
egymásnak,egy,más,nak,3,egy más nak
állapotban,ál,lapot,ban,,
mondanak,mon,da,nak,,
mondanak,mon,dan,ak,,
mondanak,mond,an,ak,,
fájdalom,fáj,dal,om,2,
állást,ál,lá,st,,
hivatalosan,hivatal,os,an,,
ismerte,is,mer,te,2,
helyesen,hel,ye,sen,,
helyesen,hel,yes,en,,
helyesen,hely,es,en,2,
valamiféle,va,la,miféle,,
valamiféle,val,ami,féle,3,val ami féle
valamiféle,vala,mi,féle,2,
magamra,mag,am,ra,,
amerika,ame,ri,ka,,
hétvégén,hét,vég,én,2,
láttuk,lá,tt,uk,,
amennyit,am,en,nyit,,
william,wil,li,am,,
házasság,háza,ss,ág,,
errefelé,erre,fe,lé,,
találok,tal,ál,ok,,
tartanak,tart,an,ak,,
fogalmad,fo,gal,mad,,
fogalmad,fog,al,mad,,
hadsereg,had,se,reg,,
hadsereg,had,ser,eg,,
magammal,mag,am,mal,,
magammal,maga,mm,al,,
apámat,ap,ám,at,,
mellette,me,ll,ette,,
mellette,mell,et,te,,
telefonon,tele,fo,non,,
hónappal,hó,nap,pal,,
mozdulj,moz,du,lj,,
kérdésem,kérd,és,em,,
nehezen,ne,he,zen,,
nehezen,ne,hez,en,2,
hatással,hat,ás,sal,,
hatással,hat,áss,al,,
épület,ép,ül,et,,
erősebb,erő,se,bb,,
vasárnap,va,sár,nap,2,
vasárnap,vas,ár,nap,2,
rendőrök,rend,őr,ök,,
egymáshoz,egy,más,hoz,3,egy más hoz
tudjam,tu,dj,am,,
azokkal,az,ok,kal,,
fordulj,for,du,lj,,
nővérem,nő,vér,em,,
történetet,tört,én,etet,,
történetet,történ,et,et,,
kocsiba,ko,csi,ba,,
valamelyik,va,la,melyik,,
sikeres,sik,er,es,,
határozottan,határoz,ot,tan,,
határozottan,határoz,ott,an,,
okozta,ok,oz,ta,,
barátai,ba,rá,tai,2,
választásom,választ,ás,om,,
százados,száz,ad,os,,
idősebb,idő,se,bb,2,
halottak,hal,ot,tak,,
halottak,hal,ott,ak,,
halottak,halo,tt,ak,,
melletted,me,ll,etted,,
melletted,mell,et,ted,,
melletted,melle,tt,ed,,
életre,él,et,re,,
találja,tal,ál,ja,,
szörnyeteg,szörny,et,eg,,
akartak,ak,art,ak,,
akartak,aka,rt,ak,,
valahova,va,la,hova,,
valahova,vala,ho,va,,
ismerős,is,mer,ős,,
családot,csa,lá,dot,,
működni,mű,köd,ni,,
istenit,is,ten,it,,
istenit,ist,en,it,,
voltatok,volt,at,ok,,
emlékezni,emlék,ez,ni,,
háborút,há,bo,rút,,
háborút,há,bor,út,,
hitted,hi,tt,ed,,
mással,má,ss,al,,
érdemes,érd,em,es,,
gondolt,gon,do,lt,,
isteni,is,te,ni,2,
sikert,si,ke,rt,,
tanácsot,tan,ács,ot,,
említette,említ,et,te,,
követtem,kö,vett,em,,
követtem,köve,tt,em,,
tolvaj,to,lv,aj,,
csapatot,csa,pat,ot,,
csapatot,csap,at,ot,,
holtan,ho,lt,an,,
hiányozni,hiány,oz,ni,,
fiamat,fi,am,at,,
évesen,év,es,en,,
darabig,da,ra,big,,
darabig,da,rab,ig,,
darabig,dar,ab,ig,,
fogadni,fog,ad,ni,,
tartottam,tart,ot,tam,,
tartottam,tart,ott,am,2,
számítottam,számít,ot,tam,,
számítottam,számít,ott,am,2,
erőszak,er,ős,zak,,
erőszak,er,ősz,ak,,
sehová,se,ho,vá,,
ilyenek,il,ye,nek,,
mindenféle,min,den,féle,,
mindenféle,mind,en,féle,3,mind en féle
valószínű,va,ló,színű,,
szeretet,szer,et,et,,
akkoriban,ak,kori,ban,,
lányokat,lány,ok,at,,
stimmel,st,im,mel,,
állami,ál,la,mi,,
magatokat,maga,to,kat,,
magatokat,maga,tok,at,,
egyfajta,egy,faj,ta,,
lopott,lo,po,tt,,
erőszakos,erős,zak,os,,
nyugodjon,nyu,god,jon,,
végezni,vég,ez,ni,,
követett,kö,ve,tett,,
követett,köve,te,tt,,
ahonnan,ah,onn,an,,
kettes,ke,tt,es,,
okozott,ok,oz,ott,,
keress,ke,re,ss,,
alaposan,al,ap,osan,,
alaposan,alap,os,an,,
állatok,ál,la,tok,,
állatok,áll,at,ok,,
halált,ha,lá,lt,,
néhányan,né,hány,an,,
szabályokat,szabály,ok,at,,
egyike,eg,yi,ke,,
várjanak,vár,ja,nak,2,
várjanak,vár,jan,ak,,
várjanak,várj,an,ak,,
gondoltad,gon,dol,tad,,
suliban,su,li,ban,,
hallok,ha,ll,ok,,
valamint,va,la,mint,,
valamint,va,lam,int,,
valamint,val,am,int,,
mostanra,mo,stan,ra,,
mostanra,mos,tan,ra,,
mostanra,most,an,ra,2,
szóltam,szó,lt,am,,
szándékosan,szándék,os,an,,
halálát,ha,lá,lát,,
teheted,te,he,ted,,
kelljen,ke,ll,jen,,
kelljen,kel,lj,en,,
mondhatok,mond,ha,tok,2,
mondhatok,mond,hat,ok,2,
testet,te,st,et,,
érezte,ér,ez,te,,
történhetett,történ,he,tett,,
történhetett,történ,hete,tt,,
jobbat,jo,bb,at,,
energia,en,er,gia,,
valamiben,va,la,miben,,
magánál,mag,án,ál,,
napján,na,pj,án,,
mondjon,mon,dj,on,,
anyámat,any,ám,at,,
dehogyis,de,hogy,is,3,de hogy is
mindenesetre,min,den,esetre,,
mindenesetre,mind,en,esetre,2,
mindenesetre,minden,eset,re,2,
mindenesetre,mindene,set,re,,
mindenesetre,mindenes,et,re,,
helyette,hely,et,te,2,
szálljon,szál,lj,on,,
fogalma,fo,gal,ma,,
fogalma,fog,al,ma,,
parkban,par,kb,an,,
folytassa,folyt,as,sa,,
hónapig,hó,nap,ig,2,
hallja,ha,ll,ja,,
államok,ál,lam,ok,,
államok,áll,am,ok,,
városi,vá,ro,si,,
valahová,va,la,hová,,
valahová,vala,ho,vá,,
önöknek,ön,ök,nek,2,
menteni,men,te,ni,,
amanda,am,an,da,,
szereztem,szer,ezt,em,,
hiányoztál,hiány,oz,tál,,
valamivel,va,la,mivel,,
valamivel,val,ami,vel,3,val ami vel
valamivel,vala,mi,vel,2,
végeztél,vég,ez,tél,,
végeztél,vég,ezt,él,,
testvére,te,st,vére,,
anyukám,any,uk,ám,,
hagyhatom,hagy,ha,tom,2,
hagyhatom,hagy,hat,om,,
érteni,ér,te,ni,,
nyugati,nyu,ga,ti,,
helyszínen,hely,szín,en,2,
alkalmas,al,kal,mas,,
suliba,su,li,ba,,
bármire,bár,mi,re,3,bár mi re
naponta,nap,on,ta,2,
ugyanakkor,ugy,an,akkor,,
ugyanakkor,ugyan,ak,kor,2,
zseniális,zseni,ál,is,,
holnapra,hol,nap,ra,3,hol nap ra
mindenről,min,den,ről,,
mindenről,mind,en,ről,3,mind en ről
álltam,ál,lt,am,,
justin,ju,st,in,,
jelentsen,jelen,ts,en,2,
hajnali,haj,na,li,,
szerinte,sze,rin,te,,
szerinte,szer,in,te,,
küldetés,küld,et,és,,
vettél,ve,tt,él,,
victor,vi,ct,or,,
kérdésre,kérd,és,re,2,
rajtuk,ra,jt,uk,,
ajánlatot,ajánl,at,ot,,
hívtalak,hív,tal,ak,,
készítette,készít,et,te,,
szemétláda,szemét,lá,da,,
pompás,po,mp,ás,,
maradjatok,mar,adja,tok,,
maradjatok,marad,ja,tok,,
maradjatok,maradj,at,ok,,
maradjanak,mar,adja,nak,2,
maradjanak,marad,ja,nak,2,
maradjanak,marad,jan,ak,,
maradjanak,maradj,an,ak,,
fiatalember,fia,tal,ember,2,
fiatalember,fiat,al,ember,,
jeremy,je,re,my,,
emeleten,emel,et,en,,
nyomozás,nyom,oz,ás,,
rendszert,rend,sze,rt,,
években,éve,kb,en,2,
egyetemen,egye,te,men,,
egyetemen,egyet,em,en,2,
fordult,for,du,lt,,
indult,in,du,lt,,
látható,lát,ha,tó,,
várjuk,vá,rj,uk,,
szerezted,szer,ez,ted,,
szerezted,szer,ezt,ed,,
rendőrségi,rend,őrs,égi,,
segítened,segít,en,ed,2,
magadat,mag,ad,at,,
emlékeztet,emlék,ezt,et,,
kapcsolatos,kapcsol,at,os,,
szóltál,szó,lt,ál,,
ugyanis,ugy,an,is,,
keveset,ke,ve,set,,
keveset,kev,es,et,,
társaság,tár,sas,ág,,
társaság,társ,as,ág,,
házasok,ház,as,ok,,
tartotta,tart,ot,ta,,
hatalom,ha,tal,om,,
hatalom,hat,al,om,,
jelentett,jel,en,tett,2,
jelentett,jelen,te,tt,2,
egyetem,egy,et,em,,
magasabb,mag,asa,bb,,
magasabb,maga,sa,bb,,
ügyvédet,ügy,véd,et,,
csináltak,csi,nál,tak,,
csináltak,csin,ál,tak,,
szeretnek,szer,et,nek,,
valóra,va,ló,ra,,
változás,vált,oz,ás,,
maradnak,mar,ad,nak,,
hangosan,han,go,san,,
hangosan,hang,os,an,,
valakire,val,aki,re,3,val aki re
pilóta,pi,ló,ta,,
vámpír,vá,mp,ír,,
iskolai,is,kol,ai,,
gondolat,gon,dol,at,,
egymásra,egy,más,ra,3,egy más ra
istenek,is,te,nek,3,is te nek
tárgyalás,tárgy,al,ás,,
semmiféle,sem,mi,féle,3,sem mi féle
épületet,ép,ül,etet,,
épületet,épül,et,et,,
mostmár,mo,st,már,,
kapjuk,ka,pj,uk,,
egyetemre,egyet,em,re,2,
parton,pa,rt,on,,
tudhatod,tud,ha,tod,2,
pokolban,po,kol,ban,,
akárhogy,ak,ár,hogy,,
akármi,ak,ár,mi,,
lányomat,lá,nyom,at,,
lányomat,lány,om,at,,
indulj,in,du,lj,,
titkot,ti,tk,ot,,
szerezte,szer,ez,te,,
lépjen,lé,pj,en,,
általános,ál,talán,os,,
általános,által,án,os,,
emberiség,ember,is,ég,2,
itteni,it,te,ni,,
életedben,élete,db,en,2,
fogadja,fog,ad,ja,,
ameddig,am,edd,ig,,
maradtam,mar,ad,tam,,
anyagot,an,ya,got,,
robbanás,rob,ban,ás,,
észrevettem,ész,re,vettem,2,
észrevettem,észre,vett,em,2,
anyának,any,án,ak,,
valamiért,va,la,miért,,
valamiért,val,ami,ért,3,val ami ért
valamiért,vala,mi,ért,2,
férfival,fér,fi,val,,
fájdalmas,fáj,dal,mas,2,
szabadna,szab,ad,na,,
főnöke,fő,nö,ke,,
városból,vár,os,ból,,
történne,tört,én,ne,,
folytatni,folyt,at,ni,,
hiányzott,hiány,zo,tt,,
magukkal,mag,uk,kal,,
teheti,te,he,ti,2,
láttak,lá,tt,ak,,
kettesben,ket,te,sben,,
papírokat,pap,írok,at,,
papírokat,papír,ok,at,,
darabokra,da,rab,okra,,
darabokra,da,rabok,ra,,
darabokra,dar,ab,okra,,
darabokra,darab,ok,ra,2,
keresik,ke,re,sik,,
vállalat,váll,al,at,,
rendőrségnek,rend,őrs,égnek,,
rendőrségnek,rend,őrség,nek,,
uramisten,ur,am,isten,,
uramisten,uram,is,ten,,
uramisten,uram,ist,en,,
mindenképpen,min,den,képpen,,
mindenképpen,mind,en,képpen,2,
mindenképpen,minden,kép,pen,2,
segítsenek,segít,se,nek,3,segít se nek
kérdezte,kérd,ez,te,,
fiatalok,fia,tal,ok,,
fiatalok,fiat,al,ok,,
barátomat,barát,om,at,,
kérdezem,kérd,ez,em,,
mégegyszer,még,egy,szer,2,
hangzott,hang,zo,tt,,
rájönni,rá,jön,ni,2,
jelenteni,jelen,te,ni,2,
nagyszerűen,nagy,szerű,en,2,
másokat,má,so,kat,,
másokat,má,sok,at,,
másokat,más,ok,at,,
sikerülni,si,kerül,ni,,
sikerülni,sik,er,ülni,,
sikerülni,siker,ül,ni,,
holttestet,ho,lt,testet,,
holttestet,ho,ltt,estet,,
holttestet,hol,tt,estet,,
holttestet,holt,test,et,,
állapota,álla,po,ta,,
washington,wa,shing,ton,,
washington,wash,ing,ton,,
miller,mi,ll,er,,
apának,ap,án,ak,,
gondolkodom,gondol,ko,dom,,
köszönni,kösz,ön,ni,,
választott,válasz,to,tt,,
alakult,al,aku,lt,,
érdekelt,ér,de,kelt,,
érdekelt,ér,deke,lt,,
koromban,ko,rom,ban,,
koromban,kor,om,ban,2,
műsort,mű,so,rt,,
halljuk,hal,lj,uk,,
kérdezed,kér,de,zed,,
kérdezed,kérd,ez,ed,,
illata,il,la,ta,,
esetre,es,et,re,,
tisztelettel,tisztel,et,tel,,
adhatok,ad,ha,tok,,
adhatok,ad,hat,ok,,
történjen,tört,én,jen,,
okozni,ok,oz,ni,,
terrorista,terror,is,ta,,
találnak,tal,ál,nak,,
szerepet,sze,re,pet,,
steven,st,ev,en,,
pajtás,pa,jt,ás,,
virágot,vi,rá,got,,
virágot,vir,ág,ot,,
testem,te,st,em,,
hazafelé,haza,fe,lé,,
félreértés,félre,ért,és,2,
marshall,mar,sh,all,,
marshall,mar,sha,ll,,
marshall,mars,ha,ll,,
kocsija,ko,csi,ja,,
vallomást,val,lo,mást,2,
kocsival,ko,csi,val,,
követte,kö,vet,te,,
többieket,több,ie,ket,,
egyedülálló,egyed,ül,álló,,
egyedülálló,egyedül,ál,ló,,
véleménye,vélem,én,ye,,
apámnak,ap,ám,nak,2,
akartuk,ak,art,uk,,
akartuk,aka,rt,uk,,
hátrébb,há,tré,bb,,
hátrébb,hát,ré,bb,2,
kérdezhetek,kérd,ez,hetek,,
akármit,ak,ár,mit,,
terveztem,terv,ezt,em,2,
mondhatod,mond,ha,tod,2,
szemetet,sze,met,et,,
szemetet,szem,et,et,,
olyasmit,oly,as,mit,,
istenverte,is,ten,verte,,
istenverte,ist,en,verte,,
istenverte,isten,ver,te,2,
helytelen,hely,tel,en,2,
végtelen,vég,tel,en,,
álltok,ál,lt,ok,,
gondolnak,gon,dol,nak,,
listán,li,st,án,,
indiai,in,di,ai,,
londonban,lon,don,ban,,
maradhat,mar,ad,hat,,
mérföldre,mér,föl,dre,,
mérföldre,mér,föld,re,2,
találtad,tal,ál,tad,,
maradjak,mar,adj,ak,,
maradjak,mara,dj,ak,,
allison,al,li,son,,
allison,all,is,on,2,
négyszemközt,négy,szem,közt,2,
fejedben,feje,db,en,,
választotta,választ,ot,ta,,
haltak,ha,lt,ak,,
álljanak,áll,ja,nak,2,
álljanak,áll,jan,ak,,
álljanak,állj,an,ak,,
magyarázni,mag,ya,rázni,,
pokoli,po,ko,li,,
ritkán,ri,tk,án,,
működnek,mű,köd,nek,,
holnapi,hol,na,pi,2,
italra,it,al,ra,,
férfinak,fér,fi,nak,,
férfinak,fér,fin,ak,,
egyenes,eg,yen,es,,
egyenes,egy,en,es,2,
amilyennek,am,ily,ennek,,
amilyennek,am,ilyen,nek,2,
csináljon,csi,nál,jon,,
csináljon,csin,ál,jon,,
található,talál,ha,tó,,
segítettél,segít,et,tél,,
adatokat,ada,to,kat,,
adatokat,ada,tok,at,,
adatokat,adat,ok,at,,
kamerák,ka,me,rák,,
játszottam,játsz,ot,tam,,
játszottam,játsz,ott,am,,
jennifer,jen,ni,fer,,
érdekelnek,ér,de,kelnek,,
martha,ma,rt,ha,,
testvéred,te,st,véred,,
testvéred,test,vér,ed,,
állította,állít,ot,ta,,
tetején,te,tej,én,2,
azokra,az,ok,ra,2,
értette,ért,et,te,2,
semmivel,sem,mi,vel,3,sem mi vel
intézni,int,éz,ni,,
hozhatok,hoz,ha,tok,2,
hozhatok,hoz,hat,ok,2,
lakott,la,ko,tt,,
csapatban,csa,pat,ban,,
csapatban,csap,at,ban,,
boltban,bo,lt,ban,,
jonathan,jo,na,than,,
jonathan,jo,nat,han,,
jonathan,jon,at,han,,
csalódott,csaló,do,tt,,
ügyvédje,ügy,véd,je,,
választottam,választ,ot,tam,,
választottam,választ,ott,am,2,
időkben,idő,kb,en,2,
iskolát,is,ko,lát,,
életedet,élet,ed,et,,
jutottam,jut,ot,tam,,
jutottam,jut,ott,am,2,
apámmal,ap,ám,mal,,
adrian,ad,ri,an,,
tettes,te,tt,es,,
lauren,la,ur,en,,
madame,ma,da,me,,
egyiket,eg,yi,ket,,
rémálom,rém,ál,om,,
hónapok,hó,nap,ok,,
köszönet,kösz,ön,et,,
helyettem,helye,tt,em,,
hallgatom,hall,ga,tom,,
rejtélyes,rejt,él,yes,,
holttest,ho,lt,test,,
holttest,ho,ltt,est,,
holttest,hol,tt,est,,
holttest,holt,te,st,,
semmiért,sem,mi,ért,3,sem mi ért
helyettes,helye,tt,es,,
édesanyja,édes,any,ja,,
mondania,mon,da,nia,,
kocsiból,ko,csi,ból,,
rendőrségre,rend,őrs,égre,,
rendőrségre,rend,őrség,re,,
partra,pa,rt,ra,,
azonnali,az,onn,ali,,
azonnali,azon,na,li,2,
egyenlő,eg,yen,lő,,
egyenlő,egy,en,lő,2,
párizsban,pá,rizs,ban,,
randira,ran,di,ra,,
helyedben,helye,db,en,,
veszett,ve,sze,tt,,
tudhatja,tud,hat,ja,2,
valamiről,va,la,miről,,
valamiről,val,ami,ről,3,val ami ről
valamiről,vala,mi,ről,2,
követi,kö,ve,ti,,
jelentette,jel,en,tette,2,
jelentette,jelent,et,te,2,
maradhatok,ma,radha,tok,,
maradhatok,mar,adhat,ok,,
maradhatok,marad,ha,tok,2,
maradhatok,marad,hat,ok,2,
kaphatok,kap,ha,tok,2,
kaphatok,kap,hat,ok,2,
időnként,id,őn,ként,,
gondoskodom,gondos,ko,dom,,
biztosíthatom,biztosít,ha,tom,2,
biztosíthatom,biztosít,hat,om,,
abbahagyni,ab,ba,hagyni,,
abbahagyni,abba,hagy,ni,,
tanult,ta,nu,lt,,
nagymama,nagy,ma,ma,,
állati,ál,la,ti,,
viszontlátásra,viszont,látás,ra,2,
mindennap,min,den,nap,,
mindennap,mind,en,nap,3,mind en nap
kértél,ké,rt,él,,
ruhákat,ru,há,kat,,
tutira,tu,ti,ra,2,
léteznek,lét,ez,nek,,
darabot,da,ra,bot,,
darabot,da,rab,ot,,
darabot,dar,ab,ot,,
álljatok,áll,ja,tok,,
álljatok,állj,at,ok,,
válaszokat,válasz,ok,at,,
barbara,bar,ba,ra,2,
baseball,ba,se,ball,2,
baseball,ba,seb,all,,
állomás,ál,lo,más,,
állomás,áll,om,ás,,
értetted,ér,tett,ed,,
értetted,ért,et,ted,,
értetted,érte,tt,ed,,
engedjenek,enged,je,nek,,
családomat,család,om,at,,
tetszene,te,ts,zene,2,
váratlan,vá,rat,lan,,
váratlan,vár,at,lan,,
addigra,add,ig,ra,2,
egymástól,egy,más,tól,3,egy más tól
zavarásért,zavar,ás,ért,,
jelentkezett,jelent,keze,tt,,
tartson,ta,rt,son,,
hallottuk,hall,ott,uk,,
hallottuk,hallo,tt,uk,,
eddigi,ed,di,gi,,
formában,for,má,ban,2,
halljam,ha,ll,jam,,
halljam,hal,lj,am,,
ismerni,is,mer,ni,,
segítségedre,segítség,ed,re,,
gyerekeim,gyere,ke,im,,
mindenem,min,de,nem,2,
mindenem,min,den,em,,
mindenem,mind,en,em,2,
tiszteletet,tisztel,et,et,,
mindkettőnknek,mind,kettőnk,nek,2,
ugyanazon,ugy,an,azon,,
ugyanazon,ugyan,az,on,3,ugyan az on
mindenért,min,den,ért,,
mindenért,mind,en,ért,3,mind en ért
házamban,ház,am,ban,2,
mindenen,min,de,nen,,
mindenen,min,den,en,,
mindenen,mind,en,en,3,mind en en
viselt,vi,se,lt,,
korában,ko,rá,ban,2,
évente,év,en,te,2,
williams,wil,lia,ms,,
szeretnének,szeret,né,nek,2,
egyetemi,egye,te,mi,2,
egésznek,eg,ész,nek,,
ruhában,ru,há,ban,,
választani,válasz,ta,ni,,
sajnálatos,sajnál,at,os,,
történnek,tört,én,nek,2,
hajóra,ha,jó,ra,2,
partit,pa,rt,it,,
tested,te,st,ed,,
modell,mo,de,ll,,
street,st,re,et,,
egyszerűbb,egy,szerű,bb,,
semmiből,sem,mi,ből,2,
láthatod,lát,ha,tod,,
időpontot,idő,pont,ot,2,
bámulatos,bá,mulat,os,,
bámulatos,bámul,at,os,,
álltak,ál,lt,ak,,
julian,ju,li,an,,
késtem,ké,st,em,,
láthatatlan,láthat,at,lan,,
szeretettel,szer,etet,tel,,
szeretettel,szeret,et,tel,,
viseli,vi,se,li,,
natalie,na,tal,ie,,
natalie,nat,al,ie,,
játszanak,játsz,an,ak,,
láthatja,lá,that,ja,,
láthatja,lát,hat,ja,,
ugyanez,ugy,an,ez,,
egyedi,eg,ye,di,,
könnyedén,könny,ed,én,,
hagyjatok,hagy,ja,tok,,
hagyjatok,hagyj,at,ok,,
segítenél,segít,en,él,2,
folytassuk,folyt,as,suk,,
valaminek,va,la,minek,,
valaminek,val,ami,nek,3,val ami nek
valaminek,vala,mi,nek,2,
melyiket,mel,yi,ket,,
végülis,vég,ül,is,,
foglalt,fog,la,lt,,
esetén,es,et,én,,
hetente,he,ten,te,,
birodalom,bi,ro,dalom,,
stabil,st,ab,il,,
mindenit,min,den,it,,
mindenit,mind,en,it,2,
csapata,csa,pa,ta,,
tiszteletes,tisztel,et,es,,
anyámnak,any,ám,nak,2,
magamban,mag,am,ban,,
érezted,ér,ez,ted,,
érezted,ér,ezt,ed,,
heather,he,at,her,,
vesztettem,vesz,tett,em,2,
ártana,ár,ta,na,,
magukra,mag,uk,ra,,
hivatal,hi,va,tal,,
hivatal,hiv,at,al,,
maradnia,mar,ad,nia,,
bizalmas,biz,al,mas,,
kétség,ké,ts,ég,,
áldott,ál,do,tt,,
vigyázzatok,vigyázz,at,ok,,
jobbak,jo,bb,ak,,
jusson,ju,ss,on,,
gondoljon,gon,dol,jon,,
vittem,vi,tt,em,,
döntöttél,dönt,öt,tél,,
virágok,vir,ág,ok,,
várható,vár,ha,tó,2,
színpadon,szín,pa,don,,
színpadon,szín,pad,on,,
alkohol,al,ko,hol,,
semmiről,sem,mi,ről,3,sem mi ről
istenre,is,ten,re,2,
istenre,ist,en,re,2,
miszerint,mi,szer,int,,
törvényes,tör,vén,yes,,
találjam,tal,ál,jam,,
északra,és,zak,ra,2,
északra,ész,ak,ra,,
csináljam,csi,nál,jam,,
csináljam,csin,ál,jam,,
hector,he,ct,or,,
magyarázza,mag,ya,rázza,,
változnak,vált,oz,nak,2,
lassíts,las,sí,ts,,
személyi,szem,él,yi,,
jutottál,jut,ot,tál,,
jutottál,jut,ott,ál,2,
láthatom,lá,that,om,,
láthatom,lát,ha,tom,2,
láthatom,lát,hat,om,,
ügynököt,ügy,nö,köt,,
mostani,mos,ta,ni,,
figyeljenek,figyel,je,nek,,
tudomást,tu,do,mást,,
mitchell,mit,che,ll,,
nevemet,ne,ve,met,,
nőttem,nő,tt,em,,
tanácsadó,tan,ács,adó,,
olyannak,oly,an,nak,,
olyannak,oly,ann,ak,,
barátommal,ba,rá,tommal,2,
barátommal,barát,om,mal,,
autóban,au,tó,ban,,
nyomokat,nyom,ok,at,,
nővéred,nő,vér,ed,,
haverom,ha,ve,rom,,
haverom,ha,ver,om,,
vállalom,váll,al,om,,
laborban,la,bor,ban,,
ugyanabban,ugy,an,abban,,
ugyanabban,ugyan,ab,ban,2,
hónapot,hó,nap,ot,,
magamtól,mag,am,tól,,
kérdeznem,kérd,ez,nem,,
lányokkal,lány,ok,kal,,
maradtak,mar,ad,tak,,
csatorna,csa,tor,na,,
férfiakat,fér,fia,kat,,
férfiakat,férfi,ak,at,,
finoman,fi,no,man,,
finoman,fin,om,an,,
adatok,ad,at,ok,,
vanessa,van,es,sa,,
baromi,ba,ro,mi,2,
rengeteget,ren,get,eget,,
cameron,cam,er,on,,
fogadott,fog,ad,ott,2,
fogadott,foga,do,tt,,
online,on,li,ne,,
kapjon,ka,pj,on,,
bishop,bi,sh,op,,
születésnapot,születés,nap,ot,,
szervezet,szerv,ez,et,,
hallak,ha,ll,ak,,
őrülten,őr,ül,ten,,
őrülten,őr,ült,en,,
direkt,di,re,kt,,
siessen,si,es,sen,,
siessen,si,ess,en,,
gazdagok,gaz,dag,ok,,
anyámmal,any,ám,mal,,
londonba,lon,do,nba,,
londonba,lon,don,ba,,
jelenet,jel,en,et,,
ilyesmire,il,yes,mire,,
ilyesmire,ily,es,mire,,
másoknak,má,sok,nak,2,
másoknak,más,ok,nak,2,
bárhová,bár,ho,vá,,
viselkedj,visel,ke,dj,,
világosan,világ,os,an,,
debbie,de,bb,ie,,
kórházból,kór,ház,ból,,
dobozban,dob,oz,ban,,
nagykövet,nagy,kö,vet,,
névtelen,név,tel,en,2,
vonalban,von,al,ban,,
villám,vi,ll,ám,,
amolyan,am,oly,an,,
művészet,mű,vész,et,,
holttestét,ho,lt,testét,,
holttestét,ho,ltt,estét,,
holttestét,hol,tt,estét,2,
maradtál,mar,ad,tál,,
töltötte,tölt,öt,te,,
találj,ta,lá,lj,,
ártani,ár,ta,ni,,
vádlott,vád,lo,tt,,
madarak,ma,da,rak,,
madarak,ma,dar,ak,,
változni,vált,oz,ni,,
alatti,al,at,ti,,
követem,kö,vet,em,,
boltba,bo,lt,ba,,
mutatok,mu,ta,tok,,
kövess,kö,ve,ss,,
vadászni,vad,ász,ni,,
magadhoz,mag,ad,hoz,,
bizonytalan,bizony,ta,lan,,
bizonytalan,bizony,tal,an,,
reménytelen,remény,tel,en,,
faluban,fa,lu,ban,,
viszonya,visz,on,ya,,
riporter,ri,port,er,,
tudjon,tu,dj,on,,
indián,in,di,án,,
alapos,al,ap,os,,
nálatok,nál,at,ok,,
christopher,chris,top,her,,
christopher,christ,op,her,,
emeletre,emel,et,re,,
sejtettem,se,jt,ettem,,
terjed,te,rj,ed,,
hétköznapi,hét,köz,napi,2,
vérnyomás,vér,nyom,ás,,
nagyapám,nagy,ap,ám,2,
hatalma,ha,tal,ma,,
hatalma,hat,al,ma,,
interneten,int,er,neten,,
önmagát,ön,ma,gát,,
határon,ha,tár,on,2,
határon,hat,ár,on,2,
érdemel,ér,de,mel,,
művelt,mű,ve,lt,,
barátomnak,ba,rá,tomnak,2,
barátomnak,barát,om,nak,,
valóságos,valós,ág,os,,
jelenetet,jel,en,etet,,
jelenetet,jele,net,et,,
jelenetet,jelen,et,et,,
másokkal,má,sok,kal,,
másokkal,má,sokk,al,,
másokkal,más,ok,kal,,
nénikém,né,ni,kém,,
kettős,ke,tt,ős,,
otthona,ott,ho,na,2,
magasan,ma,ga,san,,
magasan,mag,as,an,,
sajnálattal,sajnál,at,tal,,
lassabban,la,ss,abban,,
kulcsokat,kulcs,ok,at,,
tartsuk,ta,rt,suk,,
okoztam,ok,oz,tam,,
christine,chris,ti,ne,,
tiltott,ti,lt,ott,2,
késésért,kés,és,ért,2,
melissa,mel,is,sa,,
egészségedre,egészség,ed,re,,
szívemet,szív,em,et,,
közötti,köz,öt,ti,,
részemről,ré,szem,ről,2,
részemről,rész,em,ről,2,
laborba,la,bor,ba,,
adjatok,ad,ja,tok,,
adjatok,adj,at,ok,,
párizsba,pá,rizs,ba,,
bulizni,bu,liz,ni,,
futott,fu,to,tt,,
készültem,ké,szült,em,,
készültem,kész,ült,em,,
hasonlóan,hason,ló,an,,
tekintettel,tekint,et,tel,,
akármilyen,ak,ár,milyen,,
akármilyen,akár,mily,en,2,
köszönetet,kösz,ön,etet,,
köszönetet,köszön,et,et,,
motort,mo,to,rt,,
gondolkodj,gondol,ko,dj,,
szerettelek,szer,et,telek,,
louise,lo,ui,se,,
neveket,ne,ve,ket,,
junior,ju,ni,or,,
christian,chris,ti,an,,
rosszak,ro,ss,zak,,
mondana,mon,da,na,,
mégiscsak,még,is,csak,3,még is csak
alkalmazott,alkalma,zo,tt,,
lényegre,lény,eg,re,,
szempontból,szem,pont,ból,,
kanapén,ka,nap,én,2,
kanapén,kan,ap,én,,
hangokat,han,go,kat,,
hangokat,hang,ok,at,,
facebook,face,bo,ok,,
vártál,vá,rt,ál,,
jelentenek,jelen,te,nek,3,jelen te nek
baráti,ba,rá,ti,3,ba rá ti
vesztett,vesz,te,tt,2,
máskülönben,más,különb,en,2,
érintett,ér,in,tett,,
kötelet,kö,tel,et,,
rájönnek,rá,jön,nek,3,rá jön nek
kérted,ké,rt,ed,,
azokról,az,ok,ról,2,
háromra,há,rom,ra,,
háromra,hár,om,ra,,
ezerszer,ez,er,szer,,
gondoltok,gon,dol,tok,,
ismernek,is,mer,nek,2,
műtétet,mű,tét,et,,
társadalmi,társa,dal,mi,2,
társadalmi,társad,al,mi,,
aligha,al,ig,ha,2,
butaság,but,as,ág,,
kenyeret,ke,nyer,et,,
magadban,mag,ad,ban,,
magadban,maga,db,an,,
rakéta,ra,ké,ta,,
állatokat,álla,to,kat,,
állatokat,álla,tok,at,,
állatokat,állat,ok,at,,
denise,de,ni,se,2,
nevetni,ne,vet,ni,,
mondhatni,mond,hat,ni,2,
doktornő,dok,tor,nő,,
férjemet,fér,je,met,,
férjemet,fér,jem,et,,
férjemet,férj,em,et,,
számítanak,számít,an,ak,,
ismerted,is,mer,ted,,
ismerted,is,mert,ed,2,
alison,al,is,on,2,
tizedes,ti,zed,es,,
jólvan,jó,lv,an,,
kétségbe,ké,ts,égbe,,
fejemből,fe,jem,ből,,
fejemből,fej,em,ből,,
hazamenni,haza,men,ni,,
magyarázatot,magyaráz,at,ot,,
kellet,ke,ll,et,,
időszak,id,ős,zak,,
időszak,id,ősz,ak,,
társadalom,tár,sa,dalom,,
társadalom,társa,dal,om,,
társadalom,társad,al,om,,
projekt,pro,je,kt,,
magadról,mag,ad,ról,,
számukra,szám,uk,ra,2,
pszichopata,pszicho,pa,ta,,
nagypapa,nagy,pa,pa,,
sorozat,so,roz,at,,
sorozat,sor,oz,at,,
maximum,max,im,um,,
foglalj,fog,la,lj,,
számokat,szám,ok,at,,
menekült,me,nek,ült,,
térképet,tér,ké,pet,,
térképet,tér,kép,et,2,
virágokat,virág,ok,at,,
ingyenes,ing,yen,es,,
mondjad,mon,dj,ad,,
követnek,kö,vet,nek,,
wallace,wa,ll,ace,,
hónapra,hó,nap,ra,2,
önmagad,ön,mag,ad,,
lányoknak,lány,ok,nak,2,
partira,pa,rt,ira,,
partira,par,ti,ra,2,
szerettél,szer,et,tél,,
szeretted,szer,et,ted,,
romlott,ro,ml,ott,,
romlott,rom,lo,tt,,
maradna,mar,ad,na,,
álltál,ál,lt,ál,,
amerikába,ame,ri,kába,,
akarata,ak,ara,ta,,
akarata,aka,ra,ta,,
színésznő,szín,ész,nő,,
okozhat,ok,oz,hat,,
srácokat,srác,ok,at,,
menekülni,me,nek,ülni,,
magadtól,mag,ad,tól,,
helyetted,hely,et,ted,,
helyetted,helye,tt,ed,,
mialatt,mia,la,tt,,
fejezet,fej,ez,et,,
genetikai,gene,ti,kai,,
hatásos,hat,ás,os,,
atyaég,at,ya,ég,,
tévedett,téve,de,tt,,
apukám,ap,uk,ám,,
rendezte,rend,ez,te,,
fogott,fo,go,tt,,
tartoznak,tart,oz,nak,2,
napokban,nap,ok,ban,2,
winston,win,st,on,,
államban,ál,lam,ban,,
államban,ál,lamb,an,,
államban,áll,am,ban,2,
partin,pa,rt,in,,
hónapos,hó,na,pos,,
hónapos,hó,nap,os,,
ajánlatom,ajánl,at,om,,
vonalat,von,al,at,,
fejeztem,fej,ezt,em,,
magamról,mag,am,ról,,
ugyanígy,ugy,an,így,,
anyuka,an,yu,ka,,
intéznem,int,éz,nem,,
buliba,bu,li,ba,,
amilyet,am,ily,et,,
innentől,in,nen,től,,
mutass,mu,ta,ss,,
intézem,int,éz,em,,
koreai,ko,re,ai,,
csináltatok,csinál,ta,tok,,
csináltatok,csinált,at,ok,,
dobott,do,bo,tt,,
vámpírok,vá,mp,írok,,
rendszeresen,rendszer,es,en,2,
hírekben,híre,kb,en,,
tulajdonos,tulaj,do,nos,,
tulajdonos,tulaj,don,os,,
watson,wa,ts,on,,
ilyennek,il,yen,nek,,
ilyennek,ily,en,nek,2,
bolondok,bo,lon,dok,,
mindkettőnket,mind,kettőnk,et,,
életének,él,et,ének,,
autója,au,tó,ja,,
kapcsolatom,kapcsol,at,om,,
rendőrségen,rend,őrs,égen,,
rendőrségen,rend,őrség,en,,
pasast,pa,sa,st,,
készülnek,ké,szül,nek,,
készülnek,kész,ül,nek,2,
színpadra,szín,pad,ra,,
számtalan,szám,ta,lan,,
számtalan,szám,tal,an,,
boltot,bo,lt,ot,,
otthoni,ott,ho,ni,,
vetett,ve,te,tt,,
rendelt,ren,de,lt,,
semmihez,sem,mi,hez,3,sem mi hez
pénzemet,pénz,em,et,,
kezedben,keze,db,en,,
havonta,ha,von,ta,,
kérdezted,kérd,ez,ted,,
kérdezted,kérd,ezt,ed,,
áldjon,ál,dj,on,,
melyeket,mel,ye,ket,,
nyilvánosan,nyilván,os,an,,
bármennyire,bár,mennyi,re,3,bár mennyi re
egyetért,eg,ye,tért,,
egyetért,egy,et,ért,2,
mindennél,min,den,nél,,
mindennél,mind,en,nél,3,mind en nél
haszontalan,haszon,ta,lan,,
haszontalan,haszon,tal,an,,
tudhattam,tud,hat,tam,2,
szolgálatban,szolgál,at,ban,,
fontosak,font,os,ak,,
állomáson,ál,lo,máson,,
állomáson,állom,ás,on,,
anyagi,an,ya,gi,,
semmiképp,sem,mik,épp,2,
sejtem,se,jt,em,,
édesanyám,édes,any,ám,2,
önkéntes,ön,ként,es,2,
virginia,vir,gi,nia,,
kövessen,kö,vess,en,,
kövessen,köve,ss,en,,
bizonyítékokat,bizonyíték,ok,at,,
pontosabban,pont,os,abban,2,
pontosabban,pontos,ab,ban,2,
igencsak,ig,en,csak,3,ig en csak
köszönök,kösz,ön,ök,,
fiának,fi,án,ak,,
madison,ma,di,son,,
madison,mad,is,on,2,
anderson,an,der,son,,
anderson,an,ders,on,,
anderson,and,er,son,,
miranda,mi,ran,da,,
alkoholista,alkohol,is,ta,,
egyikőtök,egyik,őt,ök,2,
olyanokat,olyan,ok,at,,
harcosok,harc,os,ok,,
találat,tal,ál,at,,
halottnak,hal,ott,nak,2,
halottnak,halo,tt,nak,,
szóltak,szó,lt,ak,,
fogadom,fo,ga,dom,,
fogadom,fog,ad,om,,
adjanak,ad,ja,nak,,
adjanak,ad,jan,ak,,
adjanak,adj,an,ak,,
hagyjanak,hagy,ja,nak,,
hagyjanak,hagy,jan,ak,,
hagyjanak,hagyj,an,ak,,
mentőket,ment,ők,et,2,
csakugyan,csak,ugy,an,,
váltak,vá,lt,ak,,
franciaország,fran,cia,ország,,
kellesz,ke,ll,esz,,
időjárás,idő,jár,ás,2,
rendőrtiszt,rend,őr,tiszt,,
rendszerben,rend,szerb,en,,
fejére,fe,jé,re,,
rendőrfőnök,rend,őr,főnök,,
határozott,határ,oz,ott,,
arrafelé,arra,fe,lé,,
lőttem,lő,tt,em,,
mindenfelé,minden,fe,lé,,
hibákat,hi,bá,kat,,
telefonálok,tele,fonál,ok,,
telefonálok,telefon,ál,ok,,
semmim,se,mm,im,,
vonaton,von,at,on,,
azonos,az,on,os,2,
főnököd,fő,nö,köd,,
esetet,es,et,et,,
bocsássanak,bocs,ássa,nak,,
bocsássanak,bocsáss,an,ak,,
mindvégig,mind,vég,ig,2,
magamhoz,mag,am,hoz,,
mondhatja,mond,hat,ja,2,
ügyesen,ügy,es,en,,
mikorra,mi,kor,ra,3,mi kor ra
mikorra,mik,or,ra,,
piacon,pi,ac,on,,
ügyvédem,ügy,véd,em,,
mentális,men,tál,is,,
mentális,ment,ál,is,2,
hálásak,hál,ás,ak,,
néhányat,né,hány,at,,
részese,ré,sze,se,2,
kezelést,keze,lé,st,,
tanuló,ta,nu,ló,,
temetés,te,met,és,2,
végezte,vég,ez,te,,
szándékomban,szándék,om,ban,,
születésnapja,születés,nap,ja,,
suliból,su,li,ból,,
ugyanazok,ugy,an,azok,,
ugyanazok,ugyan,az,ok,2,
fisher,fi,sh,er,,
pasival,pa,si,val,,
pasival,pas,iv,al,,
állatot,áll,at,ot,,
akárhányszor,ak,ár,hányszor,,
fogadta,fog,ad,ta,,
boldogtalan,boldog,ta,lan,,
boldogtalan,boldog,tal,an,,
ígéretet,ígér,et,et,,
serena,se,re,na,3,se re na
kérjen,ké,rj,en,,
másikra,má,sik,ra,,
tanárnő,tan,ár,nő,,
raktárban,ra,kt,árban,,
raktárban,rak,tár,ban,,
álmokat,ál,mo,kat,,
rendőrségtől,rend,őrség,től,,
tizenöt,ti,zen,öt,,
internet,int,er,net,,
fáradjon,fára,dj,on,,
lényegtelen,lényeg,tel,en,2,
igazságtalan,igazság,ta,lan,,
igazságtalan,igazság,tal,an,,
annyiban,ann,yi,ban,,
autóval,au,tó,val,,
menekül,me,nek,ül,,
kórházat,kór,ház,at,,
magasra,mag,as,ra,,
balesetet,bal,es,etet,,
balesetet,bal,eset,et,,
fiamnak,fi,am,nak,,
tárgyalást,tárgya,lá,st,,
régimódi,ré,gi,módi,,
londoni,lon,do,ni,,
sértésnek,sért,és,nek,2,
vonatot,von,at,ot,,
vallásos,val,lá,sos,,
vallásos,vall,ás,os,,
alatta,al,at,ta,,
hallottak,hall,ot,tak,,
hallottak,hall,ott,ak,,
hallottak,hallo,tt,ak,,
randall,ran,da,ll,,
menekülj,me,nek,ülj,,
hangosabban,hang,os,abban,,
hangosabban,hangos,ab,ban,,
jutottak,jut,ot,tak,,
jutottak,jut,ott,ak,2,
dollárral,do,ll,árral,,
tartanom,tart,an,om,,
helyeken,hel,ye,ken,,
erőszakot,erős,zak,ot,,
istenért,is,ten,ért,2,
istenért,ist,en,ért,2,
olyannal,oly,ann,al,,
készülök,ké,szül,ök,,
készülök,kész,ül,ök,,
önmagam,ön,mag,am,,
szerezzen,szer,ez,zen,,
történetesen,történet,es,en,2,
halálának,halál,án,ak,,
máshova,más,ho,va,,
fiammal,fi,am,mal,,
fiammal,fia,mm,al,,
bankban,ban,kb,an,,
alibije,ali,bi,je,,
egyetértünk,eg,ye,tértünk,,
egyetértünk,egy,et,értünk,,
magatokra,mag,at,okra,,
magatokra,maga,tok,ra,2,
segítségért,segíts,ég,ért,,
halottkém,hal,ott,kém,,
halottkém,halo,tt,kém,,
azokon,az,ok,on,2,
azokban,az,ok,ban,2,
papírok,pap,ír,ok,,
észrevette,ész,re,vette,2,
észrevette,észre,vet,te,2,
valahányszor,va,la,hányszor,,
erősnek,er,ős,nek,,
javította,javít,ot,ta,,
amatőr,am,at,őr,,
forgalom,for,gal,om,,
gyerekkoromban,gyerek,korom,ban,2,
jessie,je,ss,ie,,
versenyen,ver,sen,yen,,
versenyen,vers,en,yen,,
csapatom,csa,pa,tom,,
csapatom,csa,pat,om,,
csapatom,csap,at,om,,
teherautó,te,her,autó,2,
teherautó,teher,au,tó,,
bizalom,biz,al,om,,
államokban,állam,ok,ban,2,
valamim,va,la,mim,,
valamim,va,lam,im,,
valamim,val,am,im,,
máshová,más,ho,vá,,
használható,használ,ha,tó,,
barátokat,ba,rátok,at,,
barátokat,barát,ok,at,,
sheila,sh,ei,la,,
fejezni,fej,ez,ni,,
ezáltal,ez,ál,tal,,
tartozott,tart,oz,ott,2,
tervezte,terv,ez,te,2,
számítógépes,számító,gép,es,,
születtél,szül,et,tél,,
férjével,fér,jé,vel,,
robbie,ro,bb,ie,,
alkoholt,al,ko,holt,,
folytatja,folyt,at,ja,,
tartottak,tart,ot,tak,,
tartottak,tart,ott,ak,2,
halkabban,halk,ab,ban,,
segítenie,segít,en,ie,2,
szelleme,sze,ll,eme,,
mehetett,me,he,tett,,
mehetett,me,hete,tt,,
kanadai,ka,na,dai,,
kanadai,kan,ad,ai,,
szabadok,szab,ad,ok,,
döntésem,dönt,és,em,,
forradalom,for,ra,dalom,2,
tulajdona,tulaj,do,na,,
csapatnak,csa,pat,nak,,
csapatnak,csap,at,nak,,
jóságos,jós,ág,os,,
normálisan,normál,is,an,,
késtél,ké,st,él,,
foster,fo,st,er,,
gyanúsítottat,gyanúsít,ott,at,,
alexander,alex,an,der,,
alexander,alex,and,er,,
kezdetnek,kezd,et,nek,2,
egyforma,egy,for,ma,2,
vágott,vá,go,tt,,
köszönhetem,kösz,ön,hetem,,
észrevetted,ész,re,vetted,,
észrevetted,észre,vet,ted,,
észrevetted,észre,vett,ed,2,
segítséged,segíts,ég,ed,,
hagyhatod,hagy,ha,tod,,
lovakat,lo,va,kat,,
lovakat,lo,vak,at,,
tudniuk,tud,ni,uk,,
súlyosan,súly,os,an,,
raktár,ra,kt,ár,,
semmin,se,mm,in,,
erősebben,er,ős,ebben,,
szereztél,szer,ez,tél,,
szereztél,szer,ezt,él,,
holnapig,hol,nap,ig,3,hol nap ig
imádnivaló,imád,ni,való,,
imádnivaló,imádni,va,ló,,
hallanak,hal,la,nak,,
hallanak,hal,lan,ak,,
hallanak,hall,an,ak,,
kellős,ke,ll,ős,,
központban,köz,pont,ban,2,
ütötte,üt,öt,te,,
forrása,for,rá,sa,2,
házamba,ház,am,ba,2,
egykori,egy,ko,ri,,
műveltél,mű,vel,tél,,
műveltél,műve,lt,él,,
sikeresen,si,keres,en,2,
sikeresen,siker,es,en,,
magabiztos,ma,ga,biztos,,
próbáltalak,próbál,tal,ak,,
próbáltalak,próbált,al,ak,,
otthagyta,ott,hagy,ta,,
szerepelt,sze,re,pelt,,
magazin,ma,gaz,in,,
magazin,mag,az,in,,
magyarázd,mag,ya,rázd,,
fiatalon,fia,ta,lon,,
fiatalon,fia,tal,on,2,
fiatalon,fiat,al,on,,
ítéletet,ítél,et,et,,
regina,re,gi,na,2,
lényeges,lény,eg,es,,
tiszteletem,tisztel,et,em,,
szóltok,szó,lt,ok,,
lányommal,lá,nyom,mal,,
lányommal,lány,om,mal,,
minimum,mi,nim,um,,
minimum,min,im,um,,
célpontot,cél,pont,ot,,
tanulj,ta,nu,lj,,
pokolra,po,kol,ra,,
álmodom,ál,mo,dom,,
helyrehozni,hely,re,hozni,2,
helyrehozni,helyre,hoz,ni,2,
lásson,lá,ss,on,,
baszódj,ba,szó,dj,2,
aggódjatok,aggódj,at,ok,,
vádakat,vá,da,kat,,
vádakat,vád,ak,at,,
szélhámos,szél,há,mos,,
kapcsolatok,kapcsol,at,ok,,
ugyanilyen,ugy,an,ilyen,,
ugyanilyen,ugyan,il,yen,,
ugyanilyen,ugyan,ily,en,2,
rendőröket,rend,őr,öket,,
rendőröket,rend,őrök,et,,
rendőröket,rendőr,ök,et,,
önökkel,ön,ök,kel,,
kezedet,ke,zed,et,,
halállal,hal,áll,al,,
valahonnan,va,la,honnan,,
valahonnan,val,ah,onnan,2,
jefferson,jeff,er,son,,
szívesebben,szív,es,ebben,,
áramot,ár,am,ot,,
ruhája,ru,há,ja,,
fenéről,fe,né,ről,,
festesz,fe,st,esz,,
palota,pa,lo,ta,,
sebesség,seb,ess,ég,,
sebesség,sebe,ss,ég,,
vallási,val,lá,si,,
láttára,lá,tt,ára,,
csapatok,csa,pa,tok,,
csapatok,csa,pat,ok,,
csapatok,csap,at,ok,,
ajtókat,aj,tó,kat,,
vallanom,val,lan,om,,
vallanom,vall,an,om,,
európában,euró,pá,ban,,
taktikai,tak,ti,kai,,
személyiség,személy,is,ég,2,
nagybátyám,nagy,báty,ám,2,
könyvtárban,könyv,tár,ban,2,
superman,su,per,man,,
silver,si,lv,er,,
fejemet,fe,je,met,,
fejemet,fe,jem,et,,
fejemet,fej,em,et,,
porter,po,rt,er,,
igazuk,ig,az,uk,2,
találtatok,talál,ta,tok,,
találtatok,talált,at,ok,,
tollat,to,ll,at,,
mindennapi,min,den,napi,,
mindennapi,mind,en,napi,3,mind en napi
mindennapi,minden,na,pi,2,
éjjeli,éj,je,li,,
alapja,al,ap,ja,,
történteket,történ,te,ket,,
teresa,te,re,sa,2,
hiányoznak,hiány,oz,nak,,
farkasok,far,ka,sok,,
telefonálni,tele,fonál,ni,,
telefonálni,telefon,ál,ni,,
menedéket,me,ned,éket,,
menedéket,men,ed,éket,,
testvéreim,test,vére,im,,
tartsam,ta,rt,sam,,
istenkém,is,ten,kém,,
istenkém,ist,en,kém,,
hajóval,ha,jó,val,2,
keletre,kel,et,re,,
számíthatok,számít,ha,tok,2,
számíthatok,számít,hat,ok,2,
tönkretenni,tönkre,ten,ni,,
részegen,ré,sze,gen,,
részegen,ré,szeg,en,2,
részegen,rész,eg,en,2,
érdemli,érd,em,li,,
ismernem,is,mer,nem,2,
hazajön,ha,zaj,ön,2,
pierre,pi,er,re,,
rendezni,rend,ez,ni,,
fotókat,fo,tó,kat,,
szertartás,szer,tart,ás,,
szertartás,szert,art,ás,,
helyszínre,hely,szín,re,2,
fejedet,fe,jed,et,,
fejedet,fej,ed,et,,
hangulat,han,gul,at,,
önmaga,ön,ma,ga,,
sullivan,su,ll,ivan,,
másodpercet,másod,perc,et,,
lényeget,lény,eg,et,,
valentin,val,en,tin,2,
nicholas,ni,cho,las,,
nicholas,nic,ho,las,,
nicholas,nic,hol,as,,
parancsokat,parancs,ok,at,,
bulira,bu,li,ra,,
élvezed,él,ve,zed,,
szemeid,sze,me,id,,
folytatom,folyt,at,om,,
szeretetet,szer,et,etet,,
szeretetet,szer,etet,et,,
szeretetet,szeret,et,et,,
simpson,si,mp,son,,
sajtot,sa,jt,ot,,
csajjal,csa,jj,al,,
férjemmel,fér,jem,mel,,
férjemmel,férj,em,mel,,
maguktól,mag,uk,tól,,
egymásba,egy,más,ba,3,egy más ba
kalifornia,kali,for,nia,,
fontosat,font,os,at,,
tárgyalni,tárgy,al,ni,,
esténként,est,én,ként,2,
gyerekeid,gyere,ke,id,,
technikai,tech,ni,kai,,
technikai,tech,nik,ai,,
valamennyi,va,la,mennyi,,
valamennyi,va,lam,ennyi,,
valamennyi,val,am,ennyi,2,
haverod,ha,ve,rod,,
vesztettél,vesz,tett,él,2,
motoros,mo,tor,os,,
parancsnoka,parancs,no,ka,,
barátaimmal,barátai,mm,al,,
követtél,kö,vet,tél,,
követtél,kö,vett,él,,
követtél,köve,tt,él,,
üljenek,ül,je,nek,,
cuccokat,cucc,ok,at,,
vállalni,váll,al,ni,,
választottad,választ,ot,tad,,
választottad,választ,ott,ad,2,
kedveltem,kedve,lt,em,,
vivian,vi,vi,an,,
játszottál,játsz,ot,tál,,
játszottál,játsz,ott,ál,,
érvényes,ér,vén,yes,,
érvényes,érv,én,yes,,
erőszakkal,erős,zak,kal,,
szereznem,szer,ez,nem,,
gondjai,gon,dj,ai,,
automata,au,to,mata,,
drámai,dr,ám,ai,,
otthagytam,ott,hagy,tam,,
pillanatok,pil,lana,tok,,
pánikba,pá,nik,ba,,
hónapokig,hó,napok,ig,,
hónapokig,hónap,ok,ig,2,
fényképet,fény,ké,pet,,
fényképet,fény,kép,et,2,
szóljak,szó,lj,ak,,
holland,ho,ll,and,,
autóba,au,tó,ba,,
családommal,család,om,mal,,
mindenható,minden,ha,tó,2,
házához,ház,áh,oz,,
lőjenek,lő,je,nek,,
bárhova,bár,ho,va,,
várjál,vá,rj,ál,,
vallomása,val,lo,mása,,
értelmet,ér,tel,met,,
menedzser,men,edz,ser,,
sajtos,sa,jt,os,,
fogadtam,fog,ad,tam,,
halloween,hal,lowe,en,,
halloween,hallo,we,en,,
rokona,ro,ko,na,,
haláltól,hal,ál,tól,,
valamin,va,la,min,,
valamin,va,lam,in,,
valamin,val,am,in,,
terepen,te,re,pen,2,
tökmindegy,tök,mind,egy,2,
városnak,vár,os,nak,2,
franciaországban,fran,cia,országban,,
franciaországban,francia,ország,ban,3,francia ország ban
tetves,te,tv,es,,
észrevenni,ész,re,venni,2,
nyomozni,nyom,oz,ni,,
raktam,ra,kt,am,,
srácokkal,srác,ok,kal,,
álmaim,ál,ma,im,,
találjon,tal,ál,jon,,
pokolian,po,ko,lian,,
pokolian,po,kol,ian,,
kokain,ko,ka,in,,
korodban,ko,rod,ban,,
szemeim,sze,me,im,,
munkádat,mun,kád,at,,
valerie,val,er,ie,,
stevie,st,ev,ie,,
jutalom,ju,tal,om,,
jutalom,jut,al,om,,
utasításokat,utasít,ások,at,,
utasításokat,utasítás,ok,at,,
tízezer,tíz,ez,er,,
városon,vá,ro,son,,
városon,vár,os,on,2,
rájöttél,rá,jött,él,2,
engedélye,enged,él,ye,,
értened,ér,te,ned,,
értened,ér,ten,ed,,
értened,ért,en,ed,2,
futottam,fut,ot,tam,,
futottam,fut,ott,am,,
éjfélkor,éj,fél,kor,2,
abbahagynád,ab,ba,hagynád,,
jelentene,jelen,te,ne,2,
tudjak,tu,dj,ak,,
hívjanak,hív,ja,nak,,
hívjanak,hív,jan,ak,,
hívjanak,hívj,an,ak,,
nadrág,na,dr,ág,,
hiánya,hi,án,ya,,
gideon,gi,de,on,2,
stephanie,step,han,ie,,
stephanie,steph,an,ie,,
tizenkét,ti,zen,két,2,
marhaság,mar,has,ág,,
férjének,fér,jé,nek,,
művelet,mű,vel,et,,
működjön,mű,köd,jön,,
darabja,da,rab,ja,,
darabja,dar,ab,ja,,
hétben,hé,tb,en,,
törvénytelen,törvény,tel,en,2,
édesapja,édes,ap,ja,,
kezekben,keze,kb,en,,
ajándékokat,ajándék,ok,at,,
hajója,ha,jó,ja,,
bűntudat,bűn,tud,at,,
babának,ba,bá,nak,2,
babának,bab,án,ak,,
törődjön,törő,dj,ön,,
ismerősnek,ismer,ős,nek,,
tanácsos,tan,ács,os,,
küldjenek,küld,je,nek,,
emlékeznek,emlék,ez,nek,,
mindegyiket,mind,egyik,et,2,
hónapon,hó,nap,on,2,
francokat,franc,ok,at,,
nevelt,ne,ve,lt,,
semmitől,sem,mi,től,3,sem mi től
csillagokat,csillag,ok,at,,
lábbal,lá,bb,al,,
donovan,do,no,van,2,
lássalak,lá,ss,alak,,
lássalak,láss,al,ak,,
házamból,ház,am,ból,,
szememmel,szem,em,mel,,
magadon,ma,ga,don,,
magadon,mag,ad,on,,
készüljenek,készül,je,nek,2,
ottani,ot,ta,ni,,
maradtok,mar,ad,tok,,
őrültnek,őr,ült,nek,,
sírtam,sí,rt,am,,
haverok,ha,ver,ok,,
heroin,he,ro,in,,
vadállat,vad,áll,at,,
sebesült,seb,es,ült,,
tárgyaláson,tárgya,lá,son,,
tárgyaláson,tárgyal,ás,on,,
naplója,nap,ló,ja,,
vigyázzanak,vigyázz,an,ak,,
módszert,mód,sze,rt,,
szenvedélyes,szenved,él,yes,,
egybeesés,egybe,es,és,,
rádióban,rá,dió,ban,2,
döntésed,dönt,és,ed,,
piacra,pi,ac,ra,,
érdekelni,ér,de,kelni,,
indulásra,indul,ás,ra,2,
pasija,pa,si,ja,,
álljak,ál,lj,ak,,
készüljön,ké,szül,jön,,
készüljön,kész,ül,jön,2,
készüljön,kész,ülj,ön,2,
abigail,ab,iga,il,,
abigail,abi,ga,il,,
szabadott,szab,ad,ott,,
kérdésemre,kérdés,em,re,2,
említetted,említ,et,ted,,
szüleimet,szül,ei,met,,
gyerekkori,gyerek,ko,ri,,
tervezem,terv,ez,em,,
munkahelyi,mun,ka,helyi,,
munkahelyi,munka,hel,yi,,
állapot,ál,lap,ot,,
állapot,áll,ap,ot,,
váltam,vá,lt,am,,
vallás,va,ll,ás,,
terápia,te,rá,pia,4,te rá pia
mondanál,mon,da,nál,,
mondanál,mon,dan,ál,,
mondanál,mond,an,ál,,
választottál,választ,ot,tál,,
választottál,választ,ott,ál,2,
hullám,hu,ll,ám,,
hallgatok,hall,ga,tok,,
adásban,ad,ás,ban,,
bátyámat,báty,ám,at,,
mindene,min,de,ne,,
barátaival,barát,ai,val,,
tanította,tanít,ot,ta,,
okokból,ok,ok,ból,,
nevess,ne,ve,ss,,
ruháit,ru,há,it,,
nagybácsi,nagy,bá,csi,,
egyenruhát,eg,yen,ruhát,,
egyenruhát,egy,en,ruhát,2,
egyenruhát,egyen,ru,hát,,
helyesnek,hel,yes,nek,,
helyesnek,hely,es,nek,2,
unokaöcsém,un,oka,öcsém,,
unokaöcsém,uno,ka,öcsém,,
kevesen,ke,ve,sen,,
kevesen,kev,es,en,,
hegyekben,hegye,kb,en,,
christina,chris,ti,na,2,
mentette,ment,et,te,2,
laurie,la,ur,ie,,
tanítottam,tanít,ot,tam,,
tanítottam,tanít,ott,am,,
hajtott,ha,jt,ott,2,
hajtott,haj,to,tt,,
parancsa,pa,ran,csa,,
parancsa,par,an,csa,,
vonalon,von,al,on,,
középen,köz,ép,en,,
időket,id,ők,et,,
állomásra,ál,lo,másra,,
állomásra,állom,ás,ra,,
áldozatokat,áldozat,ok,at,,
életemből,élet,em,ből,,
páratlan,pá,rat,lan,,
páratlan,pár,at,lan,,
főnököt,fő,nö,köt,,
vadásznak,vad,ász,nak,,
fogadás,fog,ad,ás,,
mindörökké,mind,örök,ké,,
végeznek,vég,ez,nek,,
segítenem,segít,en,em,2,
lányának,lány,án,ak,,
javier,ja,vi,er,,
kémiai,ké,mi,ai,,
telefonál,tele,fo,nál,2,
mérföldet,mér,föld,et,,
hajóról,ha,jó,ról,2,
szóljatok,szól,ja,tok,,
szóljatok,szólj,at,ok,,
rémülve,rém,ül,ve,,
igazságszolgáltatás,igazság,szolgáltat,ás,,
melanie,me,lan,ie,,
melanie,mel,an,ie,,
dalokat,da,lo,kat,,
dalokat,dal,ok,at,,
technika,tech,ni,ka,,
tartana,ta,rt,ana,,
kíváncsiak,kíván,csi,ak,,
állásom,áll,ás,om,,
melletti,me,ll,etti,,
melletti,mell,et,ti,,
hullámok,hull,ám,ok,,
halhatatlan,halhat,at,lan,,
maradnál,mar,ad,nál,,
kocsihoz,ko,csi,hoz,,
egyenruha,eg,yen,ruha,,
egyenruha,egy,en,ruha,2,
egyenruha,egyen,ru,ha,,
tarthat,ta,rt,hat,,
unokám,un,ok,ám,,
változtál,vált,oz,tál,,
hittél,hi,tt,él,,
titkok,ti,tk,ok,,
hagyhatja,hagy,hat,ja,,
veszekedni,veszek,ed,ni,,
hadsereget,had,ser,eget,,
hadsereget,had,sereg,et,,
rejteget,re,jt,eget,,
rejteget,rejt,eg,et,,
csapatba,csa,pat,ba,,
csapatba,csap,at,ba,,
kalapot,ka,lap,ot,,
kalapot,kal,ap,ot,,
austin,au,st,in,,
űrhajó,űr,ha,jó,,
húzzatok,húzz,at,ok,,
tavalyi,ta,val,yi,,
lányomnak,lá,nyom,nak,,
lányomnak,lány,om,nak,2,
hagytalak,hagy,tal,ak,,
működne,mű,köd,ne,,
anyunak,an,yu,nak,,
anyunak,an,yun,ak,,
anyunak,any,un,ak,,
figura,fi,gu,ra,,
mindenkorra,min,den,korra,,
mindenkorra,mind,en,korra,2,
mindenkorra,minden,kor,ra,3,minden kor ra
hamilton,ham,il,ton,,
férfiakkal,férfi,ak,kal,,
szívrohamot,szív,roham,ot,,
nagymenő,nagy,me,nő,,
értett,ér,te,tt,,
hajlamos,haj,la,mos,,
hajlamos,haj,lam,os,,
érdekedben,érdeke,db,en,,
adhatom,ad,ha,tom,2,
adhatom,ad,hat,om,,
figyelemre,figyel,em,re,,
bolondot,bo,lon,dot,,
adatait,ada,ta,it,,
január,ja,nu,ár,,
szükségtelen,szükség,tel,en,2,
eszerint,esz,er,int,,
szakítottam,szakít,ot,tam,,
szakítottam,szakít,ott,am,,
kutató,ku,ta,tó,,
japánban,ja,pán,ban,,
városa,vá,ro,sa,,
mondhattam,mond,hat,tam,2,
munkanélküli,mun,ka,nélküli,,
munkanélküli,munka,nél,küli,2,
gondoskodj,gondos,ko,dj,,
értenek,ér,te,nek,2,
juliette,ju,li,ette,,
pillanata,pi,ll,anata,,
pillanata,pil,lana,ta,,
miattuk,mia,tt,uk,,
lázadás,láz,ad,ás,,
damien,da,mi,en,2,
summer,su,mm,er,,
helyénvaló,hely,én,való,3,hely én való
helyénvaló,helyén,va,ló,,
valahogyan,va,la,hogyan,,
valahogyan,val,ahogy,an,2,
valahogyan,vala,hog,yan,,
valahogyan,vala,hogy,an,,
társaságot,társas,ág,ot,,
darabban,da,rab,ban,,
darabban,dar,ab,ban,,
kapitánya,ka,pi,tánya,,
születésnapi,születés,na,pi,,
férfiaknak,férfi,ak,nak,2,
másodpercig,másod,perc,ig,2,
eszközök,esz,köz,ök,,
nappaliban,nap,pali,ban,2,
testtel,te,st,tel,,
közölni,köz,öl,ni,,
szívemből,szív,em,ből,,
tengerparton,tenger,par,ton,,
tengerparton,tenger,part,on,,
mutatom,mu,ta,tom,,
alakot,al,ak,ot,,
madarat,ma,da,rat,,
madarat,ma,dar,at,,
padlóra,pad,ló,ra,,
ingatlan,ing,at,lan,,
olyasvalaki,oly,as,valaki,,
olyasvalaki,olyas,val,aki,2,
tanárok,tan,ár,ok,,
valóságban,valós,ág,ban,,
váljon,vá,lj,on,,
maurice,ma,ur,ice,,
mentett,men,te,tt,,
csillagos,csi,ll,agos,,
haladnak,hal,ad,nak,,
múltkori,múlt,ko,ri,,
életemnek,élet,em,nek,2,
nevetés,ne,vet,és,,
doktort,dok,to,rt,,
kövessenek,kö,vesse,nek,,
nappali,nap,pa,li,,
ülésen,ül,és,en,2,
központba,köz,pont,ba,2,
életnek,él,et,nek,,
sitten,si,tt,en,,
mindentől,min,den,től,,
mindentől,mind,en,től,3,mind en től
keller,ke,ll,er,,
világa,vi,lá,ga,,
azoktól,az,ok,tól,2,
vállalati,válla,la,ti,,
hívjatok,hív,ja,tok,,
hívjatok,hívj,at,ok,,
másolat,má,sol,at,,
mindkettőtöket,mind,kettőt,öket,,
mindkettőtöket,mind,kettőtök,et,,
mindkettőtöket,mindkettő,tök,et,,
mindkettőtöket,mindkettőt,ök,et,,
németország,né,met,ország,,
holtak,ho,lt,ak,,
középiskolában,köz,ép,iskolában,,
valakitől,val,aki,től,3,val aki től
halálba,hal,ál,ba,,
emlékeztem,emlék,ezt,em,,
férfias,fér,fi,as,,
unokatestvérem,un,oka,testvérem,,
unokatestvérem,uno,ka,testvérem,,
unokatestvérem,unoka,test,vérem,,
unokatestvérem,unoka,testvér,em,,
jelentették,jel,en,tették,,
emlékezzen,emlék,ez,zen,,
arcomat,arc,om,at,,
melegen,mel,eg,en,,
ajtónál,aj,tó,nál,,
hagyhattam,hagy,hat,tam,,
jelentettek,jel,en,tettek,,
srácoknak,srác,ok,nak,2,
köztársaság,köz,társas,ág,,
tizenegy,ti,zen,egy,2,
szálljatok,száll,ja,tok,,
szálljatok,szállj,at,ok,,
alapon,al,ap,on,,
űrhajós,űr,ha,jós,,
bukott,bu,ko,tt,,
váltott,vá,lt,ott,,
korona,ko,ro,na,,
félúton,fél,út,on,2,
magamból,mag,am,ból,,
családok,csa,lá,dok,,
vadászok,vad,ász,ok,,
roberts,rob,er,ts,,
állítottam,állít,ot,tam,,
állítottam,állít,ott,am,,
számlákat,szám,lá,kat,,
században,száz,ad,ban,2,
élettel,él,et,tel,,
szolgálatot,szolgál,at,ot,,
vallomás,val,lo,más,2,
vallomás,vall,om,ás,,
vonattal,von,at,tal,,
szálloda,szál,lo,da,,
hozzatok,hozz,at,ok,,
kérdéses,kérd,és,es,,
szülinapja,szül,in,apja,,
egyaránt,eg,ya,ránt,,
hiányoztam,hiány,oz,tam,,
folytatott,folyt,at,ott,,
telefonáltam,tele,fonál,tam,,
telefonáltam,telefon,ál,tam,,
goromba,go,rom,ba,,
vártuk,vá,rt,uk,,
szívedet,szív,ed,et,,
tönkretetted,tönkre,tett,ed,,
csinálnia,csi,nál,nia,,
csinálnia,csin,ál,nia,,
férjemnek,fér,jem,nek,,
férjemnek,férj,em,nek,,
hawaii,ha,wa,ii,,
testvérét,te,st,vérét,,
hozzanak,hozz,an,ak,,
rólatok,ról,at,ok,,
semmirekellő,sem,mire,kellő,3,sem mire kellő
semmirekellő,semmi,re,kellő,3,semmi re kellő
semmirekellő,semmire,kel,lő,2,
szívesség,szív,ess,ég,,
szívesség,szíve,ss,ég,,
istennő,is,ten,nő,,
istennő,ist,en,nő,,
műholdas,mű,hol,das,,
műholdas,mű,hold,as,,
ejtett,ej,te,tt,,
egyszeri,egy,sze,ri,,
hiábavaló,hiába,va,ló,,
bocsánatkérés,bocsánat,ké,rés,,
bocsánatkérés,bocsánat,kér,és,,
vadászat,vad,ász,at,,
rendőröknek,rend,őrök,nek,,
rendőröknek,rendőr,ök,nek,,
szedett,sze,de,tt,,
sokkoló,sok,ko,ló,,
dobozba,dob,oz,ba,,
fejenként,fe,jen,ként,,
fejenként,fej,en,ként,2,
szabadulj,szab,adu,lj,,
helyeket,hel,ye,ket,,
kalózok,kal,óz,ok,,
tudatni,tud,at,ni,,
istene,is,te,ne,2,
szeress,sze,re,ss,,
parkoló,par,ko,ló,,
nagyuram,na,gyu,ram,,
nagyuram,nagy,ur,am,,
faluba,fa,lu,ba,,
használhatom,használ,ha,tom,2,
használhatom,használ,hat,om,,
másodpercre,másod,perc,re,2,
javára,ja,vá,ra,,
napokig,nap,ok,ig,2,
szembenézni,szembe,néz,ni,,
szembenézni,szemben,éz,ni,,
hatására,hat,ás,ára,2,
egyenlőre,egyen,lő,re,,
szerelő,sze,re,lő,,
létrehozni,lét,re,hozni,,
létrehozni,létre,hoz,ni,2,
javasolta,java,sol,ta,,
munkánkat,mun,kán,kat,,
shannon,sh,an,non,,
shannon,sh,ann,on,,
dolgait,dol,ga,it,,
terepet,te,re,pet,2,
mertem,me,rt,em,,
nevezed,ne,ve,zed,,
bántotta,bánt,ot,ta,,
babával,ba,bá,val,2,
fenéért,fe,né,ért,,
gyanúsítottak,gyanúsít,ot,tak,,
gyanúsítottak,gyanúsít,ott,ak,,
állampolgár,ál,lam,polgár,,
állampolgár,áll,am,polgár,,
középiskola,köz,ép,iskola,,
északon,és,zak,on,2,
északon,ész,ak,on,,
üzenetem,üzen,et,em,,
vonatra,von,at,ra,,
esetem,es,et,em,,
vállalja,vá,ll,alja,,
vállalja,váll,al,ja,,
listára,li,st,ára,,
prosti,pr,os,ti,,
műsorban,mű,sor,ban,2,
csajokat,csa,jo,kat,,
csajokat,csaj,ok,at,,
percenként,perc,en,ként,3,perc en ként
poharat,po,ha,rat,,
halálosan,hal,ál,osan,,
halálosan,halál,os,an,,
vártak,vá,rt,ak,,
képesség,kép,ess,ég,,
képesség,képe,ss,ég,,
houston,ho,us,ton,,
lépésre,lép,és,re,2,
hálaadás,há,la,adás,,
hálaadás,hála,ad,ás,,
sutton,su,tt,on,,
egyenként,eg,yen,ként,,
egyenként,egy,en,ként,3,egy en ként
rendelni,ren,del,ni,,
fontosnak,font,os,nak,,
barlangban,bar,lang,ban,,
holnapután,hol,nap,után,3,hol nap után
építette,épít,et,te,,
mindenből,min,den,ből,,
mindenből,mind,en,ből,2,
késett,ké,se,tt,,
rejtve,re,jt,ve,,
csapattal,csa,pat,tal,,
csapattal,csap,at,tal,,
használhatatlan,használhat,at,lan,,
julius,ju,li,us,,
választottak,választ,ot,tak,,
választottak,választ,ott,ak,2,
fuvart,fu,va,rt,,
ejtette,ejt,et,te,,
bármiféle,bár,mi,féle,3,bár mi féle
intézte,int,éz,te,,
barátnőjével,barátnő,jé,vel,,
formája,for,má,ja,,
hálózat,hál,óz,at,,
rendelte,ren,del,te,,
bocsássatok,bocs,ássa,tok,,
bocsássatok,bocsáss,at,ok,,
tagadja,tag,ad,ja,,
időnket,id,őn,ket,,
szabadlábra,szab,ad,lábra,,
szabadlábra,szabad,láb,ra,2,
haldokló,hal,dok,ló,,
vallott,va,ll,ott,,
vallott,val,lo,tt,,
hálátlan,há,lát,lan,,
támadásra,támad,ás,ra,,
okosak,ok,os,ak,,
bizalmát,biz,al,mát,,
lábaim,lá,ba,im,,
barátnőmet,barát,nő,met,,
barátnőmet,barát,nőm,et,,
fiadat,fi,ad,at,,
ajtóhoz,aj,tó,hoz,,
mindenek,min,de,nek,2,
kelteni,kel,te,ni,,
érdekesnek,érdek,es,nek,,
másikkal,má,sik,kal,,
haltam,ha,lt,am,,
mindenhová,min,den,hová,,
mindenhová,mind,en,hová,2,
mindenhová,minden,ho,vá,,
kocsira,ko,csi,ra,,
kocsikat,ko,csi,kat,,
művelnek,mű,vel,nek,2,
vasárnapi,va,sár,napi,,
vasárnapi,vas,ár,napi,,
mindkettőtöknek,mind,kettőtök,nek,2,
mindkettőtöknek,mindkettő,tök,nek,,
mindkettőtöknek,mindkettőt,ök,nek,,
lábamat,lá,bam,at,,
lábamat,láb,am,at,,
máshoz,má,sh,oz,,
olyankor,oly,an,kor,,
ízlése,íz,lé,se,,
valamibe,va,la,mibe,,
értéktelen,érték,tel,en,,
tudhatom,tud,ha,tom,3,tud ha tom
tudhatom,tud,hat,om,2,
másiknak,má,sik,nak,,
istenhez,is,ten,hez,2,
istenhez,ist,en,hez,2,
powell,po,we,ll,,
akárhol,ak,ár,hol,,
lucifer,luc,if,er,,
sereget,se,re,get,2,
sereget,se,reg,et,,
sereget,ser,eg,et,,
játékokat,játék,ok,at,,
magadból,mag,ad,ból,,
családomnak,család,om,nak,2,
állása,ál,lá,sa,,
estéjén,est,éj,én,,
fájdalmai,fáj,dal,mai,3,fáj dal mai
törölni,tör,öl,ni,,
internetes,int,er,netes,,
magamon,ma,ga,mon,,
magamon,mag,am,on,,
kezelésre,kezel,és,re,2,
viccesnek,vicc,es,nek,,
teremtett,te,rem,tett,2,
teremtett,terem,te,tt,,
nyakláncot,nyak,lánc,ot,,
hazaértem,haza,ért,em,2,
embereimet,ember,ei,met,,
embereimet,embere,im,et,,
borravalót,bor,ra,valót,,
biztonságiakat,biztonsági,ak,at,,
irakban,ira,kb,an,,
lakbért,la,kb,ért,,
tavasszal,ta,vas,szal,,
gyerekeimet,gyere,kei,met,,
gyerekeimet,gyerek,ei,met,,
gyerekeimet,gyereke,im,et,,
hallottalak,hall,ott,alak,,
hallottalak,hallo,tt,alak,,
hallottalak,hallott,al,ak,,
pillanattól,pil,lan,attól,,
látásra,lát,ás,ra,,
bármivel,bár,mi,vel,3,bár mi vel
vitted,vi,tt,ed,,
emberekben,embere,kb,en,,
bűntudatot,bűn,tudat,ot,,
nevetett,ne,ve,tett,,
nevetett,neve,te,tt,2,
nagydarab,nagy,da,rab,,
nagydarab,nagy,dar,ab,,
műtétre,mű,tét,re,,
semmiképpen,sem,mi,képpen,2,
semmiképpen,sem,mik,éppen,2,
semmiképpen,sem,miképp,en,2,
semmiképpen,semmi,kép,pen,2,
semmiképpen,semmik,ép,pen,,
semmiképpen,semmik,épp,en,2,
állhatom,áll,ha,tom,3,áll ha tom
állhatom,áll,hat,om,2,
csinálnál,csi,nál,nál,2,
csinálnál,csin,ál,nál,,
holnaptól,hol,nap,tól,3,hol nap tól
csendesen,csend,es,en,,
öngyilkosságot,ön,gyilkossá,got,,
öngyilkosságot,ön,gyilkosság,ot,,
mindaddig,mind,add,ig,2,
személyre,sze,mély,re,,
hotelt,ho,te,lt,,
világszerte,világ,szer,te,2,
mobilt,mo,bi,lt,,
intézet,int,éz,et,,
alkalmi,al,kal,mi,,
hallgassatok,hallgass,at,ok,,
mindenáron,min,den,áron,,
mindenáron,mind,en,áron,3,mind en áron
mindenáron,minden,ár,on,2,
kínaiak,kín,ai,ak,,
érinti,ér,in,ti,,
sivatag,si,va,tag,,
partnerem,part,ne,rem,,
robinson,ro,bin,son,,
robinson,rob,in,son,,
hozzáállás,hozzá,áll,ás,2,
sittre,si,tt,re,,
hadművelet,had,művel,et,,
ugyanott,ugy,an,ott,,
államügyész,ál,lam,ügyész,,
államügyész,áll,am,ügyész,,
államügyész,állam,ügy,ész,,
maximális,maxim,ál,is,,
pamela,pa,me,la,,
sikerülne,si,kerül,ne,,
sikerülne,sik,er,ülne,,
sikerülne,siker,ül,ne,,
ügynöke,ügy,nö,ke,,
vallja,va,ll,ja,,
abraham,ab,ra,ham,,
lógott,ló,go,tt,,
halálához,halál,áh,oz,,
veterán,vet,er,án,,
saláta,sa,lá,ta,,
kezeddel,ke,zed,del,,
milyennek,mily,en,nek,2,
adatot,ad,at,ot,,
helyszínén,hely,szín,én,2,
boston,bo,st,on,,
mosolygott,mosoly,go,tt,,
halálom,hal,ál,om,,
csináljanak,csinál,ja,nak,2,
csináljanak,csinál,jan,ak,,
csináljanak,csinálj,an,ak,,
ilyesmiről,il,yes,miről,,
ilyesmiről,ily,es,miről,,
bármiről,bár,mi,ről,3,bár mi ről
papíron,pap,ír,on,,
álmában,ál,má,ban,,
rosszabbat,rossz,ab,bat,,
ártott,ár,to,tt,,
mintsem,min,ts,em,,
életről,él,et,ről,,
szabadult,szab,adu,lt,,
veheti,ve,he,ti,,
hajókat,ha,jó,kat,,
hajókat,ha,jók,at,,
amerre,am,er,re,,
fejeznem,fej,ez,nem,,
azokból,az,ok,ból,,
sakura,sa,ku,ra,,
apunak,ap,un,ak,,
terhesség,terhe,ss,ég,,
csinálna,csi,nál,na,2,
csinálna,csin,ál,na,,
egészről,eg,ész,ről,,
hazajöttem,haza,jött,em,2,
gyerekeit,gyere,ke,it,,
haverja,ha,ver,ja,,
csináljatok,csinál,ja,tok,,
csináljatok,csinálj,at,ok,,
vakmerő,va,km,erő,,
játékosok,játék,os,ok,,
miamiban,mi,ami,ban,3,mi ami ban
miamiban,mia,mi,ban,2,
eresszen,er,ess,zen,,
autókat,au,tó,kat,,
vágyott,vág,yo,tt,,
segítségemre,segítség,em,re,,
szabadlábon,szab,ad,lábon,,
szabadlábon,szabad,lá,bon,,
szabadlábon,szabad,láb,on,2,
viktor,vi,kt,or,,
valamid,va,la,mid,,
valamid,va,lam,id,,
valamid,val,am,id,,
szóljanak,szól,ja,nak,2,
szóljanak,szól,jan,ak,,
szóljanak,szólj,an,ak,,
éreztél,ér,ez,tél,,
éreztél,ér,ezt,él,,
jégkrémet,jég,krém,et,,
szemtelen,szem,tel,en,,
mindenhova,min,den,hova,,
mindenhova,mind,en,hova,3,mind en hova
mindenhova,minden,ho,va,,
szolgálatára,szolgál,at,ára,,
korrekt,kor,re,kt,2,
gondolatok,gondol,at,ok,,
telihold,te,li,hold,,
hálószoba,há,ló,szoba,,
okoznak,ok,oz,nak,,
szüleivel,szül,ei,vel,,
földszinten,föld,szint,en,2,
rakott,ra,ko,tt,,
zavarodott,zavar,odo,tt,,
önálló,ön,ál,ló,,
örökölte,örök,öl,te,,
testvéremet,te,st,véremet,,
testvéremet,test,vére,met,,
testvéremet,test,vérem,et,,
testvéremet,testvér,em,et,,
helyezni,hely,ez,ni,,
mindazonáltal,mind,azon,által,3,mind azon által
mindazonáltal,mindaz,on,által,2,
mindazonáltal,mindazon,ál,tal,,
ejteni,ej,te,ni,,
közelednek,közel,ed,nek,2,
jelentené,jelen,te,né,2,
japánok,ja,pán,ok,,
etetni,et,et,ni,,
köveket,kö,ve,ket,,
robotok,ro,bo,tok,,
robotok,ro,bot,ok,,
robotok,rob,ot,ok,,
rendjén,ren,dj,én,,
melinda,me,lin,da,,
melinda,mel,in,da,,
gondosan,gon,do,san,,
gondosan,gon,dos,an,,
gondosan,gond,os,an,,
számotokra,szám,ot,okra,,
számotokra,számot,ok,ra,,
emléket,em,lé,ket,,
nagyapja,nagy,ap,ja,,
általam,ál,ta,lam,,
általam,ál,tal,am,,
húzott,hú,zo,tt,,
mindened,min,de,ned,,
mindened,min,den,ed,,
mindened,mind,en,ed,2,
szerinti,sze,rin,ti,,
szerinti,szer,in,ti,,
járművet,jár,mű,vet,,
sherman,sh,er,man,,
tetoválás,te,to,válás,,
segítőkész,segít,ők,ész,2,
hoztalak,hoz,tal,ak,,
határokat,hat,árok,at,,
határokat,határ,ok,at,,
azokhoz,az,ok,hoz,2,
kapható,kap,ha,tó,2,
másfajta,más,faj,ta,,
mérföldes,mér,föl,des,,
mérföldes,mér,föld,es,,
fogható,fog,ha,tó,2,
haljon,ha,lj,on,2,
testén,te,st,én,2,
középiskolás,köz,ép,iskolás,,
foglaljanak,foglal,ja,nak,,
foglaljanak,foglal,jan,ak,,
foglaljanak,foglalj,an,ak,,
államokba,állam,ok,ba,2,
desszert,des,sze,rt,,
szívroham,szív,ro,ham,,
kapcsolatunkat,kapcsolat,un,kat,,
lássanak,láss,an,ak,,
várjak,vá,rj,ak,,
nőszemély,nő,sze,mély,,
versenyezni,verseny,ez,ni,,
ajtaja,aj,ta,ja,,
bácsikád,bá,csi,kád,,
igazit,ig,az,it,2,
németországban,né,met,országban,,
németországban,német,ország,ban,3,német ország ban
mellettünk,me,ll,ettünk,,
szemeit,sze,me,it,,
ilyesmivel,il,yes,mivel,,
ilyesmivel,ily,es,mivel,,
desszertet,des,szert,et,,
tárgyalásra,tárgyal,ás,ra,,
tudhatta,tud,hat,ta,2,
álmaid,ál,ma,id,,
ismerned,is,mer,ned,,
jelenléte,jelen,lé,te,2,
bántottam,bánt,ot,tam,,
bántottam,bánt,ott,am,,
értenie,ér,ten,ie,,
értenie,ért,en,ie,2,
akinél,ak,in,él,,
ennivalót,en,ni,valót,,
üzeneted,üzen,et,ed,,
fejedre,fe,je,dre,,
fejedre,fe,jed,re,,
fejedre,fej,ed,re,,
látszanak,látsz,an,ak,,
kamion,ka,mi,on,2,
bilincset,bi,linc,set,,
udvariatlan,udvari,at,lan,,
ugyanazzal,ugy,an,azzal,,
karakter,kara,kt,er,,
lépjenek,lép,je,nek,,
emléke,em,lé,ke,,
autóból,au,tó,ból,,
talállak,tal,áll,ak,,
partnere,part,ne,re,,
theresa,the,re,sa,2,
tehetett,te,he,tett,2,
tehetett,te,hete,tt,,
érzéseimet,érzés,ei,met,,
érzéseimet,érzése,im,et,,
crystal,cry,st,al,,
mindazok,mind,az,ok,2,
édesapám,édes,ap,ám,2,
láttatok,lát,ta,tok,,
sookie,so,ok,ie,,
kérdezzen,kérd,ez,zen,,
okosan,ok,os,an,,
gyerekkorom,gyerek,ko,rom,,
gyerekkorom,gyerek,kor,om,2,
unokatestvére,un,oka,testvére,,
unokatestvére,uno,ka,testvére,,
unokatestvére,unoka,test,vére,,
annyival,ann,yi,val,,
sierra,si,er,ra,,
totális,to,tál,is,,
raktárba,rak,tár,ba,,
sikerülhet,sik,er,ülhet,,
egészből,eg,ész,ből,,
milliomos,milli,om,os,,
szemtanúja,szem,tanú,ja,,
vártalak,vá,rt,alak,,
vártalak,vár,tal,ak,,
vártalak,várt,al,ak,,
pontokat,pont,ok,at,,
másikban,má,sik,ban,,
esélytelen,esély,tel,en,,
valakihez,val,aki,hez,3,val aki hez
szívedben,szíve,db,en,,
légierő,lé,gi,erő,,
figyelmemet,figyel,me,met,,
kényszerítette,kényszerít,et,te,,
anyukádnak,anyu,kád,nak,,
garancia,ga,ran,cia,,
valóságot,valós,ág,ot,,
nagybátyja,nagy,báty,ja,,
életemmel,élet,em,mel,,
hatalmát,ha,tal,mát,,
hatalmát,hat,al,mát,,
közölte,köz,öl,te,,
ténylegesen,tényleg,es,en,2,
vállalok,váll,al,ok,,
kétségbeesetten,kétségbe,eset,ten,,
kétségbeesetten,kétségbe,esett,en,2,
kezdettől,kezd,et,től,2,
számítottál,számít,ot,tál,,
számítottál,számít,ott,ál,2,
apámtól,ap,ám,tól,2,
jeannie,je,ann,ie,,
okoztál,ok,oz,tál,,
karrier,kar,ri,er,,
igazak,ig,az,ak,2,
napokat,na,po,kat,,
napokat,nap,ok,at,,
jogait,jo,ga,it,,
fogadhatom,fog,adhat,om,,
fogadhatom,fogad,ha,tom,2,
fogadhatom,fogad,hat,om,,
barátnőmmel,barát,nőm,mel,,
addison,ad,di,son,,
addison,add,is,on,2,
menekülsz,me,nek,ülsz,,
kezdenem,kezd,en,em,2,
részletesen,részlet,es,en,,
remélve,rem,él,ve,,
vállalta,váll,al,ta,,
vártok,vá,rt,ok,,
őröket,őr,ök,et,,
hívjalak,hívj,al,ak,,
képtelenek,kép,tele,nek,3,kép tele nek
hiteles,hi,tel,es,,
számítógépet,számító,gép,et,,
magamért,ma,ga,mért,,
magamért,mag,am,ért,,
mondatot,mond,at,ot,,
kedvesebb,kedve,se,bb,,
tönkretettem,tönkre,tett,em,,
ajánlotta,ajánl,ot,ta,,
őszintének,ősz,int,ének,,
fussatok,fuss,at,ok,,
határidő,ha,tár,idő,2,
határidő,hat,ár,idő,2,
követed,kö,ve,ted,,
követed,kö,vet,ed,,
figyelemmel,figyel,em,mel,,
tettest,te,tt,est,,
fejezte,fej,ez,te,,
hidegen,hi,de,gen,,
buliban,bu,li,ban,,
alexis,al,ex,is,,
halotti,hal,ot,ti,,
kétségtelen,kétség,tel,en,,
ilyenre,il,yen,re,,
ilyenre,ily,en,re,2,
keljen,ke,lj,en,,
lábait,lá,ba,it,,
reggelente,reggel,en,te,3,reggel en te
szuperhős,szu,per,hős,,
maguknál,mag,uk,nál,,
terápiára,te,rá,piára,2,
koktélt,ko,kt,élt,,
törvénye,tör,vén,ye,,
vádolnak,vá,dol,nak,,
érdekesebb,érdeke,se,bb,,
napokon,nap,ok,on,2,
ugyanarra,ugy,an,arra,,
korlátozott,korlát,oz,ott,,
taxival,ta,xi,val,,
ígéretes,ígér,et,es,,
tervezed,terv,ez,ed,,
játszottak,játsz,ot,tak,,
játszottak,játsz,ott,ak,,
százezer,száz,ez,er,,
veszekedés,veszek,ed,és,,
vállaltam,váll,al,tam,,
vállaltam,váll,alt,am,,
vállaltam,válla,lt,am,,
ismertelek,is,mer,telek,,
egyetemet,egye,te,met,,
egyetemet,egyet,em,et,,
keverni,ke,ver,ni,,
keverni,kev,er,ni,,
olyanra,oly,an,ra,,
ugyebár,ugy,eb,ár,,
ösztöndíjat,ösztön,díj,at,,
hallban,ha,ll,ban,2,
továbblépni,tovább,lép,ni,,
normálisnak,normál,is,nak,2,
erkölcstelen,erkölcs,tel,en,,
hazaviszem,haza,vi,szem,,
hazaviszem,haza,visz,em,,
unokahúgom,un,oka,húgom,,
unokahúgom,uno,ka,húgom,,
seggedet,segg,ed,et,,
célpontja,cél,pont,ja,,
burton,bu,rt,on,,
születésnapom,születés,nap,om,,
robbanni,rob,ban,ni,,
láthatta,lá,that,ta,,
láthatta,lát,hat,ta,,
házakat,há,zak,at,,
házakat,ház,ak,at,,
unokaöccse,un,oka,öccse,,
unokaöccse,uno,ka,öccse,,
marissa,mar,is,sa,,
támadások,támad,ás,ok,,
golyóálló,golyó,ál,ló,,
abbahagyta,ab,ba,hagyta,,
abbahagyta,abba,hagy,ta,,
milliárdos,milli,ár,dos,,
zuhanyozni,zuhany,oz,ni,,
használhatod,használ,ha,tod,,
mainwaring,main,wa,ring,,
mainwaring,main,war,ing,,
játszotta,játsz,ot,ta,,
hitelkártya,hi,tel,kártya,,
hitelkártya,hitel,kárt,ya,,
mindenhez,min,den,hez,,
mindenhez,mind,en,hez,3,mind en hez
nyugodni,nyu,god,ni,,
modellt,mo,del,lt,,
állomást,ál,lo,mást,,
kérdésed,kérd,és,ed,,
hátamon,há,ta,mon,,
hátamon,há,tam,on,,
hátamon,hát,am,on,2,
szálljanak,száll,ja,nak,,
szálljanak,száll,jan,ak,,
szálljanak,szállj,an,ak,,
pszichológus,pszicho,ló,gus,,
pszichológus,pszicho,lóg,us,,
károkat,kár,ok,at,,
csapatokat,csapat,ok,at,,
rangidős,rang,id,ős,,
érdekeset,ér,deke,set,,
érdekeset,érdek,es,et,,
istenemre,isten,em,re,2,
mutatod,mu,ta,tod,,
tartalak,ta,rt,alak,,
tartalak,tart,al,ak,,
simone,si,mo,ne,,
kabátod,ka,bá,tod,,
anyukáddal,anyu,kád,dal,,
tökéletesek,tök,élet,esek,,
színházban,szín,ház,ban,2,
választanom,válasz,tan,om,,
választanom,választ,an,om,,
nemigen,ne,mi,gen,,
nemigen,ne,mig,en,,
nemigen,nem,ig,en,3,nem ig en
munkának,mun,kán,ak,,
dallas,da,ll,as,,
menekülés,me,nek,ülés,,
fenének,fe,né,nek,,
rejtette,re,jt,ette,,
rejtette,rejt,et,te,,
emberölés,ember,öl,és,2,
társaságában,tár,sas,ágában,,
társaságában,társ,as,ágában,,
teremteni,terem,te,ni,,
chester,che,st,er,,
pihenésre,pihen,és,re,2,
birtok,bi,rt,ok,,
papírmunkát,pap,ír,munkát,,
örömömre,öröm,öm,re,,
térképen,tér,ké,pen,,
térképen,tér,kép,en,3,tér kép en
apámról,ap,ám,ról,2,
abbahagytam,ab,ba,hagytam,,
abbahagytam,abba,hagy,tam,,
robbantani,robban,ta,ni,,
tudnálak,tud,nál,ak,2,
emberiséget,ember,is,éget,2,
ágyamban,ágy,am,ban,,
központot,köz,pont,ot,,
hajtani,haj,ta,ni,,
mentség,men,ts,ég,,
tudomásom,tu,do,másom,,
tudomásom,tudom,ás,om,,
baromira,ba,ro,mira,,
baromira,ba,rom,ira,,
baromira,bar,om,ira,,
kokaint,ko,ka,int,,
időpontja,idő,pont,ja,2,
lakásomban,lakás,om,ban,2,
adatbázisban,adat,bázis,ban,,
valamennyit,va,la,mennyit,,
valamennyit,va,lam,ennyit,,
valamennyit,val,am,ennyit,2,
valamennyit,val,amen,nyit,,
valamennyit,vala,men,nyit,,
valamennyit,vala,menny,it,,
juliet,ju,li,et,,
kapunál,kap,un,ál,,
menekültek,me,nek,ültek,,
történetem,történ,et,em,,
általa,ál,ta,la,,
láttok,lá,tt,ok,,
szemüveget,szem,üveg,et,,
szívtelen,szív,tel,en,,
magatok,ma,ga,tok,,
magatok,mag,at,ok,,
lorenzo,lo,ren,zo,,
onnantól,onn,an,tól,,
hálószobában,há,ló,szobában,,
testben,te,stb,en,2,
manhattan,man,hat,tan,,
mondanivalóm,mon,dani,valóm,,
mondanivalóm,monda,ni,valóm,,
fedezni,fed,ez,ni,,
rendszere,rend,sze,re,,
végrehajtani,vég,re,hajtani,,
hitelt,hi,te,lt,,
ugyanazokat,ugy,an,azokat,,
ugyanazokat,ugyan,azok,at,2,
ugyanazokat,ugyanaz,ok,at,,
éreznek,ér,ez,nek,,
mindkettőjüket,mind,kettőjük,et,,
homokos,ho,mo,kos,,
élethez,él,et,hez,,
láthassam,lát,has,sam,,
babylon,ba,by,lon,,
védtelen,véd,tel,en,,
veheted,ve,he,ted,,
aranyosak,arany,os,ak,,
fivérem,fi,vér,em,,
iratokat,ira,to,kat,,
iratokat,ira,tok,at,,
iratokat,irat,ok,at,,
vesztegetni,veszteg,et,ni,,
tartva,ta,rt,va,,
faszkalap,fasz,ka,lap,,
faszkalap,fasz,kal,ap,,
nőttél,nő,tt,él,,
sofőrt,so,fő,rt,,
nagyanyám,nagy,any,ám,2,
joanna,jo,an,na,,
marion,ma,ri,on,,
nyakkendőt,nyak,kend,őt,,
robban,ro,bb,an,,
hatkor,ha,tk,or,,
rohama,ro,ha,ma,,
tanárom,tan,ár,om,,
patricia,pat,ri,cia,,
autóbalesetben,au,tó,balesetben,,
autóbalesetben,autó,bal,esetben,3,autó bal esetben
hatott,ha,to,tt,,
futball,fu,tb,all,,
futball,fut,ba,ll,,
találnia,tal,ál,nia,,
preston,pr,es,ton,,
preston,pr,est,on,,
csapatból,csa,pat,ból,,
csapatból,csap,at,ból,,
tiltja,ti,lt,ja,,
anyukádat,an,yu,kádat,,
anyukádat,anyu,kád,at,,
laktam,la,kt,am,,
peterson,pet,er,son,,
túszokat,túsz,ok,at,,
sietni,si,et,ni,,
akadályozni,akadály,oz,ni,,
érzelmeket,érzel,me,ket,,
háromig,há,ro,mig,,
háromig,há,rom,ig,,
háromig,hár,om,ig,,
hálaadást,há,la,adást,,
fogadj,fo,ga,dj,,
bocsássa,bocs,ás,sa,,
veszteni,vesz,te,ni,2,
tűnődöm,tű,nőd,öm,,
egyetértesz,egy,et,értesz,,
egyetértesz,egye,tér,tesz,2,
egyetértesz,egye,tért,esz,,
egyetértesz,egyet,ér,tesz,2,
egyetértesz,egyet,ért,esz,2,
részeges,ré,szeg,es,,
részeges,rész,eg,es,,
hungarian,hung,ari,an,,
hétkor,hé,tk,or,,
szakítottál,szakít,ot,tál,,
szakítottál,szakít,ott,ál,,
magukhoz,mag,uk,hoz,,
titkosszolgálat,titkos,szolgál,at,,
frankenstein,fran,ken,stein,,
frankenstein,frank,en,stein,,
kosárlabda,ko,sár,labda,,
kosárlabda,kos,ár,labda,,
emlékei,em,lé,kei,,
terveznek,terv,ez,nek,2,
hallottatok,hallott,at,ok,,
veszélyesebb,veszélye,se,bb,,
pokolból,po,kol,ból,,
tanácsokat,tanács,ok,at,,
cassandra,cas,sand,ra,,
cassandra,cass,and,ra,2,
hajjal,ha,jj,al,,
személynek,sze,mély,nek,,
későbbre,késő,bb,re,,
kabátom,ka,bá,tom,,
okozok,ok,oz,ok,,
csapást,csa,pá,st,,
zajlott,zaj,lo,tt,,
épületből,épül,et,ből,,
tengerészgyalogos,tenger,ész,gyalogos,,
tengerészgyalogos,tengerész,gyalog,os,,
mindhárom,mind,há,rom,,
mindhárom,mind,hár,om,,
hármasban,hár,mas,ban,,
képviselője,kép,viselő,je,,
magadért,mag,ad,ért,,
postás,po,st,ás,,
magányosan,magán,yo,san,,
magányosan,magány,os,an,,
drogokat,drog,ok,at,,
segítségem,segíts,ég,em,,
kartell,kar,te,ll,,
teherautót,te,her,autót,,
lapokat,la,po,kat,,
lapokat,lap,ok,at,,
millie,mi,ll,ie,,
orvossal,or,voss,al,,
vessen,ve,ss,en,,
hétvégi,hé,tv,égi,,
ablakokat,ab,lakok,at,,
ablakokat,ablak,ok,at,,
alkotott,al,koto,tt,,
hevesen,he,ve,sen,,
potter,po,tt,er,,
deacon,de,ac,on,2,
labort,la,bo,rt,,
rajtatok,raj,ta,tok,,
rajtatok,rajt,at,ok,,
bogarak,bo,ga,rak,,
másokra,má,sok,ra,2,
másokra,más,ok,ra,2,
érdekeit,ér,deke,it,,
miatti,mi,at,ti,2,
egészhez,eg,ész,hez,,
bűntett,bűn,te,tt,,
javasol,ja,va,sol,,
létezni,lét,ez,ni,,
sterling,st,er,ling,,
kapcsolatai,kapcsol,at,ai,,
keletkezett,kelet,keze,tt,,
feketét,fe,ke,tét,,
szüleinek,szül,ei,nek,,
hasonlítanak,hasonlít,an,ak,,
sabrina,sa,bri,na,,
kerékvágásba,kerék,vágás,ba,,
háromkor,há,rom,kor,,
háromkor,hár,om,kor,,
anyagokat,anya,go,kat,,
anyagokat,anyag,ok,at,,
tárgyakat,tárgy,ak,at,,
szálakat,szál,ak,at,,
mondanivalója,mon,dani,valója,,
mondanivalója,monda,ni,valója,,
mondanivalója,mondani,való,ja,2,
tartottad,tart,ot,tad,,
tartottad,tart,ott,ad,2,
keressenek,keres,se,nek,3,keres se nek
világegyetem,világ,egyet,em,2,
mellkasi,mell,ka,si,,
viheted,vi,he,ted,,
határok,ha,tár,ok,,
határok,hat,ár,ok,,
szememet,sze,me,met,,
szememet,szem,em,et,,
washingtoni,wa,shing,toni,,
washingtoni,wash,ing,toni,,
generátor,gene,rá,tor,,
jópofa,jó,po,fa,,
németül,né,met,ül,,
okosnak,ok,os,nak,,
papírmunka,pap,ír,munka,,
papírmunka,papír,mun,ka,,
kalapács,ka,lap,ács,,
kalapács,kal,ap,ács,,
natasha,na,ta,sha,,
natasha,nat,as,ha,,
dominic,do,mi,nic,,
autópályán,au,tó,pályán,,
karriered,kar,ri,ered,,
heroint,he,ro,int,,
arcomba,arc,om,ba,,
fiatalúr,fia,tal,úr,,
fiatalúr,fiat,al,úr,,
fejével,fe,jé,vel,,
munkahelyen,mun,ka,helyen,,
munkahelyen,munka,hel,yen,,
munkahelyen,munka,hely,en,3,munka hely en
fogadjuk,fog,adj,uk,,
fogadjuk,foga,dj,uk,,
évszázadok,év,száz,adok,,
évszázadok,év,század,ok,,
texasban,tex,as,ban,,
lőttél,lő,tt,él,,
csinálhatod,csinál,ha,tod,2,
ügyeletes,ügyel,et,es,,
iskolás,is,kol,ás,,
állítanom,állít,an,om,,
illatod,il,la,tod,,
kérésem,ké,ré,sem,2,
kérésem,ké,rés,em,,
kérésem,kér,és,em,,
fájdalmát,fáj,dal,mát,2,
tengerparti,tenger,par,ti,,
bűntudatom,bűn,tud,atom,,
bűntudatom,bűn,tudat,om,,
eszközöket,esz,köz,öket,,
eszközöket,eszköz,ök,et,,
híresség,hír,ess,ég,,
híresség,híre,ss,ég,,
alakja,al,ak,ja,,
csomagtartóban,csomag,tartó,ban,2,
könyvtárba,könyv,tár,ba,2,
kapcsolatuk,kapcsol,at,uk,,
földjén,föl,dj,én,,
akadva,ak,ad,va,,
buster,bu,st,er,,
központja,köz,pont,ja,,
marina,ma,ri,na,,
billie,bi,ll,ie,,
okozhatta,okoz,hat,ta,,
azokért,az,ok,ért,2,
azokért,az,oké,rt,2,
izgatottak,izgat,ot,tak,,
izgatottak,izgat,ott,ak,,
autópálya,au,tó,pálya,,
autópálya,autó,pál,ya,2,
csinálhatok,csinál,ha,tok,2,
csinálhatok,csinál,hat,ok,2,
kereket,ke,re,ket,,
telefonomat,telefon,om,at,,
barátnődet,barát,nőd,et,,
váltál,vá,lt,ál,,
okozna,ok,oz,na,,
intézve,int,éz,ve,,
jerome,je,ro,me,,
falatot,fal,at,ot,,
hollywoodi,holly,woo,di,,
rendszerint,rend,szer,int,,
aggódjanak,aggódj,an,ak,,
hófehérke,hó,fehér,ke,,
vállal,vá,ll,al,,
csapott,csa,po,tt,,
semminek,sem,mi,nek,3,sem mi nek
szemedben,szeme,db,en,,
szakítottak,szakít,ot,tak,,
szakítottak,szakít,ott,ak,,
tizenhat,ti,zen,hat,2,
fejfájás,fej,fáj,ás,,
helyszínről,hely,szín,ről,2,
madarakat,ma,da,rakat,,
madarakat,mad,ara,kat,,
partot,pa,rt,ot,,
abbahagyom,ab,ba,hagyom,,
abbahagyom,abba,hagy,om,,
fusson,fu,ss,on,,
hajtja,ha,jt,ja,,
hazamentem,haza,ment,em,2,
ismerősöm,ismer,ős,öm,,
váltságdíjat,válts,ág,díjat,,
santiago,san,tia,go,,
kezdődjön,kezdő,dj,ön,,
tudatom,tu,da,tom,,
tudatom,tud,at,om,,
bandita,ban,di,ta,,
halálból,hal,ál,ból,,
dalton,da,lt,on,,
egyenruhában,eg,yen,ruhában,,
egyenruhában,egy,en,ruhában,2,
követel,kö,ve,tel,,
érdeke,ér,de,ke,,
célzott,cél,zo,tt,,
férfira,fér,fi,ra,,
maradva,mar,ad,va,,
hajamat,ha,jam,at,,
hajamat,haj,am,at,,
házánál,ház,án,ál,,
válási,vá,lá,si,,
ügyvéddel,ügy,véd,del,,
barátunkat,barát,un,kat,,
mister,mi,st,er,,
olaszországban,olasz,ország,ban,3,olasz ország ban
adatai,ad,at,ai,,
bajotok,ba,jo,tok,,
bajotok,baj,ot,ok,,
ugyanabba,ugy,an,abba,,
ugyanabba,ugyan,ab,ba,2,
haladni,hal,ad,ni,,
életemre,élet,em,re,2,
szabadnapot,szab,ad,napot,,
szabadnapot,szabad,nap,ot,2,
vadonatúj,vadon,at,új,,
holttesteket,ho,lt,testeket,,
holttesteket,holt,teste,ket,,
holttesteket,holt,testek,et,,
hajtómű,haj,tó,mű,,
fényképezte,fény,képez,te,2,
fényképezte,fénykép,ez,te,,
forrást,for,rá,st,2,
egymásban,egy,más,ban,3,egy más ban
szálltak,szál,lt,ak,,
titkom,ti,tk,om,,
katrina,kat,ri,na,,
célpontok,cél,pont,ok,,
műveletet,mű,vel,etet,,
műveletet,művel,et,et,,
egyformán,egy,for,mán,2,
váltás,vá,lt,ás,,
rendőrnek,rend,őr,nek,,
testemet,test,em,et,,
nővérkém,nő,vér,kém,,
másikon,má,sik,on,,
tobias,to,bi,as,,
európába,euró,pá,ba,,
várhatok,vár,ha,tok,2,
várhatok,vár,hat,ok,2,
jómagam,jó,mag,am,,
borzalmasan,borz,alma,san,,
florida,flo,ri,da,,
denevér,de,ne,vér,,
denevér,den,ev,ér,,
választások,választ,ás,ok,,
testőr,te,st,őr,,
sírást,sí,rá,st,,
mozduljanak,mozdul,ja,nak,,
mozduljanak,mozdul,jan,ak,,
mozduljanak,mozdulj,an,ak,,
nyomozásban,nyomoz,ás,ban,,
éljenek,él,je,nek,,
tengeralattjáró,tenger,alatt,járó,,
rosszabbak,rossz,ab,bak,,
csinálhat,csi,nál,hat,2,
csinálhat,csin,ál,hat,,
dehogyisnem,dehogy,is,nem,2,
szabálya,szab,ál,ya,,
logika,lo,gi,ka,,
kolléga,kol,lé,ga,,
gazdaság,gaz,das,ág,,
érezné,ér,ez,né,,
viszhall,visz,ha,ll,,
egyetemről,egyet,em,ről,2,
módszere,mód,sze,re,,
lámpákat,lám,pá,kat,,
fűszeres,fű,szer,es,,
roberto,rob,er,to,,
fegyvertelen,fegyver,tel,en,,
embereivel,ember,ei,vel,2,
vallotta,vall,ot,ta,,
rohanok,ro,han,ok,,
maguké,ma,gu,ké,,
alkalmazottak,alkalmaz,ot,tak,,
alkalmazottak,alkalmaz,ott,ak,,
kapcsolatokat,kapcsolat,ok,at,,
martinez,mar,tin,ez,,
javasoltam,java,sol,tam,,
nevelni,ne,vel,ni,,
másképpen,más,kép,pen,2,
egyezés,egy,ez,és,2,
minőségi,mi,nős,égi,,
minőségi,min,ős,égi,,
fényképeket,fény,képe,ket,,
fényképeket,fény,képek,et,2,
hullaházban,hulla,ház,ban,2,
tönkreteszed,tönkre,te,szed,,
tönkreteszed,tönkre,tesz,ed,,
adhatod,ad,ha,tod,,
munkahelyén,mun,ka,helyén,,
munkahelyén,munka,hely,én,3,munka hely én
szektor,sze,kt,or,,
olyanokkal,oly,an,okkal,,
olyanokkal,olyan,ok,kal,,
főhadnagy,fő,had,nagy,,
bulinak,bu,li,nak,,
bulinak,bu,lin,ak,,
londonból,lon,don,ból,,
közepette,köze,pet,te,,
mindörökre,mind,örök,re,2,
fájdalommal,fáj,dalom,mal,,
nevetnek,ne,vet,nek,,
élettől,él,et,től,,
vezetékneve,vezeték,ne,ve,,
sebességet,seb,ess,éget,,
sebességet,sebe,ss,éget,,
ajánlottam,ajánl,ot,tam,,
ajánlottam,ajánl,ott,am,,
örökkévalóság,örök,ké,valóság,,
örökkévalóság,örökké,valós,ág,,
szeretők,szer,et,ők,,
cukorfalat,cukor,fal,at,,
házassága,háza,ss,ága,,
bocsika,bo,csi,ka,,
hangodat,han,god,at,,
életen,él,et,en,,
középiskolai,köz,ép,iskolai,,
egyetemista,egyetem,is,ta,2,
köteles,kö,tel,es,,
magasról,mag,as,ról,,
embereinek,ember,ei,nek,2,
házamat,ház,am,at,,
holtteste,ho,lt,teste,,
holtteste,ho,ltt,este,,
holtteste,hol,tt,este,2,
mindhárman,mind,hár,man,,
szervezni,szerv,ez,ni,,
semmije,sem,mi,je,2,
american,am,eric,an,,
american,ame,ri,can,,
american,ame,ric,an,,
tudjanak,tud,ja,nak,2,
tudjanak,tud,jan,ak,,
tudjanak,tudj,an,ak,,
koktél,ko,kt,él,,
hadnagyot,had,nagy,ot,,
döntened,dönt,en,ed,,
autóbaleset,au,tó,baleset,,
autóbaleset,autó,bal,eset,2,
karján,ka,rj,án,,
légyszíves,légy,szív,es,,
útvonalat,út,vonal,at,,
határán,ha,tár,án,,
határán,hat,ár,án,,
ajánlottak,ajánl,ot,tak,,
ajánlottak,ajánl,ott,ak,,
csapatod,csa,pa,tod,,
akármikor,ak,ár,mikor,,
akármikor,akár,mi,kor,3,akár mi kor
akármikor,akár,mik,or,,
valósággal,valós,ág,gal,,
tudatlan,tud,at,lan,,
állapotba,ál,lapot,ba,,
kerülhetett,kerül,he,tett,2,
kerülhetett,kerül,hete,tt,,
gondolhatod,gondol,ha,tod,,
védenem,véd,en,em,,
másikba,má,sik,ba,,
távozzanak,távozz,an,ak,,
egyeznek,egy,ez,nek,2,
ilyesmiket,il,yes,miket,,
ilyesmiket,ily,es,miket,,
végignézni,vég,ig,nézni,2,
végignézni,végig,néz,ni,2,
takarodjon,ta,karod,jon,,
hajónak,ha,jó,nak,2,
magukról,mag,uk,ról,,
biztonságosan,biztonság,os,an,,
mozgalom,moz,gal,om,,
értheted,ér,the,ted,,
értheted,ért,he,ted,,
tagadni,tag,ad,ni,,
férfinek,fér,fi,nek,,
vállalatot,vállal,at,ot,,
férfiként,fér,fi,ként,,
tanácsom,tan,ács,om,,
jelentesz,jel,en,tesz,2,
naruto,na,ru,to,,
jelenlétét,jelen,lé,tét,,
öntelt,ön,te,lt,2,
csapásra,csap,ás,ra,,
isabella,is,abel,la,,
fejedből,fe,jed,ből,,
fejedből,fej,ed,ből,,
ajtóban,aj,tó,ban,,
gondolatot,gondol,at,ot,,
tanácsadója,tanács,adó,ja,,
haditengerészet,ha,di,tengerészet,,
haditengerészet,hadi,tengerész,et,,
papírra,pap,ír,ra,,
értsem,ér,ts,em,,
emlékeztess,emlék,ez,tess,,
emlékeztess,emlék,ezt,ess,,
okostojás,ok,os,tojás,,
rendszeres,rend,szer,es,,
kapjak,ka,pj,ak,,
barátainak,barát,ai,nak,,
barátainak,barát,ain,ak,,
stokes,st,ok,es,,
örökkévalóságig,örökké,valóság,ig,,
uraság,ur,as,ág,,
bátyámmal,báty,ám,mal,,
sírtál,sí,rt,ál,,
tudtalak,tud,tal,ak,,
bizalmasan,biz,alma,san,,
vonalak,von,al,ak,,
nővéremet,nő,vére,met,,
nővéremet,nő,vérem,et,,
nővéremet,nővé,re,met,,
nővéremet,nővé,rem,et,,
nővéremet,nővér,em,et,,
mamája,ma,má,ja,,
növeli,nö,ve,li,,
oroszországban,orosz,ország,ban,3,orosz ország ban
haladok,ha,la,dok,,
haladok,hal,ad,ok,,
képviselem,kép,visel,em,,
mentettem,men,tett,em,,
lábaid,lá,ba,id,,
másmilyen,más,mily,en,2,
választáson,választ,ás,on,2,
változások,vált,oz,ások,,
magamnál,mag,am,nál,,
franciaországba,fran,cia,országba,,
franciaországba,francia,ország,ba,3,francia ország ba
gondoljatok,gondol,ja,tok,,
gondoljatok,gondolj,at,ok,,
szállást,szál,lá,st,,
nyitottam,nyit,ot,tam,,
nyitottam,nyit,ott,am,,
hajolj,ha,jo,lj,,
emlékét,em,lé,két,,
álomba,ál,om,ba,,
szakértők,szaké,rt,ők,,
halihó,ha,li,hó,,
műveleti,mű,vele,ti,2,
céloztam,cél,oz,tam,,
kormánya,kor,mán,ya,,
számomat,szám,om,at,,
azáltal,az,ál,tal,,
helyezte,hely,ez,te,2,
carlton,car,lt,on,,
titkár,ti,tk,ár,,
törölve,tör,öl,ve,,
madeline,ma,de,line,,
madeline,made,li,ne,,
időszakon,idős,zak,on,,
totálisan,totál,is,an,,
kertész,ke,rt,ész,,
stanton,st,an,ton,,
postán,po,st,án,,
részeket,ré,sze,ket,,
adrenalin,ad,rena,lin,,
ferguson,fer,gu,son,,
ferguson,fer,gus,on,,
ferguson,ferg,us,on,,
semmid,se,mm,id,,
alattomos,alatt,om,os,,
ilyesmik,il,yes,mik,,
ilyesmik,ily,es,mik,,
magasság,maga,ss,ág,,
michaelt,mi,chae,lt,,
tiszteletreméltó,tisztelet,re,méltó,,
tiszteletreméltó,tisztelet,remél,tó,,
boltból,bo,lt,ból,,
használhatja,használ,hat,ja,,
hívásokat,hív,ások,at,,
hívásokat,hívás,ok,at,,
nemigaz,ne,mi,gaz,,
nemigaz,ne,mig,az,,
nemigaz,nem,ig,az,3,nem ig az
valósi,va,ló,si,,
repülőtéren,repülő,tér,en,2,
repülőtéren,repülőt,ér,en,,
asztalomon,asztal,om,on,,
tisztességesen,tisztesség,es,en,,
égvilágon,ég,világ,on,2,
juthatott,ju,that,ott,,
juthatott,jut,hat,ott,3,jut hat ott
dubois,du,bo,is,,
valamelyikük,va,la,melyikük,,
végigcsinálni,vég,ig,csinálni,2,
végigcsinálni,végig,csinál,ni,2,
állhatok,áll,ha,tok,2,
állhatok,áll,hat,ok,2,
falakat,fa,la,kat,,
falakat,fal,ak,at,,
újságokban,újság,ok,ban,,
nevetségesen,nevetség,es,en,,
istentől,is,ten,től,2,
istentől,ist,en,től,2,
narancssárga,narancs,sár,ga,,
szálltam,szál,lt,am,,
érzéseidet,érzése,id,et,,
nyitottak,nyit,ot,tak,,
nyitottak,nyit,ott,ak,,
dinamit,di,na,mit,2,
dinamit,di,nam,it,,
szakítottatok,szakított,at,ok,,
fejemre,fe,jem,re,,
fejemre,fej,em,re,,
ismerje,is,mer,je,,
kancellár,kan,cell,ár,,
jobbnak,jo,bb,nak,,
haladás,hal,ad,ás,,
égetni,ég,et,ni,,
változtak,vált,oz,tak,,
magyarázattal,magyaráz,at,tal,,
ügyvédre,ügy,véd,re,,
esetekben,esete,kb,en,,
kapcsolatra,kapcsol,at,ra,,
hallotok,hal,lo,tok,,
hallotok,hall,ot,ok,,
ugyanolyanok,ugy,an,olyanok,,
ugyanolyanok,ugyan,olyan,ok,2,
portás,po,rt,ás,,
tehenet,te,he,net,,
albumot,al,bum,ot,,
valódiak,való,di,ak,,
csontokat,csont,ok,at,,
hamisan,ha,mi,san,3,ha mi san
hamisan,ham,is,an,,
találtok,tal,ál,tok,,
melyikőtök,melyik,őt,ök,2,
hírneve,hír,ne,ve,,
kérdeztél,kérd,ez,tél,,
kérdeztél,kérd,ezt,él,,
liftet,li,ft,et,,
folytassam,folyt,as,sam,,
hetekben,hete,kb,en,,
uralni,ur,al,ni,,
vereség,ver,es,ég,,
hónapokkal,hó,nap,okkal,,
hónapokkal,hó,napok,kal,,
hónapokkal,hónap,ok,kal,,
koporsó,ko,por,só,,
irányította,irányít,ot,ta,,
fogadtak,fog,ad,tak,,
szolgálhatok,szolgál,ha,tok,,
szolgálhatok,szolgál,hat,ok,,
halottat,hal,ott,at,,
halottat,halo,tt,at,,
merészeli,me,része,li,,
végezzen,vég,ez,zen,,
homoszexuális,ho,mo,szexuális,,
magadnál,mag,ad,nál,,
alakok,al,ak,ok,,
dolgukat,dol,gu,kat,,
fájdalomtól,fáj,dalom,tól,2,
jeléül,je,lé,ül,,
másnapos,más,na,pos,2,
másnapos,más,nap,os,2,
magasba,mag,as,ba,,
egyensúlyt,eg,yen,súlyt,,
egyensúlyt,egy,en,súlyt,2,
viheti,vi,he,ti,,
magánügy,mag,án,ügy,,
teszteket,tesz,te,ket,2,
hősies,hő,si,es,,
rablást,rab,lá,st,,
égbolt,ég,bo,lt,,
születnek,szül,et,nek,,
padláson,pad,lá,son,,
hatvan,ha,tv,an,,
szobatársam,szoba,tár,sam,,
szobatársam,szoba,társ,am,,
vádolni,vá,dol,ni,,
ismerve,is,mer,ve,,
alkalmazottja,alkalmaz,ott,ja,,
ismerősen,is,merő,sen,,
ismerősen,ismer,ős,en,,
szemeddel,szem,ed,del,,
barrett,bar,re,tt,,
helyedre,hel,ye,dre,,
helyedre,hely,ed,re,2,
délutánra,dél,után,ra,3,dél után ra
seggemet,segg,em,et,,
kétezer,két,ez,er,,
csökkenteni,csökken,te,ni,,
álmodj,ál,mo,dj,,
lőszert,lő,sze,rt,,
ujjlenyomatokat,ujjlenyomat,ok,at,,
emberemet,ember,em,et,,
kanada,ka,na,da,,
veszélye,ve,szél,ye,,
veszélye,vesz,él,ye,,
ügyekben,ügye,kb,en,,
arcukat,arc,uk,at,,
látnotok,lát,no,tok,,
látnotok,lát,not,ok,,
idézem,id,éz,em,,
dobozokat,doboz,ok,at,,
magadba,mag,ad,ba,,
időszakban,idős,zak,ban,,
évszázad,év,száz,ad,,
mosolya,mo,sol,ya,,
barátnőddel,barát,nőd,del,,
figyelmesen,figyel,me,sen,,
létrehozott,lét,re,hozott,2,
létrehozott,létre,hoz,ott,3,létre hoz ott
történeted,történ,et,ed,,
sikertelen,siker,tel,en,,
kellemesen,kell,eme,sen,,
központnak,köz,pont,nak,2,
ötezer,öt,ez,er,,
informátor,in,formát,or,,
láthattam,lá,that,tam,,
láthattam,lát,hat,tam,,
követelem,köve,tel,em,,
örömteli,öröm,te,li,,
agyamra,agy,am,ra,,
gonoszak,go,nos,zak,,
gonoszak,gon,os,zak,,
húgodat,hú,god,at,,
itallal,it,all,al,,
válaszod,vá,las,zod,,
tüntetni,tünt,et,ni,,
kérjem,ké,rj,em,,
tartozni,tart,oz,ni,,
milton,mi,lt,on,2,
tisztesség,tiszt,ess,ég,,
titkai,ti,tk,ai,,
történetnek,történ,et,nek,,
ismertél,is,mer,tél,,
ismertél,is,mert,él,2,
valamitől,va,la,mitől,,
valamitől,val,ami,től,3,val ami től
valamitől,vala,mi,től,2,
rávette,rá,vet,te,2,
oktató,ok,ta,tó,,
értesültem,ért,es,ültem,,
értesültem,érte,sült,em,,
holttestek,ho,lt,testek,,
holttestek,ho,ltt,estek,,
holttestek,hol,tt,estek,,
haltál,ha,lt,ál,,
takarodjatok,takarodj,at,ok,,
repülőtér,repül,őt,ér,,
rengetegen,ren,get,egen,,
vallani,val,la,ni,,
utálatos,utál,at,os,,
álmaimban,álma,im,ban,,
valamije,va,la,mije,,
valamije,val,ami,je,2,
valamije,vala,mi,je,,
halottam,hal,ot,tam,,
halottam,hal,ott,am,,
halottam,halo,tt,am,,
engedélyezem,engedély,ez,em,,
pénzedet,pénz,ed,et,,
testvériség,testvér,is,ég,,
házunkat,ház,un,kat,,
falakon,fal,ak,on,,
kapuhoz,kap,uh,oz,,
foltot,fo,lt,ot,,
darius,da,ri,us,,
kérdeznek,kérd,ez,nek,,
eszemet,esz,em,et,,
doktornak,dok,tor,nak,,
jelentősen,jelent,ős,en,2,
főnökét,fő,nö,két,,
csomagokat,csomag,ok,at,,
nyitotta,nyit,ot,ta,,
rendőrbíró,rend,őr,bíró,,
bottal,bo,tt,al,,
rövidesen,rövid,es,en,2,
pasinak,pa,si,nak,,
pasinak,pa,sin,ak,,
pasinak,pas,in,ak,,
pakolj,pa,ko,lj,,
hatalmad,ha,tal,mad,,
hatalmad,hat,al,mad,,
miriam,mi,ri,am,,
bölcsesség,bölcs,ess,ég,,
halakat,ha,la,kat,,
halakat,hal,ak,at,,
unokatesóm,un,oka,tesóm,,
unokatesóm,uno,ka,tesóm,,
morrison,mor,ri,son,,
orvosság,or,voss,ág,,
ezredest,ez,red,est,,
rendőrségnél,rend,őrség,nél,,
jogosan,jo,go,san,,
jogosan,jog,os,an,,
lábakat,lá,ba,kat,,
lábakat,lá,bak,at,,
lábakat,láb,ak,at,,
járatban,jár,at,ban,2,
darabokat,da,rabok,at,,
darabokat,darab,ok,at,,
profit,pr,of,it,,
hallanom,hal,lan,om,,
hallanom,hall,an,om,,
csavart,csa,va,rt,,
hassan,ha,ss,an,,
idézet,id,éz,et,,
szabálytalan,szabály,ta,lan,,
szabálytalan,szabály,tal,an,,
szabálytalan,szabályt,al,an,,
stiles,st,il,es,,
mászott,más,zo,tt,,
tartsanak,tart,sa,nak,2,
tartsanak,tart,san,ak,2,
tartsanak,tarts,an,ak,,
gyilkosságokat,gyilkossá,go,kat,,
gyilkosságokat,gyilkosság,ok,at,,
tiszteletre,tisztel,et,re,,
karomat,ka,rom,at,,
karomat,kar,om,at,,
középre,köz,ép,re,,
fokozatosan,fokozat,os,an,,
dillon,di,ll,on,,
újonnan,új,onn,an,,
festette,fe,st,ette,,
festette,fest,et,te,,
állatokkal,áll,at,okkal,,
állatokkal,álla,tok,kal,,
állatokkal,állat,ok,kal,,
középkorú,köz,ép,korú,,
rátaláltam,rá,talál,tam,,
rátaláltam,rá,talált,am,2,
merészelj,me,része,lj,,
mondanivalód,mon,dani,valód,,
mondanivalód,monda,ni,valód,,
gossip,go,ss,ip,,
falusi,fa,lu,si,,
hozzáférés,hozzá,fér,és,2,
készülni,ké,szül,ni,,
készülni,kész,ül,ni,,
hallania,hal,la,nia,,
fegyvereiket,fegyver,ei,ket,,
akadálya,akad,ál,ya,,
sötétedés,sötét,ed,és,2,
vásárló,vá,sár,ló,,
fiatalnak,fia,tal,nak,2,
fiatalnak,fiat,al,nak,,
engedheti,enged,he,ti,,
barátokkal,ba,rátok,kal,,
barátokkal,barát,ok,kal,,
bajkeverő,baj,kev,erő,,
egyensúly,eg,yen,súly,,
egyensúly,egy,en,súly,2,
empire,em,pi,re,,
fájdalma,fáj,dal,ma,2,
dumálni,dum,ál,ni,,
közismert,köz,is,mert,2,
tartozok,tart,oz,ok,,
vereséget,ver,es,éget,,
dolgunkat,dol,gun,kat,,
vállán,vá,ll,án,,
szerkezetet,szer,kezet,et,,
főszereplő,fő,szerep,lő,,
esetről,es,et,ről,,
gondjaim,gond,ja,im,,
régebbi,rég,eb,bi,,
fáradjanak,fáradj,an,ak,,
szemedet,szem,ed,et,,
férfivel,fér,fi,vel,,
romantika,roman,ti,ka,,
pasassal,pa,sas,sal,,
pasassal,pas,as,sal,,
pasassal,pasa,ss,al,,
magánnyomozó,mag,án,nyomozó,,
anyámról,any,ám,ról,2,
vezetőség,vezet,ős,ég,,
feketén,fe,ket,én,,
normálisak,normál,is,ak,,
fogadnak,fog,ad,nak,2,
ennivaló,en,ni,való,2,
ennivaló,enni,va,ló,,
italokat,ital,ok,at,,
titoktartás,ti,tok,tartás,,
titoktartás,titok,tart,ás,,
szörnyetegek,szörny,et,egek,,
dolgotok,dol,go,tok,,
dolgotok,dol,got,ok,,
lakatlan,la,kat,lan,,
néhányuk,né,hány,uk,,
készülve,ké,szül,ve,,
készülve,kész,ül,ve,,
vállam,vá,ll,am,,
hayate,ha,ya,te,2,
gondoltak,gon,dol,tak,,
középkori,köz,ép,kori,,
középkori,közép,ko,ri,,
partján,par,tj,án,,
laborból,la,bor,ból,,
valljam,va,ll,jam,,
valljam,val,lj,am,,
jártatok,jár,ta,tok,,
jártatok,járt,at,ok,,
gyémántokat,gyémánt,ok,at,,
romokban,rom,ok,ban,,
nyugaton,nyu,ga,ton,,
bármihez,bár,mi,hez,3,bár mi hez
fenéket,fe,né,ket,,
hallgató,hall,ga,tó,,
szólalj,szó,la,lj,,
társasága,tár,sas,ága,,
társasága,társ,as,ága,,
gondolataimat,gondolata,im,at,,
mentősök,ment,ős,ök,,
maradványait,marad,ványa,it,,
törvényesen,törvény,es,en,2,
keltem,ke,lt,em,,
éjfélig,éj,fél,ig,2,
tennének,ten,né,nek,,
célozni,cél,oz,ni,,
pasikat,pa,si,kat,,
pasikat,pa,sik,at,,
családunkat,család,un,kat,,
időkre,id,ők,re,2,
mikrofont,mik,ro,font,,
ricardo,ri,car,do,,
rámenős,rá,me,nős,,
rámenős,rá,men,ős,,
rámenős,rám,en,ős,2,
szolgálatra,szolgál,at,ra,,
anyuval,an,yu,val,,
anyuval,any,uv,al,,
malone,ma,lo,ne,,
sikere,si,ke,re,,
bámult,bá,mu,lt,,
sohase,so,ha,se,2,
engedélyezte,engedély,ez,te,,
fejvadász,fej,vad,ász,,
dolcsiért,dol,csi,ért,,
gyerekemet,gyere,ke,met,,
gyerekemet,gyerek,em,et,,
babákat,ba,bá,kat,,
útvonal,út,von,al,,
emeletet,emel,et,et,,
cuccaimat,cucca,im,at,,
hazajöttél,haza,jött,él,2,
adódott,adó,do,tt,,
magazint,ma,gaz,int,,
magazint,mag,az,int,,
öletni,öl,et,ni,,
spanyolországban,spanyol,ország,ban,3,spanyol ország ban
hívhatom,hív,ha,tom,2,
hívhatom,hív,hat,om,,
mozdult,moz,du,lt,,
szemeteket,szeme,te,ket,,
szeszélyes,sze,szél,yes,,
szeszélyes,szesz,él,yes,,
rajtaütés,raj,ta,ütés,,
rajtaütés,rajta,üt,és,2,
vadiúj,va,di,új,,
unokahúga,un,oka,húga,,
unokahúga,uno,ka,húga,,
unokahúga,unoka,hú,ga,,
továbbiakban,további,ak,ban,2,
abbahagyja,ab,ba,hagyja,,
abbahagyja,abba,hagy,ja,,
tagadom,ta,ga,dom,,
tagadom,tag,ad,om,,
jogokat,jo,go,kat,,
jogokat,jog,ok,at,,
általi,ál,ta,li,,
fenevad,fe,ne,vad,,
vállalt,vá,ll,alt,,
jeanne,je,an,ne,,
kettőre,ke,tt,őre,,
észreveszi,ész,re,veszi,2,
újabban,új,ab,ban,,
észrevett,ész,re,vett,2,
észrevett,észre,ve,tt,,
színházba,szín,ház,ba,2,
halottakat,halott,ak,at,,
ifjabb,if,ja,bb,,
szerezned,szer,ez,ned,,
bulija,bu,li,ja,,
pokollá,po,kol,lá,,
fernando,fern,an,do,,
hetero,he,te,ro,,
házadban,ház,ad,ban,2,
házadban,háza,db,an,,
szalonna,szal,on,na,2,
vihart,vi,ha,rt,,
nagynéni,nagy,né,ni,,
folytatta,folyt,at,ta,,
számításba,számít,ás,ba,2,
tökéletesnek,tök,élet,esnek,,
pentagon,pen,ta,gon,,
pentagon,pen,tag,on,,
teremtette,te,rem,tette,2,
teremtette,teremt,et,te,,
tesztelni,tesz,tel,ni,,
hivatott,hiv,at,ott,,
shadow,sh,ad,ow,,
ugyanannyi,ugy,an,annyi,,
ugyanannyi,ugyan,ann,yi,,
martinit,mar,tin,it,,
hivatali,hi,va,tali,,
hivatali,hiv,at,ali,,
látomás,lá,to,más,,
látomás,lá,tom,ás,,
látomás,lát,om,ás,,
bizonyosan,bizony,os,an,,
fenéből,fe,né,ből,,
tartottál,tart,ot,tál,,
tartottál,tart,ott,ál,2,
andrej,an,dr,ej,,
munkahelyemen,mun,ka,helyemen,,
munkahelyemen,munka,helye,men,,
munkahelyemen,munka,helyem,en,2,
munkahelyemen,munkahely,em,en,,
táncoltam,tán,colt,am,,
bácsinak,bá,csi,nak,,
bácsinak,bá,csin,ak,,
esküvőjére,esküvő,jé,re,,
rugalmas,ru,gal,mas,,
magányosnak,magány,os,nak,,
ügyvédnő,ügy,véd,nő,,
fedezte,fed,ez,te,,
korlátlan,kor,lát,lan,,
szeretetre,szer,etet,re,,
szeretetre,szeret,et,re,2,
melltartó,me,ll,tartó,,
rávett,rá,ve,tt,,
államot,ál,lam,ot,,
államot,áll,am,ot,,
akaratod,ak,ara,tod,,
akaratod,aka,ra,tod,,
hónapokban,hó,napok,ban,,
hónapokban,hónap,ok,ban,2,
testület,test,ül,et,,
szívedre,szív,ed,re,,
csókolózni,csókol,óz,ni,,
retteg,re,tt,eg,,
művészetet,mű,vész,etet,,
művészetet,művész,et,et,,
ráférne,rá,fér,ne,,
életeddel,élet,ed,del,,
okoztak,ok,oz,tak,,
tizenhét,ti,zen,hét,2,
veszélyesnek,veszély,es,nek,,
akkori,ak,ko,ri,,
tudassa,tu,das,sa,,
tudassa,tud,as,sa,,
karaoke,ka,rao,ke,,
emmett,em,me,tt,,
menetet,me,net,et,,
menetet,men,et,et,,
repülőtérre,repülő,tér,re,2,
repülőtérre,repülőt,ér,re,,
japánba,ja,pá,nba,,
japánba,ja,pán,ba,,
vetettem,ve,tett,em,,
kezdened,kezd,en,ed,2,
menekülnek,me,nek,ülnek,,
lillian,li,ll,ian,,
lillian,lil,li,an,,
dolgaim,dol,ga,im,,
miattatok,miatt,at,ok,,
bátyámnak,báty,ám,nak,2,
lányunkat,lány,un,kat,,
kódokat,kód,ok,at,,
morton,mo,rt,on,,
faképnél,fa,kép,nél,2,
szupersztár,szu,per,sztár,,
csapatának,csapat,án,ak,,
keveredtél,ke,vered,tél,,
keveredtél,kev,ered,tél,,
keveredtél,kev,eredt,él,,
keveredtél,kever,ed,tél,,
hallgassanak,hallgass,an,ak,,
kötöttél,köt,öt,tél,,
farkast,far,ka,st,,
segítségemet,segítség,em,et,,
nadine,na,di,ne,,
sikerüljön,si,kerül,jön,2,
sikerüljön,si,kerülj,ön,,
sikerüljön,sik,er,üljön,,
sikerüljön,siker,ül,jön,,
sikerüljön,siker,ülj,ön,,
hullott,hu,ll,ott,,
taktika,tak,ti,ka,,
sietve,si,et,ve,,
egyenest,eg,yen,est,,
egyenest,egy,en,est,2,
egyenest,egye,ne,st,,
érdekelsz,ér,de,kelsz,,
teteje,te,te,je,2,
rohadj,ro,ha,dj,,
mészáros,mész,ár,os,,
hasonlóak,hason,ló,ak,,
nyugodjatok,nyugodj,at,ok,,
ügyvédemet,ügy,védem,et,,
ügyvédemet,ügyvéd,em,et,,
vérezni,vér,ez,ni,,
kínosan,kín,os,an,,
lábadat,lá,bad,at,,
lábadat,láb,ad,at,,
napjai,na,pj,ai,,
valakinél,val,aki,nél,3,val aki nél
valakinél,val,akin,él,,
mindennapos,min,den,napos,,
mindennapos,mind,en,napos,2,
mindennapos,minden,na,pos,2,
mindennapos,minden,nap,os,2,
parkolt,par,ko,lt,,
tartottuk,tart,ott,uk,2,
mozgott,moz,go,tt,,
bogaram,bo,ga,ram,,
uralja,ur,al,ja,,
barátokra,ba,rátok,ra,2,
barátokra,barát,ok,ra,,
kezeltem,keze,lt,em,,
pakolni,pa,kol,ni,,
kalapom,ka,lap,om,,
kalapom,kal,ap,om,,
fenekén,fe,ne,kén,,
fenekén,fe,nek,én,2,
igyatok,ig,ya,tok,,
igyatok,igy,at,ok,,
tönkretett,tönkre,te,tt,,
mentsen,men,ts,en,,
úgyszintén,úgy,szint,én,2,
következett,követ,keze,tt,,
holott,ho,lo,tt,,
sietnem,si,et,nem,,
állatorvos,áll,at,orvos,2,
helyettese,hely,ette,se,2,
helyettese,helyet,te,se,3,helyet te se
hívások,hív,ás,ok,,
babája,ba,bá,ja,,
árultam,áru,lt,am,,
hordanak,hord,an,ak,,
bocsánatkérést,bocsánat,ké,rést,,
fájlokat,fáj,lo,kat,,
fájlokat,fájl,ok,at,,
alexet,al,ex,et,,
véglegesen,végleg,es,en,,
arcokat,arc,ok,at,,
rajongok,ra,jong,ok,,
éjjelen,éj,jel,en,,
törvényen,tör,vén,yen,,
biológia,bio,ló,gia,,
képeslapot,kép,es,lapot,,
képeslapot,képes,lap,ot,2,
meleget,mel,eg,et,,
marianne,ma,ri,anne,,
marianne,mar,ian,ne,,
marianne,mari,an,ne,,
harapás,ha,rap,ás,,
arcomon,arc,om,on,,
forrásból,forr,ás,ból,,
videóra,vi,de,óra,2,
daganat,da,ga,nat,,
daganat,dag,an,at,,
küldenem,küld,en,em,,
merthogy,me,rt,hogy,,
életmentő,él,et,mentő,,
tetthelyen,te,tt,helyen,2,
tetthelyen,tett,hel,yen,,
tetthelyen,tett,hely,en,3,tett hely en
létezne,lét,ez,ne,,
tudtommal,tud,tom,mal,2,
dolgaimat,dolga,im,at,,
valamihez,va,la,mihez,,
valamihez,val,ami,hez,3,val ami hez
valamihez,vala,mi,hez,2,
szemüvegem,szem,üveg,em,,
szervezte,szerv,ez,te,,
sheridan,she,ri,dan,,
másrészről,más,rész,ről,3,más rész ről
igazatok,igaz,at,ok,,
alighanem,al,ig,hanem,2,
alighanem,alig,ha,nem,3,alig ha nem
alighanem,alig,han,em,,
írásban,ír,ás,ban,,
eressze,er,es,sze,,
kínozni,kín,oz,ni,,
kapjanak,kap,ja,nak,2,
kapjanak,kap,jan,ak,,
kapjanak,kapj,an,ak,,
terhességi,terhe,ss,égi,,
veszteséget,vesztes,ég,et,,
balesetnek,bal,eset,nek,2,
helyzetekben,helyzete,kb,en,,
morális,mor,ál,is,,
partnered,part,ne,red,,
állíthatom,állít,ha,tom,2,
állíthatom,állít,hat,om,,
álmait,ál,ma,it,,
reaktor,re,ak,tor,,
egyúttal,egy,út,tal,,
keleten,kel,et,en,,
világát,vi,lá,gát,,
munkatársa,mun,ka,társa,,
munkatársa,munka,tár,sa,,
usa-ban,us,a-,ban,,
hatalmi,ha,tal,mi,2,
hatalmi,hat,al,mi,2,
apámra,ap,ám,ra,2,
életemről,élet,em,ről,2,
dollárom,dol,lá,rom,,
érdemelte,érd,emel,te,,
pihenő,pi,he,nő,,
őrséget,őrs,ég,et,,
mindenekelőtt,mindene,ke,lőtt,,
basszameg,bassz,am,eg,,
rendszámot,rend,szám,ot,,
műsornak,mű,sor,nak,2,
raboltak,ra,bolt,ak,,
képességek,kép,ess,égek,,
képességek,képe,ss,égek,,
android,and,ro,id,,
strandon,st,ran,don,,
strandon,st,rand,on,,
buenos,bu,en,os,,
papírjait,pap,írja,it,,
papírjait,papír,ja,it,,
tisztességtelen,tisztesség,tel,en,,
maestro,ma,est,ro,,
maestro,mae,st,ro,,
láthatnak,lá,that,nak,,
láthatnak,lát,hat,nak,2,
otthagyni,ott,hagy,ni,,
dokumentumokat,dokumentum,ok,at,,
szolgáltatás,szolgált,at,ás,,
udvariasan,udvari,as,an,,
hotelban,ho,tel,ban,,
akartatok,akar,ta,tok,,
akartatok,akart,at,ok,,
foltos,fo,lt,os,,
csaltál,csa,lt,ál,,
egyvalamit,egy,val,amit,3,egy val amit
egyvalamit,egy,vala,mit,2,
jókora,jó,ko,ra,,
randizott,randi,zo,tt,,
fuller,fu,ll,er,,
rekordot,re,kor,dot,2,
festéket,fe,st,éket,,
janeway,ja,ne,way,,
janeway,ja,new,ay,,
magukban,mag,uk,ban,,
másodpercen,másod,perc,en,2,
anonim,an,on,im,,
házaspár,ház,as,pár,2,
változat,vált,oz,at,,
alakváltó,al,ak,váltó,,
valamelyikőtök,va,la,melyikőtök,,
valamelyikőtök,valamelyik,őt,ök,,
rettegek,re,tt,egek,,
hálaadáskor,hála,adás,kor,,
köszöntöm,kösz,önt,öm,,
időpontban,idő,pont,ban,3,idő pont ban
mamának,ma,má,nak,,
mamának,ma,mán,ak,,
maradhatnak,mar,ad,hatnak,,
maradhatnak,mar,adhat,nak,,
maradhatnak,marad,hat,nak,3,marad hat nak
vesztegeted,veszteg,et,ed,,
véletlenszerűen,véletlen,szerű,en,,
hátrább,hát,rá,bb,2,
állásra,áll,ás,ra,2,
műteni,mű,te,ni,,
rendőrökkel,rend,őrök,kel,,
rendőrökkel,rendőr,ök,kel,,
anyámtól,any,ám,tól,2,
kapcsolatnak,kapcsol,at,nak,,
julien,ju,li,en,,
rokonai,ro,ko,nai,,
szeressen,szer,es,sen,,
szeressen,szer,ess,en,,
növelni,nö,vel,ni,,
csaltam,csa,lt,am,,
egymaga,egy,ma,ga,,
látnivaló,lát,ni,való,,
látnivaló,látni,va,ló,,
futottál,fut,ot,tál,,
futottál,fut,ott,ál,,
tanulmányi,tanul,mán,yi,,
marketing,mar,ke,ting,,
marketing,mar,ket,ing,,
marketing,mark,et,ing,,
szemeket,sze,me,ket,,
szabadjára,szab,adj,ára,,
harapni,ha,rap,ni,,
alfredo,alf,re,do,,
adatbázis,ad,at,bázis,,
vádolja,vá,dol,ja,,
seggfejnek,segg,fej,nek,,
hazugságokat,hazugság,ok,at,,
gépezet,gép,ez,et,,
évesnek,év,es,nek,,
valakiről,val,aki,ről,3,val aki ről
köszönheti,kösz,ön,heti,,
köszönheti,köszön,he,ti,,
madonna,ma,don,na,,
madonna,mad,on,na,2,
maxwell,max,we,ll,,
fillért,fi,ll,ért,,
otthagytad,ott,hagy,tad,,
lássak,lá,ss,ak,,
sabine,sa,bi,ne,,
louisa,lo,ui,sa,,
izgatottan,izgat,ot,tan,,
izgatottan,izgat,ott,an,,
valószínűbb,való,színű,bb,2,
állatkertben,áll,at,kertben,,
tudomása,tu,do,mása,,
források,for,rá,sok,3,for rá sok
források,forr,ás,ok,,
telefonos,tele,fo,nos,2,
szemetes,sze,met,es,,
szemetes,szem,et,es,,
faluból,fa,lu,ból,,
valamennyire,va,la,mennyire,,
valamennyire,va,lam,ennyire,,
valamennyire,val,am,ennyire,2,
valamennyire,val,amennyi,re,2,
valamennyire,vala,mennyi,re,2,
javasolni,java,sol,ni,,
végeznem,vég,ez,nem,,
találna,tal,ál,na,,
hangomat,hang,om,at,,
sokban,so,kb,an,,
egyezni,egy,ez,ni,,
golfozni,golf,oz,ni,,
értelem,ér,tel,em,,
telefonhívás,telefon,hív,ás,,
hazajönni,haza,jön,ni,2,
kétséget,ké,ts,éget,,
köszönjem,kösz,ön,jem,,
reménye,rem,én,ye,,
köszöntem,kösz,önt,em,,
tagjait,tag,ja,it,,
költészet,költ,ész,et,,
találjanak,talál,ja,nak,,
találjanak,talál,jan,ak,,
találjanak,találj,an,ak,,
csinálhatom,csinál,ha,tom,3,csinál ha tom
csinálhatom,csinál,hat,om,2,
ajtaján,aj,taj,án,,
hírességek,hír,ess,égek,,
hírességek,híre,ss,égek,,
tanítottál,tanít,ot,tál,,
tanítottál,tanít,ott,ál,,
hollis,ho,ll,is,,
emlékeztető,emlék,ez,tető,,
verseket,ver,se,ket,,
kérdezned,kérd,ez,ned,,
választanak,válasz,ta,nak,2,
választanak,válasz,tan,ak,,
választanak,választ,an,ak,,
hálásnak,hál,ás,nak,,
tizenhárom,ti,zen,három,2,
állítanak,állít,an,ak,,
tizennégy,ti,zen,négy,2,
végignéztem,vég,ig,néztem,,
fiadnak,fi,ad,nak,,
önteni,ön,te,ni,2,
órányira,órán,yi,ra,2,
álomban,ál,om,ban,,
városok,vá,ro,sok,,
városok,vár,os,ok,,
bármerre,bár,mer,re,2,
láthassa,lát,has,sa,,
testvért,te,st,vért,,
idézni,id,éz,ni,,
reddington,red,ding,ton,,
éreznem,ér,ez,nem,,
fejeden,fe,je,den,,
fejeden,fe,jed,en,,
fejeden,fej,ed,en,,
doctor,do,ct,or,,
állatkert,áll,at,kert,,
állatkert,állat,ke,rt,,
tartalmát,ta,rt,almát,,
tartalmát,tart,al,mát,,
piramis,pi,ram,is,,
foreman,fo,re,man,,
foreman,fo,rem,an,,
foreman,for,em,an,,
hoztatok,hoz,ta,tok,,
vetette,vet,et,te,,
háromszög,há,rom,szög,,
háromszög,hár,om,szög,,
bosszúálló,bosszú,ál,ló,,
mellei,me,ll,ei,,
webber,we,bb,er,,
térdelj,tér,de,lj,2,
szégyentelen,szégyen,tel,en,,
hadseregnek,had,sereg,nek,,
párizsból,pá,rizs,ból,,
életedből,élet,ed,ből,,
akaratom,ak,ara,tom,,
akaratom,ak,arat,om,,
akaratom,aka,ra,tom,2,
akaratom,aka,rat,om,,
akaratom,akar,at,om,,
ruháim,ru,há,im,,
örököltem,örök,ölt,em,,
remélni,rem,él,ni,,
menekülő,me,nek,ülő,,
embereinket,embere,in,ket,,
jönnének,jön,né,nek,2,
kapukat,kap,uk,at,,
magasak,mag,as,ak,,
fejéhez,fe,jé,hez,,
agyadat,agy,ad,at,,
bonjour,bon,jo,ur,,
szabadnak,szab,ad,nak,,
lakásomba,lakás,om,ba,2,
kezeidet,keze,id,et,,
titkárnője,titkár,nő,je,,
hideget,hi,de,get,,
dobozok,dob,oz,ok,,
lábára,lá,bá,ra,,
floridai,flo,ri,dai,,
pontosak,pont,os,ak,,
tárgyalások,tárgy,al,ások,,
tárgyalások,tárgya,lá,sok,,
tárgyalások,tárgyal,ás,ok,,
valamerre,va,la,merre,,
valamerre,va,lam,erre,,
valamerre,val,am,erre,2,
valamerre,vala,mer,re,,
igazgatóhelyettes,igazgató,helyett,es,,
ugyanmár,ugy,an,már,,
szemszögből,szem,szög,ből,,
éjjelén,éj,jel,én,,
ferrari,fer,ra,ri,,
tudhattad,tud,hat,tad,2,
csajokkal,csaj,ok,kal,,
birtokot,bi,rt,okot,,
családtagok,család,tag,ok,,
csapatmunka,csa,pat,munka,,
csapatmunka,csap,at,munka,,
csapatmunka,csapat,mun,ka,,
nyomozok,nyom,oz,ok,,
társaim,tár,sa,im,,
kerüljenek,kerül,je,nek,2,
jelentheti,jelen,the,ti,3,jelen the ti
jelentheti,jelent,he,ti,2,
neveltem,neve,lt,em,,
gillian,gi,ll,ian,,
gillian,gil,li,an,,
nyugodjanak,nyugodj,an,ak,,
hajadat,haj,ad,at,,
keltett,kel,te,tt,,
haláleset,hal,ál,eset,,
haláleset,halál,es,et,,
látomásom,lá,to,másom,,
látomásom,látom,ás,om,,
közrendőr,köz,rend,őr,,
ernest,er,ne,st,,
töltötted,tölt,öt,ted,,
ilyesmiben,il,yes,miben,,
ilyesmiben,ily,es,miben,,
mosollyal,mos,olly,al,,
házigazda,ház,igaz,da,2,
házigazda,házi,gaz,da,,
tehenek,te,he,nek,2,
koporsót,ko,por,sót,,
tartsatok,tart,sa,tok,,
tartsatok,tarts,at,ok,,
tiltva,ti,lt,va,,
interpol,int,er,pol,,
fényesen,fény,es,en,2,
játszhatok,játsz,ha,tok,,
játszhatok,játsz,hat,ok,,
mozogjatok,mozog,ja,tok,,
mozogjatok,mozogj,at,ok,,
theodore,the,odo,re,2,
theodore,theo,do,re,,
máshonnan,má,sh,onnan,,
olyasvalakit,oly,as,valakit,,
olyasvalakit,olyas,val,akit,2,
kezdheted,kezd,he,ted,,
forduljanak,fordul,ja,nak,,
forduljanak,fordul,jan,ak,,
forduljanak,fordulj,an,ak,,
utánozni,után,oz,ni,,
követeli,kö,ve,teli,,
követeli,köve,te,li,,
national,nat,ion,al,,
tamara,ta,ma,ra,,
ütközés,üt,köz,és,,
tervezni,terv,ez,ni,,
adásba,ad,ás,ba,,
egyszercsak,egy,szer,csak,2,
szülőket,szül,ők,et,,
weston,we,st,on,,
döntenie,dönt,en,ie,,
karkötőt,kar,köt,őt,,
váltok,vá,lt,ok,,
hajlamosak,hajlam,os,ak,,
szavazott,szava,zo,tt,,
ugyanabból,ugy,an,abból,,
ugyanabból,ugyan,ab,ból,,
pszichológia,pszicho,ló,gia,,
tanítottak,tanít,ot,tak,,
tanítottak,tanít,ott,ak,,
csalinak,csa,li,nak,,
csalinak,csa,lin,ak,,
csalinak,csal,in,ak,,
másokon,má,sok,on,2,
másokon,más,ok,on,2,
változtam,vált,oz,tam,,
barátnőjének,barát,nőj,ének,,
barátnőjének,barátnő,jé,nek,,
következel,kö,vet,kezel,,
látniuk,lát,ni,uk,,
rendelés,ren,del,és,,
panaszkodom,panasz,ko,dom,,
telefonokat,telefon,ok,at,,
bűntudata,bűn,tu,data,,
riporterek,ri,port,erek,,
vallottam,vall,ot,tam,,
vallottam,vall,ott,am,,
testedet,test,ed,et,,
szabadúszó,szab,ad,úszó,,
fedett,fe,de,tt,,
fejezetet,fej,ez,etet,,
dolgozzanak,dolgozz,an,ak,,
szándékozom,szándék,oz,om,,
akármelyik,ak,ár,melyik,,
ismerőse,is,merő,se,2,
emberrabló,ember,rab,ló,,
dallam,da,ll,am,,
landolt,lan,do,lt,,
határtalan,ha,tár,talan,,
határtalan,ha,tárt,alan,,
határtalan,hat,ár,talan,,
határtalan,hat,árt,alan,,
határtalan,határ,ta,lan,,
határtalan,határ,tal,an,,
határtalan,határt,al,an,,
jeremiah,je,remi,ah,,
nyakamba,nyak,am,ba,,
válást,vá,lá,st,,
fogait,fo,ga,it,,
deborah,de,bor,ah,,
deborah,deb,or,ah,,
javasolt,java,so,lt,,
partnert,part,ne,rt,,
tojásokat,tojás,ok,at,,
fokozat,fok,oz,at,,
jobbról,jo,bb,ról,,
keltél,ke,lt,él,,
arizona,ari,zo,na,,
darabok,da,ra,bok,,
darabok,da,rab,ok,,
darabok,dar,ab,ok,,
férfiról,fér,fi,ról,,
mindkettőjüknek,mind,kettőjük,nek,2,
földben,föl,db,en,,
pasasnak,pa,sas,nak,,
pasasnak,pas,as,nak,,
újfajta,új,faj,ta,,
induljatok,indul,ja,tok,,
induljatok,indulj,at,ok,,
vizsgálatokat,vizsgálat,ok,at,,
nyomozott,nyom,oz,ott,,
szembeszállni,szembe,száll,ni,,
rávettem,rá,vett,em,2,
meteor,me,te,or,,
hálóban,há,ló,ban,,
tervezted,terv,ez,ted,,
tervezted,terv,ezt,ed,2,
családon,csa,lá,don,,
titkára,ti,tk,ára,2,
egészre,eg,ész,re,,
tizenkettő,ti,zen,kettő,2,
bogarat,bo,ga,rat,,
randija,ran,di,ja,,
fenekem,fe,nek,em,,
otthagyott,ott,hagy,ott,2,
rendezve,rend,ez,ve,,
olyannyira,oly,annyi,ra,2,
szemüveges,szem,üveg,es,,
csomagtartóba,csomag,tartó,ba,2,
bajnoka,baj,no,ka,2,
gilmore,gil,mo,re,,
helyemet,hel,ye,met,,
helyemet,hely,em,et,,
erőszakra,erős,zak,ra,2,
emerson,em,er,son,,
állítottak,állít,ot,tak,,
állítottak,állít,ott,ak,,
villany,vi,ll,any,,
nyilvántartásban,nyilván,tartás,ban,2,
töltenem,tölt,en,em,,
háttér,há,tt,ér,,
haragot,ha,ra,got,2,
újságokat,újság,ok,at,,
fenekét,fe,ne,két,,
tiedet,ti,ed,et,,
igaznak,ig,az,nak,3,ig az nak
mennyiség,menny,is,ég,,
buliról,bu,li,ról,,
vadonban,va,don,ban,,
vadonban,vad,on,ban,2,
háttal,há,tt,al,,
pánikot,pá,nik,ot,,
bútorokat,bú,toro,kat,,
bútorokat,bú,torok,at,,
bútorokat,bútor,ok,at,,
gondolatai,gondol,at,ai,,
tervezés,terv,ez,és,2,
amikben,ami,kb,en,2,
érezned,ér,ez,ned,,
tudnotok,tud,no,tok,2,
tudnotok,tud,not,ok,,
webster,web,st,er,,
történetének,történ,et,ének,,
kalappal,ka,lap,pal,,
kalappal,kal,ap,pal,,
kalappal,kal,app,al,,
valakije,val,aki,je,2,
egyhamar,egy,ha,mar,2,
tizennyolc,ti,zen,nyolc,2,
szervezetet,szer,vezet,et,,
szervezetet,szerv,ez,etet,,
szervezetet,szervez,et,et,,
miénket,mi,én,ket,2,
kertet,ke,rt,et,,
szárazföldön,száraz,föld,ön,2,
egészségesen,egészség,es,en,,
gondolatom,gon,dol,atom,,
gondolatom,gondol,at,om,,
másodperced,másod,perc,ed,,
keveredtem,kev,eredt,em,,
wendell,wen,de,ll,,
társaságban,társas,ág,ban,,
ragadtatva,ragadt,at,va,,
taposs,ta,po,ss,,
rémesen,ré,me,sen,,
rémesen,rém,es,en,,
maradványokat,maradvány,ok,at,,
tudatosan,tud,at,osan,,
tudatosan,tudat,os,an,,
szabadban,szab,ad,ban,,
menekülök,me,nek,ülök,,
ugyanarról,ugy,an,arról,,
nyomomban,nyom,om,ban,,
indiana,in,di,ana,,
indiana,in,dia,na,,
kurafi,ku,ra,fi,,
rabolt,ra,bo,lt,,
anyámra,any,ám,ra,2,
helyemre,hely,em,re,2,
járőrök,jár,őr,ök,,
sógorom,só,go,rom,,
drogokkal,drog,ok,kal,,
kapaszkodjatok,kapaszkodj,at,ok,,
magamba,mag,am,ba,,
élvezetes,él,vezet,es,,
élvezetes,élvez,et,es,,
tanulmányoztam,tanulmány,oz,tam,,
életeteket,élete,te,ket,2,
másutt,má,su,tt,,
lépésről,lép,és,ről,2,
fejéből,fe,jé,ből,,
hozzászokni,hozz,ás,zokni,,
babára,ba,bá,ra,2,
kocsimmal,kocsi,mm,al,,
esélyes,es,él,yes,,
nevettem,ne,vett,em,,
nevettem,neve,tt,em,,
feneked,fe,nek,ed,,
csigavér,csi,ga,vér,,
létezem,lét,ez,em,,
menekültem,me,nek,ültem,,
hordozható,hordoz,ha,tó,,
nagyokos,nagy,ok,os,,
javult,ja,vu,lt,,
menekülhetsz,me,nek,ülhetsz,,
városra,vár,os,ra,2,
jelentenem,jelen,te,nem,3,jelen te nem
jelentenem,jelen,ten,em,,
jelentenem,jelent,en,em,2,
szavaival,szava,iv,al,,
rajzolt,raj,zo,lt,,
fordulatot,fordul,at,ot,,
halálról,hal,ál,ról,,
kétségbeesés,kétségbe,es,és,,
ilyenné,il,yen,né,,
ilyenné,ily,en,né,,
tervezve,terv,ez,ve,,
akarjon,aka,rj,on,,
hagyjalak,hagyj,al,ak,,
rontottam,ront,ot,tam,,
rontottam,ront,ott,am,,
motorja,mo,tor,ja,,
bámulj,bá,mu,lj,,
fejben,fe,jb,en,,
mozdulatot,mozdul,at,ot,,
hiányozna,hiány,oz,na,,
üzemanyagot,üzem,anya,got,,
üzemanyagot,üzem,anyag,ot,,
sikerre,sik,er,re,,
adósság,adó,ss,ág,,
telefonszámot,telefon,szám,ot,,
hullaházba,hulla,ház,ba,2,
barátnőmnek,barát,nőm,nek,,
dolgoddal,dol,god,dal,,
hírnevet,hír,ne,vet,,
véleményemet,vélemény,em,et,,
évfordulója,év,forduló,ja,,
ötéves,öt,év,es,,
csendesebben,csend,es,ebben,,
karokkal,kar,ok,kal,,
sérülései,sérül,és,ei,,
robotot,ro,bot,ot,,
robotot,rob,ot,ot,,
állítottad,állít,ot,tad,,
állítottad,állít,ott,ad,,
egyiptom,eg,yip,tom,,
egyiptom,egy,ip,tom,2,
kalapácsot,kalap,ács,ot,,
fájdalomra,fáj,dalom,ra,2,
utasította,utasít,ot,ta,,
ügyvédnek,ügy,véd,nek,,
hozzáférni,hozzá,fér,ni,,
mentenem,men,te,nem,2,
mentenem,men,ten,em,,
mentenem,ment,en,em,2,
játszotok,játsz,ot,ok,,
érintés,ér,int,és,,
fodrász,fo,dr,ász,,
melvin,me,lv,in,,
ugyanazért,ugy,an,azért,,
ugyanazért,ugyan,az,ért,3,ugyan az ért
ugyanazért,ugyan,azé,rt,,
harapj,ha,ra,pj,2,
hívatott,hív,at,ott,,
vittél,vi,tt,él,,
profitot,prof,it,ot,,
agyamat,agy,am,at,,
egyebet,egy,eb,et,,
töltöttél,tölt,öt,tél,,
minőség,mi,nős,ég,,
minőség,min,ős,ég,,
gondolhattam,gondol,hat,tam,,
áramszünet,ár,am,szünet,,
szerveztem,szerv,ezt,em,,
egyszemélyes,egy,személy,es,2,
ügyvéded,ügy,véd,ed,,
raktak,ra,kt,ak,,
találkozzanak,találkozz,an,ak,,
rohantam,ro,han,tam,,
állíthatja,állít,hat,ja,,
szobatársa,szoba,tár,sa,,
mihelyst,mi,hely,st,2,
napokra,nap,ok,ra,2,
nyomkövetőt,nyom,követ,őt,,
kevert,ke,ve,rt,,
jelentettem,jel,en,tettem,2,
jelentettem,jelen,tett,em,2,
vezetőjének,vezető,jé,nek,2,
hálával,há,lá,val,,
mindenemet,min,de,nemet,,
mindenemet,minden,em,et,,
férjeddel,fér,jed,del,,
férjeddel,férj,ed,del,,
kosarat,ko,sa,rat,,
karate,ka,ra,te,2,
abbott,ab,bo,tt,,
zenekart,zene,ka,rt,,
valamiből,va,la,miből,,
valamiből,val,ami,ből,2,
valamiből,vala,mi,ből,,
magukért,ma,gu,kért,,
magukért,mag,uk,ért,,
rosszfiúkat,rossz,fiú,kat,2,
rosszfiúkat,rossz,fiúk,at,2,
abbahagyod,ab,ba,hagyod,,
fejemen,fe,je,men,,
fejemen,fe,jem,en,,
fejemen,fej,em,en,,
értené,ér,te,né,,
gondjaid,gond,ja,id,,
miamiba,mi,ami,ba,3,mi ami ba
miamiba,mia,mi,ba,2,
helyszínelő,hely,színe,lő,,
kefélni,ke,fél,ni,,
bandának,ban,dán,ak,,
bandának,band,án,ak,,
nővérnek,nő,vér,nek,,
alapozva,alap,oz,va,,
tudásom,tud,ás,om,,
részeként,ré,sze,ként,2,
törölje,tör,öl,je,,
fiunkat,fi,un,kat,,
alezredes,al,ezred,es,,
rohanni,ro,han,ni,,
everett,eve,re,tt,,
romboló,rom,bo,ló,,
kísérteni,kísér,te,ni,,
osztozni,oszt,oz,ni,,
telitalálat,te,li,találat,,
telitalálat,teli,talál,at,,
raines,ra,in,es,,
hallanám,hal,lan,ám,,
hallanám,hall,an,ám,,
érdekeljen,ér,de,keljen,,
érdekeljen,érdeke,lj,en,,
működőképes,működő,kép,es,2,
gondolnia,gon,dol,nia,,
hollywoodban,holly,wood,ban,,
nevelte,ne,vel,te,2,
mélységesen,mélység,es,en,,
haláluk,hal,ál,uk,,
fulladás,fu,ll,adás,,
fulladás,full,ad,ás,,
kereke,ke,re,ke,,
tisztának,tiszt,án,ak,,
nagyinak,nagy,in,ak,,
emailt,em,ai,lt,,
otthonba,ott,ho,nba,,
járatot,jár,at,ot,,
ujjamat,ujj,am,at,,
fejezem,fej,ez,em,,
életforma,él,et,forma,,
életforma,élet,for,ma,2,
időszaka,id,ősz,aka,,
forgalmi,for,gal,mi,2,
kempingezni,kemping,ez,ni,,
vertem,ve,rt,em,,
erőket,er,ők,et,,
választottuk,választ,ott,uk,2,
voltaképpen,volt,ak,éppen,2,
voltaképpen,volta,kép,pen,,
voltaképpen,voltak,ép,pen,,
voltaképpen,voltak,épp,en,3,voltak épp en
szavazatokat,szavazat,ok,at,,
érintette,ér,in,tette,,
érintette,ér,int,ette,,
érintette,érint,et,te,,
mondhattad,mond,hat,tad,2,
általad,ál,tal,ad,,
mindegyiknek,mind,egyik,nek,3,mind egyik nek
könyvtáros,könyv,tár,os,,
bocsátok,bo,csá,tok,,
gyilkosokat,gyilkos,ok,at,,
döntésre,dönt,és,re,2,
haverjai,ha,ver,jai,,
haverjai,ha,verj,ai,,
haverjai,have,rj,ai,,
értékesebb,értéke,se,bb,,
magatoknak,maga,tok,nak,2,
ártatlanokat,ártatlan,ok,at,,
carroll,car,ro,ll,,
testen,te,st,en,2,
ülésén,ül,és,én,2,
kedvesség,kedve,ss,ég,,
testvéredet,te,st,véredet,,
testvéredet,test,véred,et,,
testvéredet,testvér,ed,et,,
viccesen,vicc,es,en,,
gondolhatja,gondol,hat,ja,,
embertelen,ember,tel,en,2,
tálalva,tál,al,va,,
döntenem,dönt,en,em,,
mostam,mo,st,am,,
remélte,rem,él,te,,
mellet,me,ll,et,,
segítségedet,segítség,ed,et,,
németországba,né,met,országba,,
németországba,német,ország,ba,3,német ország ba
mozduljatok,mozdul,ja,tok,,
mozduljatok,mozdulj,at,ok,,
férfihoz,fér,fi,hoz,,
halálhoz,hal,ál,hoz,,
fiatalembert,fia,tal,embert,2,
fiatalembert,fiat,al,embert,,
fogadóban,fog,adó,ban,2,
szárazföldi,száraz,föl,di,,
farmert,far,me,rt,,
kívánatos,kíván,at,os,,
ránézésre,rá,nézés,re,2,
ránézésre,ránéz,és,re,2,
bántottak,bánt,ot,tak,,
bántottak,bánt,ott,ak,,
annalise,an,na,lise,,
annalise,ann,ali,se,,
annalise,anna,li,se,2,
háromnegyed,há,rom,negyed,,
háromnegyed,hár,om,negyed,,
tartoztam,tart,oz,tam,,
vállalatok,válla,la,tok,,
vállalatok,vállal,at,ok,,
ajtóra,aj,tó,ra,,
társadalomban,társa,dalom,ban,,
steril,st,er,il,,
pihenek,pi,he,nek,,
fogyott,fog,yo,tt,,
nyomoznak,nyom,oz,nak,,
montana,mon,ta,na,,
hazaértél,haza,ér,tél,,
hazaértél,haza,ért,él,2,
indította,indít,ot,ta,,
dolgaid,dol,ga,id,,
hamlet,ha,ml,et,,
karjaiban,kar,jai,ban,,
musical,mu,si,cal,,
ügynököket,ügynök,ök,et,,
rosemary,ro,se,mary,,
savannah,sa,van,nah,,
savannah,sav,an,nah,,
savannah,sav,ann,ah,,
fiaddal,fi,ad,dal,,
fiaddal,fi,add,al,,
profilt,pro,fi,lt,,
roberta,rob,er,ta,,
álmodoztam,álmod,oz,tam,,
akikben,aki,kb,en,2,
marian,ma,ri,an,,
britannia,bri,tan,nia,,
britannia,brit,an,nia,,
apuval,ap,uv,al,,
öngyilkossági,ön,gyilkossá,gi,,
valakid,val,ak,id,,
rájönne,rá,jön,ne,2,
raktad,ra,kt,ad,,
munkatársam,mun,ka,társam,,
munkatársam,munka,tár,sam,,
munkatársam,munka,társ,am,,
fiamról,fi,am,ról,,
vállad,vá,ll,ad,,
specialista,special,is,ta,,
köszöntőt,kösz,önt,őt,,
mennyországban,menny,ország,ban,2,
lábamon,lá,ba,mon,,
lábamon,lá,bam,on,,
lábamon,láb,am,on,,
társaságnak,társas,ág,nak,,
bohannon,bo,han,non,,
gyűlöletet,gyűlöl,et,et,,
alexandra,alex,and,ra,2,
altató,al,ta,tó,,
tárgyalása,tárgya,lá,sa,,
mérfölddel,mér,föld,del,,
rendelj,ren,de,lj,,
rachelt,ra,che,lt,,
szavaimat,szava,im,at,,
érdekesen,ér,deke,sen,,
érdekesen,érdek,es,en,,
agyatlan,agy,at,lan,,
változásokat,változás,ok,at,,
részemet,ré,sze,met,,
részemet,ré,szem,et,,
részemet,rész,em,et,,
fejemhez,fe,jem,hez,,
fejemhez,fej,em,hez,,
engedheted,enged,he,ted,,
szörnyeteget,szörny,et,eget,,
szörnyeteget,szörnyet,eg,et,,
ügyésznek,ügy,ész,nek,,
fiamra,fi,am,ra,,
szalonban,szal,on,ban,2,
tagadás,tag,ad,ás,,
finomak,fi,no,mak,,
finomak,fin,om,ak,,
bátornak,bá,tor,nak,,
mindenhonnan,min,den,honnan,,
mindenhonnan,mind,en,honnan,3,mind en honnan
vámpírt,vá,mp,írt,,
cuccaidat,cucca,id,at,,
világomban,világ,om,ban,2,
várostól,vár,os,tól,2,
gyerekekért,gyere,ke,kért,,
gyerekekért,gyereke,ké,rt,,
papának,pa,pá,nak,,
papának,pa,pán,ak,,
papának,pap,án,ak,,
háromszoros,há,rom,szoros,,
háromszoros,hár,om,szoros,,
hercegnőnek,herceg,nő,nek,,
polgármesternek,polgár,mester,nek,,
láttán,lá,tt,án,,
barátainkat,barát,ain,kat,,
messzebbre,messze,bb,re,2,
drakula,dr,aku,la,,
gyanúsítottja,gyanúsít,ott,ja,,
veszekednek,veszek,ed,nek,,
követve,kö,vet,ve,,
sokmindent,sok,min,dent,,
joanne,jo,an,ne,,
állásomat,állás,om,at,,
darnell,dar,ne,ll,,
köszönheted,kösz,ön,heted,,
köszönheted,köszön,he,ted,,
férjedet,fér,jed,et,,
férjedet,férj,ed,et,,
august,au,gu,st,,
feneke,fe,ne,ke,,
tettei,te,tt,ei,,
láthattad,lá,that,tad,,
láthattad,lát,hat,tad,,
ilyesfajta,il,yes,fajta,,
ilyesfajta,ily,es,fajta,,
dorian,do,ri,an,,
hozzámentem,hozzá,ment,em,2,
szülőknek,szül,ők,nek,2,
vicceset,vicc,es,et,,
tanítványom,tanít,vá,nyom,,
munkahely,mun,ka,hely,,
listám,li,st,ám,,
kabátomat,kabát,om,at,,
rémálmaim,rém,álma,im,,
tettetni,tett,et,ni,,
terápiát,te,rá,piát,4,te rá piát
nagymamája,nagy,ma,mája,,
solomon,so,lo,mon,,
solomon,sol,om,on,,
gondolatokat,gondolat,ok,at,,
kontrollálni,kontroll,ál,ni,,
mondjatok,mond,ja,tok,,
mondjatok,mondj,at,ok,,
rendőrséghez,rend,őrség,hez,,
humorérzéke,hu,mor,érzéke,,
lakókocsi,lakó,ko,csi,,
engedélyezve,engedély,ez,ve,,
játszanom,játsz,an,om,,
ismerné,is,mer,né,,
komikus,ko,mik,us,,
törzsőrmester,törzs,őr,mester,,
vadászatot,vadász,at,ot,,
ültetni,ült,et,ni,,
hangulatom,han,gul,atom,,
tanácsomat,tanács,om,at,,
lányokra,lány,ok,ra,2,
gyerekeinket,gyereke,in,ket,,
célszemély,cél,sze,mély,,
fényképész,fény,kép,ész,2,
helyemen,hel,ye,men,,
helyemen,hely,em,en,2,
ünneprontó,ünnep,ron,tó,,
egymásról,egy,más,ról,3,egy más ról
történtekért,történ,te,kért,,
rohamot,ro,ham,ot,,
enrique,en,ri,que,,
műsora,mű,so,ra,,
éjjelente,éj,jelen,te,2,
éjjelente,éjjel,en,te,3,éjjel en te
olyanoknak,olyan,ok,nak,2,
jamest,ja,me,st,,
testőre,te,st,őre,,
apámhoz,ap,ám,hoz,2,
okosabbak,okos,ab,bak,,
követted,kö,vet,ted,,
követted,kö,vett,ed,,
követted,köve,tt,ed,,
induló,in,du,ló,,
dolcsival,dol,csi,val,,
hányingerem,hány,inge,rem,,
hányingerem,hány,inger,em,,
olaszországba,olasz,ország,ba,3,olasz ország ba
városházán,város,ház,án,2,
könyvemet,könyv,em,et,,
hajtottam,hajt,ot,tam,,
hajtottam,hajt,ott,am,,
munkaerő,mun,ka,erő,,
dolores,dol,or,es,,
finomat,fin,om,at,,
hotelba,ho,tel,ba,,
érdekeltek,ér,de,keltek,,
érdemeltem,érd,emelt,em,,
érdemeltem,érdeme,lt,em,,
kutatások,kutat,ás,ok,,
ültetett,ül,te,tett,2,
tengerpartra,tenger,part,ra,,
kandalló,kan,dal,ló,2,
törölte,tör,öl,te,,
barlangba,bar,lang,ba,,
keresztneve,kereszt,ne,ve,,
hívásra,hív,ás,ra,,
uramatyám,ur,am,atyám,,
internetre,int,er,netre,,
tekintélyes,tekint,él,yes,,
közvetett,köz,ve,tett,,
melózni,mel,óz,ni,,
gondoljanak,gondol,ja,nak,,
gondoljanak,gondol,jan,ak,,
gondoljanak,gondolj,an,ak,,
lyukakat,lyuk,ak,at,,
bizonyította,bizonyít,ot,ta,,
hálószobába,há,ló,szobába,,
hannibal,han,ni,bal,,
laktak,la,kt,ak,,
shilling,sh,il,ling,,
shilling,shi,ll,ing,,
otthonomban,otthon,om,ban,2,
kísérteties,kísérte,ti,es,,
falusiak,falu,si,ak,,
autóra,au,tó,ra,,
szólhatok,szól,ha,tok,2,
szólhatok,szól,hat,ok,2,
figyelemreméltó,figyelem,re,méltó,2,
figyelemreméltó,figyelem,remél,tó,,
tárgyalóteremben,tárgya,ló,teremben,,
lőtted,lő,tt,ed,,
életveszélyes,él,et,veszélyes,,
életveszélyes,élet,veszély,es,,
hívásom,hív,ás,om,,
hajadon,ha,ja,don,,
hajadon,haj,ad,on,,
barton,ba,rt,on,2,
készüléket,ké,szül,éket,,
készüléket,kész,ül,éket,,
önvédelemből,ön,védelem,ből,,
terápiás,te,rá,piás,2,
melegem,mel,eg,em,,
jillian,ji,ll,ian,,
köszönje,kösz,ön,je,,
tudtatok,tud,ta,tok,,
démonokat,démon,ok,at,,
parlament,par,la,ment,,
képességet,kép,ess,éget,,
képességet,képe,ss,éget,,
alapból,al,ap,ból,,
szívverés,szív,ve,rés,,
szívverés,szív,ver,és,,
bandatag,ban,da,tag,,
selina,se,li,na,2,
szervezetnek,szer,vezet,nek,2,
szervezetnek,szervez,et,nek,,
picasso,pi,cas,so,,
diákokat,diák,ok,at,,
akármennyire,ak,ár,mennyire,,
akármennyire,akár,mennyi,re,3,akár mennyi re
vagina,va,gi,na,,
emeletes,emel,et,es,,
munkaidőben,mun,ka,időben,,
célokra,cél,ok,ra,,
parkolni,par,kol,ni,,
hegyeket,heg,ye,ket,,
barbárok,bar,bár,ok,,
barbárok,barb,ár,ok,,
fektettem,fe,kt,ettem,,
marsall,mar,sa,ll,,
akcentusa,ak,cent,usa,,
segítette,segít,et,te,2,
rontani,ron,ta,ni,,
lángokban,láng,ok,ban,,
haskell,has,ke,ll,,
edison,ed,is,on,2,
értettél,ér,tett,él,,
értettél,ért,et,tél,,
értettél,érte,tt,él,,
váltotta,vált,ot,ta,,
morfium,mor,fi,um,,
hajtok,ha,jt,ok,,
tarthatom,tart,ha,tom,3,tart ha tom
tarthatom,tart,hat,om,2,
hajóhoz,ha,jó,hoz,2,
hajóhoz,haj,óh,oz,,
követtelek,kö,vet,telek,,
kolónia,ko,ló,nia,,
várhatod,vár,ha,tod,2,
akárhová,ak,ár,hová,,
akárhová,akár,ho,vá,,
készültél,ké,szül,tél,,
készültél,ké,szült,él,,
készültél,kész,ül,tél,,
készültél,kész,ült,él,,
laptopot,lap,top,ot,,
vonatról,von,at,ról,,
hamisak,ham,is,ak,,
mosómedve,mo,só,medve,,
köszönettel,köszön,et,tel,,
központból,köz,pont,ból,,
peternek,pet,er,nek,,
tartotok,tart,ot,ok,,
családomról,család,om,ról,2,
pasikkal,pa,sik,kal,,
rendeltél,ren,del,tél,,
napsütés,nap,süt,és,2,
tennivaló,ten,ni,való,,
tennivaló,tenni,va,ló,,
ugyanannyira,ugy,an,annyira,,
ugyanannyira,ugyan,annyi,ra,3,ugyan annyi ra
kevesebben,ke,ve,sebben,,
kevesebben,kev,es,ebben,,
kérdeztelek,kérd,ez,telek,,
csapathoz,csa,pat,hoz,,
csapathoz,csap,at,hoz,,
hangposta,hang,pos,ta,,
kelleténél,kellet,én,él,,
nevemen,ne,ve,men,,
ránézni,rá,néz,ni,2,
united,un,it,ed,,
nyugodtak,nyu,god,tak,,
döntötte,dönt,öt,te,,
őrültet,őr,ült,et,,
paprika,pap,ri,ka,,
fizetésem,fizet,és,em,,
karrieremet,karrier,em,et,,
állatkertbe,áll,at,kertbe,,
nemesi,ne,me,si,,
tanulmányozni,tanulmány,oz,ni,,
bocsátom,bo,csá,tom,,
váltságdíj,válts,ág,díj,,
magadfajta,mag,ad,fajta,,
magadfajta,magad,faj,ta,,
gondoljam,gon,dol,jam,,
magukon,mag,uk,on,,
foltok,fo,lt,ok,,
őrülni,őr,ül,ni,,
lakókocsiban,lakó,kocsi,ban,,
tengerpart,tenger,pa,rt,,
ilyesmihez,il,yes,mihez,,
ilyesmihez,ily,es,mihez,,
édesanyádat,édes,anyád,at,,
földszintre,föld,szint,re,2,
bánatot,bá,nat,ot,,
földjére,föld,jé,re,2,
üdvözletemet,üdvözlet,em,et,,
szavazatot,szavaz,at,ot,,
testvérével,te,st,vérével,,
dohányozni,dohány,oz,ni,,
marisol,ma,ri,sol,,
fölötte,föl,öt,te,,
vártad,vá,rt,ad,,
vadállatok,vad,álla,tok,,
vadállatok,vad,állat,ok,,
barátotok,barát,ot,ok,,
telefonáltak,tele,fonál,tak,,
telefonáltak,telefon,ál,tak,,
hálásan,há,lá,san,,
hálásan,hál,ás,an,,
akarhatod,akar,ha,tod,2,
fogadtál,fog,ad,tál,,
emberiségnek,ember,is,égnek,2,
nyerésre,nyer,és,re,2,
önökért,ön,ök,ért,2,
aktivitás,ak,ti,vitás,,
project,pro,je,ct,,
lányokról,lány,ok,ról,2,
egyenruhás,eg,yen,ruhás,,
egyenruhás,egy,en,ruhás,2,
gondoskodok,gondos,ko,dok,,
fehérnemű,fehér,ne,mű,,
tartalma,ta,rt,alma,,
tartalma,tart,al,ma,,
újakat,új,ak,at,,
tanácsra,tan,ács,ra,,
köztudott,köz,tud,ott,2,
formába,for,má,ba,2,
hivatalt,hiv,at,alt,,
fedeztem,fed,ezt,em,,
komolyabban,komoly,ab,ban,2,
anyámhoz,any,ám,hoz,2,
testvérei,test,vér,ei,,
babáról,ba,bá,ról,2,
minősül,mi,nő,sül,,
minősül,mi,nős,ül,,
minősül,min,ős,ül,,
rejtegetni,rejt,eget,ni,,
kérdésedre,kérdés,ed,re,2,
tanácsnak,tan,ács,nak,,
hívásaimra,hívása,im,ra,,
egyvalaki,egy,val,aki,3,egy val aki
testvéremmel,test,vérem,mel,,
testvéremmel,testvér,em,mel,,
istállóban,ist,álló,ban,2,
vegasi,ve,ga,si,,
csapódott,csapó,do,tt,,
erőnket,er,őn,ket,,
részesei,rész,es,ei,,
férfivá,fér,fi,vá,,
maxine,ma,xi,ne,,
hozzámenni,hozz,ám,enni,2,
hozzámenni,hozz,ámen,ni,,
hozzámenni,hozzá,men,ni,,
hozzámenni,hozzám,en,ni,2,
emlékeztetem,emlék,ez,tetem,,
holnapot,hol,nap,ot,2,
helyeztem,hely,ezt,em,2,
kezdésnek,kezd,és,nek,3,kezd és nek
tanaka,ta,na,ka,,
mellie,me,ll,ie,,
takarítottam,takarít,ot,tam,,
takarítottam,takarít,ott,am,,
kalinda,ka,lin,da,,
kalinda,kal,in,da,,
haragudjatok,haragudj,at,ok,,
erőkkel,er,ők,kel,,
embereidet,embere,id,et,,
színfalak,szín,fal,ak,,
halálbüntetés,hal,ál,büntetés,,
halálbüntetés,halál,büntet,és,2,
alapot,al,ap,ot,,
határait,hat,ára,it,2,
értheti,ér,the,ti,2,
értheti,ért,he,ti,2,
szenteste,szent,es,te,2,
szálljak,szál,lj,ak,,
kalandra,ka,land,ra,,
kalandra,kal,and,ra,2,
teremtettek,te,rem,tettek,,
helyezem,hely,ez,em,,
anyagát,an,ya,gát,,
rolling,ro,ll,ing,,
kocsiról,ko,csi,ról,,
kötötte,köt,öt,te,,
egymagam,egy,mag,am,,
mindkettejüket,mind,kettejük,et,,
testvérünk,te,st,vérünk,,
hajtson,ha,jt,son,,
hajtson,haj,ts,on,,
hevert,he,ve,rt,,
arcomra,arc,om,ra,,
találhat,tal,ál,hat,,
sajátomat,saját,om,at,,
mariana,ma,ri,ana,,
értsen,ér,ts,en,,
egyenek,eg,ye,nek,,
fiatalkorú,fia,tal,korú,,
fiatalkorú,fiat,al,korú,,
fogadnia,fog,ad,nia,,
magatokkal,mag,at,okkal,,
magatokkal,maga,tok,kal,,
davies,da,vi,es,,
vagyonba,vagy,on,ba,3,vagy on ba
tüzelésre,tüzel,és,re,2,
olyasmire,oly,as,mire,,
olyasmire,olyas,mi,re,2,
fejest,fe,je,st,,
induljanak,indul,ja,nak,2,
induljanak,indul,jan,ak,,
induljanak,indulj,an,ak,,
janine,ja,ni,ne,,
üzenetemet,üzenet,em,et,,
nővéremmel,nő,vérem,mel,,
nővéremmel,nővé,rem,mel,,
nővéremmel,nővér,em,mel,,
áruházban,áru,ház,ban,2,
reakciója,re,akció,ja,,
önöktől,ön,ök,től,2,
választanám,válasz,tan,ám,2,
választanám,választ,an,ám,2,
hatolt,ha,to,lt,,
álmaimat,álma,im,at,,
darabokban,da,rabok,ban,,
darabokban,darab,ok,ban,2,
világod,vi,lá,god,,
ejtettem,ej,tett,em,,
harapott,ha,rap,ott,2,
harapott,hara,po,tt,,
tudattal,tud,at,tal,,
jussak,ju,ss,ak,,
találtalak,tal,által,ak,,
találtalak,talál,tal,ak,,
találtalak,talált,al,ak,,
profil,pr,of,il,,
emlékeztessen,emlék,ezt,essen,,
rájöjjön,rá,jöjj,ön,2,
nappaliba,nap,pa,liba,,
nappaliba,nap,pali,ba,2,
lámpás,lá,mp,ás,,
javasolja,java,sol,ja,,
napomat,nap,om,at,,
akcentus,ak,cent,us,,
társamat,tár,sam,at,,
társamat,társ,am,at,,
nagyanyja,nagy,any,ja,,
gazdagabb,gazda,ga,bb,,
hilton,hi,lt,on,,
napvilágra,nap,világ,ra,3,nap világ ra
hordágyat,hord,ágy,at,,
kapcsolható,kapcsol,ha,tó,,
sajttal,sa,jt,tal,,
aktiválni,ak,ti,válni,,
taxiba,ta,xi,ba,,
szultán,szu,lt,án,,
utánatok,után,at,ok,,
csintalan,csin,ta,lan,,
csintalan,csin,tal,an,,
borravaló,bor,ra,való,2,
borravaló,borra,va,ló,,
családokat,család,ok,at,,
ártalmas,ár,tal,mas,,
ártalmas,árt,al,mas,,
választjuk,válasz,tj,uk,,
ütöttél,üt,öt,tél,,
magamfajta,mag,am,fajta,,
magamfajta,magam,faj,ta,,
ezredesnek,ez,red,esnek,,
ezredesnek,ezred,es,nek,,
hitelkártyát,hi,tel,kártyát,,
hullámokat,hullám,ok,at,,
fizetésemelést,fizet,és,emelést,,
stadion,st,ad,ion,,
stadion,st,adi,on,,
szűzanyám,szűz,any,ám,,
módszerem,mód,sze,rem,,
módszerem,mód,szer,em,,
választania,válasz,ta,nia,,
edzésre,edz,és,re,2,
számokkal,szám,ok,kal,,
néhanapján,né,ha,napján,,
fiatalokat,fiatal,ok,at,,
gyerekeiket,gyere,kei,ket,,
gyerekeiket,gyerek,ei,ket,,
brittany,bri,tt,any,,
tisztaság,tiszt,as,ág,,
veszélyesen,veszély,es,en,,
hamvait,ham,va,it,,
mondjanak,mond,ja,nak,2,
mondjanak,mond,jan,ak,,
mondjanak,mondj,an,ak,,
barátnődnek,barát,nőd,nek,,
haladj,ha,la,dj,,
mellékes,mel,lé,kes,,
martini,mar,ti,ni,,
melóban,me,ló,ban,,
próbáljatok,próbál,ja,tok,,
próbáljatok,próbálj,at,ok,,
haditengerészeti,ha,di,tengerészeti,,
hardison,hard,is,on,2,
sugárúton,sugár,út,on,,
forrest,for,re,st,2,
balesetről,bal,eset,ről,2,
mentettél,men,tett,él,,
mentettél,ment,et,tél,,
emberekért,embere,ké,rt,,
szülinapjára,szül,in,apjára,,
reeves,re,ev,es,,
félretéve,fél,re,téve,2,
rákban,rá,kb,an,,
barátságosak,barátság,os,ak,,
egykoron,egy,ko,ron,,
egykoron,egy,kor,on,3,egy kor on
papírjai,pap,ír,jai,,
papírjai,pap,írj,ai,,
underwood,un,der,wood,,
underwood,und,er,wood,,
uralom,ur,al,om,,
damian,da,mi,an,,
tartanám,tart,an,ám,2,
másfelé,más,fe,lé,,
norton,no,rt,on,2,
másodéves,másod,év,es,,
akkorra,ak,kor,ra,2,
egyszerűnek,egy,szerű,nek,2,
döntésemet,döntés,em,et,,
gyerekével,gyere,ké,vel,2,
hozható,hoz,ha,tó,2,
atombomba,at,om,bomba,,
bizonyítanom,bizonyít,an,om,,
önállóan,ön,álló,an,2,
orvosokat,orvos,ok,at,,
rendelkezem,ren,del,kezem,,
italok,it,al,ok,,
különálló,külön,ál,ló,,
szemügyre,szem,ügy,re,,
szokásosat,szokás,os,at,,
kocsinak,ko,csi,nak,,
kocsinak,ko,csin,ak,,
allergia,all,er,gia,,
hívhatod,hív,ha,tod,,
virágos,vir,ág,os,,
marhára,mar,há,ra,,
sikeresek,sik,er,esek,,
angolt,an,go,lt,,
mondható,mond,ha,tó,2,
bántalak,bánt,al,ak,,
szemtanút,szem,tan,út,,
kölcsönvettem,kölcsön,vett,em,,
ülésre,ül,és,re,2,
uralma,ur,al,ma,,
írásos,ír,ás,os,,
akárhova,ak,ár,hova,,
akárhova,akár,ho,va,,
prototípus,pro,to,típus,,
napjára,na,pj,ára,2,
helyiség,hely,is,ég,2,
hallgatod,hall,ga,tod,,
tündérmese,tündér,me,se,,
gondolna,gon,dol,na,,
fogadjon,fog,ad,jon,,
fogadjon,fog,adj,on,2,
fogadjon,foga,dj,on,,
darabra,da,rab,ra,,
darabra,dar,ab,ra,,
észrevették,ész,re,vették,,
ruhára,ru,há,ra,,
hatóságoknak,hatóság,ok,nak,,
tudatos,tud,at,os,,
sokakat,so,ka,kat,,
sokakat,sok,ak,at,,
annyian,ann,yi,an,,
gondolva,gon,dol,va,,
birodalma,bi,rod,alma,,
szomszédokat,szomszéd,ok,at,,
piacot,pi,ac,ot,,
egymásért,egy,má,sért,,
egymásért,egy,más,ért,3,egy más ért
egymásért,egy,másé,rt,,
váltottam,vált,ot,tam,,
váltottam,vált,ott,am,2,
aurora,au,ro,ra,,
életednek,élet,ed,nek,2,
mindeközben,min,de,közben,2,
teljesítette,teljesít,et,te,,
önöknél,ön,ök,nél,2,
élettelen,élet,tel,en,2,
térjenek,tér,je,nek,2,
jólesne,jól,es,ne,,
háromszáz,há,rom,száz,,
háromszáz,hár,om,száz,,
karodat,ka,rod,at,,
halálnak,hal,ál,nak,,
öljenek,öl,je,nek,,
anyaga,an,ya,ga,,
dugulj,du,gu,lj,,
úgyértem,úgy,ért,em,2,
életből,él,et,ből,,
természetesnek,természet,es,nek,,
szenvedélyesen,szenvedély,es,en,,
nyakamon,nyak,am,on,,
spanyolországba,spanyol,ország,ba,3,spanyol ország ba
testre,te,st,re,2,
szemeidet,szeme,id,et,,
vállalatnál,vállal,at,nál,,
melegnek,mel,eg,nek,,
borult,bo,ru,lt,,
mondhatta,mond,hat,ta,2,
tommal,to,mm,al,,
madárka,mad,ár,ka,,
babonás,ba,bon,ás,,
babonás,bab,on,ás,,
balesetem,bal,eset,em,,
védened,véd,en,ed,,
wellington,well,ing,ton,,
létrejött,lét,re,jött,2,
kaptatok,kap,ta,tok,,
mobilomat,mobil,om,at,,
draper,dr,ap,er,,
doktorral,do,kt,orral,,
erősíti,erő,sí,ti,,
gyártanak,gyár,ta,nak,,
gyártanak,gyár,tan,ak,,
gyártanak,gyárt,an,ak,,
menetrend,me,net,rend,,
menetrend,men,et,rend,,
ágyadban,ágy,ad,ban,,
ágyadban,ágya,db,an,,
osztálya,oszt,ál,ya,,
ködben,kö,db,en,,
társaságba,társas,ág,ba,,
jelezte,jel,ez,te,,
öngyilkosságnak,ön,gyilkosság,nak,2,
részeit,ré,sze,it,,
darabka,da,rab,ka,,
darabka,dar,ab,ka,,
motorokat,mo,toro,kat,,
motorokat,mo,torok,at,,
motorokat,motor,ok,at,,
barátságunkat,barátság,un,kat,,
egyetértenek,egy,et,értenek,,
egyetértenek,egyet,érte,nek,3,egyet érte nek
egészségesnek,egészség,es,nek,,
verjen,ve,rj,en,,
partiról,par,ti,ról,2,
hajtsa,ha,jt,sa,,
alkalma,al,kal,ma,,
egeret,eg,er,et,,
boltja,bo,lt,ja,,
dolgodat,dol,god,at,,
karjaimban,karja,im,ban,,
barátoknak,ba,rátok,nak,2,
barátoknak,barát,ok,nak,,
hozzámegy,hozz,ám,egy,2,
ruháid,ru,há,id,,
névjegyem,név,jegy,em,,
csináltattam,csinált,at,tam,,
csináltattam,csinálta,tt,am,,
kellettek,ke,ll,ettek,,
edzésen,edz,és,en,2,
tetoválást,te,to,válást,,
félreérted,fél,re,érted,3,fél re érted
félreérted,félre,ér,ted,,
félreérted,félre,ért,ed,,
igennek,ig,en,nek,3,ig en nek
ügyvédemmel,ügy,védem,mel,,
ügyvédemmel,ügyvéd,em,mel,,
moretti,mor,et,ti,,
yolanda,yo,lan,da,,
technikus,tech,nik,us,,
hitben,hi,tb,en,,
érdemelt,érd,eme,lt,,
szárnyakat,szárny,ak,at,,
középiskolába,köz,ép,iskolába,,
ráírva,rá,ír,va,,
szívességre,szív,ess,égre,,
szívességre,szíve,ss,égre,,
jonesy,jo,ne,sy,,
képviselni,kép,visel,ni,,
munkaidő,mun,ka,idő,,
önökre,ön,ök,re,2,
hatóságokat,hatóság,ok,at,,
menekülhet,me,nek,ülhet,,
hatalmasabb,hatalma,sa,bb,,
tengerészet,tenger,ész,et,,
mennének,men,né,nek,,
mentolos,men,to,los,,
masszázst,mas,száz,st,,
dolgokért,dol,go,kért,,
képedet,kép,ed,et,,
tanítanak,tanít,an,ak,,
rendeztem,rend,ezt,em,,
irányuló,irán,yu,ló,,
farrell,far,re,ll,,
színházat,szín,ház,at,,
kezdetén,kezd,et,én,2,
laktok,la,kt,ok,,
járatra,jár,at,ra,2,
hajaddal,haj,ad,dal,,
hajaddal,haj,add,al,,
címlapon,cím,lap,on,3,cím lap on
pohárba,po,hár,ba,,
kanalat,kan,al,at,,
pandora,pan,do,ra,,
rálőtt,rá,lő,tt,,
tagadta,tag,ad,ta,,
kötélen,kö,tél,en,,
kötélen,köt,él,en,,
napjaim,nap,ja,im,,
rosszabbá,rossz,ab,bá,,
rodrigo,rod,ri,go,,
vadászott,vad,ász,ott,,
szerezhetek,szer,ez,hetek,,
mindezért,mind,ez,ért,2,
városháza,vár,os,háza,,
vízesés,víz,es,és,2,
mennyiségben,menny,is,égben,,
szerveket,szer,ve,ket,,
kézfogás,kéz,fog,ás,,
csapatként,csa,pat,ként,,
csapatként,csap,at,ként,,
haverjaid,haver,ja,id,,
cuccomat,cucc,om,at,,
ingatag,in,ga,tag,,
lábaimat,lába,im,at,,
érdemelnek,érd,emel,nek,,
választásokon,választ,ások,on,2,
választásokon,választás,ok,on,,
meneküljünk,me,nek,üljünk,,
hellóka,hel,ló,ka,,
taxiban,ta,xi,ban,,
kérése,ké,ré,se,2,
haljak,ha,lj,ak,,
fővárosban,fő,város,ban,2,
gondolataimban,gondolata,im,ban,,
váltja,vá,lt,ja,,
kábítószert,kábító,sze,rt,,
kórháznak,kór,ház,nak,2,
északnak,és,zak,nak,2,
északnak,ész,ak,nak,,
festettem,fe,st,ettem,,
mostoha,mos,to,ha,,
verést,ve,ré,st,,
értesíts,érte,sí,ts,,
testvéreid,test,vére,id,,
lábánál,lá,bá,nál,,
lábánál,láb,án,ál,,
csatlakozzanak,csatlakozz,an,ak,,
hátadon,há,ta,don,,
hátadon,há,tad,on,,
hátadon,hát,ad,on,2,
északról,és,zak,ról,2,
északról,ész,ak,ról,,
gyerekkora,gyerek,ko,ra,2,
folytattam,folyt,at,tam,,
életért,él,et,ért,,
tetthely,te,tt,hely,2,
pirulát,pi,ru,lát,,
csapatra,csa,pat,ra,,
csapatra,csap,at,ra,,
jelezni,jel,ez,ni,,
zaklató,zak,la,tó,,
kalandor,ka,land,or,,
kalandor,kal,and,or,,
készítettél,készít,et,tél,,
eseted,es,et,ed,,
országszerte,ország,szer,te,2,
kezelése,keze,lé,se,,
anjali,an,ja,li,,
kristina,kris,ti,na,2,
bolondos,bo,lon,dos,,
trükköket,trükk,ök,et,,
jónapot,jó,nap,ot,,
választottalak,választ,ott,alak,2,
választottalak,választott,al,ak,,
rendszeren,rend,sze,ren,,
rendszeren,rend,szer,en,,
érezheti,ér,ez,heti,,
érezheti,érez,he,ti,,
légitársaság,lé,gi,társaság,,
légitársaság,légi,társas,ág,,
luciano,lu,cia,no,,
jogaimat,joga,im,at,,
szólhattál,szól,hat,tál,2,
kórházakat,kór,háza,kat,,
kórházakat,kór,házak,at,,
kórházakat,kórház,ak,at,,
jelöltet,jel,ölt,et,,
közelmúltban,közel,múlt,ban,3,közel múlt ban
fősulira,fő,suli,ra,,
valamelyikünk,va,la,melyikünk,,
sarah-val,sa,ra,h-val,,
ráveszem,rá,ve,szem,,
ráveszem,rá,vesz,em,2,
fogalmatok,fog,alma,tok,,
mcnamara,mc,na,mara,,
mcnamara,mc,nam,ara,,
abbahagytuk,ab,ba,hagytuk,,
érints,ér,in,ts,,
költségvetés,költség,vet,és,,
konyakot,ko,nyak,ot,,
őrjárat,őr,jár,at,,
hajóban,ha,jó,ban,2,
fejeddel,fe,jed,del,,
fejeddel,fej,ed,del,,
akadni,ak,ad,ni,,
keresztülment,kereszt,ül,ment,,
poloska,po,los,ka,,
poloska,pol,os,ka,,
kezdjenek,kezd,je,nek,2,
életedre,élet,ed,re,2,
akárhogyis,akár,hogy,is,3,akár hogy is
kövessem,kö,vess,em,,
kövessem,köve,ss,em,,
strauss,st,ra,uss,,
választásuk,választ,ás,uk,,
lábamra,lá,bam,ra,,
lábamra,láb,am,ra,,
amatőrök,am,at,őrök,,
amatőrök,ama,tőr,ök,,
közölje,köz,öl,je,,
veszítette,veszít,et,te,,
életjelek,él,et,jelek,,
bajori,ba,jo,ri,,
baloldali,bal,old,ali,2,
vesszen,ve,ss,zen,,
egyesül,eg,ye,sül,,
egyesül,eg,yes,ül,,
egyesül,egy,es,ül,,
halgass,hal,ga,ss,,
mellkason,mell,ka,son,,
saunders,sa,un,ders,,
félreértettem,fél,re,értettem,2,
félreértettem,félre,ér,tettem,,
félreértettem,félre,ért,ettem,,
félreértettem,félre,értett,em,,
halálbüntetést,hal,ál,büntetést,,
néninek,né,ni,nek,,
rontott,ron,to,tt,,
műtétje,mű,tét,je,,
karbantartó,kar,ban,tartó,2,
árvaházban,ár,va,házban,,
árvaházban,árva,ház,ban,2,
számítógépen,számító,gép,en,2,
űrhajót,űr,ha,jót,2,
amerikaiakat,amerikai,ak,at,,
színpadról,szín,pad,ról,,
joanie,jo,an,ie,,
amerikait,am,erika,it,,
forrásom,forr,ás,om,,
alaptalan,al,ap,talan,,
alaptalan,alap,ta,lan,,
alaptalan,alap,tal,an,,
valódinak,való,di,nak,2,
valódinak,valód,in,ak,,
dolgaidat,dolga,id,at,,
sanjana,san,ja,na,2,
jönnötök,jön,nö,tök,,
szállodai,szál,lo,dai,,
hazavinni,haza,vin,ni,,
fogatlan,fog,at,lan,,
társaságra,társas,ág,ra,,
szereznek,szer,ez,nek,,
gyújtotta,gyújt,ot,ta,,
vesztetted,vesz,tett,ed,2,
időtök,id,őt,ök,,
fejeket,fe,je,ket,,
mosott,mo,so,tt,,
dugott,du,go,tt,,
sírjon,sí,rj,on,,
keating,ke,at,ing,,
bútorok,bú,tor,ok,,
gyártani,gyár,ta,ni,,
varázsa,va,ráz,sa,,
hadnagynak,had,nagy,nak,2,
talajt,ta,la,jt,,
athena,at,he,na,,
érzelmeit,érzel,me,it,,
nővéredet,nő,véred,et,,
nővéredet,nővé,red,et,,
nővéredet,nővér,ed,et,,
álmaidat,ál,maid,at,,
álmaidat,álma,id,at,,
zenélni,zen,él,ni,,
értenem,ér,te,nem,2,
értenem,ér,ten,em,,
értenem,ért,en,em,2,
vérdíjat,vér,díj,at,,
proctor,pro,ct,or,,
temetni,te,met,ni,,
nyakamat,nyak,am,at,,
ártottam,árt,ot,tam,,
ártottam,árt,ott,am,,
gondatlan,gond,at,lan,,
rosszfiút,rossz,fi,út,,
házának,ház,án,ak,,
roxanne,rox,an,ne,,
szarvast,szar,va,st,,
hajszálon,haj,szál,on,,
dallal,da,ll,al,,
raktárból,rak,tár,ból,,
szuperül,szu,per,ül,,
furának,fu,rá,nak,2,
kalapos,ka,la,pos,,
kalapos,ka,lap,os,,
kalapos,kal,ap,os,,
fogaid,fo,ga,id,,
jegyzőkönyvet,jegyző,könyv,et,,
forduló,for,du,ló,,
abnormális,ab,normál,is,,
igazinak,igaz,in,ak,,
álmaidban,ál,maid,ban,,
álmaidban,álma,id,ban,,
álmaidban,álmai,db,an,,
örökölted,örök,öl,ted,,
örökölted,örök,ölt,ed,,
tanárnak,tan,ár,nak,,
biztosította,biztosít,ot,ta,,
támadásról,támad,ás,ról,,
mobilon,mo,bi,lon,,
homárt,ho,má,rt,,
másodpercenként,másod,percen,ként,,
másodpercenként,másodperc,en,ként,2,
vállalatnak,vállal,at,nak,,
családomban,család,om,ban,2,
tévedésből,téved,és,ből,,
menekülünk,me,nek,ülünk,,
nagypapi,nagy,pa,pi,,
másvalaki,más,val,aki,3,más val aki
parancsoljanak,parancsol,ja,nak,,
parancsoljanak,parancsol,jan,ak,,
parancsoljanak,parancsolj,an,ak,,
fővárosa,fő,vá,rosa,,
halálig,hal,ál,ig,,
bourbon,bo,ur,bon,,
vádoltak,vá,dol,tak,,
pénztáros,pénz,tár,os,,
pénztáros,pénzt,ár,os,,
táncosok,tánc,os,ok,,
egyéniség,egyén,is,ég,,
nővéremnek,nő,vérem,nek,,
nővéremnek,nővé,rem,nek,,
nővéremnek,nővér,em,nek,,
ősrégi,ős,ré,gi,,
flörtölni,flört,öl,ni,,
számítottak,számít,ot,tak,,
számítottak,számít,ott,ak,2,
eredetit,ered,et,it,,
újdonsült,új,don,sült,,
poharam,po,ha,ram,,
habozás,hab,oz,ás,,
hotelből,ho,tel,ből,,
lakoma,la,ko,ma,,
munkatárs,mun,ka,társ,,
énemet,én,em,et,,
telefonáljon,tele,fonál,jon,,
telefonáljon,telefon,ál,jon,,
vezérkari,vezér,ka,ri,,
testvéremnek,test,vérem,nek,2,
testvéremnek,testvér,em,nek,,
otthagyja,ott,hagy,ja,,
johanna,jo,han,na,,
mozgalmas,moz,gal,mas,,
helyiségben,hely,is,égben,2,
ikertestvére,iker,test,vére,,
bármennyit,bár,men,nyit,,
bármennyit,bár,menny,it,,
hitelkártyáját,hi,tel,kártyáját,,
humora,hu,mo,ra,,
iljimae,il,ji,mae,,
iljimae,il,jim,ae,,
patkányokat,patkány,ok,at,,
gondban,gon,db,an,,
kétszeres,két,szer,es,,
hagyhatta,hagy,hat,ta,,
kapcsolatotok,kapcsolat,ot,ok,,
testének,te,st,ének,,
érzelmeid,érzel,me,id,,
tagjainak,tag,jai,nak,,
tagjainak,tagja,in,ak,,
izgatottnak,izgat,ott,nak,2,
majdhogynem,majd,hogy,nem,3,majd hogy nem
lábukat,lá,bu,kat,,
lábukat,láb,uk,at,,
barátomtól,barát,om,tól,,
vádolta,vá,dol,ta,,
bántanak,bánt,an,ak,,
hikari,hi,ka,ri,,
nézheted,néz,he,ted,,
sokaknak,sok,ak,nak,2,
érdeme,ér,de,me,,
útvonalon,út,vonal,on,,
számlára,szám,lá,ra,2,
meneküljön,me,nek,üljön,,
amerikaiaknak,amerikai,ak,nak,2,
véremet,vér,em,et,,
jóisten,jó,is,ten,,
jóisten,jó,ist,en,,
jóisten,jói,st,en,,
mentetted,men,tett,ed,,
mentetted,ment,et,ted,,
férjednek,fér,jed,nek,,
férjednek,férj,ed,nek,,
hálóba,há,ló,ba,,
műsorom,mű,so,rom,,
műsorom,mű,sor,om,,
várossal,vá,ross,al,,
várossal,vár,os,sal,,
engemet,en,gem,et,,
rohangál,ro,hang,ál,,
lassie,la,ss,ie,,
dobozból,dob,oz,ból,,
takarja,ta,kar,ja,,
vádolt,vá,do,lt,,
marhahús,mar,ha,hús,,
képességeimet,képesség,ei,met,,
képességeimet,képessége,im,et,,
szolgáltatni,szolgált,at,ni,,
láthatáron,lá,that,áron,,
láthatáron,lát,hat,áron,2,
láthatáron,lát,határ,on,,
láthatáron,láthat,ár,on,,
szülinapomra,szülinap,om,ra,,
hasonlókat,hason,ló,kat,,
atyaisten,at,ya,isten,,
atyaisten,atya,is,ten,,
atyaisten,atya,ist,en,,
könyvekben,könyve,kb,en,,
dumálj,du,má,lj,,
észreveszik,ész,re,veszik,,
tudományosan,tudomány,os,an,,
jelennek,jel,en,nek,2,
látszatot,látsz,at,ot,,
nehezebben,ne,hez,ebben,2,
nehezebben,neheze,bb,en,,
eszközökkel,eszköz,ök,kel,,
hullanak,hull,an,ak,,
emeletről,emel,et,ről,,
temetve,te,met,ve,,
barátságtalan,barátság,ta,lan,,
barátságtalan,barátság,tal,an,,
humoros,hu,mor,os,,
szememnek,szem,em,nek,,
álmodok,ál,mo,dok,,
félreértett,fél,re,értett,2,
félreértett,félre,ér,tett,,
félreértett,félre,érte,tt,,
szerencsejátékos,szerencse,játék,os,,
maradhatna,mar,adhat,na,,
maradhatna,marad,hat,na,3,marad hat na
adhatja,ad,hat,ja,,
faszomat,fasz,om,at,,
durranás,durr,an,ás,,
hivatalba,hiv,at,alba,,
festés,fe,st,és,,
lányomról,lá,nyom,ról,,
lányomról,lány,om,ról,2,
borzalom,borz,al,om,,
joghurt,jog,hu,rt,,
parrish,par,ri,sh,,
önkéntesek,ön,ként,esek,2,
féregjárat,fér,eg,járat,,
féregjárat,féreg,jár,at,,
padjára,pa,dj,ára,,
valamink,va,la,mink,,
juttat,ju,tt,at,,
övezet,öv,ez,et,,
árulhatom,árul,ha,tom,2,
árulhatom,árul,hat,om,,
nyilvántartás,nyilván,tart,ás,2,
egyeztem,egy,ezt,em,2,
véleményen,vélem,én,yen,,
gondolattal,gondol,at,tal,,
irányítanak,irányít,an,ak,,
kocsinál,ko,csi,nál,,
kocsinál,ko,csin,ál,,
forduljatok,fordul,ja,tok,,
forduljatok,fordulj,at,ok,,
babona,ba,bo,na,2,
rémálma,rém,ál,ma,,
követelt,kö,ve,telt,,
követelt,köve,te,lt,,
bűntársa,bűn,tár,sa,,
bűntársa,bűnt,ár,sa,,
jóbarátok,jó,ba,rátok,,
jóbarátok,jó,barát,ok,,
házastársi,házas,tár,si,,
istentelen,isten,tel,en,2,
julián,ju,li,án,,
kérdéseimre,kérdése,im,re,,
adriana,ad,ri,ana,,
ígéretem,ígér,et,em,,
rajtakaptam,raj,ta,kaptam,,
rajtakaptam,rajta,kap,tam,2,
ízléstelen,ízlés,tel,en,,
utasításaimat,utasítása,im,at,,
lakbér,la,kb,ér,,
születni,szül,et,ni,,
rablásért,rab,lá,sért,,
vámpírokat,vámpír,ok,at,,
fejezed,fe,je,zed,,
fejezed,fej,ez,ed,,
másoktól,má,sok,tól,2,
másoktól,más,ok,tól,2,
testvérének,te,st,vérének,,
testvérének,test,vér,ének,,
ügyvédjével,ügyvéd,jé,vel,,
szemközti,szem,köz,ti,,
nagyokat,nagy,ok,at,,
istennője,is,ten,nője,,
istennője,ist,en,nője,,
istennője,isten,nő,je,,
vallást,val,lá,st,,
pihenőt,pi,he,nőt,,
állapotot,ál,lapot,ot,,
erőinket,erő,in,ket,,
véghezvinni,vég,hez,vinni,,
véghezvinni,véghez,vin,ni,,
koromig,ko,ro,mig,,
koromig,ko,rom,ig,,
koromig,kor,om,ig,2,
érzelmeim,érzel,me,im,,
nyereség,nyer,es,ég,,
szeretetből,szer,etet,ből,,
szeretetből,szeret,et,ből,,
karjaiba,kar,jai,ba,,
fogaim,fo,ga,im,,
buchanan,bu,chan,an,,
autóhoz,au,tó,hoz,,
láthatott,lá,that,ott,,
láthatott,lát,hat,ott,2,
páncélos,pán,cél,os,,
lifttel,li,ft,tel,,
skywalker,sky,walk,er,,
darabjaira,da,rabja,ira,,
darabjaira,da,rabjai,ra,,
darabjaira,darab,ja,ira,,
darabjaira,darab,jai,ra,2,
angelina,ange,li,na,,
monique,mo,ni,que,,
tumort,tu,mo,rt,,
haverokkal,ha,ver,okkal,,
haverokkal,haver,ok,kal,,
ajánlatomat,ajánl,atom,at,,
ajánlatomat,ajánlat,om,at,,
halhatok,hal,ha,tok,,
halhatok,hal,hat,ok,,
jameson,ja,me,son,,
jameson,jam,es,on,,
kellenének,kell,en,ének,2,
kezeimet,keze,im,et,,
keveredni,ke,vered,ni,,
keveredni,kev,ered,ni,,
keveredni,kever,ed,ni,,
kompot,ko,mp,ot,,
hangosak,hang,os,ak,,
állatoknak,álla,tok,nak,,
állatoknak,állat,ok,nak,2,
unokatestvéred,un,oka,testvéred,,
unokatestvéred,uno,ka,testvéred,,
unokatestvéred,unoka,test,véred,,
unokatestvéred,unoka,testvér,ed,,
bízzatok,bízz,at,ok,,
forognak,fo,rog,nak,,
virágokkal,vir,ág,okkal,,
virágokkal,virág,ok,kal,,
világháborúban,világ,háború,ban,3,világ háború ban
egyeseknek,egy,esek,nek,2,
hibáztathatod,hibáztat,ha,tod,,
erődben,erő,db,en,,
készenléti,készen,lé,ti,,
csatatéren,csa,ta,téren,,
csatatéren,csata,tér,en,2,
őrnagyot,őr,nagy,ot,,
főhadiszállás,fő,hadi,szállás,,
kezdheti,kezd,he,ti,2,
bármelyiket,bár,melyik,et,2,
sebészet,seb,ész,et,,
világi,vi,lá,gi,,
iszonyatosan,iszonyat,os,an,,
alattam,al,at,tam,,
taxisofőr,ta,xi,sofőr,,
taxisofőr,taxis,of,őr,,
számlája,szám,lá,ja,,
sylvie,sy,lv,ie,,
jóváhagyta,jó,vá,hagyta,,
jóváhagyta,jóvá,hagy,ta,,
bűneiért,bűn,ei,ért,,
államnak,ál,lam,nak,,
államnak,áll,am,nak,2,
mentsem,men,ts,em,,
hasonlítható,hasonlít,ha,tó,,
csalást,csa,lá,st,,
dolgozzatok,dolgozz,at,ok,,
westen,we,st,en,,
tárgyalok,tárgy,al,ok,,
köteléket,kö,tel,éket,,
álltatok,áll,ta,tok,,
álltatok,állt,at,ok,,
részmunkaidős,rész,munka,idős,2,
orromat,or,rom,at,,
orromat,orr,om,at,,
támadásnak,támad,ás,nak,,
jutottatok,jutott,at,ok,,
színpadi,szín,pa,di,,
cartert,car,te,rt,,
telefonba,tele,fo,nba,,
gyerekkorunkban,gyerek,korunk,ban,2,
vatikán,va,ti,kán,,
rákerestem,rák,er,estem,,
lakásomat,lakás,om,at,,
rendelet,ren,del,et,,
házvezetőnő,ház,vezető,nő,2,
ugyanezen,ugy,an,ezen,,
ugyanezen,ugyan,ez,en,2,
vezérigazgatója,vezér,igazgató,ja,,
alapokat,alap,ok,at,,
ugyanannak,ugy,an,annak,,
ugyanannak,ugyan,an,nak,2,
ugyanannak,ugyan,ann,ak,,
köszöntelek,kösz,ön,telek,,
bánatos,bá,nat,os,,
lépcsőt,lé,pc,sőt,,
fejezned,fej,ez,ned,,
general,gen,er,al,,
születés,szül,et,és,,
olyasmiket,oly,as,miket,,
olyasmiket,olyas,mi,ket,,
olyasmiket,olyas,mik,et,,
helyrehozom,hely,re,hozom,2,
helyrehozom,helyre,hoz,om,2,
tarthatja,tart,hat,ja,2,
műsorba,mű,sor,ba,2,
stanford,st,an,ford,,
lovasság,lova,ss,ág,,
romero,ro,me,ro,,
forgatáson,forgat,ás,on,,
hibáit,hi,bá,it,,
embereimmel,embere,im,mel,,
partjainál,part,jai,nál,,
dakota,da,ko,ta,,
poharakat,po,ha,rakat,,
poharakat,po,hara,kat,,
védenie,véd,en,ie,,
milliárdot,milli,ár,dot,,
kendall,ken,da,ll,,
adófizetők,adó,fizet,ők,,
számláit,szám,lá,it,,
haladjon,hal,ad,jon,,
haladjon,hal,adj,on,,
tanítottad,tanít,ot,tad,,
tanítottad,tanít,ott,ad,,
féktelen,fék,tel,en,,
hányinger,hány,ing,er,,
gyerekeimnek,gyereke,im,nek,,
követelek,kö,ve,telek,,
parányi,par,án,yi,,
mindkettőtök,mind,kettő,tök,2,
mindkettőtök,mind,kettőt,ök,,
készültök,ké,szül,tök,,
készültök,ké,szült,ök,,
készültök,kész,ül,tök,,
készültök,kész,ült,ök,,
partija,par,ti,ja,,
hajtanak,haj,ta,nak,,
hajtanak,haj,tan,ak,,
hajtanak,hajt,an,ak,,
merülve,mer,ül,ve,,
tulajdonosok,tulajdon,os,ok,,
seggfejet,segg,fe,jet,,
seggfejet,segg,fej,et,,
tönkreteszem,tönkre,te,szem,,
tönkreteszem,tönkre,tesz,em,,
lovakkal,lo,vak,kal,,
olyasvalakivel,oly,as,valakivel,,
olyasvalakivel,olyas,val,akivel,,
olyasvalakivel,olyas,valaki,vel,2,
unalom,un,al,om,,
hazamehetek,haza,me,hetek,,
napjuk,na,pj,uk,,
gyerekének,gyere,ké,nek,2,
végrehajtó,végre,haj,tó,,
útálom,út,ál,om,,
családos,csa,lá,dos,,
másikhoz,má,sik,hoz,,
szállítanak,szállít,an,ak,,
büntetésem,büntet,és,em,,
kapcsolatosan,kapcsol,at,osan,,
kapcsolatosan,kapcsolat,os,an,,
kopott,ko,po,tt,,
gyermekemet,gyermek,em,et,,
húgoddal,hú,god,dal,,
meneküljetek,me,nek,üljetek,,
lábaddal,lá,bad,dal,,
lábaddal,láb,ad,dal,,
lábaddal,láb,add,al,,
szexista,szex,is,ta,2,
szülőkkel,szül,ők,kel,,
ugyancsak,ugy,an,csak,,
villámcsapás,villám,csap,ás,,
dustin,du,st,in,,
callahan,cal,la,han,,
callahan,call,ah,an,,
mártír,má,rt,ír,,
okozhatja,okoz,hat,ja,,
akadnak,ak,ad,nak,,
embereimnek,embere,im,nek,,
hitetni,hit,et,ni,,
bántsanak,bánt,sa,nak,,
bántsanak,bánt,san,ak,,
bántsanak,bánts,an,ak,,
egészségtelen,egészség,tel,en,,
városom,vár,os,om,,
főváros,fő,vár,os,,
agyamban,agy,am,ban,,
katrine,kat,ri,ne,,
képviselőt,kép,visel,őt,2,
látomások,lá,to,mások,,
látomások,lá,tom,ások,,
látomások,lát,om,ások,,
látomások,látom,ás,ok,,
találka,tal,ál,ka,,
gyártott,gyár,to,tt,,
anyajegy,an,ya,jegy,,
anyajegy,any,aj,egy,,
fenyegetésnek,fenyeget,és,nek,2,
hozhatod,hoz,ha,tod,2,
zsebkendőt,zseb,kend,őt,,
hajtotta,hajt,ot,ta,,
martint,ma,rt,int,,
oszolj,os,zo,lj,,
samson,sa,ms,on,,
doreen,do,re,en,2,
testemen,test,em,en,2,
fokozott,fok,oz,ott,,
mattie,ma,tt,ie,,
utasítására,utasít,ás,ára,,
lábnyomok,láb,nyom,ok,,
hétfőig,hét,fő,ig,2,
határidőt,ha,tár,időt,2,
határidőt,hat,ár,időt,2,
határidőt,határ,id,őt,,
kaphatnak,kap,hat,nak,3,kap hat nak
bogarakat,bo,ga,rakat,,
bogarakat,bo,garak,at,,
paranoid,para,no,id,,
pillanatokban,pillanat,ok,ban,2,
gyerekeinek,gyere,kei,nek,2,
gyerekeinek,gyerek,ei,nek,2,
rabbit,ra,bb,it,,
mennyországba,menny,ország,ba,2,
szabadnapos,szab,ad,napos,,
szabadnapos,szab,adna,pos,,
szabadnapos,szabad,na,pos,2,
szabadnapos,szabad,nap,os,2,
jegyezve,jegy,ez,ve,,
háromból,há,rom,ból,,
háromból,hár,om,ból,,
hakeem,ha,ke,em,,
közöltem,köz,ölt,em,,
műtétem,mű,tét,em,,
fiataloknak,fiatal,ok,nak,2,
margarita,mar,ga,rita,,
lábával,lá,bá,val,,
városról,vár,os,ról,2,
dimitri,di,mit,ri,,
lowell,lo,we,ll,,
rendelkezett,rendel,keze,tt,,
szokásosnál,szokás,os,nál,,
fegyverszünetet,fegyver,szünet,et,,
boomer,bo,om,er,,
danielt,dan,ie,lt,,
motorok,mo,tor,ok,,
helyrehozzuk,hely,re,hozzuk,2,
helyrehozzuk,helyre,hozz,uk,,
könyvelést,könyve,lé,st,,
egyesülés,eg,yes,ülés,,
egyesülés,egy,es,ülés,,
egyesülés,egye,sül,és,,
egyesülés,egyes,ül,és,2,
hozhatom,hoz,ha,tom,3,hoz ha tom
hozhatom,hoz,hat,om,2,
dallamot,dal,lam,ot,,
hercegnője,herceg,nő,je,,
vitorlát,vi,tor,lát,,
állatnak,áll,at,nak,2,
üldögélni,ül,dög,élni,,
delgado,del,ga,do,,
szálltál,szál,lt,ál,,
gyermekkori,gyermek,ko,ri,,
járattal,jár,at,tal,,
istenről,is,ten,ről,2,
istenről,ist,en,ről,2,
alistair,al,ist,air,,
alistair,ali,st,air,,
végrendelet,vég,rendel,et,,
munkatársai,mun,ka,társai,,
munkatársai,munka,tár,sai,,
munkatársai,munka,társ,ai,,
nevedben,neve,db,en,2,
fokhagyma,fok,hagy,ma,,
létrehozta,lét,re,hozta,2,
létrehozta,létre,hoz,ta,2,
keverve,ke,ver,ve,,
keverve,kev,er,ve,,
játszótéren,játszó,tér,en,2,
asztalánál,asztal,án,ál,,
védőügyvéd,védő,ügy,véd,,
finomnak,fin,om,nak,,
játszatok,játsz,at,ok,,
gaston,ga,st,on,,
követelte,köve,tel,te,,
kérdéseire,kérdés,ei,re,2,
szolgálatba,szolgál,at,ba,,
fővárosba,fő,város,ba,2,
érdekei,ér,de,kei,,
bújjon,bú,jj,on,,
jelemre,jel,em,re,,
ajtótól,aj,tó,tól,,
tetteiért,tett,ei,ért,2,
teljesül,tel,je,sül,,
intézed,int,éz,ed,,
akadtak,ak,ad,tak,,
bútort,bú,to,rt,,
bácsival,bá,csi,val,,
szabályosan,szabály,os,an,,
tányérokat,tányér,ok,at,,
supergirl,su,per,girl,,
morgana,mor,ga,na,,
pirula,pi,ru,la,,
utasokat,utas,ok,at,,
csatlakozzatok,csatlakozz,at,ok,,
támogatásra,támogat,ás,ra,,
sajtburgert,sa,jt,burgert,,
állomásról,ál,lo,másról,,
állomásról,állom,ás,ról,,
ursula,ur,su,la,,
mindamellett,min,da,mellett,,
pingvinek,ping,vi,nek,,
édesanyádnak,édes,anyád,nak,2,
sittről,si,tt,ről,,
készítenem,készít,en,em,,
követned,kö,vet,ned,,
istened,is,te,ned,2,
istened,is,ten,ed,,
istened,ist,en,ed,,
jobboldali,jobb,old,ali,2,
mellem,me,ll,em,,
olyasvalami,oly,as,valami,,
olyasvalami,olyas,val,ami,2,
olyasvalami,olyas,vala,mi,,
fogadtad,fog,ad,tad,,
árulónak,áru,ló,nak,,
drótozva,drót,oz,va,,
rendeznek,rend,ez,nek,,
alkatrész,al,kat,rész,,
mérföldekre,mér,földek,re,,
szemüveged,szem,üveg,ed,,
hozzámegyek,hozz,ám,egyek,,
hobbim,ho,bb,im,,
népesség,nép,ess,ég,,
népesség,népe,ss,ég,,
paranormális,pa,ra,normális,2,
paranormális,para,normál,is,,
tarthatod,tart,ha,tod,2,
igérem,ig,ér,em,,
computer,com,put,er,,
vegas-ban,ve,ga,s-ban,,
földeken,föl,de,ken,,
gondolatolvasó,gondol,at,olvasó,,
valakin,val,ak,in,,
házadba,ház,ad,ba,2,
alhatok,al,ha,tok,,
alhatok,al,hat,ok,,
adhatna,ad,hat,na,2,
buliból,bu,li,ból,,
hatéves,hat,év,es,,
élvezettel,él,vezet,tel,,
élvezettel,élvez,et,tel,,
vonzalom,vonz,al,om,,
santana,san,ta,na,2,
mozdulatlan,mozdul,at,lan,,
valója,va,ló,ja,,
férjéről,fér,jé,ről,,
győztese,győz,te,se,2,
egyetértett,egy,et,értett,,
egyetértett,egye,tér,tett,2,
egyetértett,egyet,ér,tett,2,
egyetértett,egyet,érte,tt,2,
atléta,at,lé,ta,,
töröltem,tör,ölt,em,,
kezelési,keze,lé,si,,
reménykedj,remény,ke,dj,,
függőség,függ,ős,ég,,
gondolataidat,gondolata,id,at,,
harapok,ha,rap,ok,,
szobatársak,szoba,társ,ak,,
mertél,me,rt,él,,
melóból,me,ló,ból,,
adatbázist,ad,at,bázist,,
keltette,ke,lt,ette,,
keltette,kelt,et,te,,
támadással,támad,ás,sal,,
támadással,támad,áss,al,,
kanállal,kan,áll,al,,
ablakán,ab,la,kán,,
csillaghajó,csillag,ha,jó,,
hadsereggel,had,se,reggel,2,
feszültnek,fe,szült,nek,,
időszakot,idős,zak,ot,,
holmija,hol,mi,ja,2,
általuk,ál,tal,uk,,
helyrehozza,hely,re,hozza,2,
lábadon,lá,ba,don,,
lábadon,lá,bad,on,,
lábadon,láb,ad,on,,
gyerekeivel,gyere,kei,vel,2,
gyerekeivel,gyerek,ei,vel,2,
nyilvánvalóvá,nyilván,való,vá,2,
páncélozott,pán,céloz,ott,,
páncélozott,páncél,oz,ott,,
hamuvá,ha,mu,vá,,
langston,lang,st,on,,
hazafias,haza,fi,as,,
bölcsességet,bölcs,ess,éget,,
hazamehetünk,haza,me,hetünk,,
pietro,pi,et,ro,,
amúgyis,am,úgy,is,2,
halálomat,hal,álom,at,,
halálomat,halál,om,at,,
dobálni,do,bál,ni,,
dobálni,dob,ál,ni,,
anyjukat,any,ju,kat,,
közeléből,köze,lé,ből,,
mindegyiküket,mind,egyikük,et,,
határozatlan,határoz,at,lan,,
díjnyertes,díj,nyert,es,2,
fősulin,fő,su,lin,,
családomtól,család,om,tól,2,
történettel,történ,et,tel,,
érezheted,ér,ez,heted,,
érezheted,érez,he,ted,,
bizalmi,biz,al,mi,,
gyerekeimmel,gyereke,im,mel,,
indokot,in,dok,ot,,
munkásokat,munkás,ok,at,,
agyafúrt,agya,fú,rt,,
társával,tár,sáv,al,,
ilyenem,il,ye,nem,,
ilyenem,il,yen,em,,
ilyenem,ily,en,em,,
holdkóros,hold,kór,os,,
dokumentumfilmet,dokumentum,film,et,,
teljesült,tel,je,sült,,
holtakat,hol,ta,kat,,
holtakat,hol,tak,at,,
holtakat,holt,ak,at,,
fájdalmad,fáj,dal,mad,2,
egyazon,egy,az,on,3,egy az on
érjenek,ér,je,nek,,
munkatársak,mun,ka,társak,,
munkatársak,munka,társ,ak,,
nyakadon,nyak,ad,on,,
tanúvallomást,tanúval,lo,mást,,
követnem,kö,vet,nem,,
mohamed,mo,ham,ed,,
orrodat,or,rod,at,,
kubában,ku,bá,ban,,
kubában,ku,báb,an,,
képesnek,kép,es,nek,2,
ruhával,ru,há,val,,
főnökömmel,főnök,öm,mel,,
váljanak,válj,an,ak,,
közeledni,közel,ed,ni,,
alexnek,al,ex,nek,,
ügyfelét,ügy,fe,lét,,
parancsomra,parancs,om,ra,,
magányosak,magány,os,ak,,
nővéreddel,nő,véred,del,,
nővéreddel,nővé,red,del,,
nővéreddel,nővér,ed,del,,
hanyatt,han,ya,tt,,
rendszernek,rend,szer,nek,,
kalandot,ka,lan,dot,,
kalandot,ka,land,ot,,
kalandot,kal,an,dot,,
kalandot,kal,and,ot,,
romano,ro,ma,no,,
delinda,de,lin,da,,
delinda,del,in,da,,
hárommal,há,rom,mal,,
hárommal,hár,om,mal,,
repülőgépet,repülő,gép,et,,
olyanról,oly,an,ról,,
buckingham,buck,ing,ham,,
egyféleképpen,egy,féle,képpen,2,
egyféleképpen,egy,félek,éppen,3,egy félek éppen
egyféleképpen,egyféle,kép,pen,,
tulaja,tu,la,ja,,
szenvedélye,szenved,él,ye,,
ismerne,is,mer,ne,,
denevérek,den,ev,érek,,
lopásért,lo,pá,sért,,
lopásért,lop,ás,ért,,
pillanatokat,pillanat,ok,at,,
találó,ta,lá,ló,,
próbaidőn,próba,id,őn,,
árokban,ár,ok,ban,,
ramona,ra,mo,na,2,
évtized,év,ti,zed,,
próbáljanak,próbál,ja,nak,,
próbáljanak,próbál,jan,ak,,
próbáljanak,próbálj,an,ak,,
szebben,sze,bb,en,,
kapcsol,ka,pc,sol,,
peralta,per,al,ta,,
azoknál,az,ok,nál,2,
rejtettem,re,jt,ettem,,
halljak,hal,lj,ak,,
jóvátenni,jó,vá,tenni,,
jóvátenni,jóvá,ten,ni,,
tárgyalásokat,tárgya,lá,sokat,,
tárgyalásokat,tárgyal,ások,at,,
tárgyalásokat,tárgyalás,ok,at,,
aktivista,ak,ti,vista,,
készítsenek,készít,se,nek,2,
szerezhetünk,szer,ez,hetünk,,
északnyugati,és,zak,nyugati,2,
északnyugati,ész,ak,nyugati,,
párolt,pá,ro,lt,,
ügyvédei,ügy,véd,ei,,
egymagad,egy,mag,ad,,
címlapra,cím,lap,ra,3,cím lap ra
utolérni,utol,ér,ni,,
hullámot,hull,ám,ot,,
kezeteket,keze,te,ket,,
atombombát,at,om,bombát,,
napotok,na,po,tok,,
napotok,nap,ot,ok,,
repülőjegyet,repülő,jegy,et,,
fogalom,fo,gal,om,,
fogalom,fog,al,om,,
szellemileg,szellem,il,eg,,
moreno,mo,re,no,2,
ijesztettél,ijeszt,et,tél,,
támogatására,támogat,ás,ára,,
fizetésed,fizet,és,ed,,
camilla,cam,il,la,,
magafajta,ma,ga,fajta,,
magafajta,maga,faj,ta,,
alkalmasabb,alkalma,sa,bb,,
kapoor,ka,po,or,,
életedről,élet,ed,ről,2,
natalia,na,ta,lia,,
szavazzanak,szavazz,an,ak,,
menetre,me,net,re,,
menetre,men,et,re,,
sodort,so,do,rt,,
adatott,ad,at,ott,,
adatott,ada,to,tt,,
műholdat,mű,hold,at,,
folytatás,folyt,at,ás,,
mellékesen,mellé,ke,sen,,
mellékesen,mellé,kes,en,2,
kérést,ké,ré,st,,
államból,ál,lam,ból,,
államból,áll,am,ból,,
járaton,jár,at,on,2,
delfinek,del,fi,nek,,
részedről,ré,szed,ről,2,
részedről,rés,zed,ről,,
részedről,rész,ed,ről,2,
horogra,ho,rog,ra,,
merjen,me,rj,en,,
fogalmát,fo,gal,mát,,
fogalmát,fog,al,mát,,
vágások,vág,ás,ok,,
vásárra,vá,sár,ra,,
katalin,ka,ta,lin,,
katalin,ka,tal,in,,
katalin,kat,al,in,,
alkalmazottat,alkalmaz,ott,at,,
haruka,ha,ru,ka,,
pajzsokat,pajzs,ok,at,,
kaphatod,kap,ha,tod,2,
tízéves,tíz,év,es,,
verandán,ve,ran,dán,,
verandán,ve,rand,án,,
verandán,ver,an,dán,,
verandán,ver,and,án,,
édesanyáddal,édes,anyád,dal,2,
kettőtöknek,kettő,tök,nek,2,
kettőtöknek,kettőt,ök,nek,,
kétségek,ké,ts,égek,,
titkolózás,titkol,óz,ás,,
ajánlanak,ajánl,an,ak,,
milliméteres,milli,méter,es,,
élvezetet,él,vezet,et,,
élvezetet,élvez,et,et,,
texasba,tex,as,ba,,
nehezén,ne,hez,én,2,
szívélyes,szív,él,yes,,
haladtok,hal,ad,tok,,
vezetőjével,vezető,jé,vel,2,
ruhába,ru,há,ba,,
sietős,si,et,ős,,
picsában,pi,csá,ban,,
vádakkal,vád,ak,kal,,
életedért,élet,ed,ért,2,
észrevettük,ész,re,vettük,,
galambok,ga,lam,bok,,
galambok,ga,lamb,ok,,
galambok,gal,am,bok,,
alapuló,al,apu,ló,,
tanácsban,tan,ács,ban,,
erőszaknak,erős,zak,nak,2,
épülni,ép,ül,ni,,
lábaidat,lába,id,at,,
robbantó,rob,ban,tó,,
véresen,vér,es,en,,
istálló,is,tál,ló,,
istálló,ist,ál,ló,,
ütötted,üt,öt,ted,,
hétfőre,hét,fő,re,2,
ígéreted,ígér,et,ed,,
kellően,kel,lő,en,,
riportot,ri,port,ot,,
feketéket,fe,ket,éket,,
féljenek,fél,je,nek,2,
rohanás,ro,han,ás,,
drogozott,drog,oz,ott,,
szellemekben,szelleme,kb,en,,
családomhoz,család,om,hoz,2,
ilyenről,il,yen,ről,,
ilyenről,ily,en,ről,2,
taggart,tag,ga,rt,,
szélesebb,széle,se,bb,,
magánéletem,mag,án,életem,,
magánéletem,magán,élet,em,,
raboltam,ra,bolt,am,,
tönkretettél,tönkre,tett,él,,
önmagának,ön,magán,ak,,
égette,ég,et,te,,
adhatnál,ad,hat,nál,2,
merted,me,rt,ed,,
valakim,val,ak,im,,
tartoztok,tart,oz,tok,,
alakkal,al,ak,kal,,
vállamon,váll,am,on,,
gaines,ga,in,es,,
vitamin,vi,ta,min,,
vitamin,vi,tam,in,,
várniuk,vár,ni,uk,,
illően,il,lő,en,,
homokban,homo,kb,an,,
bulikat,bu,li,kat,,
szerszámokat,szer,számok,at,,
szerszámokat,szerszám,ok,at,,
fogorvoshoz,fog,orvos,hoz,3,fog orvos hoz
nővérével,nővé,ré,vel,2,
végrendeletet,vég,rendel,etet,,
végrendeletet,vég,rendelet,et,,
kaphatja,kap,hat,ja,2,
lábáról,lá,bá,ról,,
villamos,vi,ll,amos,,
másodperces,másod,perc,es,,
otthonunkat,otthon,un,kat,,
orális,or,ál,is,,
véleményedet,vélemény,ed,et,,
baltimore,bal,ti,more,2,
bűnrészes,bűn,rész,es,,
alakban,al,ak,ban,,
jellem,je,ll,em,,
kenőpénzt,ke,nő,pénzt,,
városokat,vá,ro,sokat,,
városokat,város,ok,at,,
fejsérülés,fej,sérül,és,,
rendszereket,rend,szerek,et,,
jeanie,je,an,ie,,
gyerekeidet,gyereke,id,et,,
halálakor,halál,ak,or,,
életmód,él,et,mód,,
egymáson,egy,má,son,,
egymáson,egy,más,on,3,egy más on
őrültem,őr,ült,em,,
malhotra,mal,hot,ra,,
törökök,tör,ök,ök,,
szerkezeti,szer,keze,ti,,
indítottak,indít,ot,tak,,
indítottak,indít,ott,ak,,
apához,ap,áh,oz,,
májusban,máj,us,ban,,
korabeli,kor,abe,li,,
szólítanak,szólít,an,ak,,
egyesület,egye,sül,et,,
egyesület,egyes,ül,et,,
gondolkodok,gondol,ko,dok,,
drágán,dr,ág,án,,
fontosabbak,fontos,ab,bak,,
azokba,az,ok,ba,2,
találniuk,talál,ni,uk,,
kocsidban,kocsi,db,an,,
sóhajt,só,ha,jt,,
manőver,ma,nő,ver,,
malacot,mal,ac,ot,,
monitor,mo,ni,tor,,
monitor,mon,it,or,,
vesztegetem,veszteg,et,em,,
csalással,csa,láss,al,,
csalással,csal,ás,sal,,
csalással,csal,áss,al,,
változhat,vált,oz,hat,2,
haláli,ha,lá,li,,
sietned,si,et,ned,,
mániás,má,ni,ás,,
értesítette,érte,sí,tette,2,
fejeteket,feje,te,ket,,
emlékeimet,emlék,ei,met,,
emlékeimet,emléke,im,et,,
mentességet,men,tess,éget,,
mentességet,ment,ess,éget,,
karrierjének,karrier,jé,nek,,
kutatásokat,kutat,ások,at,,
kutatásokat,kutatás,ok,at,,
hobbit,ho,bb,it,,
nővérke,nő,vér,ke,,
szükségesnek,szükség,es,nek,2,
vacsira,va,csi,ra,,
fájdalommentes,fáj,dalom,mentes,,
fájdalommentes,fájdalom,ment,es,,
ugyanebben,ugy,an,ebben,,
halhatott,hal,hat,ott,2,
családomra,család,om,ra,2,
buktam,bu,kt,am,,
kórházak,kór,há,zak,,
kórházak,kór,ház,ak,,
gondjuk,gon,dj,uk,,
erejének,er,ej,ének,,
strandra,st,rand,ra,,
férfiakra,férfi,ak,ra,2,
kalapban,ka,lap,ban,2,
kalapban,kal,ap,ban,,
shinji,sh,in,ji,,
napjait,nap,ja,it,,
magasabban,mag,as,abban,,
magasabban,magas,ab,ban,2,
álláspontja,áll,ás,pontja,,
álláspontja,állás,pont,ja,,
golyóidat,golyó,id,at,,
ajtóval,aj,tó,val,,
lábadra,lá,bad,ra,,
lábadra,láb,ad,ra,,
húzzanak,húzz,an,ak,,
éjfélre,éj,fél,re,2,
tökkelütött,tök,kel,ütött,,
térdeljen,tér,del,jen,,
térdeljen,térde,lj,en,,
hogyishívják,hogy,is,hívják,2,
hetven,he,tv,en,,
bolton,bo,lt,on,,
fénypontja,fény,pont,ja,2,
említettél,említ,et,tél,,
nagyival,nagy,iv,al,,
egyiken,eg,yi,ken,,
választásokat,választ,ások,at,,
választásokat,választás,ok,at,,
neheztel,ne,hez,tel,,
főnökömnek,főnök,öm,nek,,
tudatalatti,tud,at,alatti,,
hotelszobában,ho,tel,szobában,,
társadalomnak,társa,dalom,nak,,
irányításom,irányít,ás,om,,
szintjére,szint,jé,re,,
ünnepélyes,ünnep,él,yes,,
karakterek,kara,kt,erek,,
társammal,tár,sam,mal,,
társammal,társ,am,mal,,
társammal,társa,mm,al,,
futottak,fut,ot,tak,,
futottak,fut,ott,ak,,
rainer,ra,in,er,,
nyilvántartásba,nyilván,tartás,ba,2,
lakosok,la,ko,sok,,
lakosok,la,kos,ok,,
háromezer,há,rom,ezer,,
háromezer,hár,om,ezer,,
háromezer,három,ez,er,,
említésre,említ,és,re,2,
dominium,do,mini,um,,
diáktanács,diák,tan,ács,,
szerveit,szer,ve,it,,
rendezem,rend,ez,em,,
rajtakapott,raj,ta,kapott,,
rajtakapott,rajta,kap,ott,3,rajta kap ott
párbajra,pár,baj,ra,3,pár baj ra
kamerákkal,ka,me,rákkal,,
hagyhattad,hagy,hat,tad,,
doktorok,dok,tor,ok,,
találatot,talál,at,ot,,
fürdőkádban,fürdő,kád,ban,,
államokat,álla,mo,kat,,
államokat,állam,ok,at,,
bántanám,bánt,an,ám,,
otthonos,ott,ho,nos,2,
készenlét,kés,zen,lét,,
készenlét,kész,en,lét,2,
óvatosabban,óvatos,ab,ban,,
emlékeztél,emlék,ez,tél,,
emlékeztél,emlék,ezt,él,,
álláspontját,áll,ás,pontját,,
hozzámész,hozz,ám,ész,,
morales,mor,al,es,,
kutatok,ku,ta,tok,,
homlokán,ho,ml,okán,,
házasodott,házas,odo,tt,,
emlékezned,emlék,ez,ned,,
jelölve,jel,öl,ve,,
catalina,cat,ali,na,,
kannibál,kan,ni,bál,,
életjelei,él,et,jelei,,
életjelei,élet,jel,ei,,
főügyész,fő,ügy,ész,,
őrmesternek,őr,mester,nek,,
mindezen,min,de,zen,,
mindezen,mind,ez,en,2,
írásba,ír,ás,ba,,
emelést,eme,lé,st,,
táncosnő,tánc,os,nő,,
módszereket,mód,szerek,et,,
anakin,an,ak,in,,
rosseb,ro,ss,eb,,
bizonyul,biz,on,yul,,
követelnek,kö,ve,telnek,,
követelnek,köve,tel,nek,,
csaltak,csa,lt,ak,,
hátamra,há,tam,ra,,
hátamra,hát,am,ra,2,
gyűlölettel,gyűlöl,et,tel,,
könyvtárat,könyv,tár,at,,
visszhang,vi,ss,zhang,,
dottie,do,tt,ie,,
minderre,min,der,re,,
minderre,mind,er,re,2,
januárban,ja,nu,árban,,
mustár,mu,st,ár,,
látomása,lá,to,mása,,
hússal,hú,ss,al,,
folytonos,folyt,on,os,,
okoska,ok,os,ka,,
dolcsiba,dol,csi,ba,,
állapotos,ál,lapot,os,,
értékelést,értéke,lé,st,,
találnál,tal,ál,nál,,
ultrahangot,ultra,han,got,,
ultrahangot,ultra,hang,ot,,
fiatalkori,fia,tal,kori,,
fiatalkori,fia,talk,ori,,
fiatalkori,fiat,al,kori,,
fiatalkori,fiatal,ko,ri,,
telefonáltál,tele,fonál,tál,,
telefonáltál,telefon,ál,tál,,
bilincsben,bi,linc,sben,,
nevada,ne,va,da,,
egésztől,eg,ész,től,,
terveztél,terv,ez,tél,,
terveztél,terv,ezt,él,2,
vasárnaponként,vasárnap,on,ként,3,vasárnap on ként
idézés,id,éz,és,,
kölcsönkérhetem,kölcsön,kér,hetem,,
kölcsönkérhetem,kölcsön,kérhet,em,,
remete,re,me,te,2,
személyről,sze,mély,ről,,
karton,ka,rt,on,,
gombokat,gomb,ok,at,,
módszerei,mód,sze,rei,,
módszerei,mód,szer,ei,,
fényképen,fény,ké,pen,,
fényképen,fény,kép,en,3,fény kép en
magabiztosnak,ma,ga,biztosnak,,
magabiztosnak,maga,biztos,nak,3,maga biztos nak
hasonlóképpen,hason,ló,képpen,,
hasonlóképpen,hasonló,kép,pen,2,
hasonlóképpen,hasonlók,ép,pen,,
hasonlóképpen,hasonlók,épp,en,2,
kössön,kö,ss,ön,,
helyettest,hely,et,test,2,
helyettest,hely,ette,st,,
helyettest,helye,tt,est,,
helyettest,helyet,te,st,2,
maradhattok,mar,adhat,tok,,
maradhattok,marad,hat,tok,2,
tanulásra,tanul,ás,ra,,
franciaországból,fran,cia,országból,,
franciaországból,francia,ország,ból,2,
immunis,im,mun,is,,
mindkettejüknek,mind,kettejük,nek,2,
tintahal,tin,ta,hal,,
ígéretemet,ígéret,em,et,,
garázst,ga,ráz,st,,
koráig,ko,rá,ig,2,
szabályokkal,szabály,ok,kal,,
vonatok,von,at,ok,,
öngyilkosságra,ön,gyilkosság,ra,2,
anyához,any,áh,oz,,
menekültél,me,nek,ültél,,
watashi,wa,ta,shi,,
halászni,hal,ász,ni,,
válaszoljanak,válaszol,ja,nak,,
válaszoljanak,válaszol,jan,ak,,
válaszoljanak,válaszolj,an,ak,,
üldögél,ül,dög,él,,
fordítottam,fordít,ot,tam,,
fordítottam,fordít,ott,am,,
idézte,id,éz,te,,
szánalmasan,szán,alma,san,,
ablaka,ab,la,ka,,
ingerült,ing,er,ült,,
idősen,id,ős,en,,
éjjelre,éj,jel,re,,
donort,do,no,rt,,
staten,st,at,en,,
henrietta,henri,et,ta,,
madárijesztő,mad,ár,ijesztő,,
nadrágomat,nadrág,om,at,,
zavarjanak,zavar,ja,nak,,
zavarjanak,zavar,jan,ak,,
zavarjanak,zavarj,an,ak,,
julianne,ju,li,anne,,
julianne,ju,lian,ne,,
intézted,int,éz,ted,,
magatartás,ma,ga,tartás,,
magatartás,maga,tart,ás,2,
mutathatok,mutat,ha,tok,,
mutathatok,mutat,hat,ok,,
kapjam,ka,pj,am,,
gondtalan,gond,ta,lan,,
gondtalan,gond,tal,an,,
orlando,or,lan,do,,
rendelő,ren,de,lő,,
raktárt,ra,kt,árt,,
félresikerült,fél,re,sikerült,3,fél re sikerült
félresikerült,félre,si,került,,
félresikerült,félre,siker,ült,,
annette,an,net,te,,
annette,ann,et,te,,
adtatok,ad,ta,tok,,
segítenének,segít,en,ének,2,
árvaház,ár,va,ház,,
ésszerűen,és,szerű,en,2,
sokkolt,sok,ko,lt,,
hegyeken,heg,ye,ken,,
esteban,es,te,ban,2,
esteban,est,eb,an,,
nővéreim,nő,vére,im,,
nővéreim,nővé,re,im,,
valamelyiket,va,la,melyiket,,
valamelyiket,val,amelyik,et,,
valamelyiket,vala,melyik,et,,
mentorom,men,to,rom,,
mentorom,men,tor,om,,
mentorom,ment,or,om,,
heller,he,ll,er,,
robbanásban,robban,ás,ban,,
golyóimat,golyó,im,at,,
lányomra,lá,nyom,ra,,
lányomra,lány,om,ra,2,
davina,da,vi,na,,
gyerekedet,gyerek,ed,et,,
rágógumi,rágó,gu,mi,,
itthagyni,itt,hagy,ni,,
diákoknak,diák,ok,nak,,
műsorvezető,mű,sor,vezető,2,
korántsem,ko,ránt,sem,,
korántsem,ko,ránts,em,,
korántsem,korán,ts,em,,
korházba,kor,ház,ba,3,kor ház ba
utasítottam,utasít,ot,tam,,
utasítottam,utasít,ott,am,,
kezeljem,keze,lj,em,,
maraton,ma,ra,ton,,
maraton,ma,rat,on,,
maraton,mar,at,on,,
istván,is,tv,án,,
sertés,se,rt,és,2,
fegyveremet,fegyver,em,et,,
eseményen,esem,én,yen,,
bankárok,ban,kár,ok,2,
bankárok,bank,ár,ok,,
házatok,ház,at,ok,,
napsugaram,nap,sugar,am,,
gondokat,gon,do,kat,,
gondokat,gon,dok,at,,
gondokat,gond,ok,at,,
anyátokat,anyát,ok,at,,
emmával,em,má,val,,
palesztin,pal,esz,tin,,
marisa,ma,ri,sa,,
tollam,to,ll,am,,
önmagamat,ön,magam,at,2,
mcbride,mc,bri,de,,
férfiakról,férfi,ak,ról,2,
barátomra,barát,om,ra,,
istenfélő,is,ten,félő,,
istenfélő,ist,en,félő,,
osztotta,oszt,ot,ta,,
világunkat,világ,un,kat,,
gitáros,gi,tár,os,,
szórólapot,szóról,ap,ot,,
csajoknak,csaj,ok,nak,,
drágalátos,drága,lát,os,,
drogosok,drog,os,ok,,
végezted,vég,ez,ted,,
végezted,vég,ezt,ed,,
tanácsadás,tan,ács,adás,,
tanácsadás,tanács,ad,ás,,
ügynökei,ügy,nö,kei,,
álnéven,ál,név,en,2,
egyesített,egye,sí,tett,,
tudással,tud,ás,sal,,
tudással,tud,áss,al,,
agyhalott,agy,hal,ott,,
agyhalott,agy,halo,tt,,
férfitól,fér,fi,tól,,
szeretőt,szer,et,őt,,
házasságunkat,házasság,un,kat,,
motoron,mo,to,ron,,
motoron,mo,tor,on,,
mindkettőnek,mind,kettő,nek,3,mind kettő nek
jogaim,jo,ga,im,,
napszemüveget,nap,szem,üveget,,
napszemüveget,nap,szemüveg,et,,
szavazatok,szavaz,at,ok,,
bújjatok,bújj,at,ok,,
csinálhatja,csinál,hat,ja,2,
úrnője,úr,nő,je,,
bérgyilkosok,bér,gyilkos,ok,,
lányukat,lá,nyu,kat,,
lányukat,lány,uk,at,,
fahéjas,fa,héj,as,,
házasságon,háza,ss,ágon,,
módszerekkel,mód,szerek,kel,,
növényi,nö,vén,yi,,
malacka,mal,ac,ka,,
mutató,mu,ta,tó,,
nyomoztam,nyom,oz,tam,,
mindazért,mind,az,ért,3,mind az ért
mindazért,mind,azé,rt,,
nevedre,ne,ve,dre,,
barlangot,bar,lan,got,,
barlangot,bar,lang,ot,,
kórusban,kór,us,ban,,
gondomat,gon,dom,at,,
gondomat,gond,om,at,,
egoista,ego,is,ta,,
sebesültek,seb,es,ültek,,
végezetül,végez,et,ül,,
küzdened,küzd,en,ed,,
ügyvédhez,ügy,véd,hez,,
optikai,op,ti,kai,,
seggeteket,segge,te,ket,,
kockáztathatom,kockáztat,ha,tom,2,
kockáztathatom,kockáztat,hat,om,,
hallás,ha,ll,ás,,
dallasban,dal,las,ban,2,
öngyilkosok,ön,gyilkos,ok,,
férfiről,fér,fi,ről,,
jogtalan,jog,ta,lan,,
jogtalan,jog,tal,an,,
töltenie,tölt,en,ie,,
namost,na,mo,st,,
indulatos,indul,at,os,,
híradóban,hír,adó,ban,2,
boldogabbá,boldog,ab,bá,,
mosoda,mo,so,da,,
tervemet,terv,em,et,,
partikat,par,ti,kat,,
életképes,él,et,képes,,
életképes,élet,kép,es,2,
sértésért,sért,és,ért,2,
maradniuk,mar,adni,uk,,
maradniuk,marad,ni,uk,,
énedet,én,ed,et,,
hozhatja,hoz,hat,ja,2,
otthonomba,otthon,om,ba,2,
magánterület,mag,án,terület,,
táncoltál,tán,colt,ál,,
évadban,év,ad,ban,,
évadban,éva,db,an,,
középszerű,köz,ép,szerű,,
áruljon,áru,lj,on,,
mondogatom,mon,dog,atom,,
sasuke,sa,su,ke,,
lazacot,la,zac,ot,,
hadtest,had,te,st,,
borotva,bor,ot,va,,
napszemüveg,nap,szem,üveg,,
árverés,ár,ve,rés,,
árverés,ár,ver,és,,
bristow,bri,st,ow,,
használatra,használ,at,ra,,
alaposabban,alap,os,abban,,
alaposabban,alapos,ab,ban,,
kalapja,ka,lap,ja,,
kalapja,kal,ap,ja,,
határozni,határ,oz,ni,,
mindehhez,mind,eh,hez,2,
mindehhez,mind,ehh,ez,,
magánélet,mag,án,élet,,
magánélet,magán,él,et,,
piroson,pi,ro,son,,
társaságom,társas,ág,om,,
padján,pa,dj,án,,
szedjem,sze,dj,em,,
monitoron,mon,ito,ron,,
kolostorban,kol,ostor,ban,,
hármast,hár,ma,st,,
pakoljatok,pa,kolja,tok,,
pakoljatok,pakolj,at,ok,,
méretet,mér,et,et,,
határnál,ha,tár,nál,2,
határnál,hat,ár,nál,2,
tekinteted,tekint,et,ed,,
színpadot,szín,pa,dot,,
színpadot,szín,pad,ot,,
sejtette,se,jt,ette,,
sejtette,sejt,et,te,,
franciaországot,fran,cia,országot,,
franciaországot,francia,ország,ot,2,
egyetemes,egyet,em,es,,
írhatok,ír,ha,tok,,
írhatok,ír,hat,ok,,
bárhogyan,bár,hog,yan,,
bárhogyan,bár,hogy,an,2,
lakásomra,lakás,om,ra,2,
rámutatott,rá,mutat,ott,2,
rámutatott,rám,utat,ott,3,rám utat ott
natasa,na,ta,sa,,
lafayette,la,fay,ette,,
rejtetted,re,jt,etted,,
rejtetted,rejt,et,ted,,
reméled,rem,él,ed,,
szólította,szólít,ot,ta,,
kétbalkezes,két,bal,kezes,2,
esettel,es,et,tel,,
robbanóanyagot,robbanó,anya,got,,
robbanóanyagot,robbanó,anyag,ot,,
kavart,ka,va,rt,,
félvállról,fél,váll,ról,2,
italhoz,it,al,hoz,,
ugyanannyit,ugy,an,annyit,,
ugyanannyit,ugyan,an,nyit,,
alkatrészeket,al,kat,részeket,,
alkatrészeket,alkat,része,ket,,
alkatrészeket,alkat,részek,et,,
szavazásra,szavaz,ás,ra,,
személyiséget,személy,is,éget,2,
házamhoz,ház,am,hoz,2,
vállaltad,váll,al,tad,,
vállaltad,váll,alt,ad,,
vállaltad,válla,lt,ad,,
mondhatott,mond,hat,ott,3,mond hat ott
városokban,vá,ro,sokban,,
városokban,város,ok,ban,2,
tetoválása,te,to,válása,,
igyanak,ig,ya,nak,2,
igyanak,ig,yan,ak,,
igyanak,igy,an,ak,,
fedezem,fed,ez,em,,
végignézte,vég,ig,nézte,,
végignézte,végig,néz,te,3,végig néz te
álnevet,ál,ne,vet,,
valljuk,val,lj,uk,,
lábamról,lá,bam,ról,,
lábamról,láb,am,ról,,
résztvevő,rész,tv,evő,,
titanic,ti,ta,nic,,
kezdenie,kezd,en,ie,2,
mestered,me,st,ered,,
genevieve,gen,evie,ve,,
genevieve,gene,vi,eve,,
keiiett,kei,ie,tt,,
haverjaim,haver,ja,im,,
zenekarban,zene,kar,ban,2,
merülés,mer,ül,és,,
biztosításom,biztosít,ás,om,,
árakat,ár,ak,at,,
rendelkezünk,ren,del,kezünk,,
emmának,em,má,nak,,
emmának,em,mán,ak,,
tulajdonom,tulaj,don,om,,
számíthatnak,számít,hat,nak,3,számít hat nak
mcqueen,mc,que,en,,
regénye,re,gén,ye,,
regénye,reg,én,ye,,
maradhatnál,mar,adhat,nál,,
maradhatnál,marad,hat,nál,3,marad hat nál
helyeden,hel,ye,den,,
helyeden,hely,ed,en,2,
kíváncsivá,kíván,csi,vá,,
fejezted,fej,ez,ted,,
fejezted,fej,ezt,ed,,
keresztülmentünk,kereszt,ül,mentünk,,
mozogjanak,mozog,ja,nak,,
mozogjanak,mozog,jan,ak,,
mozogjanak,mozogj,an,ak,,
szexinek,sze,xi,nek,,
uramnak,ur,am,nak,,
helyettesíti,helyette,sí,ti,,
naprendszer,nap,rend,szer,,
földeket,föl,de,ket,,
jutalma,ju,tal,ma,,
jutalma,jut,al,ma,,
kamerán,ka,mer,án,,
maradhatott,mar,ad,hatott,,
maradhatott,mar,adhat,ott,,
maradhatott,marad,hat,ott,3,marad hat ott
tönkretenné,tönkre,ten,né,,
melled,me,ll,ed,,
holtbiztos,ho,lt,biztos,,
fagylalt,fagy,la,lt,,
utolsónak,utol,só,nak,,
sietősen,siet,ős,en,,
támadásban,támad,ás,ban,,
folytathatom,folytat,ha,tom,2,
folytathatom,folytat,hat,om,,
érintettek,ér,in,tettek,,
érintettek,ér,int,ettek,,
valóságosnak,valóság,os,nak,,
nevettess,ne,vet,tess,,
nevettess,ne,vett,ess,,
nevettess,ne,vette,ss,,
nevettess,neve,tt,ess,,
nevettess,nevet,te,ss,2,
thaiföldön,thai,föld,ön,2,
állampolgárok,ál,lam,polgárok,,
állampolgárok,áll,am,polgárok,,
állampolgárok,állam,polgár,ok,,
emeltem,eme,lt,em,,
utasítások,utasít,ás,ok,,
mérföldön,mér,föld,ön,2,
forgalmas,for,gal,mas,,
főnővér,fő,nő,vér,,
hattie,ha,tt,ie,,
toljuk,to,lj,uk,,
tudomására,tudom,ás,ára,2,
express,ex,pr,ess,,
orvosoknak,orvos,ok,nak,2,
bontani,bon,ta,ni,,
antonius,an,toni,us,,
gyanúsítottakat,gyanúsított,ak,at,,
borította,borít,ot,ta,,
sutter,su,tt,er,,
bajtársak,baj,társ,ak,,
jeleznek,jel,ez,nek,,
abbahagyná,ab,ba,hagyná,,
abbahagyjuk,ab,ba,hagyjuk,,
abbahagyjuk,abba,hagyj,uk,,
szórakozzatok,szórakozz,at,ok,,
tankolni,tan,kol,ni,,
mutánsok,mu,tán,sok,,
rabokat,ra,bo,kat,,
rabokat,ra,bok,at,,
rabokat,rab,ok,at,,
árultad,áru,lt,ad,,
lábakkal,lá,bak,kal,,
lábakkal,láb,ak,kal,,
oroszországba,orosz,ország,ba,3,orosz ország ba
támadásokat,támad,ások,at,,
támadásokat,támadás,ok,at,,
kérdései,kérd,és,ei,,
temette,te,met,te,2,
jussanak,juss,an,ak,,
lassabb,las,sa,bb,,
ugyanekkor,ugy,an,ekkor,,
gerinctelen,gerinc,tel,en,,
osztriga,oszt,ri,ga,,
parancsaimat,parancsa,im,at,,
haverommal,have,rom,mal,,
haverommal,haver,om,mal,,
bárminek,bár,mi,nek,3,bár mi nek
örülnének,örül,né,nek,,
főúton,fő,út,on,,
időpontra,idő,pont,ra,3,idő pont ra
ajtómon,aj,tó,mon,,
üzenettel,üzen,et,tel,,
fejteni,fej,te,ni,,
gondolatban,gondol,at,ban,,
utasítottak,utasít,ot,tak,,
utasítottak,utasít,ott,ak,,
hálámat,há,lám,at,,
hálámat,hál,ám,at,,
hatásköre,hatás,kö,re,,
szakítanom,szakít,an,om,,
tomboló,tom,bo,ló,,
sameer,sa,me,er,,
atlanta,at,lan,ta,,
yankees,yan,ke,es,,
karjai,ka,rj,ai,,
birtokolja,bi,rt,okolja,,
valakiért,val,aki,ért,3,val aki ért
valakiért,val,akié,rt,,
erőset,er,ős,et,,
szegényes,sze,gén,yes,,
szegényes,szeg,én,yes,,
fiamhoz,fi,am,hoz,,
fogalmazott,fogalma,zo,tt,,
antenna,an,ten,na,,
nővérednek,nő,véred,nek,,
nővérednek,nővé,red,nek,,
nővérednek,nővér,ed,nek,,
házukban,ház,uk,ban,2,
gondolattól,gon,dol,attól,,
gondolattól,gondol,at,tól,,
hidrogén,hi,drog,én,,
laktál,la,kt,ál,,
képességeidet,képessége,id,et,,
véredet,vér,ed,et,,
otthagyom,ott,hagy,om,,
csinosak,csi,nos,ak,,
csinosak,csin,os,ak,,
váljak,vá,lj,ak,,
delilah,de,lil,ah,,
delilah,del,il,ah,,
jelentenie,jelen,ten,ie,,
jelentenie,jelent,en,ie,2,
jeffries,jeff,ri,es,,
árvaházba,ár,va,házba,,
árvaházba,árva,ház,ba,2,
élethű,él,et,hű,,
csapatomat,csap,atom,at,,
csapatomat,csapat,om,at,,
anyaként,an,ya,ként,,
fiatalkorúak,fiatal,korú,ak,,
faszomba,fasz,om,ba,,
helyrehozzam,hely,re,hozzam,2,
helyrehozzam,helyre,hozz,am,,
taxira,ta,xi,ra,,
egyszóval,egy,szó,val,3,egy szó val
ruházott,ru,ház,ott,2,
egykönnyen,egy,könny,en,2,
kokoro,ko,ko,ro,,
keresetet,keres,et,et,,
gyulladás,gyu,ll,adás,,
hercegnővel,herceg,nő,vel,,
hagyniuk,hagy,ni,uk,,
kettest,ke,tt,est,,
kettest,ket,te,st,,
csontjait,csont,ja,it,,
side-on,si,de-,on,2,
szerepeltem,szerepe,lt,em,,
gondoltatok,gondol,ta,tok,,
gondoltatok,gondolt,at,ok,,
tortán,to,rt,án,,
oroszoknak,orosz,ok,nak,2,
forgott,for,go,tt,,
tüntetés,tünt,et,és,,
raktál,ra,kt,ál,,
álarcot,ál,arc,ot,,
színdarab,szín,da,rab,,
színdarab,szín,dar,ab,,
fenekére,fene,ké,re,,
zárakat,zár,ak,at,,
portland,po,rt,land,,
emlékezet,em,lé,kezet,,
emlékezet,emlék,ez,et,,
házukat,ház,uk,at,,
babámat,bab,ám,at,,
hazugságokkal,hazugság,ok,kal,,
vállaljuk,válla,lj,uk,,
nellie,ne,ll,ie,,
bélyeget,bél,ye,get,,
fogadásra,fog,adás,ra,2,
fogadásra,fogad,ás,ra,,
időkből,id,ők,ből,,
hollywoodba,holly,wood,ba,,
kolostor,ko,los,tor,,
kolostor,ko,lost,or,,
kolostor,kol,os,tor,,
utánajárok,után,aj,árok,,
utánajárok,utána,jár,ok,2,
postai,po,st,ai,,
autobot,au,to,bot,,
halálban,hal,ál,ban,,
tartottalak,tart,ott,alak,2,
tartottalak,tartott,al,ak,,
darabjait,da,rabja,it,,
darabjait,darab,ja,it,,
hallal,ha,ll,al,,
szívemmel,szív,em,mel,,
fényképezni,fény,képez,ni,,
fényképezni,fénykép,ez,ni,,
autónak,au,tó,nak,,
andres,an,dr,es,,
vállalnia,váll,al,nia,,
nyúljatok,nyúl,ja,tok,,
nyúljatok,nyúlj,at,ok,,
csávából,csá,vá,ból,,
mindegyiken,mind,egyik,en,3,mind egyik en
telefonszámom,telefon,szám,om,,
magánélete,mag,án,élete,,
egyest,eg,ye,st,,
filmezni,film,ez,ni,,
testileg,test,il,eg,,
ügyésznő,ügy,ész,nő,,
mondtatok,mond,ta,tok,,
fékezni,fék,ez,ni,,
andrés,an,dr,és,,
baromságokat,baromság,ok,at,,
testvéreddel,test,véred,del,,
testvéreddel,testvér,ed,del,,
helyiséget,hely,is,éget,2,
harcoljanak,harcol,ja,nak,,
harcoljanak,harcol,jan,ak,,
harcoljanak,harcolj,an,ak,,
sinatra,si,nat,ra,,
sinatra,sin,at,ra,,
keletről,kel,et,ről,,
ötvenezer,ötven,ez,er,,
lakótársam,lakó,tár,sam,,
lakótársam,lakó,társ,am,,
ugyanitt,ugy,an,itt,,
épületen,épül,et,en,,
örökkévaló,örök,ké,való,,
örökkévaló,örökké,va,ló,,
helyettesem,hely,ette,sem,2,
helyettesem,helye,tt,esem,,
helyettesem,helyet,te,sem,3,helyet te sem
helyettesem,helyett,es,em,,
szedjen,sze,dj,en,,
munkáddal,mun,kád,dal,,
menőbb,me,nő,bb,,
országunkat,ország,un,kat,,
juthatok,ju,that,ok,,
juthatok,jut,ha,tok,2,
juthatok,jut,hat,ok,2,
húgodnak,hú,god,nak,,
egyházat,egy,ház,at,2,
kötelez,kö,tel,ez,,
karomban,ka,rom,ban,,
karomban,kar,om,ban,,
egyvalami,egy,val,ami,3,egy val ami
egyvalami,egy,vala,mi,2,
casanova,casa,no,va,,
algoritmust,al,go,ritmust,,
bánjanak,bánj,an,ak,,
létedre,lé,te,dre,,
létedre,lé,ted,re,,
létedre,lét,ed,re,,
deanna,de,an,na,2,
asztalomra,asztal,om,ra,,
mennyiséget,menny,is,éget,,
helytálló,hely,tál,ló,,
helytálló,helyt,ál,ló,,
testőrök,te,st,őrök,,
testőrök,test,őr,ök,,
koncentráljatok,koncentrál,ja,tok,,
koncentráljatok,koncentrálj,at,ok,,
merülni,mer,ül,ni,,
hauser,ha,us,er,,
valóságba,valós,ág,ba,,
alonso,al,on,so,,
tettet,te,tt,et,,
féreglyuk,fér,eg,lyuk,,
ujjadat,ujj,ad,at,,
rémálmai,rém,ál,mai,,
annának,ann,án,ak,,
énekesnő,ének,es,nő,,
hívtatok,hív,ta,tok,,
hasonmás,ha,son,más,2,
hasonmás,has,on,más,2,
harcoljatok,harcol,ja,tok,,
harcoljatok,harcolj,at,ok,,
ferengi,fe,ren,gi,,
ferengi,fer,en,gi,,
nyújtanak,nyújt,an,ak,,
apukáddal,apu,kád,dal,,
negyedéves,negyed,év,es,,
viszonthallásra,viszont,hallás,ra,2,
házadat,ház,ad,at,,
tudata,tu,da,ta,,
neveit,ne,ve,it,,
kézenfekvő,ké,zen,fekvő,,
kézenfekvő,kéz,en,fekvő,,
pénzemmel,pénz,em,mel,,
országokban,ország,ok,ban,2,
ajánlhatok,ajánl,ha,tok,,
ajánlhatok,ajánl,hat,ok,,
kapcsolatomat,kapcsol,atom,at,,
kapcsolatomat,kapcsolat,om,at,,
senora,se,no,ra,3,se no ra
szívemre,szív,em,re,,
sajnálatosan,sajnál,at,osan,,
sajnálatosan,sajnálat,os,an,,
hálószobájában,há,ló,szobájában,,
sampon,sa,mp,on,,
értesítettek,érte,sí,tettek,,
tetten,te,tt,en,2,
alkalmad,al,kal,mad,,
panaszkodj,panasz,ko,dj,,
ügyemet,ügy,em,et,,
fülemet,fül,em,et,,
foglaljatok,foglal,ja,tok,,
foglaljatok,foglalj,at,ok,,
rejtőznek,rejt,őz,nek,,
kattanva,kat,tan,va,,
készítetted,készít,et,ted,,
értesített,érte,sí,tett,2,
pohárban,po,hár,ban,,
akadályozta,akadály,oz,ta,,
tanítottalak,tanít,ott,alak,,
tanítottalak,tanított,al,ak,,
ágyadba,ágy,ad,ba,,
fiatalabbak,fiatal,ab,bak,,
értesítették,érte,sí,tették,,
tarthatnak,ta,rt,hatnak,,
tarthatnak,tart,hat,nak,3,tart hat nak
sherwood,sh,er,wood,,
maradtatok,mar,adta,tok,,
maradtatok,marad,ta,tok,,
maradtatok,maradt,at,ok,,
neveltelek,ne,vel,telek,,
tudomásunk,tu,dom,ásunk,,
tudomásunk,tud,om,ásunk,,
ajkaid,aj,ka,id,,
hitemet,hi,te,met,,
hitemet,hit,em,et,,
kínálok,kín,ál,ok,,
középpontban,köz,ép,pontban,,
középpontban,közép,pont,ban,3,közép pont ban
üresedés,üres,ed,és,,
szakértőt,szaké,rt,őt,,
islanden,is,lan,den,,
islanden,is,land,en,2,
festve,fe,st,ve,,
tollal,to,ll,al,,
szólalt,szó,la,lt,,
esposito,es,pos,ito,,
rendszerre,rend,szer,re,,
sírjára,sí,rj,ára,,
tüntesse,tünt,es,se,,
richardson,ric,hard,son,,
hajómon,ha,jó,mon,,
évszázadokon,évszázad,ok,on,,
otthagytál,ott,hagy,tál,,
bántottad,bánt,ot,tad,,
bántottad,bánt,ott,ad,,
fiatalos,fia,ta,los,,
fiatalos,fia,tal,os,,
fiatalos,fiat,al,os,,
társait,tár,sa,it,,
indítottam,indít,ot,tam,,
indítottam,indít,ott,am,,
tartozna,tart,oz,na,2,
útjukat,út,ju,kat,,
falatka,fal,at,ka,,
parkoltam,par,kol,tam,,
mentheti,men,the,ti,2,
mentheti,ment,he,ti,2,
ismernél,is,mer,nél,2,
szupertitkos,szu,per,titkos,,
lovagolt,lova,go,lt,,
bármelyikőtök,bármelyik,őt,ök,,
kamara,ka,ma,ra,,
derülni,der,ül,ni,,
válóperes,vá,ló,peres,,
sejted,se,jt,ed,,
ágyamba,ágy,am,ba,,
érheti,ér,he,ti,,
térképről,tér,kép,ről,3,tér kép ről
találjatok,talál,ja,tok,,
találjatok,találj,at,ok,,
napvilágot,nap,világ,ot,2,
tönkreteheti,tönkre,te,heti,,
magokat,ma,go,kat,,
magokat,mag,ok,at,,
tolószékben,to,ló,székben,,
oregon,or,eg,on,,
butaságokat,butaság,ok,at,,
szemeivel,sze,mei,vel,,
szemeivel,szem,ei,vel,,
határhoz,ha,tár,hoz,2,
határhoz,hat,ár,hoz,2,
nyugalmát,nyu,gal,mát,,
fiatalembernek,fia,tal,embernek,2,
fiatalembernek,fiat,al,embernek,,
fiatalembernek,fiatal,ember,nek,3,fiatal ember nek
küzdöttél,küzd,öt,tél,,
atyaúristen,at,ya,úristen,,
atyaúristen,atya,úr,isten,,
látásom,lát,ás,om,,
pókerezni,póker,ez,ni,,
követne,kö,vet,ne,,
űrhajósok,űr,hajó,sok,2,
űrhajósok,űr,hajós,ok,,
feneket,fe,ne,ket,,
feneket,fe,nek,et,,
kezelted,keze,lt,ed,,
erőltettem,erő,lt,ettem,,
fizetnének,fizet,né,nek,,
ízlésem,íz,lé,sem,,
ajánlanám,ajánl,an,ám,,
okozva,ok,oz,va,,
tubust,tu,bu,st,,
menekülésre,me,nek,ülésre,,
menekülésre,menekül,és,re,2,
foghatom,fog,ha,tom,3,fog ha tom
foghatom,fog,hat,om,2,
vérfarkasok,vér,farka,sok,,
vérfarkasok,vér,farkas,ok,,
dokinak,dok,in,ak,,
lakatot,la,kat,ot,,
engedelmeskedj,engedelmes,ke,dj,,
prostit,pro,st,it,,
észrevenné,ész,re,venné,,
testvérednek,test,véred,nek,2,
testvérednek,testvér,ed,nek,,
gyilkosságiak,gyilkossá,gi,ak,,
patton,pa,tt,on,,
something,so,me,thing,,
something,so,meth,ing,,
melegség,mel,egs,ég,,
pillanatokon,pillanat,ok,on,2,
figurák,fi,gu,rák,,
vincentet,vin,cent,et,,
szemeimet,sze,mei,met,,
szemeimet,szem,ei,met,,
szemeimet,szeme,im,et,,
közösülés,közös,ül,és,4,közös ül és
anyahajó,an,ya,hajó,,
anyahajó,any,aha,jó,,
anyahajó,anya,ha,jó,2,
rendszerből,rend,szer,ből,,
büntetésed,büntet,és,ed,,
nénikéje,néni,ké,je,,
rajtakapta,raj,ta,kapta,,
rajtakapta,rajta,kap,ta,2,
részesül,ré,sze,sül,,
részesül,rész,es,ül,,
tizenéves,ti,zen,éves,2,
helyreállítani,hely,re,állítani,2,
carmine,car,mi,ne,,
testnek,te,st,nek,2,
szeretkezünk,szer,et,kezünk,,
varjak,va,rj,ak,,
gonosztevő,gon,oszt,evő,,
aratott,ara,to,tt,,
alkalmazottam,alkalmaz,ot,tam,,
alkalmazottam,alkalmaz,ott,am,,
feketepiacon,fekete,pia,con,,
feketepiacon,fekete,piac,on,2,
csinálhatta,csinál,hat,ta,2,
hasonlóval,ha,son,lóval,,
hasonlóval,has,on,lóval,,
hasonlóval,hason,ló,val,,
jóformán,jó,for,mán,,
kulcsomat,kulcs,om,at,,
tanácsadásra,tanács,adás,ra,,
szaladni,szal,ad,ni,,
díjakat,díj,ak,at,,
esetedben,esete,db,en,,
japánból,ja,pán,ból,,
gyerekkorodban,gyerek,korod,ban,2,
játékosokat,játékos,ok,at,,
szülinapomon,szülinap,om,on,,
vivien,vi,vi,en,,
gitározni,gitár,oz,ni,,
emlékezne,emlék,ez,ne,,
írországban,ír,ország,ban,2,
férfihez,fér,fi,hez,,
gyorsabbak,gyors,ab,bak,,
teherhajó,te,her,hajó,2,
teherhajó,teher,ha,jó,,
kosárba,ko,sár,ba,,
kosárba,kos,ár,ba,,
csapatai,csa,pa,tai,,
csapatai,csa,pat,ai,,
csapatai,csap,at,ai,,
hester,he,st,er,,
nevessen,ne,vess,en,,
nevessen,neve,ss,en,2,
gallon,ga,ll,on,,
hétköznap,hét,köz,nap,2,
vadászatra,vadász,at,ra,,
rosszakat,ross,zak,at,,
rosszakat,rossz,ak,at,,
siralmas,sir,al,mas,,
hírtelen,hír,tel,en,2,
acélból,ac,él,ból,,
állítottál,állít,ot,tál,,
állítottál,állít,ott,ál,,
vagyonom,vagy,on,om,2,
fölötti,föl,öt,ti,,
amerikainak,amerika,in,ak,,
oroszokat,orosz,ok,at,,
halálán,hal,ál,án,,
lépcsőházban,lép,cső,házban,,
lépcsőházban,lépcső,ház,ban,2,
játszottad,játsz,ot,tad,,
játszottad,játsz,ott,ad,,
agyalok,agy,al,ok,,
teremből,te,rem,ből,,
iskolán,is,kol,án,,
magukból,mag,uk,ból,,
zaklatottnak,zaklat,ott,nak,2,
álarcos,ál,arc,os,,
fölfelé,föl,fe,lé,,
biztosítottam,biztosít,ot,tam,,
biztosítottam,biztosít,ott,am,,
végítélet,vég,ítél,et,,
nyomozáshoz,nyomoz,ás,hoz,,
szolgálaton,szolgál,at,on,,
testvérnek,te,st,vérnek,,
testvérnek,test,vér,nek,2,
egálban,eg,ál,ban,,
severide,se,ve,ride,,
severide,se,veri,de,2,
bowlingozni,bowling,oz,ni,,
születésnapomon,születés,napom,on,,
születésnapomon,születésnap,om,on,,
realista,real,is,ta,,
robbanószert,robbanó,sze,rt,,
modora,mo,do,ra,,
prérifarkas,pr,éri,farkas,,
munkahelyeden,mun,ka,helyeden,,
munkahelyeden,munka,hely,eden,2,
munkahelyeden,munka,helye,den,,
munkahelyeden,munka,helyed,en,2,
munkahelyeden,munkahely,ed,en,,
viszontlátni,viszont,lát,ni,,
pillanatai,pil,lana,tai,,
nevelő,ne,ve,lő,,
apukádat,apu,kád,at,,
kollégium,kol,légi,um,,
ugyanerre,ugy,an,erre,,
ugyanerre,ugyan,er,re,2,
játszottatok,játszott,at,ok,,
ügyeljen,ügye,lj,en,,
ismerősök,is,mer,ősök,,
ismerősök,ismer,ős,ök,,
kapcsolatról,kapcsol,at,ról,,
bújtam,bú,jt,am,,
születésnapomra,születés,napom,ra,,
születésnapomra,születésnap,om,ra,,
ujjaidat,ujja,id,at,,
innivalót,in,ni,valót,,
adniuk,ad,ni,uk,,
életemért,élet,em,ért,2,
üzenetedet,üzenet,ed,et,,
holttestemen,ho,lt,testemen,,
holttestemen,holt,teste,men,,
holttestemen,holt,testem,en,,
holttestemen,holttest,em,en,,
fogadáson,fog,adás,on,2,
fogadáson,fogad,ás,on,,
tulajdonosának,tulajdonos,án,ak,,
szerkezete,szer,keze,te,,
melóra,me,ló,ra,,
otromba,ot,rom,ba,,
szabadidőm,szab,ad,időm,,
hammer,ha,mm,er,,
szembeszállt,szembe,szál,lt,,
fotója,fo,tó,ja,,
tollad,to,ll,ad,,
rendezvényen,rendez,vén,yen,,
ramsay,ra,ms,ay,,
village,vi,ll,age,,
nevettél,ne,vet,tél,,
nevettél,ne,vett,él,,
nevettél,neve,tt,él,,
amilyenre,am,ilyen,re,2,
dinamikus,dina,mik,us,,
rántotta,ránt,ot,ta,,
keveri,ke,ve,ri,,
kezeden,ke,zed,en,,
szívemnek,szív,em,nek,,
hátamat,há,tam,at,,
hátamat,hát,am,at,,
pánikolj,pá,niko,lj,,
jericho,je,ri,cho,,
jericho,je,ric,ho,,
részeiből,rész,ei,ből,,
férjétől,fér,jé,től,,
műsorra,mű,sor,ra,2,
bizonyítékokkal,bizonyíték,ok,kal,,
állattal,áll,at,tal,,
állattal,álla,tt,al,,
komcsi,ko,mc,si,,
dollárban,do,ll,árban,,
holmikat,hol,mi,kat,2,
holmikat,hol,mik,at,,
weboldal,web,old,al,,
bobbal,bo,bb,al,,
erőszakról,erős,zak,ról,2,
internetről,int,er,netről,,
évados,év,ad,os,,
robotokat,robot,ok,at,,
követség,köve,ts,ég,,
abbahagytad,ab,ba,hagytad,,
abbahagytad,abba,hagy,tad,,
nyakadba,nyak,ad,ba,,
időpontom,idő,pont,om,2,
húszezer,húsz,ez,er,,
ráadás,rá,ad,ás,,
olcsóbban,olcsó,bb,an,,
történetemet,történet,em,et,,
alapjait,al,apja,it,,
alapjait,alap,ja,it,,
senorita,se,no,rita,2,
senorita,sen,ori,ta,,
népemet,nép,em,et,,
követelni,kö,ve,telni,,
követelni,köve,tel,ni,,
áldozatokkal,áldozat,ok,kal,,
hullámvasút,hull,ám,vasút,,
hullámvasút,hullám,vas,út,,
kolostorba,kol,ostor,ba,,
jamesnek,jam,es,nek,,
kaphatott,kap,hat,ott,3,kap hat ott
sértegetni,sért,eget,ni,,
magassága,maga,ss,ága,,
programozva,program,oz,va,,
sógora,só,go,ra,,
szívrohamban,szív,roham,ban,,
egyensúlyban,egyen,súly,ban,,
árverésen,ár,ve,résen,,
árverésen,ár,verés,en,,
művelni,mű,vel,ni,,
harapnak,ha,rap,nak,2,
rendeljen,ren,del,jen,,
namaste,na,mas,te,2,
namaste,nam,as,te,,
vérnyomok,vér,nyom,ok,,
tekintetet,tekint,et,et,,
véredben,vére,db,en,,
asztalomnál,asztal,om,nál,,
talizmán,ta,liz,mán,,
kaphatom,kap,ha,tom,3,kap ha tom
kaphatom,kap,hat,om,2,
hemingway,he,ming,way,,
gépemet,gép,em,et,,
torkomon,tor,ko,mon,,
lakásához,lakás,áh,oz,,
városának,város,án,ak,,
tóparti,tó,par,ti,,
szalonba,szal,on,ba,2,
torkodon,tor,ko,don,,
majonéz,ma,jo,néz,,
majonéz,ma,jon,éz,,
majonéz,maj,on,éz,,
önmagukat,ön,maguk,at,,
egyenletesen,egyenlet,es,en,,
kelvin,ke,lv,in,,
szarháziak,szar,házi,ak,2,
fogjatok,fog,ja,tok,,
fogjatok,fogj,at,ok,,
tilosban,ti,los,ban,2,
protein,pro,te,in,,
desszertnek,des,szert,nek,,
távozzatok,távozz,at,ok,,
hozzáfűzni,hozzá,fűz,ni,,
árulást,áru,lá,st,,
kísértetjárta,kísért,et,járta,,
kísértetjárta,kísértet,jár,ta,,
kaviár,ka,vi,ár,,
személyit,sze,mély,it,,
reális,re,ál,is,2,
jimmynek,jim,my,nek,,
kulcsaimat,kulcsa,im,at,,
sztriptíztáncos,sztriptíz,tánc,os,,
ajánlattal,ajánl,at,tal,,
szánalom,szán,al,om,,
ültette,ült,et,te,,
könyvedet,könyv,ed,et,,
hazavittem,haza,vitt,em,,
postára,po,st,ára,,
veszítettél,veszít,et,tél,,
vállára,vá,ll,ára,,
békefenntartó,béke,fenn,tartó,,
nősülni,nő,sül,ni,,
nősülni,nős,ül,ni,,
kövérnek,kö,vér,nek,,
fiamért,fi,am,ért,,
ahsoka,ah,so,ka,,
tucatot,tu,cat,ot,,
erőtér,er,őt,ér,,
tollak,to,ll,ak,,
műsorod,mű,so,rod,,
szörnyetegnek,szörnyet,eg,nek,,
robbantott,robban,to,tt,,
stevenson,st,even,son,,
mortimer,mor,ti,mer,,
mortimer,mor,tim,er,,
mortimer,mort,im,er,,
fiamtól,fi,am,tól,,
programmal,pro,gramm,al,,
kéziratot,kéz,irat,ot,,
kéziratot,kézi,rat,ot,,
dominique,do,mini,que,,
korházban,kor,ház,ban,3,kor ház ban
évszázada,év,száz,ada,,
stílusosan,stílus,os,an,,
jegyezni,jegy,ez,ni,,
végállomás,vég,állom,ás,,
bűnöket,bűn,ök,et,,
hollow,ho,ll,ow,,
valamennyien,va,la,mennyien,,
valamennyien,va,lam,ennyien,,
valamennyien,val,am,ennyien,,
valamennyien,val,amennyi,en,2,
valamennyien,vala,mennyi,en,2,
menekülnünk,me,nek,ülnünk,,
ajtónak,aj,tó,nak,,
állítsanak,állít,sa,nak,,
állítsanak,állít,san,ak,,
állítsanak,állíts,an,ak,,
tanácson,tan,ács,on,,
mártás,má,rt,ás,,
jelölte,jel,öl,te,,
szarságokat,szarság,ok,at,,
műtéten,mű,tét,en,,
tagjaként,tag,ja,ként,,
egészségesebb,egészsége,se,bb,,
másolatokat,másolat,ok,at,,
lakásomon,lakás,om,on,2,
ostobaságokat,ostobaság,ok,at,,
olyanokra,oly,an,okra,,
olyanokra,olyan,ok,ra,2,
szarházit,szar,ház,it,2,
akarhatja,akar,hat,ja,2,
faraday,fa,ra,day,,
faraday,far,ad,ay,,
főszerepet,fő,szerep,et,,
szívességből,szív,ess,égből,,
szívességből,szíve,ss,égből,,
nyomtatott,nyomta,to,tt,,
nemtudom,nem,tu,dom,,
nemtudom,nem,tud,om,2,
keresnivalója,keres,ni,valója,,
keresnivalója,keresni,való,ja,,
okozhatnak,ok,oz,hatnak,,
okozhatnak,okoz,hat,nak,2,
kamerás,ka,mer,ás,,
szalagavató,szalag,ava,tó,,
károsodott,káros,odo,tt,,
alakította,alakít,ot,ta,,
hajtottak,hajt,ot,tak,,
hajtottak,hajt,ott,ak,,
értesült,ér,te,sült,,
értesült,ért,es,ült,,
szerszámok,szer,szám,ok,,
ütemet,üt,em,et,,
rosalie,ro,sal,ie,,
gondolnál,gon,dol,nál,,
nakamura,na,kamu,ra,2,
nakamura,nak,am,ura,,
nakamura,naka,mu,ra,,
rohadjon,ro,had,jon,,
kezdenél,kezd,en,él,2,
küzdenem,küzd,en,em,,
létrehoztam,lét,re,hoztam,,
létrehoztam,létre,hoz,tam,2,
urakat,ur,ak,at,,
töltened,tölt,en,ed,,
várhatnak,vár,hat,nak,3,vár hat nak
gondolhat,gon,dol,hat,,
vonalakat,von,alak,at,,
vonalakat,vonal,ak,at,,
mindemellett,min,de,mellett,2,
főnökömet,főnök,öm,et,,
richardot,ri,char,dot,,
richardot,ric,hard,ot,,
kabala,ka,ba,la,,
nyújtotta,nyújt,ot,ta,,
hónapokon,hó,napok,on,,
hónapokon,hónap,ok,on,2,
folytathatja,folytat,hat,ja,,
urának,ur,án,ak,,
newport,new,po,rt,,
ismerkedj,ismer,ke,dj,,
maradhasson,mar,ad,hasson,,
maradhasson,marad,has,son,,
kedvelted,kedve,lt,ed,,
színjátékot,szín,játék,ot,,
miképpen,mi,kép,pen,2,
miképpen,mik,ép,pen,,
miképpen,mik,épp,en,2,
rourke,ro,ur,ke,,
keaton,ke,at,on,,
partinak,par,ti,nak,2,
partinak,par,tin,ak,,
partinak,part,in,ak,,
angyalokat,angyal,ok,at,,
korlátok,kor,lá,tok,,
korlátok,kor,lát,ok,,
alabama,al,ab,ama,,
nyertese,nyer,te,se,2,
nézegetni,néz,eget,ni,,
találkozzatok,találkozz,at,ok,,
közelebbi,közel,eb,bi,,
apukádnak,apu,kád,nak,,
sebességre,seb,ess,égre,,
sebességre,sebe,ss,égre,,
temporális,te,mp,orális,,
erőforrás,erő,forr,ás,,
középiskolát,köz,ép,iskolát,,
billnek,bi,ll,nek,,
hátizsák,há,ti,zsák,,
járható,jár,ha,tó,2,
szeretned,szer,et,ned,,
célpontokat,cél,pontok,at,,
célpontokat,célpont,ok,at,,
időtöltés,id,őt,öltés,,
időtöltés,idő,tölt,és,2,
időtöltés,időt,ölt,és,2,
személyeket,sze,mélyek,et,,
baromarcú,ba,rom,arcú,,
baromarcú,bar,om,arcú,,
ananász,an,an,ász,,
roderick,ro,de,rick,,
emilyvel,em,ily,vel,,
halászok,hal,ász,ok,,
partról,pa,rt,ról,,
erkölcsileg,erkölcs,il,eg,,
alaknak,al,ak,nak,,
unokaöcséd,un,oka,öcséd,,
unokaöcséd,uno,ka,öcséd,,
alperes,al,per,es,,
szardarab,szar,da,rab,,
szardarab,szar,dar,ab,,
rendőrségről,rend,őrs,égről,,
rendőrségről,rend,őrség,ről,,
verted,ve,rt,ed,,
falára,fa,lá,ra,,
motorom,mo,to,rom,,
motorom,mo,tor,om,,
bradshaw,brad,sh,aw,,
tetovált,te,to,vált,2,
teliholdkor,teli,hold,kor,,
köszönés,kösz,ön,és,2,
viselő,vi,se,lő,,
árammal,ár,am,mal,,
árammal,ára,mm,al,,
ősidők,ős,id,ők,,
oroszországból,orosz,ország,ból,2,
furább,fu,rá,bb,,
hasmenés,has,men,és,,
őrülve,őr,ül,ve,,
weller,we,ll,er,,
családjukat,család,ju,kat,,
piknikezni,piknik,ez,ni,,
áldozatainak,áldozat,ai,nak,,
áldozatainak,áldozat,ain,ak,,
áldozatainak,áldozata,in,ak,,
sebesülteket,sebes,ültek,et,,
anyámnál,any,ám,nál,2,
épületnek,épül,et,nek,,
harcosnak,harc,os,nak,,
koffeinmentes,koffein,ment,es,,
mostohaapám,mostoha,ap,ám,,
fősuli,fő,su,li,,
dumával,du,má,val,,
mcmanus,mc,man,us,,
holmidat,hol,mid,at,,
rendőrtisztet,rend,őr,tisztet,,
rendőrtisztet,rendőr,tiszt,et,,
hatalmon,ha,tal,mon,,
hatalmon,hat,al,mon,,
gimiből,gi,mi,ből,,
függönyöket,függöny,ök,et,,
iratait,ira,ta,it,,
magasban,mag,as,ban,,
ezermester,ez,er,mester,,
képviselők,kép,visel,ők,2,
laborja,la,bor,ja,,
forever,fo,re,ver,,
forever,for,ev,er,,
aludjatok,aludj,at,ok,,
majmokat,maj,mo,kat,,
keverte,ke,ver,te,,
keverte,kev,er,te,,
jeanette,je,an,ette,,
jeanette,jean,et,te,,
élőhalott,élő,hal,ott,2,
élőhalott,élő,halo,tt,,
társaid,tár,sa,id,,
agyamba,agy,am,ba,,
sejtet,se,jt,et,,
paradise,par,adi,se,,
paradise,para,di,se,,
járhatott,jár,hat,ott,3,jár hat ott
biztonságosnak,biztonság,os,nak,,
melóval,me,ló,val,,
hollétét,hol,lé,tét,,
árokba,ár,ok,ba,,
nemdebár,nem,de,bár,3,nem de bár
nemdebár,nem,deb,ár,,
csapatomban,csap,atom,ban,,
csapatomban,csapat,om,ban,2,
nejemet,ne,je,met,,
nejemet,ne,jem,et,,
segítségül,segíts,ég,ül,,
akarnálak,akar,nál,ak,2,
különösképpen,különös,kép,pen,2,
hadihajó,ha,di,hajó,2,
hadihajó,hadi,ha,jó,,
napkelte,nap,kel,te,2,
brianna,bri,an,na,,
olyasmiről,oly,as,miről,,
olyasmiről,olyas,mi,ről,2,
egyikőtöket,egyik,őt,öket,2,
boltok,bo,lt,ok,,
szalagokat,szalag,ok,at,,
aligátor,ali,gát,or,,
hatástalan,hat,ás,talan,,
hatástalan,hat,ásta,lan,,
hatástalan,hatás,ta,lan,,
hatástalan,hatás,tal,an,,
hatástalan,hatást,al,an,,
halálnál,hal,ál,nál,,
barátomhoz,barát,om,hoz,,
menetét,me,ne,tét,,
masina,ma,si,na,,
ugyanakkora,ugy,an,akkora,,
ugyanakkora,ugyan,ak,kora,,
lakomát,la,ko,mát,,
szájukat,száj,uk,at,,
adatokkal,ad,at,okkal,,
adatokkal,ada,tok,kal,,
adatokkal,adat,ok,kal,,
szülinapját,szül,in,apját,,
részekben,része,kb,en,2,
melleimet,mell,ei,met,,
melleimet,melle,im,et,,
attila,at,ti,la,,
határig,ha,tár,ig,2,
határig,hat,ár,ig,2,
mondatban,mond,at,ban,2,
mondatban,monda,tb,an,,
madrid,ma,dr,id,,
tagokat,ta,go,kat,,
tagokat,tag,ok,at,,
félretettem,fél,re,tettem,3,fél re tettem
félretettem,félre,tett,em,,
anyaság,any,as,ág,,
kérdezné,kérd,ez,né,,
queensben,que,en,sben,,
számítógépén,számító,gép,én,2,
pakoltam,pa,kol,tam,,
számlámra,szám,lám,ra,2,
mcgill,mc,gi,ll,,
titkolózni,titkol,óz,ni,,
biztató,biz,ta,tó,,
áramlat,ára,ml,at,,
művésznek,mű,vész,nek,,
tehetségtelen,tehetség,tel,en,,
képemet,kép,em,et,,
parancsomat,parancs,om,at,,
pártot,pá,rt,ot,,
esztelen,esz,tel,en,,
lakásomból,lakás,om,ból,,
észrevétel,ész,re,vétel,,
pasira,pa,si,ra,,
rejtették,re,jt,ették,,
hozzámentél,hozz,ámen,tél,,
hozzámentél,hozzá,men,tél,,
hozzámentél,hozzá,ment,él,2,
hozzámentél,hozzám,en,tél,2,
nézegettem,néz,eg,ettem,,
vonzott,von,zo,tt,,
teller,te,ll,er,,
sushit,su,sh,it,,
tanulmányozta,tanulmány,oz,ta,,
államügyészi,ál,lam,ügyészi,,
államügyészi,áll,am,ügyészi,,
cheyenne,che,yen,ne,,
közöljem,köz,öl,jem,,
közöljem,köz,ölj,em,,
menőnek,me,nő,nek,,
verekedtél,ve,rekedt,él,,
példaképem,példa,kép,em,,
vásárlást,vásár,lá,st,,
magukba,mag,uk,ba,,
mogyoróvajas,mogyoró,vaj,as,,
gyógyítható,gyógyít,ha,tó,,
halottakkal,halott,ak,kal,,
fogaidat,foga,id,at,,
északkeleti,és,zak,keleti,2,
északkeleti,ész,ak,keleti,,
foltokat,folt,ok,at,,
rivera,ri,ve,ra,,
rabszolgákat,rab,szolgák,at,,
italom,it,al,om,,
határain,ha,tár,ain,,
határain,hat,ár,ain,,
határain,hat,ára,in,2,
lovagi,lo,va,gi,,
pártatlan,párt,at,lan,,
városunkat,város,un,kat,,
magyarázta,mag,ya,rázta,,
ezreit,ez,re,it,,
szárazföldre,száraz,föl,dre,,
szárazföldre,száraz,föld,re,2,
ezreket,ez,re,ket,,
hangpostára,hang,post,ára,,
játsszatok,játssz,at,ok,,
seggeden,segg,ed,en,,
félreértette,fél,re,értette,2,
félreértette,félre,ér,tette,,
félreértette,félre,ért,ette,,
tiszteletemet,tisztelet,em,et,,
alsóbb,al,só,bb,,
adamet,ad,am,et,,
hozzáérni,hozzá,ér,ni,,
félbeszakítom,félbe,szakít,om,,
hajtóművek,haj,tó,művek,,
válladon,váll,ad,on,,
profilja,prof,il,ja,,
módomban,mód,om,ban,,
létezés,lét,ez,és,,
fájdalmak,fáj,dal,mak,2,
dollárja,do,ll,árja,,
kapszula,kap,szu,la,,
tartalmazott,tartalma,zo,tt,,
csináltatni,csinált,at,ni,,
edzőterem,edző,te,rem,,
edzőterem,edzőt,er,em,,
magabiztosan,ma,ga,biztosan,,
magabiztosan,maga,biztos,an,2,
álomszuszék,álom,szu,szék,,
szereteted,szer,etet,ed,,
szereteted,szeret,et,ed,,
fenére,fe,né,re,,
turnézni,turn,éz,ni,,
kevinnek,ke,vin,nek,,
kevinnek,kev,in,nek,,
mesterek,me,st,erek,,
mandarin,man,da,rin,,
mandarin,man,dar,in,,
sütötte,süt,öt,te,,
papához,pa,pá,hoz,,
papához,pap,áh,oz,,
nyelvedet,nyelv,ed,et,,
határos,ha,tár,os,,
határos,hat,ár,os,,
holografikus,ho,lo,grafikus,,
lopást,lo,pá,st,,
jonest,jo,ne,st,,
nyúljanak,nyúl,ja,nak,,
nyúljanak,nyúl,jan,ak,,
nyúljanak,nyúlj,an,ak,,
agyadban,agy,ad,ban,,
agyadban,agya,db,an,,
stukkert,st,uk,kert,,
fenntartja,fenn,tart,ja,,
fenntartja,fennt,art,ja,,
finomabban,fin,om,abban,,
finomabban,finom,ab,ban,2,
jelvénye,jel,vén,ye,,
asztalokat,asztal,ok,at,,
katarina,ka,ta,rina,,
katarina,kat,ari,na,,
holloway,hol,lo,way,,
sorsunkat,sor,sun,kat,,
sorsunkat,sors,un,kat,,
főszereplője,fő,szerep,lője,,
főszereplője,fő,szereplő,je,,
heinrich,he,in,rich,,
torkának,tor,kán,ak,,
szívedből,szív,ed,ből,,
csalódottak,csaló,dot,tak,,
hiányoztak,hiány,oz,tak,,
időgépet,idő,gép,et,2,
egészért,eg,ész,ért,,
önmagadat,ön,mag,adat,,
önmagadat,ön,magad,at,2,
dobozon,dob,oz,on,,
esküdtszéket,esküdt,szék,et,,
marlowe,mar,lo,we,,
darabjai,da,rab,jai,,
darabjai,dar,ab,jai,,
hibájuk,hi,báj,uk,,
növelje,nö,vel,je,,
tartanál,tart,an,ál,,
szüleihez,szül,ei,hez,,
parttól,pa,rt,tól,,
kanyart,kan,ya,rt,,
rávettél,rá,vet,tél,,
rávettél,rá,vett,él,2,
peremén,per,em,én,,
képzelheted,képzel,he,ted,,
karjaimba,karja,im,ba,,
önmagára,ön,mag,ára,2,
emilie,em,il,ie,,
hálaadásra,hála,adás,ra,,
kenobi,ke,no,bi,,
sietnek,si,et,nek,,
alkatrészek,al,kat,részek,,
fürdőruha,fürdő,ru,ha,,
marhákat,mar,há,kat,,
válaszolhatok,válaszol,ha,tok,,
válaszolhatok,válaszol,hat,ok,,
fantasy,fan,ta,sy,,
gabona,ga,bo,na,,
harapást,hara,pá,st,,
radaron,ra,da,ron,,
radaron,ra,dar,on,2,
osborne,os,bor,ne,,
céltalan,cél,ta,lan,,
céltalan,cél,tal,an,,
céltalan,célt,al,an,,
iskolára,is,kol,ára,2,
élesen,él,es,en,,
fulladni,fu,ll,adni,,
fulladni,full,ad,ni,,
állapotom,ál,lapot,om,,
állapotom,álla,po,tom,,
színésznek,szín,ész,nek,,
egyenrangú,eg,yen,rangú,,
egyenrangú,egy,en,rangú,2,
sugározni,sugár,oz,ni,,
pénzügyeit,pénz,ügye,it,,
alkatrészt,al,kat,részt,,
számítógépeket,számító,gépe,ket,,
számítógépeket,számító,gépek,et,,
napokkal,nap,ok,kal,,
zajokat,zaj,ok,at,,
hagynálak,hagy,nál,ak,,
akarhatta,akar,hat,ta,2,
családoknak,család,ok,nak,2,
medina,me,di,na,,
csapatjátékos,csa,pat,játékos,,
csapatjátékos,csap,at,játékos,,
csapatjátékos,csapat,játék,os,2,
értesítettük,érte,sí,tettük,,
tonhalas,ton,ha,las,,
tonhalas,ton,hal,as,,
változna,vált,oz,na,2,
uraknak,ur,ak,nak,,
vadbarom,vad,ba,rom,,
vadbarom,vad,bar,om,,
hiheti,hi,he,ti,,
mentora,men,to,ra,,
egyesen,eg,ye,sen,,
egyesen,eg,yes,en,,
egyesen,egy,es,en,2,
úriembernek,úri,ember,nek,2,
érzékenyen,érzék,en,yen,,
maguire,mag,ui,re,,
világokat,világ,ok,at,,
okozhatott,ok,oz,hatott,,
okozhatott,okoz,hat,ott,2,
nyomozásról,nyomoz,ás,ról,,
boltom,bo,lt,om,,
tiszteletből,tisztel,et,ből,,
hallatán,hal,la,tán,,
hallatán,hall,at,án,,
készteti,kész,te,ti,3,kész te ti
milliárdokat,milliárd,ok,at,,
dobást,do,bá,st,,
képletesen,képlet,es,en,,
robbantotta,robbant,ot,ta,,
harapnivalót,harap,ni,valót,,
félreeső,fél,re,eső,3,fél re eső
égbolton,ég,bolt,on,,
madara,ma,da,ra,,
tartoztak,tart,oz,tak,,
juthatnak,ju,that,nak,,
juthatnak,jut,hat,nak,3,jut hat nak
kerekes,ke,re,kes,,
kevertem,ke,vert,em,,
tetthelyet,te,tt,helyet,2,
tetthelyet,tett,hely,et,2,
connort,con,no,rt,,
vállalata,válla,la,ta,,
szülinap,szül,in,ap,,
jövőjéről,jövő,jé,ről,2,
showban,sh,ow,ban,,
köteleket,kö,tele,ket,,
köteleket,kö,telek,et,,
vádemelés,vád,emel,és,,
loomis,lo,om,is,,
jelenléted,jelen,lé,ted,,
jelenléted,jelen,lét,ed,,
harangok,ha,rang,ok,,
gyújtottam,gyújt,ot,tam,,
gyújtottam,gyújt,ott,am,,
moreau,mo,re,au,,
kapcsolatokról,kapcsolat,ok,ról,,
kapjatok,kap,ja,tok,,
kapjatok,kapj,at,ok,,
rohadni,ro,had,ni,,
járműből,jár,mű,ből,,
musashi,mu,sa,shi,,
musashi,mu,sas,hi,,
karjaidban,karja,id,ban,,
karjaidban,karjai,db,an,,
algoritmus,al,go,ritmus,,
ügyfélnek,ügy,fél,nek,2,
olyantól,oly,an,tól,,
hadjárat,ha,dj,árat,,
hadjárat,had,jár,at,,
otthonomat,otthon,om,at,,
kabinban,ka,bin,ban,,
holmimat,hol,mim,at,,
karrieremnek,karrier,em,nek,,
akadtam,ak,ad,tam,,
azthiszem,azt,hi,szem,,
azthiszem,azt,hisz,em,2,
gettóban,get,tó,ban,,
nagykövetet,nagy,követ,et,,
maradásra,mar,adás,ra,,
maradásra,marad,ás,ra,2,
játékokkal,játék,ok,kal,,
hegymászó,hegy,má,szó,,
válaszoljatok,válaszol,ja,tok,,
válaszoljatok,válaszolj,at,ok,,
bourne,bo,ur,ne,,
fogkefe,fog,ke,fe,,
parish,pa,ri,sh,,
hajszálat,haj,szál,at,,
egyenruhája,eg,yen,ruhája,,
egyenruhája,egy,en,ruhája,2,
minderről,min,der,ről,,
minderről,mind,er,ről,2,
centauri,cent,au,ri,,
hoinap,ho,in,ap,,
hónapba,hó,nap,ba,2,
takarítanom,takarít,an,om,,
jelenlévő,jel,en,lévő,2,
térképre,tér,kép,re,3,tér kép re
hektár,he,kt,ár,,
mihail,mi,ha,il,2,
azonosak,azon,os,ak,,
nyakadat,nyak,ad,at,,
érezne,ér,ez,ne,,
birtoka,bi,rt,oka,,
agyukat,agy,uk,at,,
sajtburger,sa,jt,burger,,
járhatok,jár,ha,tok,2,
járhatok,jár,hat,ok,2,
tartás,ta,rt,ás,,
írjanak,ír,ja,nak,,
írjanak,ír,jan,ak,,
írjanak,írj,an,ak,,
ajtóig,aj,tó,ig,,
harcosokat,harcos,ok,at,,
időkről,id,ők,ről,2,
boltos,bo,lt,os,,
mellkasa,mell,ka,sa,,
hónapom,hó,nap,om,,
mobilokat,mobil,ok,at,,
ügyvédjének,ügy,védj,ének,,
ügyvédjének,ügyvéd,jé,nek,,
hiányoztok,hiány,oz,tok,,
pillanatom,pil,lan,atom,,
pillanatom,pil,lana,tom,,
gyorsaság,gyors,as,ág,,
sanderson,san,der,son,,
sanderson,san,ders,on,2,
sanderson,sand,er,son,,
csinálhatnak,csi,nál,hatnak,,
csinálhatnak,csin,ál,hatnak,,
csinálhatnak,csinál,hat,nak,3,csinál hat nak
vádolom,vá,dol,om,,
tárgyalásom,tárgyal,ás,om,,
épületről,épül,et,ről,,
csinálniuk,csinál,ni,uk,,
magazinokat,magazin,ok,at,,
élheti,él,he,ti,,
forgatásra,forgat,ás,ra,,
tarthatok,tart,ha,tok,2,
tarthatok,tart,hat,ok,2,
kertje,ke,rt,je,,
import,im,po,rt,,
verekedtem,ve,rekedt,em,,
haladva,hal,ad,va,,
teltház,te,lt,ház,2,
főbejáraton,főbe,járat,on,,
neveli,ne,ve,li,,
roadon,ro,ad,on,,
mulass,mu,la,ss,,
üzlettársa,üzlet,tár,sa,,
takeda,ta,ke,da,,
kesztyűtartóban,kesztyű,tartó,ban,2,
hallható,hall,ha,tó,,
dióhéjban,dió,héj,ban,,
egyetértettünk,egy,et,értettünk,,
egyetértettünk,egye,tér,tettünk,,
egyetértettünk,egye,tért,ettünk,,
egyetértettünk,egyet,ér,tettünk,,
egyetértettünk,egyet,ért,ettünk,2,
ujjaimat,ujja,im,at,,
raktárat,ra,kt,árat,,
raktárat,rak,tár,at,,
harangot,ha,ran,got,,
harangot,ha,rang,ot,,
forgalmit,for,gal,mit,2,
semennyit,se,men,nyit,,
semennyit,se,menny,it,,
semennyit,sem,en,nyit,2,
ölette,öl,et,te,,
nénivel,né,ni,vel,,
helyzetemet,helyzet,em,et,,
haladjanak,hal,adja,nak,2,
haladjanak,halad,ja,nak,,
haladjanak,halad,jan,ak,,
haladjanak,haladj,an,ak,,
erőszakért,erő,szaké,rt,,
erőszakért,erős,zak,ért,2,
salvador,sal,vad,or,,
németországból,né,met,országból,,
németországból,német,ország,ból,2,
rendeletet,ren,del,etet,,
rendeletet,rendel,et,et,,
határai,ha,tár,ai,,
határai,hat,ár,ai,,
műtéttel,mű,tét,tel,,
okokat,ok,ok,at,,
műveltem,műve,lt,em,,
olyanom,oly,an,om,,
békesség,béke,ss,ég,,
képeslap,kép,es,lap,2,
jelöltem,jel,ölt,em,,
nyomozással,nyomoz,ás,sal,,
nyomozással,nyomoz,áss,al,,
szuperhősök,szu,per,hősök,,
szuperhősök,szuper,hős,ök,,
fogadjam,fog,ad,jam,,
fogadjam,fog,adj,am,,
fogadjam,foga,dj,am,,
humorista,humor,is,ta,,
alonzo,al,on,zo,,
támadáshoz,támad,ás,hoz,,
salamon,sa,la,mon,,
salamon,sa,lam,on,,
salamon,sal,am,on,,
szomszédokkal,szomszéd,ok,kal,,
andrás,an,dr,ás,,
hívhatja,hív,hat,ja,,
rohamok,ro,ham,ok,,
yamada,ya,ma,da,,
humorérzéked,hu,mor,érzéked,,
humorérzéked,humor,érzék,ed,,
landolás,lan,dol,ás,,
fallon,fa,ll,on,,
titkon,ti,tk,on,2,
üzletemet,üzlet,em,et,,
alapult,al,apu,lt,,
ártson,ár,ts,on,,
vitatott,vita,to,tt,,
észrevesz,ész,re,vesz,2,
szemetesben,szeme,te,sben,,
egyháznak,egy,ház,nak,3,egy ház nak
emlékeznél,emlék,ez,nél,,
lovasok,lo,va,sok,,
lovasok,lo,vas,ok,,
feketének,fe,ket,ének,,
michaela,mi,chae,la,,
munkaköri,munka,kö,ri,,
sorrendet,sor,rend,et,,
vágyait,vág,ya,it,,
kapcsolatukat,kapcsolat,uk,at,,
tippeltem,tip,pelt,em,,
nyomozásba,nyomoz,ás,ba,,
sokféleképpen,sok,féle,képpen,2,
sokféleképpen,sok,félek,éppen,3,sok félek éppen
sokféleképpen,sokféle,kép,pen,,
alsónemű,al,só,nemű,,
alsónemű,alsó,ne,mű,,
veszteségeket,vesztes,égek,et,,
változom,vált,oz,om,,
könyvesboltban,könyv,es,boltban,,
piacról,pi,ac,ról,,
rajzokat,raj,zo,kat,,
rajzokat,rajz,ok,at,,
gondokkal,gon,dok,kal,,
gondokkal,gon,dokk,al,,
gondokkal,gond,ok,kal,,
laposra,la,pos,ra,,
laposra,lap,os,ra,2,
szállította,szállít,ot,ta,,
értesítettem,érte,sí,tettem,2,
kormányozni,kormány,oz,ni,,
kevered,ke,ve,red,,
kevered,ke,ver,ed,,
kevered,kev,er,ed,,
tudhatott,tud,hat,ott,3,tud hat ott
agyaltam,agy,al,tam,,
agyaltam,agy,alt,am,,
agyaltam,agya,lt,am,,
bandához,band,áh,oz,,
tollas,to,ll,as,,
küldened,küld,en,ed,,
captain,cap,ta,in,,
olvasható,olvas,ha,tó,,
kezedre,ke,zed,re,,
fiukat,fi,uk,at,,
cylonok,cy,lon,ok,,
szólíthatom,szólít,ha,tom,2,
szólíthatom,szólít,hat,om,,
nővéreket,nő,vére,ket,,
nővéreket,nővé,re,ket,,
szállítottak,szállít,ot,tak,,
szállítottak,szállít,ott,ak,,
űrlapot,űr,lap,ot,,
jelentésem,jelent,és,em,2,
egyikét,eg,yi,két,,
következem,kö,vet,kezem,,
parlamenti,par,la,menti,,
lakóinak,lakó,in,ak,,
connell,con,ne,ll,,
semminél,sem,mi,nél,3,sem mi nél
semminél,sem,min,él,,
abbahagyták,ab,ba,hagyták,,
válasszal,vá,las,szal,,
ragadj,ra,ga,dj,,
hozzáférésem,hozzáfér,és,em,,
strike,st,ri,ke,,
rendelkezel,ren,del,kezel,,
gyanúsítanak,gyanúsít,an,ak,,
eretnek,er,et,nek,,
mindkettőre,mind,kettő,re,3,mind kettő re
giants,gi,an,ts,,
bántottalak,bánt,ott,alak,,
bántottalak,bántott,al,ak,,
számíthattam,számít,hat,tam,2,
sorozatgyilkosok,sorozat,gyilkos,ok,,
uraljuk,ura,lj,uk,,
mobilomon,mobil,om,on,,
bújtál,bú,jt,ál,,
emlékeidet,emléke,id,et,,
indítanak,indít,an,ak,,
agyának,agy,án,ak,,
reggelinél,reggel,in,él,,
nagykövetségen,nagy,követség,en,2,
kocsiért,ko,csi,ért,,
birtokán,bi,rt,okán,,
vízumot,víz,um,ot,,
követelik,kö,ve,telik,,
abbahagyhatod,ab,ba,hagyhatod,,
állásinterjúra,áll,ás,interjúra,,
állásinterjúra,állás,interjú,ra,,
ismerjem,is,mer,jem,,
ismerjem,is,merj,em,,
szórólapokat,szórólap,ok,at,,
kenguru,ken,gu,ru,,
játszottuk,játsz,ott,uk,,
szokásokat,szokás,ok,at,,
adrianna,ad,ri,anna,,
gazdagnak,gaz,dag,nak,,
kocsitól,ko,csi,tól,,
járjanak,jár,ja,nak,2,
járjanak,jár,jan,ak,,
járjanak,járj,an,ak,,
arthurt,art,hu,rt,,
munkanap,mun,ka,nap,,
munkanap,mun,kan,ap,,
nejével,ne,jé,vel,,
vallomásra,val,lo,másra,,
vallomásra,vallom,ás,ra,,
fogadalom,fo,ga,dalom,,
fogadalom,foga,dal,om,,
fogadalom,fogad,al,om,,
dinamitot,dina,mit,ot,,
csatamezőn,csa,ta,mezőn,,
híváslistáját,hív,ás,listáját,,
gyilkosságokról,gyilkosság,ok,ról,,
félretett,fél,re,tett,3,fél re tett
félretett,félre,te,tt,,
autóbalesetet,au,tó,balesetet,,
autóbalesetet,autó,bal,esetet,2,
autóbalesetet,autó,baleset,et,2,
muhammad,mu,ham,mad,,
játékosnak,játék,os,nak,2,
atlantai,at,lan,tai,,
parkert,par,ke,rt,,
gonosszal,go,nos,szal,,
gonosszal,gon,os,szal,,
zaklatásért,zaklat,ás,ért,,
törpilla,tör,pil,la,,
indokkal,in,dok,kal,,
indokkal,in,dokk,al,,
tetteted,tett,et,ed,,
helyezés,hely,ez,és,2,
hathaway,hat,ha,way,2,
pénzemből,pénz,em,ből,,
nyomozásnak,nyom,oz,ásnak,,
nyomozásnak,nyomoz,ás,nak,,
szobatársad,szoba,társ,ad,,
tüntetők,tünt,et,ők,,
mosógép,mo,só,gép,,
fokhagymás,fok,hagy,más,,
teremtettem,te,rem,tettem,2,
teremtettem,terem,tett,em,,
fasírt,fa,sí,rt,,
egyenruháját,eg,yen,ruháját,,
egyenruháját,egy,en,ruháját,2,
repülőket,repül,ők,et,,
családomért,család,om,ért,2,
mellre,me,ll,re,,
titánok,ti,tán,ok,,
bűnösöket,bűnös,ök,et,,
kölcsönadta,kölcsön,ad,ta,,
seggedre,segg,ed,re,,
simlis,si,ml,is,,
motivált,mo,ti,vált,2,
hajóból,ha,jó,ból,,
magánnyomozót,mag,án,nyomozót,,
kényszerítettél,kényszerít,et,tél,,
emilynek,em,ily,nek,,
tulajt,tu,la,jt,,
időjárásról,idő,járás,ról,2,
rosario,ro,sa,rio,,
nevetségesnek,nevetség,es,nek,,
házasságomat,házasság,om,at,,
csapatvezető,csa,pat,vezető,,
csapatvezető,csap,at,vezető,,
diktál,di,kt,ál,,
egyenesben,egye,ne,sben,,
férjemtől,fér,jem,től,,
férjemtől,férj,em,től,,
mindkettőnkre,mind,kettőnk,re,2,
párokat,pá,ro,kat,,
párokat,pár,ok,at,,
támadásba,támad,ás,ba,,
választhatok,válasz,that,ok,,
választhatok,választ,ha,tok,2,
választhatok,választ,hat,ok,2,
osztrigát,oszt,ri,gát,,
emlékeznem,emlék,ez,nem,,
vonalra,von,al,ra,,
angelesből,angel,es,ből,,
önmagáért,ön,magáé,rt,,
egyenlően,egyen,lő,en,,
original,ori,gin,al,,
galambot,ga,lam,bot,,
galambot,ga,lamb,ot,,
galambot,gal,am,bot,,
kézírás,kéz,ír,ás,,
csinálhatnál,csinál,hat,nál,3,csinál hat nál
személyeset,sze,mély,eset,,
személyeset,személy,es,et,,
őrületet,őr,ül,etet,,
lábunkat,láb,un,kat,,
vásáron,vá,sár,on,,
makaróni,ma,karó,ni,,
virággal,vir,ág,gal,,
potenciálisan,potenciál,is,an,,
alvást,al,vá,st,,
fürdőruhát,fürdő,ru,hát,,
lóháton,ló,há,ton,,
lóháton,ló,hát,on,2,
sokminden,sok,min,den,,
sokminden,sok,mind,en,3,sok mind en
shalom,sh,al,om,,
érettebb,ér,ette,bb,,
helyedet,hely,ed,et,,
nyújtottam,nyújt,ot,tam,,
nyújtottam,nyújt,ott,am,,
aprólékos,apró,lé,kos,,
nővérének,nő,vér,ének,,
nővérének,nővé,ré,nek,2,
oroszokkal,orosz,ok,kal,,
birtokolni,bi,rt,okolni,,
rendszerhez,rend,szer,hez,,
keseredve,kes,ered,ve,,
érintse,ér,int,se,,
tommynak,tom,my,nak,2,
hétéves,hét,év,es,,
monitort,mon,ito,rt,,
doktori,do,kt,ori,,
doktori,dok,to,ri,,
nyitottad,nyit,ot,tad,,
nyitottad,nyit,ott,ad,,
programokat,program,ok,at,,
ugorjatok,ugorj,at,ok,,
válasszanak,válassz,an,ak,,
kosárban,ko,sár,ban,,
kosárban,kos,ár,ban,,
eszközei,esz,köz,ei,,
félreérti,fél,re,érti,2,
félreérti,félre,ér,ti,,
kalandok,ka,lan,dok,,
kalandok,ka,land,ok,,
kalandok,kal,an,dok,,
kalandok,kal,and,ok,,
rendeznem,rend,ez,nem,,
mozdulattal,mozdul,at,tal,,
softball,so,ft,ball,,
köszönhetek,kösz,ön,hetek,,
eshetőségre,eshet,ős,égre,,
papírokkal,pap,ír,okkal,,
papírokkal,pap,írok,kal,,
papírokkal,papír,ok,kal,,
zajlanak,zaj,la,nak,,
zajlanak,zaj,lan,ak,,
maradhattam,mar,adhat,tam,,
maradhattam,marad,hat,tam,2,
államokból,ál,lam,okból,,
államokból,áll,am,okból,,
államokból,állam,ok,ból,,
pártján,pár,tj,án,,
őslakos,ős,la,kos,,
logikai,lo,gi,kai,,
renault,ren,au,lt,,
haverjaival,haver,jai,val,,
haverjaival,haverja,iv,al,,
hozzávaló,hozzá,va,ló,,
éltessen,él,tess,en,,
éltessen,élt,es,sen,,
éltessen,élt,ess,en,2,
éltessen,élte,ss,en,,
társának,társ,án,ak,,
csapással,csap,ás,sal,,
csapással,csap,áss,al,,
személye,szem,él,ye,,
mandula,man,du,la,,
svédországban,svéd,ország,ban,2,
váltson,vá,lt,son,,
tényezők,tény,ez,ők,,
kamionos,ka,mio,nos,,
képzeletem,képzel,et,em,,
nyomokban,nyom,ok,ban,,
érdekellek,ér,de,kellek,,
testvéreket,test,vére,ket,,
csapjon,csa,pj,on,,
haveromat,have,rom,at,,
haveromat,haver,om,at,,
tornateremben,tor,na,teremben,,
középsuliban,köz,ép,suliban,,
középsuliban,közép,suli,ban,2,
férfitől,fér,fi,től,,
tárgyalóban,tárgya,ló,ban,,
erőszakosan,erő,szakos,an,,
erőszakosan,erős,zak,osan,,
erőszakosan,erőszak,os,an,,
jogomban,jo,gomb,an,,
jogomban,jog,om,ban,,
máskorra,más,kor,ra,3,más kor ra
gondolataiban,gondolat,ai,ban,,
táncparketten,tánc,par,ketten,,
hírnevemet,hír,neve,met,2,
hírnevemet,hír,nevem,et,,
abbynek,ab,by,nek,,
háttere,hát,te,re,3,hát te re
találomra,tal,álom,ra,,
találomra,talál,om,ra,,
válasszatok,válassz,at,ok,,
létfenntartó,lét,fenn,tartó,,
nézheti,néz,he,ti,2,
történetedet,történet,ed,et,,
farkasszemet,farkas,sze,met,,
farkasszemet,farkas,szem,et,,
hivatás,hiv,at,ás,,
álomnak,ál,om,nak,,
munkahelye,mun,ka,helye,,
munkahelye,munka,hel,ye,,
csinálhattam,csinál,hat,tam,2,
orchidea,or,chi,dea,,
vallomásom,val,lo,másom,,
vallomásom,vallom,ás,om,,
papírmunkával,pap,ír,munkával,,
jelenlét,jel,en,lét,,
biztosítalak,biztosít,al,ak,,
folytathatod,folytat,ha,tod,,
esetnél,es,et,nél,,
kellettem,ke,ll,ettem,,
jobbal,jo,bb,al,,
nyakamban,nyak,am,ban,,
atyavilág,at,ya,világ,,
emelkedj,emel,ke,dj,,
vallom,va,ll,om,,
pénztárcámat,pénz,tárcám,at,,
nőnemű,nő,ne,mű,,
rejtegetnek,rejt,eget,nek,,
hüvelykujj,hüvely,ku,jj,,
antiszociális,an,ti,szociális,,
kormányának,kormány,án,ak,,
niklaus,nik,la,us,,
éneklést,ének,lé,st,,
ajándékokkal,ajándék,ok,kal,,
cserbenhagytam,cserben,hagy,tam,,
hangerőt,hang,er,őt,,
hangszeren,hang,sze,ren,,
hangszeren,hang,szer,en,,
fiához,fi,áh,oz,,
győztest,győz,te,st,,
kettesen,ket,te,sen,,
bármiért,bár,mi,ért,3,bár mi ért
csontvelő,csont,ve,lő,,
újévet,új,év,et,,
hazajutni,haza,jut,ni,2,
egyensúlyát,eg,yen,súlyát,,
egyensúlyát,egy,en,súlyát,2,
harcosai,harc,os,ai,,
energiaforrás,energia,forr,ás,,
latimer,la,ti,mer,,
latimer,la,tim,er,,
hapsikám,hap,sik,ám,,
másoló,má,so,ló,,
szabadnapom,szab,ad,napom,,
szabadnapom,szabad,nap,om,2,
államtitkár,ál,lam,titkár,,
államtitkár,áll,am,titkár,,
kedvességet,kedve,ss,éget,,
stones,st,on,es,,
shikabane,shi,ka,bane,,
néhányukat,néhány,uk,at,,
tárgyalási,tárgya,lá,si,,
lányokhoz,lány,ok,hoz,2,
nyolcéves,nyolc,év,es,,
testhez,te,st,hez,2,
testedben,teste,db,en,,
időkön,id,ők,ön,2,
emberölésért,ember,ölés,ért,2,
eshetett,es,he,tett,,
eshetett,es,hete,tt,,
utánanézni,utána,néz,ni,2,
nyílvánvalóan,nyílván,való,an,,
ártalom,ár,tal,om,,
ártalom,árt,al,om,,
vallomással,val,lo,mással,,
vallomással,vallom,ás,sal,,
vallomással,vallom,áss,al,,
bokorban,bo,kor,ban,2,
bokorban,bok,or,ban,,
viselj,vi,se,lj,,
nejemmel,ne,jem,mel,,
esküdtszéknek,esküdt,szék,nek,,
halálukat,halál,uk,at,,
kedveseim,kedve,se,im,,
bűneidet,bűne,id,et,,
jemaine,je,mai,ne,,
jemaine,jem,ai,ne,,
pattanás,pat,tan,ás,,
üzlettársak,üzlet,társ,ak,,
főbérlő,fő,bér,lő,,
élnének,él,né,nek,,
szorította,szorít,ot,ta,,
takaros,ta,kar,os,,
akadályokat,akadály,ok,at,,
értesítelek,érte,sí,telek,,
bankokat,ban,ko,kat,,
bankokat,bank,ok,at,,
faházban,fa,ház,ban,2,
vongola,von,go,la,,
óhajtod,óh,aj,tod,,
gyerekért,gyere,ké,rt,,
íródott,író,do,tt,,
kötelességemet,kötelesség,em,et,,
csókolózás,csókol,óz,ás,,
focicsapat,foci,csa,pat,,
focicsapat,foci,csap,at,,
igazságosan,igazság,os,an,,
csapatkapitány,csa,pat,kapitány,,
csapatkapitány,csap,at,kapitány,,
áramütés,ár,am,ütés,,
áramütés,áram,üt,és,,
védtelenek,véd,tele,nek,2,
holttesttel,ho,lt,testtel,,
holttesttel,holt,test,tel,,
köszönteni,köszön,te,ni,,
sokkolta,sok,kol,ta,,
városházára,vár,os,házára,,
városházára,város,ház,ára,3,város ház ára
vadásztak,vad,ász,tak,,
orvosokkal,orvos,ok,kal,,
lázadókat,láz,adó,kat,,
lázadókat,láz,adók,at,,
farokkal,far,ok,kal,,
tandíjat,tan,díj,at,,
kölcsönadtam,kölcsön,ad,tam,,
közkedvelt,köz,kedve,lt,,
táncoltak,tán,colt,ak,,
sújtotta,sújt,ot,ta,,
vezetésért,vezet,és,ért,3,vezet és ért
bűnbakot,bűn,bak,ot,,
kergetett,kerge,te,tt,,
ütközet,üt,köz,et,,
agyturkász,agy,turk,ász,,
valóságtól,valós,ág,tól,,
imádkozzatok,imádkozz,at,ok,,
készültség,készül,ts,ég,,
éreznél,ér,ez,nél,,
gépházban,gép,ház,ban,3,gép ház ban
lakásokat,lakás,ok,at,,
jelenlétem,jelen,lét,em,,
fogadására,fog,adás,ára,2,
fogadására,fogad,ás,ára,,
karbantartás,kar,ban,tartás,,
karbantartás,karban,tart,ás,,
sárkányharcos,sárkány,harc,os,,
testből,te,st,ből,,
bízzanak,bízz,an,ak,,
bántottál,bánt,ot,tál,,
bántottál,bánt,ott,ál,,
tartozás,tart,oz,ás,,
arizonai,ari,zo,nai,,
országúton,ország,út,on,2,
uralta,ur,al,ta,,
rendőrautó,rend,őr,autó,,
rendőrautó,rendőr,au,tó,,
gyilkosának,gyilkos,án,ak,,
adammel,ad,am,mel,,
harmadéves,harmad,év,es,,
félmeztelenül,fél,meztelen,ül,,
maminak,ma,mi,nak,2,
maminak,ma,min,ak,,
sejtésem,sejt,és,em,,
szemeidben,szemei,db,en,,
történetre,történ,et,re,,
reklámokat,reklám,ok,at,,
tartsalak,tart,sal,ak,,
tartsalak,tarts,al,ak,,
ültettem,ül,tett,em,,
nincstelen,nincs,tel,en,2,
egyszerűbben,egyszerű,bb,en,2,
kölcsönadni,kölcsön,ad,ni,,
végénél,vég,én,él,,
vadidegen,va,did,egen,,
vadidegen,vad,id,egen,,
vadidegen,vadi,de,gen,,
stabilan,st,abi,lan,,
mission,mi,ss,ion,,
munkahelyet,mun,ka,helyet,,
munkahelyet,munka,hely,et,2,
erőszakosak,erő,szakos,ak,,
erőszakosak,erőszak,os,ak,,
karokat,ka,ro,kat,,
karokat,kar,ok,at,,
műalkotás,mű,alkot,ás,,
valamelyest,val,amely,est,2,
valamelyest,vala,mely,est,,
adásunkat,ad,ásunk,at,,
adásunkat,adás,un,kat,,
teherautóval,te,her,autóval,,
teherautóval,teher,autó,val,2,
erőltette,erő,lt,ette,,
ilyesmibe,il,yes,mibe,,
ilyesmibe,ily,es,mibe,,
hazafutás,haza,fut,ás,,
vízálló,víz,ál,ló,,
apjukat,ap,ju,kat,,
késztetett,kész,te,tett,3,kész te tett
vegas-ba,ve,ga,s-ba,,
mamával,ma,má,val,,
gyerekkorod,gyerek,ko,rod,,
állniuk,áll,ni,uk,,
mindannyiuk,mind,annyi,uk,2,
dobozos,dob,oz,os,,
árultál,áru,lt,ál,,
testeddel,test,ed,del,,
áldottak,ál,dot,tak,,
értelmi,ér,tel,mi,,
kutatásom,kutat,ás,om,,
ráébredtem,rá,ébredt,em,,
ötvenet,öt,ve,net,,
akarattal,ak,arat,tal,,
akarattal,aka,rat,tal,,
akarattal,akar,at,tal,,
értékeset,érték,es,et,,
piálni,pi,ál,ni,,
camillo,cam,il,lo,,
oldotta,old,ot,ta,,
rendőrnő,rend,őr,nő,,
hajóba,ha,jó,ba,2,
mutassalak,mutass,al,ak,,
állampolgári,ál,lam,polgári,,
állampolgári,áll,am,polgári,,
rátaláltak,rá,talál,tak,,
rátaláltak,rá,talált,ak,2,
motorozni,motor,oz,ni,,
társamnak,tár,sam,nak,,
társamnak,társ,am,nak,,
csókolóztam,csókol,óz,tam,,
értene,ér,te,ne,,
anális,an,ál,is,,
repülőgépen,repülő,gép,en,2,
cégemet,cég,em,et,,
deline,de,li,ne,,
méretes,mér,et,es,,
szüleiket,szül,ei,ket,,
adományokat,adomány,ok,at,,
akárhogyan,ak,ár,hogyan,,
akárhogyan,akár,hog,yan,,
akárhogyan,akár,hogy,an,2,
drogokról,drog,ok,ról,,
célpontra,cél,pont,ra,2,
szemöldök,szem,öld,ök,,
memphis,me,mp,his,,
tanulniuk,tanul,ni,uk,,
játszanál,játsz,an,ál,,
dolgainkat,dolga,in,kat,,
papája,pa,pá,ja,,
jelents,jel,en,ts,,
andreas,an,dre,as,,
andreas,and,re,as,2,
unokatestvérek,un,oka,testvérek,,
unokatestvérek,uno,ka,testvérek,,
bántanálak,bánta,nál,ak,,
amilyeneket,am,ilyenek,et,,
madárnak,mad,ár,nak,,
észreveszed,ész,re,veszed,,
észreveszed,észre,ve,szed,,
észreveszed,észre,vesz,ed,2,
tanácstalan,tan,ács,talan,,
tanácstalan,tanács,ta,lan,,
tanácstalan,tanács,tal,an,,
pohárköszöntőt,po,hár,köszöntőt,,
pohárköszöntőt,pohár,köszönt,őt,,
tetthelyre,te,tt,helyre,2,
tetthelyre,tett,hely,re,3,tett hely re
tanácsadót,tan,ács,adót,,
alapok,al,ap,ok,,
négyéves,négy,év,es,,
engedélyemet,engedély,em,et,,
jelmezed,jel,me,zed,,
lakótársa,lakó,tár,sa,,
igényes,ig,én,yes,2,
bőrömet,bőr,öm,et,,
gyakorlatokat,gyakorlat,ok,at,,
hagytatok,hagy,ta,tok,,
antonia,an,to,nia,,
görögországban,görög,ország,ban,2,
detroiti,de,troi,ti,2,
vérnyomokat,vér,nyomok,at,,
vérnyomokat,vérnyom,ok,at,,
litert,li,te,rt,,
hevernek,he,ver,nek,,
rovarokat,rovar,ok,at,,
képregényeket,kép,regénye,ket,,
rajtaütést,raj,ta,ütést,,
heteken,he,te,ken,,
váltanak,vált,an,ak,,
bárokban,bár,ok,ban,2,
várhatja,vár,hat,ja,2,
kétszemélyes,két,személy,es,2,
rosszabbodott,rosszabb,odo,tt,,
rambaldi,ram,bal,di,,
haljanak,hal,ja,nak,,
haljanak,hal,jan,ak,,
haljanak,halj,an,ak,,
egyetérteni,egy,et,érteni,,
egyetérteni,egyet,érte,ni,2,
történész,tört,én,ész,,
wilhelmina,wil,hel,mina,,
súlyosak,súly,os,ak,,
karamellás,kara,mell,ás,,
hónapokba,hó,napok,ba,,
hónapokba,hónap,ok,ba,2,
készültségben,készül,ts,égben,,
mentened,men,te,ned,,
mentened,men,ten,ed,,
mentened,ment,en,ed,2,
lámpaoltás,lám,pa,oltás,,
testrészeket,te,st,részeket,,
testrészeket,test,része,ket,2,
testrészeket,test,részek,et,,
season,se,as,on,2,
fajult,fa,ju,lt,,
jutalmad,ju,tal,mad,,
jutalmad,jut,al,mad,,
észreveszem,ész,re,veszem,,
észreveszem,észre,ve,szem,,
észreveszem,észre,vesz,em,2,
határozatot,határoz,at,ot,,
hadműveletet,had,művel,etet,,
hadműveletet,had,művelet,et,,
jelentősebb,jelentő,se,bb,,
sugarat,su,ga,rat,,
folyóparton,folyó,par,ton,,
folyóparton,folyó,part,on,,
alakokat,alak,ok,at,,
címemet,cím,em,et,,
tommyval,tom,my,val,2,
szeretnem,szer,et,nem,,
takarodjanak,takarodj,an,ak,,
fennmaradó,fenn,mar,adó,,
keverem,ke,ve,rem,,
keverem,ke,ver,em,,
keverem,kev,er,em,,
rehabra,re,hab,ra,2,
ilyenfajta,il,yen,fajta,,
ilyenfajta,ily,en,fajta,,
ilyenfajta,ilyen,faj,ta,,
lámpánál,lám,pá,nál,,
lámpánál,lám,pán,ál,,
hawaiira,ha,wai,ira,,
lavina,la,vi,na,,
toyota,to,yo,ta,,
zuhanyoztam,zuhany,oz,tam,,
szíveddel,szív,ed,del,,
hajónapló,ha,jó,napló,,
hajónapló,hajó,nap,ló,2,
hajónapló,hajón,ap,ló,,
randinak,ran,di,nak,,
randinak,rand,in,ak,,
kaphatna,kap,hat,na,3,kap hat na
hitelkártyája,hi,tel,kártyája,,
erőteret,er,őt,eret,,
erőteret,erőt,er,et,,
okkult,ok,ku,lt,,
liamet,li,am,et,,
osztoznak,oszt,oz,nak,,
alkotó,al,ko,tó,,
kurázsi,ku,ráz,si,,
kamrai,ka,mr,ai,,
tanulmányozom,tanulmány,oz,om,,
hozzáállással,hozzá,állás,sal,,
működj,mű,kö,dj,,
élénken,él,én,ken,,
eresszék,er,es,szék,,
csalásért,csa,lá,sért,,
csalásért,csal,ás,ért,,
részmunkaidőben,rész,munka,időben,3,rész munka időben
mesebeli,me,sebe,li,,
férjére,fér,jé,re,,
kenetet,ke,net,et,,
kenetet,ken,et,et,,
késeket,ké,se,ket,,
hadviselés,had,visel,és,,
esetnek,es,et,nek,,
lisával,li,sáv,al,,
vitának,vi,tán,ak,,
szóltatok,szól,ta,tok,,
szóltatok,szólt,at,ok,,
kapásból,kap,ás,ból,,
olyasmivel,oly,as,mivel,,
olyasmivel,olyas,mi,vel,2,
motelban,mo,tel,ban,,
uralmát,ur,al,mát,,
állítottuk,állít,ott,uk,,
vadászom,vad,ász,om,,
érdemelne,érd,emel,ne,,
hazatérni,haza,tér,ni,2,
dalomat,dal,om,at,,
szeretetem,sze,re,tetem,,
szeretetem,szer,etet,em,,
szeretetem,szeret,et,em,,
mclaren,mc,la,ren,,
küldenie,küld,en,ie,,
másokban,má,sok,ban,2,
másokban,más,ok,ban,2,
hívatja,hív,at,ja,,
forest,fo,re,st,,
mindegyikőtök,mindegyik,őt,ök,,
észrevettek,ész,re,vettek,,
poharak,po,ha,rak,,
szállóban,szál,ló,ban,,
fegyveredet,fegyver,ed,et,,
etetem,et,et,em,,
századból,száz,ad,ból,,
csapatért,csa,pa,tért,,
csapatért,csa,pat,ért,,
csapatért,csap,at,ért,,
repülésre,repül,és,re,2,
rendőrként,rend,őr,ként,,
magánéletét,mag,án,életét,,
csinosnak,csi,nos,nak,2,
csinosnak,csin,os,nak,,
horton,ho,rt,on,,
tiszteletest,tisztel,et,est,,
csatabárdot,csata,bár,dot,,
vércsoportja,vér,csoport,ja,,
mattet,ma,tt,et,,
hooper,ho,op,er,,
erőszakhoz,erős,zak,hoz,2,
mindeddig,mind,edd,ig,2,
kevesebbel,ke,ve,sebbel,,
birodalmát,bi,rod,almát,,
keenan,ke,en,an,,
adományozott,adomány,oz,ott,,
észbontó,ész,bon,tó,,
műholdak,mű,hold,ak,,
raktáron,ra,kt,áron,2,
raktáron,rak,tár,on,,
érvelés,ér,vel,és,2,
kísértésnek,kísért,és,nek,2,
meadow,me,ad,ow,,
kabinet,ka,bi,net,,
kabinet,ka,bin,et,,
hallie,ha,ll,ie,,
jónéhány,jó,né,hány,,
holdfényes,hold,fény,es,,
korláton,kor,lá,ton,,
korláton,kor,lát,on,2,
igazgatóhoz,igaz,ga,tóhoz,,
kedvencedet,kedvenc,ed,et,,
komolytalan,komoly,ta,lan,,
komolytalan,komoly,tal,an,,
költötte,költ,öt,te,,
település,telep,ül,és,,
eszedet,es,zed,et,,
eszedet,esz,ed,et,,
homályosan,homály,os,an,,
férjemre,fér,jem,re,,
férjemre,férj,em,re,,
gyilkolásra,gyilkol,ás,ra,,
álmodozni,álmod,oz,ni,,
ölheted,öl,he,ted,,
egyidős,egy,id,ős,,
amazon,am,az,on,2,
etetnem,et,et,nem,,
hiheted,hi,he,ted,,
jimmyvel,jim,my,vel,,
üzeneteimet,üzenet,ei,met,,
üzeneteimet,üzenete,im,et,,
papírja,pap,ír,ja,,
diliházba,di,li,házba,,
diliházba,dili,ház,ba,2,
fülkéből,fül,ké,ből,,
ilyenje,il,yen,je,,
ilyenje,ily,en,je,,
harapd,ha,ra,pd,2,
autóról,au,tó,ról,,
napirendi,napi,ren,di,,
végezned,vég,ez,ned,,
manolo,ma,no,lo,,
tengerészgyalogság,tenger,ész,gyalogság,,
fejének,fe,jé,nek,,
rávetted,rá,vet,ted,,
rávetted,rá,vett,ed,2,
mondaniuk,mon,dani,uk,,
mondaniuk,monda,ni,uk,,
munkádról,mun,kád,ról,,
sikereket,si,kerek,et,,
sikereket,sik,erek,et,,
középkorban,köz,ép,korban,,
középkorban,közép,kor,ban,3,közép kor ban
hajnala,haj,na,la,,
lucinda,luc,in,da,,
osztottak,oszt,ot,tak,,
osztottak,oszt,ott,ak,,
ösztöndíjas,ösztön,díj,as,,
vállamra,váll,am,ra,,
szemtanúkat,szem,tanú,kat,,
szemtanúkat,szem,tanúk,at,,
ügyvédként,ügy,véd,ként,,
anyagokkal,anyag,ok,kal,,
sikerhez,sik,er,hez,,
háziállat,házi,áll,at,2,
szeretetről,szer,etet,ről,,
szeretetről,szeret,et,ről,2,
fájdalmaid,fáj,dal,maid,2,
másoknál,má,sok,nál,2,
másoknál,más,ok,nál,2,
jobbkezes,jo,bb,kezes,,
parvati,par,va,ti,,
kenyerünket,ke,nyerünk,et,,
fenntartva,fenn,tart,va,,
fenntartva,fennt,art,va,,
lakosai,la,ko,sai,,
lakosai,la,kos,ai,,
teherautóra,te,her,autóra,,
teherautóra,teher,au,tóra,,
teherautóra,teher,autó,ra,2,
sakkozni,sakk,oz,ni,,
kalandos,ka,lan,dos,,
kalandos,ka,land,os,,
kalandos,kal,an,dos,,
kalandos,kal,and,os,,
salinger,sa,ling,er,,
salinger,sal,ing,er,,
millennium,mill,enni,um,,
etnikai,et,ni,kai,,
etnikai,et,nik,ai,,
páncélterem,pán,cél,terem,,
páncélterem,páncél,te,rem,,
páncélterem,páncélt,er,em,,
gyerekeken,gyere,ke,ken,,
hibának,hi,bá,nak,,
fiatalt,fi,at,alt,,
fiatalt,fia,ta,lt,,
fasírtot,fa,sírt,ot,,
fennálló,fenn,ál,ló,,
halvér,ha,lv,ér,,
fejedhez,fe,jed,hez,,
fejedhez,fej,ed,hez,,
nagyapámat,nagy,apám,at,,
szteroidokat,szteroid,ok,at,,
atlanti,at,lan,ti,,
omlott,om,lo,tt,,
nevetség,neve,ts,ég,,
kenyerem,ke,nyer,em,,
kenyerem,ken,ye,rem,,
bankszámla,bank,szám,la,2,
tárgyalásig,tárgyal,ás,ig,,
látogatásra,látogat,ás,ra,,
vállalattól,váll,al,attól,,
vállalattól,vállal,at,tól,,
aranyosnak,arany,os,nak,2,
building,bu,il,ding,,
bűntudattal,bűn,tudat,tal,,
fejvadászok,fej,vadász,ok,,
terhességet,terhe,ss,éget,,
repüléstől,repül,és,től,2,
vágyaim,vág,ya,im,,
egyedüllét,egyed,ül,lét,,
nyaralást,nyara,lá,st,,
remegni,rem,eg,ni,,
zoltán,zo,lt,án,,
öntudatlan,ön,tudat,lan,,
forráshoz,forr,ás,hoz,,
hívatlan,hív,at,lan,,
ittasan,it,ta,san,,
ittasan,itt,as,an,,
kéreti,ké,re,ti,2,
szükségszerűen,szükség,szerű,en,2,
igazgatótanács,igazgató,tan,ács,,
igazgatótanács,igazgatót,an,ács,,
vidámparkba,vidám,park,ba,2,
asztalához,asztal,áh,oz,,
kínozta,kín,oz,ta,,
áramkört,áram,kö,rt,,
szerelt,sze,re,lt,,
messer,me,ss,er,,
önmagunkat,ön,magunk,at,,
rendőrőrs,rend,őr,őrs,,
akaratos,ak,arat,os,,
akaratos,aka,rat,os,,
akaratos,akar,at,os,,
őrnagynak,őr,nagy,nak,2,
sulinak,su,li,nak,,
sulinak,su,lin,ak,,
dallasi,dal,la,si,,
talajon,ta,la,jon,,
talajon,tal,aj,on,,
integess,int,eg,ess,,
nyakamra,nyak,am,ra,,
hallatlan,hall,at,lan,,
mitsuko,mit,su,ko,,
komppal,ko,mp,pal,,
európából,euró,pá,ból,,
testőrt,te,st,őrt,,
testemmel,test,em,mel,,
őrködni,őr,köd,ni,,
könyvtárból,könyv,tár,ból,,
british,bri,ti,sh,,
határozat,határ,oz,at,,
fogakkal,fog,ak,kal,,
kórháznál,kór,ház,nál,2,
hallba,ha,ll,ba,2,
helyeznek,hely,ez,nek,2,
vérképet,vér,ké,pet,,
vérképet,vér,kép,et,,
szerszámot,szer,szám,ot,,
fogadhat,fog,ad,hat,2,
lister,li,st,er,,
árultak,áru,lt,ak,,
követségen,köve,ts,égen,,
cassius,cas,si,us,,
velejéig,vele,jé,ig,2,
menekültünk,me,nek,ültünk,,
pofonegyszerű,pofon,egy,szerű,,
fivéred,fi,vér,ed,,
fedezzen,fed,ez,zen,,
birtokra,bi,rt,okra,,
immáron,im,má,ron,,
immáron,im,már,on,2,
láthatok,lá,that,ok,,
láthatok,lát,ha,tok,,
láthatok,lát,hat,ok,,
őskori,ős,ko,ri,,
adóssága,adó,ss,ága,,
terveimet,terv,ei,met,,
terveimet,terve,im,et,,
autószerelő,au,tó,szerelő,,
állhatja,áll,hat,ja,2,
pernell,per,ne,ll,,
ivászat,iv,ász,at,,
fivéreim,fi,vére,im,,
istállóba,ist,álló,ba,2,
meseszép,me,se,szép,2,
apacsok,ap,ac,sok,,
kíváncsian,kíván,csi,an,,
kubába,ku,bá,ba,,
ígéretesnek,ígér,et,esnek,,
ígéretesnek,ígéret,es,nek,,
mennyezet,menny,ez,et,,
formula,for,mu,la,,
nyereséget,nyer,es,éget,,
vidámabb,vi,dáma,bb,,
pakliban,pak,li,ban,,
mindigis,mind,ig,is,3,mind ig is
haditengerészetnél,ha,di,tengerészetnél,,
haditengerészetnél,hadi,tengerészet,nél,,
martine,mar,ti,ne,,
queenie,que,en,ie,,
sampson,sa,mp,son,,
cuccokkal,cucc,ok,kal,,
fogadásokat,fogad,ások,at,,
fogadásokat,fogadás,ok,at,,
próbaidős,próba,id,ős,,
vörösbort,vörös,bo,rt,,
könyvesbolt,könyv,es,bolt,,
szemeimmel,szeme,im,mel,,
kockázatokat,kockázat,ok,at,,
életemen,élet,em,en,2,
pofátlan,po,fát,lan,,
édesanyámat,édes,anyám,at,,
robotnik,ro,bot,nik,,
robotnik,rob,ot,nik,,
vesztenivalója,veszteni,való,ja,,
bőröndben,bőrön,db,en,,
barátnőim,barát,nő,im,,
jövőhéten,jövő,hé,ten,,
jövőhéten,jövő,hét,en,3,jövő hét en
robbanások,rob,ban,ások,,
robbanások,robban,ás,ok,,
motorra,mo,tor,ra,,
osztozom,oszt,oz,om,,
mogyoróvajat,mogyoró,vaj,at,,
meleged,mel,eg,ed,,
banános,ban,án,os,,
gyanúsítottnak,gyanúsít,ott,nak,2,
intézkedj,intéz,ke,dj,,
ügynököd,ügy,nö,köd,,
sherri,sh,er,ri,,
gondoitam,gond,oi,tam,,
szenvedéstől,szenved,és,től,2,
középiskolából,köz,ép,iskolából,,
rohannak,ro,han,nak,,
életveszélyben,él,et,veszélyben,,
portál,po,rt,ál,,
dietrich,di,et,rich,,
chateau,cha,te,au,,
lányaimat,lánya,im,at,,
számláról,szám,lá,ról,2,
fogakat,fo,ga,kat,,
fogakat,fog,ak,at,,
parkolás,par,kol,ás,,
érdektelen,érdek,tel,en,,
félreértettél,fél,re,értettél,2,
félreértettél,félre,ér,tettél,,
félreértettél,félre,ért,ettél,,
félreértettél,félre,értett,él,,
családtagja,család,tag,ja,,
magánzárkába,magán,zár,kába,,
bűntettet,bűn,tett,et,,
kosárlabdát,ko,sár,labdát,,
kosárlabdát,kos,ár,labdát,,
önjelölt,ön,jel,ölt,,
vonuljanak,vonul,ja,nak,,
vonuljanak,vonul,jan,ak,,
vonuljanak,vonulj,an,ak,,
juttok,ju,tt,ok,,
vérveszteség,vér,vesztes,ég,,
monitorra,mon,it,orra,,
bieber,bi,eb,er,,
helyreállt,hely,re,állt,3,hely re állt
helyreállt,helyre,ál,lt,,
aditya,ad,it,ya,,
pártnak,pá,rt,nak,,
motorosok,mo,toro,sok,,
motorosok,motor,os,ok,,
kemping,ke,mp,ing,,
vezetőket,vezet,ők,et,2,
tanácsért,tan,ács,ért,,
drogozni,drog,oz,ni,,
modellje,mo,dell,je,,
modellje,mode,ll,je,,
munkahelyére,mun,ka,helyére,,
fiaimat,fia,im,at,,
romana,ro,ma,na,,
keresztapja,kereszt,ap,ja,,
másokért,má,so,kért,,
másokért,má,sok,ért,2,
másokért,más,ok,ért,2,
másokért,más,oké,rt,2,
valakiből,val,aki,ből,2,
tonhalat,ton,hal,at,,
baromarc,ba,ro,marc,,
baromarc,ba,rom,arc,,
baromarc,bar,om,arc,,
következetes,követ,kezet,es,,
várjam,vá,rj,am,,
találmánya,talál,mán,ya,,
jointot,jo,int,ot,,
teherautók,te,her,autók,,
hatóságokkal,hatóság,ok,kal,,
davist,da,vi,st,,
mcdeere,mc,dee,re,,
kórházakban,kór,házak,ban,,
kórházakban,kórház,ak,ban,,
vallok,va,ll,ok,,
párost,pá,ro,st,,
agyadba,agy,ad,ba,,
baleseted,bal,eset,ed,,
szobánkban,szobán,kb,an,,
múltamat,múlt,am,at,,
választhatod,választ,ha,tod,2,
rejtélye,rejt,él,ye,,
sorokat,so,ro,kat,,
sorokat,sor,ok,at,,
vallottál,vall,ot,tál,,
vallottál,vall,ott,ál,,
mentségem,ments,ég,em,,
nullás,nu,ll,ás,,
függőséget,függ,ős,éget,,
hamish,ha,mi,sh,2,
szélhámosok,szél,há,mosok,,
hozzájutni,hozzá,jut,ni,2,
közhelyes,köz,hel,yes,,
közhelyes,köz,hely,es,,
cassone,cas,so,ne,,
international,int,er,national,,
nikolai,ni,kol,ai,,
autóbalesete,au,tó,balesete,,
autóbalesete,autó,bal,esete,2,
kapcsolatokkal,kapcsol,at,okkal,,
kapcsolatokkal,kapcsolat,ok,kal,,
matheson,ma,the,son,,
budapest,bud,ap,est,,
kemoterápia,ke,mo,terápia,,
ejtetted,ej,tett,ed,,
ejtetted,ejt,et,ted,,
életén,él,et,én,,
nejemnek,ne,jem,nek,,
boldogabbak,boldog,ab,bak,,
halálára,hal,ál,ára,,
karjait,kar,ja,it,,
nagyvárosban,nagy,város,ban,3,nagy város ban
kolumbusz,kol,um,busz,,
alkalmazottai,alkalmaz,ot,tai,,
alkalmazottai,alkalmaz,ott,ai,,
halakkal,hal,ak,kal,,
fogadóba,fog,adó,ba,2,
képzeleted,képzel,et,ed,,
barátomról,barát,om,ról,,
rejtőzni,rejt,őz,ni,,
mondhatnál,mond,hat,nál,3,mond hat nál
richardnak,ric,hard,nak,,
használatára,használ,at,ára,,
járatos,jár,at,os,,
keverj,ke,ve,rj,,
javításra,javít,ás,ra,,
birtokomban,birtok,om,ban,,
holttestre,ho,lt,testre,,
holttestre,ho,ltt,estre,,
holttestre,hol,tt,estre,,
holttestre,holt,test,re,2,
munkahelyem,mun,ka,helyem,,
munkahelyem,munka,hely,em,2,
árulással,áru,láss,al,,
árulással,árul,ás,sal,,
árulással,árul,áss,al,,
mossuk,mo,ss,uk,,
dobozokban,doboz,ok,ban,,
módszeremmel,módszer,em,mel,,
ophelia,op,he,lia,,
business,bu,si,ness,,
business,bu,sin,ess,,
shankar,sh,an,kar,,
nyílvánvaló,nyílván,va,ló,,
sebesen,seb,es,en,,
tengerészgyalogosok,tengerész,gyalogos,ok,,
erősítette,erő,sí,tette,,
hálószobát,há,ló,szobát,,
kötszert,köt,sze,rt,,
nevelés,ne,vel,és,2,
csúcspontja,csúcs,pont,ja,,
karakterem,ka,rak,terem,,
karakterem,kar,ak,terem,,
bűnüldözés,bűn,üldöz,és,,
kopjon,ko,pj,on,,
tornaterem,tor,na,terem,,
tornaterem,tor,nate,rem,,
tornaterem,torna,te,rem,,
őrökkel,őr,ök,kel,,
marius,ma,ri,us,,
kavarog,ka,va,rog,,
hagyhatok,hagy,ha,tok,,
hagyhatok,hagy,hat,ok,,
ilyesmin,il,yes,min,,
ilyesmin,ily,es,min,,
tárgyalásán,tárgyal,ás,án,,
vállon,vá,ll,on,,
helyőrség,hely,őrs,ég,,
seregnek,se,reg,nek,2,
seregnek,ser,eg,nek,,
munkatársaim,mun,ka,társaim,,
munkatársaim,munka,társa,im,,
újságírás,újság,ír,ás,,
szívbajt,szív,ba,jt,,
váltanom,vált,an,om,,
mintaképe,min,ta,képe,,
hozattam,hoz,at,tam,,
jóravaló,jó,ra,való,2,
jóravaló,jóra,va,ló,,
szavaidat,szava,id,at,,
fallal,fa,ll,al,,
antianyag,an,ti,anyag,,
memorial,me,mori,al,,
hiroshi,hi,ro,shi,,
susannah,su,san,nah,,
profinak,pro,fi,nak,,
profinak,pro,fin,ak,,
profinak,prof,in,ak,,
mustárt,mu,st,árt,,
munkádban,mun,kád,ban,,
hajoljon,ha,jol,jon,,
válása,vá,lá,sa,,
célokat,cél,ok,at,,
ajándékomat,ajándék,om,at,,
biztosítanak,biztosít,an,ak,,
tanuljatok,tanul,ja,tok,,
tanuljatok,tanulj,at,ok,,
álomból,ál,om,ból,,
hangsúlyozni,hangsúly,oz,ni,,
irányítottam,irányít,ot,tam,,
irányítottam,irányít,ott,am,,
keddenként,kedd,en,ként,2,
michelangelo,michel,ange,lo,,
vesztegesse,veszteg,es,se,,
cégénél,cég,én,él,2,
módszered,mód,sze,red,,
módszered,mód,szer,ed,,
szerkezetét,szer,keze,tét,,
almeida,al,me,ida,,
almeida,al,mei,da,,
bűneimet,bűn,ei,met,,
bűneimet,bűne,im,et,,
futotta,fut,ot,ta,,
hóbortos,hó,bort,os,,
láthassalak,lát,hassal,ak,,
biztosítottak,biztosít,ot,tak,,
biztosítottak,biztosít,ott,ak,,
intézetből,intéz,et,ből,,
jóléte,jó,lé,te,,
költészetet,költ,ész,etet,,
agyadra,agy,ad,ra,,
fillér,fi,ll,ér,,
csináltatott,csinált,at,ott,,
csináltatott,csinálta,to,tt,,
jobbkeze,jo,bb,keze,,
kagome,ka,go,me,,
vérvonal,vér,von,al,,
csapatoknak,csapat,ok,nak,2,
vonzotta,vonz,ot,ta,,
állíthatod,állít,ha,tod,,
lányoktól,lány,ok,tól,2,
zsákokat,zsák,ok,at,,
bájital,bá,ji,tal,,
bájital,báj,it,al,,
marhahúst,mar,ha,húst,,
marhahúst,marha,hú,st,,
forrásai,for,rá,sai,2,
forrásai,forr,ás,ai,,
olyasmiért,oly,as,miért,,
olyasmiért,olyas,mi,ért,2,
merrill,mer,ri,ll,,
félelmetesen,félelme,te,sen,,
félelmetesen,félelmet,es,en,,
indoka,in,do,ka,,
démonokkal,démon,ok,kal,,
hátadra,há,tad,ra,,
hátadra,hát,ad,ra,2,
rejtegeted,rejt,eget,ed,,
korához,ko,rá,hoz,2,
korához,kor,áh,oz,,
kezeimmel,keze,im,mel,,
nézettség,nézet,ts,ég,,
élőket,él,ők,et,,
juliana,ju,li,ana,,
juliana,ju,lia,na,,
falain,fa,la,in,,
vízszintes,víz,szint,es,,
férfire,fér,fi,re,,
austen,au,st,en,,
hónapokat,hó,napok,at,,
hónapokat,hónap,ok,at,,
mozdulatokat,mozdulat,ok,at,,
hajójukat,hajó,ju,kat,,
karjaim,kar,ja,im,,
kalandja,ka,land,ja,,
kalandja,kal,and,ja,,
örökkévalóságnak,örök,ké,valóságnak,,
örökkévalóságnak,örökké,valóság,nak,,
dobása,do,bá,sa,,
állhatott,áll,hat,ott,3,áll hat ott
dumából,du,má,ból,,
németet,né,met,et,,
nyomdokaiba,nyomd,okai,ba,,
ugyanezzel,ugy,an,ezzel,,
hitomi,hi,to,mi,,
ilyenen,il,ye,nen,,
ilyenen,il,yen,en,,
ilyenen,ily,en,en,2,
öltönye,ölt,ön,ye,,
birtokol,bi,rt,okol,,
szállításra,szállít,ás,ra,,
italért,it,al,ért,,
olyasvalakinek,oly,as,valakinek,,
olyasvalakinek,olyas,val,akinek,2,
olyasvalakinek,olyas,valaki,nek,2,
kétéves,két,év,es,,
hadoválsz,ha,do,válsz,,
fegyvereinket,fegyvere,in,ket,,
testes,te,st,es,,
csókolóznak,csókol,óz,nak,,
haladtam,hal,ad,tam,,
robotzsaru,ro,bot,zsaru,,
robotzsaru,rob,ot,zsaru,,
műsorról,mű,sor,ról,2,
alapjai,al,ap,jai,,
férjemről,fér,jem,ről,,
férjemről,férj,em,ről,,
usa-ba,us,a-,ba,,
mentőcsapat,mentő,csa,pat,,
mentőcsapat,mentő,csap,at,,
szemeiddel,szeme,id,del,,
tartásdíjat,tart,ás,díjat,2,
tartásdíjat,tartás,díj,at,,
bulldog,bu,ll,dog,,
döntésnek,dönt,és,nek,2,
üldögélek,ül,dög,élek,,
biztonságosak,biztonság,os,ak,,
kölcsönveszem,kölcsön,ve,szem,,
kölcsönveszem,kölcsön,vesz,em,,
unokahúgod,un,oka,húgod,,
unokahúgod,uno,ka,húgod,,
unokahúgod,unoka,hú,god,,
jelölteket,jel,ölte,ket,,
jelölteket,jel,öltek,et,,
jelölteket,jelöl,te,ket,,
menekülnöd,me,nek,ülnöd,,
döntsenek,dönt,se,nek,2,
érzelmeimet,érzel,mei,met,,
dokival,dok,iv,al,,
váltottál,vált,ot,tál,,
váltottál,vált,ott,ál,2,
ötletemet,ötlet,em,et,,
haveromnak,have,rom,nak,,
haveromnak,haver,om,nak,,
félbeszakítottam,félbe,szakított,am,,
mentséged,ments,ég,ed,,
kézikönyvet,kézi,könyv,et,,
vigasztalni,vigasz,tal,ni,,
vigasztalni,vigaszt,al,ni,,
rohadékokat,rohadék,ok,at,,
névjegykártyám,név,jegy,kártyám,,
sebhelyes,seb,hel,yes,,
sebhelyes,seb,hely,es,,
részedet,ré,szed,et,,
részedet,rés,zed,et,,
részedet,rész,ed,et,,
borulj,bo,ru,lj,,
hordanom,hord,an,om,,
heteroszexuális,hete,ro,szexuális,,
üldögélsz,ül,dög,élsz,,
gyerekemmel,gyerek,em,mel,,
alattad,al,at,tad,,
amennyivel,am,ennyi,vel,2,
barátomnál,barát,om,nál,,
melegeket,mel,egek,et,,
omlani,om,la,ni,,
épülethez,épül,et,hez,,
shinobi,shi,no,bi,,
rendőrbírók,rend,őr,bírók,,
népszerűbb,nép,szerű,bb,,
erényes,er,én,yes,,
daedalus,dae,dal,us,,
jelképes,jel,kép,es,,
frontális,front,ál,is,,
gyanúsítottal,gyanúsít,ot,tal,,
gyanúsítottal,gyanúsít,ott,al,,
tanárokat,tan,árok,at,,
tanárokat,tanár,ok,at,,
házakban,há,zak,ban,,
házakban,ház,ak,ban,2,
házakban,háza,kb,an,,
ágynemű,ágy,ne,mű,,
bomlás,bo,ml,ás,,
gumikat,gu,mi,kat,,
gumikat,gu,mik,at,,
apophis,ap,op,his,,
mondhattál,mond,hat,tál,2,
rohamosan,ro,ham,osan,,
rohamosan,roham,os,an,,
jelenjen,jel,en,jen,,
tartalom,tart,al,om,,
váltottak,vált,ot,tak,,
váltottak,vált,ott,ak,2,
tagjaival,tag,jai,val,,
tagjaival,tagja,iv,al,,
halálesetek,hal,ál,esetek,,
alvajáró,al,va,járó,,
csajomat,csaj,om,at,,
poénból,po,én,ból,,
hősködni,hős,köd,ni,,
rendőrkapitány,rend,őr,kapitány,,
apánkat,ap,án,kat,,
fenntartott,fenn,tart,ott,2,
fenntartott,fennt,art,ott,,
észrevettétek,ész,re,vettétek,,
barnett,bar,ne,tt,,
pihenjenek,pihen,je,nek,,
emlékeztetőt,emlék,ez,tetőt,,
idézetet,id,éz,etet,,
idézetet,idéz,et,et,,
butuska,but,us,ka,,
magánjellegű,mag,án,jellegű,,
lódulj,ló,du,lj,,
csapnivaló,csap,ni,való,,
csapnivaló,csapni,va,ló,,
félszemű,fél,sze,mű,,
ilyesféle,il,yes,féle,,
ilyesféle,ily,es,féle,,
rátalálni,rá,talál,ni,,
végiggondoltam,vég,ig,gondoltam,2,
végiggondoltam,végig,gondol,tam,,
végiggondoltam,végig,gondolt,am,,
korára,ko,rá,ra,2,
céloztál,cél,oz,tál,,
erőforrások,erő,forr,ások,,
erőforrások,erő,forrás,ok,,
fokhagymát,fok,hagy,mát,,
mennyországot,menny,ország,ot,,
szórakozzanak,szórakozz,an,ak,,
laptopja,lap,top,ja,,
tettetem,tett,et,em,,
kérjenek,kér,je,nek,,
mindhalálig,mind,halál,ig,3,mind halál ig
esethez,es,et,hez,,
valentina,val,en,tina,2,
féltestvérem,fél,test,vérem,2,
féltestvérem,fél,testvér,em,,
féltestvérem,félt,est,vérem,,
ilyesminek,il,yes,minek,,
ilyesminek,ily,es,minek,,
kétszeresen,kétszer,es,en,2,
darabos,da,rab,os,,
darabos,dar,ab,os,,
johnston,john,st,on,2,
dereket,de,re,ket,2,
emelettel,emel,et,tel,,
halálközeli,hal,ál,közeli,,
halálközeli,halál,köze,li,,
társadalombiztosítási,társa,dalom,biztosítási,,
kíséretet,kísér,et,et,,
kaviárt,ka,vi,árt,,
otthonukat,otthon,uk,at,,
naplóban,nap,ló,ban,2,
pályafutásom,pálya,futás,om,,
portré,po,rt,ré,,
eseménye,esem,én,ye,,
biztonságiaknak,biztonsági,ak,nak,2,
halamita,hal,ami,ta,,
hangárban,hang,ár,ban,,
fussak,fu,ss,ak,,
olyanba,oly,an,ba,,
torontóban,to,ron,tóban,,
torontóban,tor,on,tóban,,
bánatom,bá,na,tom,2,
bánatom,bá,nat,om,,
sultan,su,lt,an,,
lapokkal,lap,ok,kal,,
velejárója,vele,járó,ja,,
vendégházban,vendég,ház,ban,2,
hálából,há,lá,ból,,
nevelem,ne,vel,em,,
szívrohamom,szív,roham,om,,
építettél,épít,et,tél,,
áldásomat,áldás,om,at,,
kérheted,kér,he,ted,,
évszázadokkal,év,század,okkal,,
évszázadokkal,évszázad,ok,kal,,
menetrendet,me,net,rendet,,
menetrendet,men,et,rendet,,
menetrendet,menet,rend,et,,
alvási,al,vá,si,,
lapjait,lap,ja,it,,
utánajártam,utána,jár,tam,2,
utánajártam,utána,járt,am,2,
anya-lánya,any,a-,lánya,,
polgárjogi,polgár,jo,gi,,
juttass,jut,ta,ss,,
városszerte,vár,os,szerte,,
városszerte,város,szer,te,2,
értesültünk,ért,es,ültünk,,
párbajt,pár,ba,jt,2,
áruljuk,áru,lj,uk,,
utcányira,utcán,yi,ra,,
gyógyszertárba,gyógyszer,tár,ba,,
gyógyszertárba,gyógyszert,ár,ba,,
vártnál,vá,rt,nál,,
jegyzeteimet,jegyzet,ei,met,,
lányomtól,lá,nyom,tól,,
lányomtól,lány,om,tól,2,
fenntartom,fenn,tart,om,,
fenntartom,fennt,art,om,,
okoztad,ok,oz,tad,,
ivással,iv,ás,sal,,
ivással,iv,áss,al,,
mindkettővel,mind,kettő,vel,3,mind kettő vel
tengerészetnél,tengerész,et,nél,,
cserbenhagyni,cserben,hagy,ni,,
erősített,erő,sí,tett,,
vérvizsgálatot,vér,vizsgálat,ot,,
részegnek,ré,szeg,nek,2,
részegnek,rész,eg,nek,2,
féláron,fél,ár,on,2,
forrester,forr,est,er,,
voltaképp,volt,ak,épp,2,
intravénás,int,ra,vénás,,
fényévnyire,fény,évnyi,re,2,
profin,pr,of,in,,
szakítanak,szakít,an,ak,,
lábakon,lá,bak,on,,
lábakon,láb,ak,on,,
carlito,car,li,to,,
veszélytelen,veszély,tel,en,,
mérföldkő,mér,föld,kő,,
rehabon,re,ha,bon,2,
rehabon,re,hab,on,2,
annyiba,ann,yi,ba,,
papával,pa,pá,val,,
seannal,se,ann,al,,
századosnak,század,os,nak,2,
villámgyorsan,villám,gyors,an,,
sátánista,sátán,is,ta,,
nézőknek,néz,ők,nek,3,néz ők nek
gyógyszertárban,gyógyszer,tár,ban,,
gyógyszertárban,gyógyszert,ár,ban,,
szólhatott,szól,hat,ott,3,szól hat ott
érvelni,ér,vel,ni,,
hajvágás,haj,vág,ás,,
sharona,sha,ro,na,,
várhatom,vár,ha,tom,3,vár ha tom
várhatom,vár,hat,om,2,
kamerám,ka,me,rám,,
kamerám,ka,mer,ám,,
kazettán,kaze,tt,án,,
hozzáfűznivalója,hozzáfűzni,való,ja,,
lányomhoz,lá,nyom,hoz,,
lányomhoz,lány,om,hoz,2,
rohantál,ro,han,tál,,
láthassuk,lát,has,suk,,
pisálni,pi,sál,ni,,
ingemet,in,gem,et,,
ingemet,ing,em,et,,
születésnapodra,születés,napod,ra,,
vajjal,va,jj,al,,
lakótársak,lakó,társ,ak,,
mindannak,min,dan,nak,,
mindannak,mind,an,nak,2,
mindannak,mind,ann,ak,,
hívásomra,hívás,om,ra,,
fordulhatok,fordul,ha,tok,,
fordulhatok,fordul,hat,ok,,
határoztam,határ,oz,tam,,
senior,se,ni,or,,
whitaker,whit,ak,er,,
hallgatag,hall,ga,tag,,
lépésnél,lép,és,nél,2,
gazdatest,gaz,da,test,,
gazdatest,gaz,date,st,,
gazdatest,gazda,te,st,,
nekimentem,neki,ment,em,2,
aranyozott,arany,oz,ott,2,
integet,in,te,get,,
integet,int,eg,et,,
láncokat,lánc,ok,at,,
szempár,sze,mp,ár,,
északiak,ész,aki,ak,,
howell,ho,we,ll,,
kanako,ka,na,ko,,
indiánokat,indián,ok,at,,
tanácsára,tan,ács,ára,,
seaquest,sea,que,st,,
testőröm,test,őr,öm,,
részein,ré,sze,in,,
kérdésekben,kérdése,kb,en,,
lépcsőház,lép,cső,ház,,
hősiesen,hős,ie,sen,,
hősiesen,hősi,es,en,,
napoleon,nap,ole,on,2,
részletesebben,részlet,es,ebben,,
egyesíti,egye,sí,ti,,
zseblámpa,zseb,lám,pa,,
fenekemet,fe,nekem,et,,
fenekemet,fene,ke,met,,
maradnának,mar,adná,nak,,
hálószobámban,há,ló,szobámban,,
hálószobámban,háló,szobám,ban,,
hazamennek,haza,men,nek,2,
fájhatott,fáj,hat,ott,3,fáj hat ott
laptopom,lap,top,om,,
vadonba,va,do,nba,,
vadonba,va,don,ba,,
vadonba,vad,on,ba,2,
áruljam,áru,lj,am,,
álomvilágban,ál,om,világban,,
álomvilágban,álom,világ,ban,2,
lóerős,ló,er,ős,,
telefonálhatok,telefonál,ha,tok,,
telefonálhatok,telefonál,hat,ok,,
sírjak,sí,rj,ak,,
mostohaapja,mostoha,ap,ja,,
keletnek,kel,et,nek,,
laverne,la,ver,ne,,
látomást,lá,to,mást,,
nejének,ne,jé,nek,,
vitatom,vi,ta,tom,,
lovagot,lo,va,got,,
jóllehet,jó,ll,ehet,,
fogjanak,fog,ja,nak,2,
fogjanak,fog,jan,ak,,
fogjanak,fogj,an,ak,,
baromnak,ba,rom,nak,2,
baromnak,bar,om,nak,,
szettet,sze,tt,et,,
javítottam,javít,ot,tam,,
javítottam,javít,ott,am,,
shauna,sh,au,na,,
inside,in,si,de,,
miegymás,mi,egy,más,3,mi egy más
pratap,pr,at,ap,,
képviselte,kép,visel,te,2,
dramafever,drama,fe,ver,,
sorsomat,sors,om,at,,
alsógatyában,al,só,gatyában,,
látomásod,lá,to,másod,,
essenek,es,se,nek,2,
melegséget,mel,egs,éget,,
szívemen,szív,em,en,,
gurult,gu,ru,lt,,
ártanak,ár,ta,nak,,
ártanak,ár,tan,ak,,
ártanak,árt,an,ak,,
birtoklása,birtok,lá,sa,,
kettőtöket,kettő,tök,et,,
kettőtöket,kettőt,ök,et,,
hatvanas,hat,van,as,2,
űrállomás,űr,állom,ás,,
nicholson,nic,hol,son,,
lábammal,lá,bam,mal,,
lábammal,láb,am,mal,,
lábammal,lába,mm,al,,
borotvált,bor,ot,vált,,
seamus,se,am,us,,
harcművészet,harc,művész,et,,
élhessen,él,hess,en,,
tatiana,ta,ti,ana,,
tatiana,ta,tia,na,,
bankrabló,bank,rab,ló,,
monsanto,mon,san,to,,
landolni,lan,dol,ni,,
gyermekeinket,gyermeke,in,ket,,
akármire,ak,ár,mire,,
akármire,akár,mi,re,3,akár mi re
napomon,na,po,mon,,
napomon,nap,om,on,2,
érdemelni,érd,emel,ni,,
csoportokat,csoport,ok,at,,
miniatűr,mini,at,űr,,
abbahagynátok,ab,ba,hagynátok,,
abbahagynátok,abba,hagyná,tok,,
hazahozott,haza,hoz,ott,3,haza hoz ott
saroyan,sa,ro,yan,,
saroyan,sa,roy,an,,
érdemelted,érd,emel,ted,,
érdemelted,érd,emelt,ed,,
érdemelted,érdeme,lt,ed,,
dobozra,dob,oz,ra,,
költők,kö,lt,ők,,
lábnyomokat,láb,nyomok,at,,
lábnyomokat,lábnyom,ok,at,,
változtathatok,változtat,ha,tok,,
változtathatok,változtat,hat,ok,,
pihenőben,pi,he,nőben,,
hitelkártyával,hi,tel,kártyával,,
teniszezni,tenisz,ez,ni,,
édesanya,édes,an,ya,,
walton,wa,lt,on,,
seggedben,segge,db,en,,
szertartásra,szer,tartás,ra,,
srácokra,srác,ok,ra,2,
társasággal,társas,ág,gal,,
ujjakat,ujj,ak,at,,
pasimmal,pa,sim,mal,,
pasimmal,pas,im,mal,,
pasimmal,pasi,mm,al,,
osztottam,oszt,ot,tam,,
osztottam,oszt,ott,am,,
hadseregnél,had,sereg,nél,,
lángokat,láng,ok,at,,
hívattál,hív,at,tál,,
szabadnap,szab,ad,nap,,
dohányzott,dohány,zo,tt,,
rendezőt,rend,ez,őt,,
tomorrow,tom,orr,ow,,
helyszínelőket,helyszíne,lő,ket,,
jelképez,jel,kép,ez,,
válaszokra,válasz,ok,ra,2,
kínálat,kín,ál,at,,
kísértetet,kísért,et,et,,
rablások,rab,lá,sok,,
sajnálatot,sajnál,at,ot,,
amnéziás,am,nézi,ás,,
hírnévre,hír,név,re,3,hír név re
millióhoz,milli,óh,oz,,
hillsben,hi,ll,sben,,
állásban,áll,ás,ban,2,
weboldalt,web,old,alt,,
tanítanom,tanít,an,om,,
észrevennéd,ész,re,vennéd,,
fenéken,fe,né,ken,,
küzdenie,küzd,en,ie,,
hagyományosan,hagyomány,os,an,,
vadásztam,vad,ász,tam,,
adamnek,ad,am,nek,,
tetemet,te,te,met,2,
katara,ka,ta,ra,,
rémültnek,rém,ült,nek,,
álmainkat,ál,main,kat,,
álmainkat,álma,in,kat,,
virága,vi,rá,ga,,
hátizsákot,há,ti,zsákot,,
magunkért,ma,gun,kért,,
magunkért,mag,un,kért,,
galambokat,galamb,ok,at,,
matador,ma,tad,or,,
ismerheti,is,mer,heti,,
ismerheti,ismer,he,ti,,
árverésre,ár,verés,re,,
sugall,su,ga,ll,,
érdekelheti,érdekel,he,ti,2,
boltokban,bolt,ok,ban,,
tampon,ta,mp,on,,
tennivalóm,ten,ni,valóm,,
testmozgás,te,st,mozgás,,
orgazmust,or,gaz,must,,
gyerekeidnek,gyereke,id,nek,,
ölheti,öl,he,ti,,
közmondás,köz,mond,ás,,
forrásokat,for,rá,sokat,3,for rá sokat
forrásokat,forr,ások,at,,
forrásokat,forrás,ok,at,,
vallana,va,ll,ana,,
vallana,val,la,na,2,
jamaikai,ja,mai,kai,,
jamaikai,jam,ai,kai,,
roderic,ro,de,ric,,
hidakat,hi,da,kat,,
rendbehozni,rendbe,hoz,ni,,
tárgyalásról,tárgyal,ás,ról,,
vártatok,vár,ta,tok,,
vártatok,várt,at,ok,,
szabadságomat,szabadság,om,at,,
javasolhatom,javasol,ha,tom,2,
javasolhatom,javasol,hat,om,,
okoskodj,okos,ko,dj,,
névjegykártyát,név,jegy,kártyát,,
amandának,aman,dán,ak,,
panelt,pa,ne,lt,,
kínálnak,kín,ál,nak,,
guerrero,gu,erre,ro,,
gyerekemnek,gyerek,em,nek,2,
őröknek,őr,ök,nek,,
lopással,lop,ás,sal,,
lopással,lop,áss,al,,
susanna,su,san,na,2,
arcunkat,arc,un,kat,,
számukat,szám,uk,at,,
toltam,to,lt,am,,
vagyonos,vagy,on,os,2,
eteted,et,et,ed,,
félretenni,fél,re,tenni,3,fél re tenni
félretenni,félre,ten,ni,,
maximumra,maxim,um,ra,,
illatok,il,la,tok,,
gazdagoknak,gazdag,ok,nak,2,
szarokat,szar,ok,at,,
árulásért,áru,lá,sért,,
árulásért,árul,ás,ért,,
gyermekkorom,gyermek,ko,rom,,
gyermekkorom,gyermek,kor,om,2,
tanácsadók,tan,ács,adók,,
köszönjön,kösz,ön,jön,2,
abbahagyják,ab,ba,hagyják,,
délutánon,dél,után,on,3,dél után on
everest,ev,er,est,,
everest,eve,re,st,,
diákokkal,diák,ok,kal,,
hároméves,há,rom,éves,,
hároméves,hár,om,éves,,
hároméves,három,év,es,,
javítanom,javít,an,om,,
keisha,ke,is,ha,2,
mindegyike,mind,egy,ike,2,
tagadhatja,tag,adhat,ja,,
munkaügyben,mun,ka,ügyben,,
rátalál,rá,tal,ál,,
kalandjai,ka,land,jai,,
kalandjai,kal,and,jai,,
szeresse,szer,es,se,,
zodiákus,zo,diák,us,,
kölcsönkérni,kölcsön,kér,ni,,
férfiban,fér,fi,ban,,
kezeiddel,keze,id,del,,
rászállt,rá,szál,lt,,
mosolyogjatok,mosolyog,ja,tok,,
mosolyogjatok,mosolyogj,at,ok,,
teljesítetted,teljesít,et,ted,,
egyenruhám,eg,yen,ruhám,,
egyenruhám,egy,en,ruhám,2,
férfiért,fér,fi,ért,,
richarddal,ric,hard,dal,,
fájdalmasabb,fájdalma,sa,bb,,
alanyok,al,any,ok,,
életkor,él,et,kor,,
versenye,ver,sen,ye,,
versenye,vers,en,ye,,
tolvajokat,tolvaj,ok,at,,
álljuk,ál,lj,uk,,
buktál,bu,kt,ál,,
nyelvedre,nyelv,ed,re,2,
mandela,man,de,la,,
martinnak,mar,tin,nak,,
kompon,ko,mp,on,,
középpontja,köz,ép,pontja,,
középpontja,közép,pont,ja,2,
derüljön,der,ül,jön,,
derüljön,der,ülj,ön,,
házimat,ház,im,at,,
shapiro,sha,pi,ro,,
kaitlin,ka,it,lin,,
üzlettársam,üzlet,tár,sam,,
üzlettársam,üzlet,társ,am,,
hálószobája,há,ló,szobája,,
charmaine,char,mai,ne,,
zenekari,zene,ka,ri,,
teherautóban,te,her,autóban,,
teherautóban,teher,au,tóban,,
teherautóban,teher,autó,ban,2,
kockáztathatok,kockáztat,ha,tok,,
kockáztathatok,kockáztat,hat,ok,,
tűzeset,tűz,es,et,,
hitelkártyám,hi,tel,kártyám,,
öregedés,öreg,ed,és,2,
kanadaiak,kana,dai,ak,,
maszkokat,maszk,ok,at,,
nassau,na,ss,au,,
kormányom,kor,má,nyom,,
simonnal,sim,onn,al,,
malibu,ma,li,bu,,
teszteltem,tesz,telt,em,,
donnell,don,ne,ll,,
rúgatni,rúg,at,ni,,
nedvesség,ned,vess,ég,,
végérvényesen,vég,érvényes,en,,
ujjlenyomataival,ujjlenyomat,ai,val,,
ujjlenyomataival,ujjlenyomata,iv,al,,
motelt,mo,te,lt,,
szénsavas,szén,sa,vas,,
szénsavas,szén,sav,as,,
találgatok,talál,ga,tok,,
nikola,ni,ko,la,,
vallomásod,val,lo,másod,,
seggfejjel,segg,fej,jel,,
testrészek,te,st,részek,,
hajtás,ha,jt,ás,,
hampton,ha,mp,ton,,
rendszerem,rend,sze,rem,,
rendszerem,rend,szer,em,,
intergalaktikus,int,er,galaktikus,,
férjedül,fér,jed,ül,,
férjedül,férj,ed,ül,,
pánikra,pá,nik,ra,,
whitmore,whit,mo,re,,
fedezet,fed,ez,et,,
hangomra,hang,om,ra,,
szeretőjével,szerető,jé,vel,,
karomba,ka,rom,ba,,
karomba,kar,om,ba,,
várhatott,vár,hat,ott,3,vár hat ott
vidámparkban,vidám,park,ban,2,
bugyuta,bu,gyu,ta,,
bugyuta,bug,yu,ta,,
justint,ju,st,int,,
milliomosok,milli,omo,sok,,
szeméttelepen,szemét,tele,pen,,
szeméttelepen,szemét,telep,en,,
célunkat,cél,un,kat,,
sugárzott,sugár,zo,tt,,
választana,válasz,ta,na,2,
dollárod,dol,lá,rod,,
képmutatás,kép,mutat,ás,,
álmaiban,ál,mai,ban,2,
hüllők,hü,ll,ők,,
mindegyikre,mind,egyik,re,3,mind egyik re
szerveznek,szerv,ez,nek,,
sosuhno,sos,uh,no,,
többinél,több,in,él,,
vendégeinket,vendége,in,ket,,
teremtették,te,rem,tették,,
aktatáska,ak,ta,táska,,
rádiója,rá,dió,ja,,
underground,un,der,ground,,
underground,und,er,ground,,
hátrálj,hát,rá,lj,2,
hibásan,hi,bá,san,,
fedezéket,fed,ez,éket,,
menekülnöm,me,nek,ülnöm,,
címezve,cím,ez,ve,,
akaratának,akarat,án,ak,,
oroszországot,orosz,ország,ot,2,
maradi,ma,ra,di,,
hozzáértem,hozzá,ért,em,2,
helyezve,hely,ez,ve,,
kérésemet,kérés,em,et,,
unokatesód,un,oka,tesód,,
unokatesód,uno,ka,tesód,,
fedelet,fe,del,et,,
eureka,eu,re,ka,,
maximumot,maxim,um,ot,,
alakokkal,al,ak,okkal,,
alakokkal,alak,ok,kal,,
nikotin,ni,ko,tin,,
nikotin,nik,ot,in,,
hajtom,ha,jt,om,,
sivatagot,si,va,tagot,,
kerámia,ke,rá,mia,,
fogamat,fog,am,at,,
öngyilkossága,ön,gyilkossá,ga,,
állapotod,álla,po,tod,,
személyiségi,személy,is,égi,2,
albuma,al,bu,ma,,
akadtál,ak,ad,tál,,
ballal,ba,ll,al,,
dolgairól,dol,gai,ról,,
erősítették,erő,sí,tették,,
végezne,vég,ez,ne,,
műsorunkat,műsor,un,kat,,
munkaidős,mun,ka,idős,,
munkaidős,munka,id,ős,,
kategóriás,kat,eg,óriás,,
hangjukat,hang,ju,kat,,
pusztította,pusztít,ot,ta,,
showtime,sh,ow,time,,
showtime,show,ti,me,,
segítségeddel,segítség,ed,del,,
menekülnie,me,nek,ülnie,,
zavarbaejtő,zavar,ba,ejtő,,
zsebemből,zseb,em,ből,,
birtoklásért,birtok,lá,sért,,
vasárnapra,va,sár,napra,,
vasárnapra,vas,ár,napra,,
tettre,te,tt,re,2,
unokaöcsémet,un,oka,öcsémet,,
unokaöcsémet,uno,ka,öcsémet,,
unokaöcsémet,unoka,öcsém,et,,
rutherford,ruth,er,ford,,
munkahelyemre,mun,ka,helyemre,,
munkahelyemre,munka,helyem,re,2,
munkahelyemre,munkahely,em,re,,
jelentél,jel,en,tél,,
parkman,par,km,an,,
haragod,ha,ra,god,2,
carlost,car,lo,st,,
négykézláb,négy,kéz,láb,,
sunshine,sun,shi,ne,,
nőjével,nő,jé,vel,,
pillanatod,pil,lana,tod,,
rajzolj,raj,zo,lj,,
apa-lánya,ap,a-,lánya,,
másolni,má,sol,ni,,
haemosu,hae,mo,su,,
bankkártya,bank,kárt,ya,,
tervedet,terv,ed,et,,
mondhatna,mond,hat,na,3,mond hat na
mckenna,mc,ken,na,,
koldusok,kol,du,sok,,
parkolok,par,kol,ok,,
simonnak,si,mon,nak,,
simonnak,sim,on,nak,2,
simonnak,sim,onn,ak,,
lapokban,lap,ok,ban,2,
réteget,ré,te,get,2,
munkádra,mun,kád,ra,,
szakosodott,szakos,odo,tt,,
victort,vic,to,rt,,
olyanért,oly,an,ért,,
szabadidő,szab,ad,idő,,
költöttél,költ,öt,tél,,
gondoskodjanak,gondoskodj,an,ak,,
öntötte,önt,öt,te,,
hangulatba,han,gu,latba,,
pályaudvaron,pál,ya,udvaron,,
pályaudvaron,pálya,udvar,on,,
hajadban,haj,ad,ban,,
hajadban,haja,db,an,,
szívemhez,szív,em,hez,,
mariah,ma,ri,ah,,
üzenetrögzítő,üzen,et,rögzítő,,
másiktól,má,sik,tól,,
csapatommal,csa,pa,tommal,,
csapatommal,csap,atom,mal,,
csapatommal,csapat,om,mal,,
bizonyítottam,bizonyít,ot,tam,,
bizonyítottam,bizonyít,ott,am,,
rooster,roo,st,er,,
ingedet,ing,ed,et,,
világháborús,világ,há,borús,,
vallomásokat,val,lo,másokat,,
vallomásokat,vallom,ások,at,,
vallomásokat,vallomás,ok,at,,
vezetésre,vezet,és,re,3,vezet és re
nagykövete,nagy,köve,te,2,
csajozni,csaj,oz,ni,,
melóba,me,ló,ba,,
valószínűnek,való,színű,nek,3,való színű nek
búvárok,bú,vár,ok,,
nyaralásra,nyaral,ás,ra,,
halliwell,hal,li,well,,
rágondolok,rá,gondol,ok,,
gyűjtötte,gyűjt,öt,te,,
egyesülnek,eg,yes,ülnek,,
egyesülnek,egy,es,ülnek,,
egyesülnek,egye,sül,nek,,
egyesülnek,egyes,ül,nek,2,
fényesebb,fénye,se,bb,,
érdekét,ér,de,két,2,
gianni,gi,an,ni,,
építsenek,épít,se,nek,2,
találgass,talál,ga,ss,,
bypass,by,pa,ss,,
ikertestvérem,iker,test,vérem,,
ikertestvérem,iker,testvér,em,,
készülődj,ké,szülő,dj,,
készülődj,kész,ülő,dj,,
döntésedet,döntés,ed,et,,
házasságtörés,házasság,tör,és,,
építészet,épít,ész,et,,
orvostanhallgató,orvos,tan,hallgató,,
orvostanhallgató,orvost,an,hallgató,,
határtól,ha,tár,tól,2,
határtól,hat,ár,tól,2,
bináris,bin,ár,is,,
ördögűzés,ördög,űz,és,,
észrevettél,ész,re,vettél,,
észrevettél,észre,vet,tél,,
észrevettél,észre,vett,él,2,
drummond,dr,um,mond,,
hozzányúlni,hozzá,nyúl,ni,,
érzéseinket,érzése,in,ket,,
tervrajzokat,terv,rajzok,at,,
tervrajzokat,tervrajz,ok,at,,
házukba,ház,uk,ba,2,
húzódjanak,húzódj,an,ak,,
főtörzsőrmester,fő,törzs,őrmester,,
főtörzsőrmester,főtörzs,őr,mester,,
névtelenek,név,tele,nek,3,név tele nek
szememre,szem,em,re,,
szorosabban,szoros,ab,ban,,
menekülést,me,nek,ülést,,
államba,ál,lam,ba,,
államba,áll,am,ba,2,
hagyományokat,hagyomány,ok,at,,
számítások,számít,ás,ok,,
molina,mo,li,na,,
carmela,car,me,la,,
alkoholmentes,alkohol,ment,es,,
épületre,épül,et,re,,
kábítószeres,kábító,szer,es,,
mivelhogy,mi,vel,hogy,4,mi vel hogy
fajtám,fa,jt,ám,,
gitáron,gi,tár,on,,
igazságosnak,igazság,os,nak,2,
áramlás,ára,ml,ás,,
koleszterin,kol,eszter,in,,
keresztülmentem,kereszt,ül,mentem,,
keresztülmentem,keresztül,ment,em,2,
rájönnének,rájön,né,nek,,
lőjjön,lő,jj,ön,,
alvilágban,al,világ,ban,2,
csodaországban,csoda,ország,ban,2,
szervert,szer,ve,rt,,
gazdagon,gaz,da,gon,,
gazdagon,gaz,dag,on,,
jövőjére,jövő,jé,re,2,
jobbára,jo,bb,ára,,
jobbára,job,bá,ra,,
abbamaradt,ab,ba,maradt,2,
lábujjhegyen,láb,ujj,hegyen,,
lábujjhegyen,lábujj,heg,yen,,
lábujjhegyen,lábujj,hegy,en,,
carlotta,carl,ot,ta,,
hazaérni,haza,ér,ni,,
kérésed,ké,rés,ed,,
kérésed,kér,és,ed,,
oldanom,old,an,om,,
cserbenhagyott,cserben,hagy,ott,,
desert,de,se,rt,2,
használjanak,használ,ja,nak,,
használjanak,használ,jan,ak,,
használjanak,használj,an,ak,,
műtőasztalon,műtő,asztal,on,,
néznének,néz,né,nek,2,
fektet,fe,kt,et,,
szombatonként,szombat,on,ként,2,
világosak,világ,os,ak,,
szertartáson,szer,tartás,on,,
darabon,da,ra,bon,,
darabon,da,rab,on,,
darabon,dar,ab,on,,
bobbie,bo,bb,ie,,
létrejön,lét,re,jön,2,
tudatban,tud,at,ban,2,
agyamon,agy,am,on,,
táborozni,tábor,oz,ni,,
háttérből,hát,tér,ből,2,
részesült,ré,sze,sült,,
részesült,rész,es,ült,,
kezelésen,keze,lé,sen,,
kezelésen,kezel,és,en,2,
említenem,említ,en,em,,
intézned,int,éz,ned,,
majomnak,maj,om,nak,,
udvariasak,udvari,as,ak,,
hazafiak,haza,fi,ak,,
mehessen,me,hess,en,,
határoz,ha,tár,oz,,
határoz,hat,ár,oz,,
nyulakat,nyu,la,kat,,
rémület,rém,ül,et,,
képviselőnek,kép,viselő,nek,2,
országomban,ország,om,ban,2,
jótanács,jó,tan,ács,,
jótanács,jót,an,ács,,
rajongott,ra,jong,ott,2,
nevadai,ne,va,dai,,
nevadai,ne,vad,ai,,
kínoznak,kín,oz,nak,,
áldozatokról,áldozat,ok,ról,,
kínálni,kín,ál,ni,,
takezo,ta,ke,zo,,
palmert,pal,me,rt,,
lánykori,lány,ko,ri,,
ünneplést,ünnep,lé,st,,
karrieredet,karrier,ed,et,,
nyomukban,nyom,uk,ban,,
pisztolyomat,pisztoly,om,at,,
olyanhoz,oly,an,hoz,,
alkalmazottakat,alkalmazott,ak,at,,
napokba,nap,ok,ba,2,
tolliver,toll,iv,er,,
kézimunka,kézi,mun,ka,,
haladtak,hal,ad,tak,,
apámért,ap,ám,ért,2,
esetből,es,et,ből,,
árulókat,áru,ló,kat,,
valóságnak,valós,ág,nak,,
seannak,se,an,nak,2,
seannak,se,ann,ak,,
halloweeni,hallo,wee,ni,,
személyesnek,sze,mély,esnek,,
személyesnek,személy,es,nek,2,
torrente,tor,ren,te,,
szalagavatóra,szalag,ava,tóra,,
tettettem,te,tt,ettem,,
tettettem,tette,tt,em,,
retkes,re,tk,es,,
haveroddal,have,rod,dal,,
drágakő,dr,ága,kő,,
another,an,ot,her,,
akshay,ak,sh,ay,,
menedékjogot,menedék,jo,got,,
menedékjogot,menedék,jog,ot,,
csapattag,csa,pat,tag,,
csapattag,csap,at,tag,,
flörtöltem,flört,ölt,em,,
képeden,kép,ed,en,2,
jelenni,jel,en,ni,,
rejtegette,rejt,eg,ette,,
rejtegette,rejt,eget,te,,
foglalkozzanak,foglalkozz,an,ak,,
wakefield,wa,ke,field,,
fogadna,fog,ad,na,2,
vonatokat,vonat,ok,at,,
haverodat,have,rod,at,,
büntetésre,büntet,és,re,2,
kardomat,kar,dom,at,,
kardomat,kard,om,at,,
modortalan,modor,ta,lan,,
modortalan,modor,tal,an,,
mentettelek,ment,et,telek,,
szerencsejátékot,szerencse,játék,ot,,
egyetértene,egy,et,értene,,
egyetértene,egyet,érte,ne,2,
anyánkat,any,án,kat,,
prasad,pr,as,ad,,
készpénzre,kész,pénz,re,3,kész pénz re
ügyesebb,ügye,se,bb,,
kezedből,ke,zed,ből,,
delores,del,or,es,,
embereidnek,embere,id,nek,,
rockwell,rock,we,ll,,
csinibaba,csi,ni,baba,,
csinibaba,csini,ba,ba,2,
műsorokat,mű,sorok,at,,
műsorokat,műsor,ok,at,,
kapcsolatból,kapcsol,at,ból,,
színésznőt,szín,ész,nőt,,
követelés,köve,tel,és,,
szemrevaló,szem,re,való,2,
rozoga,ro,zo,ga,,
fülemnek,fül,em,nek,,
sabina,sa,bi,na,,
hadseregtől,had,sereg,től,,
texasból,tex,as,ból,,
képezte,kép,ez,te,2,
férfija,fér,fi,ja,,
sokkalta,sok,kal,ta,,
sokkalta,sokk,al,ta,,
sikered,si,ke,red,,
sikered,sik,er,ed,,
neveteket,ne,vetek,et,,
neveteket,neve,te,ket,2,
mindegyikkel,mind,egyik,kel,2,
vadállatot,vad,állat,ot,,
bocsátanak,bocsát,an,ak,,
kalapomat,kalap,om,at,,
köztársaságot,köz,társaság,ot,,
célpontjai,cél,pont,jai,,
lopjuk,lo,pj,uk,,
kakashi,ka,ka,shi,,
alvilágba,al,világ,ba,2,
pasiddal,pa,sid,dal,,
pasiddal,pas,id,dal,,
pasiddal,pas,idd,al,,
várhatna,vár,hat,na,3,vár hat na
jelére,je,lé,re,,
lámpával,lám,pá,val,,
szereket,sze,re,ket,,
vállamat,váll,am,at,,
sírtak,sí,rt,ak,,
kötelességemnek,kötelesség,em,nek,,
írjatok,ír,ja,tok,,
írjatok,írj,at,ok,,
hajdani,haj,da,ni,,
íjászok,íj,ász,ok,,
szabadalmi,szabad,al,mi,2,
bocsássak,bocs,áss,ak,,
javasoltad,java,sol,tad,,
pasiknak,pa,sik,nak,,
tudhatnak,tud,hat,nak,3,tud hat nak
csalóka,csa,ló,ka,,
vietnam,vi,et,nam,,
látomásai,látom,ás,ai,,
gyerekeiddel,gyereke,id,del,,
fúródott,fúró,do,tt,,
félrevezetni,fél,re,vezetni,2,
félrevezetni,félre,vezet,ni,,
pasimat,pa,sim,at,,
pasimat,pas,im,at,,
mindazon,mind,az,on,3,mind az on
howardot,ho,war,dot,,
howardot,ho,ward,ot,,
jessup,je,ss,up,,
jóváhagyott,jó,vá,hagyott,,
jóváhagyott,jóvá,hagy,ott,,
végrehajtás,vég,re,hajtás,,
végrehajtás,végre,hajt,ás,,
tanulhatok,tanul,ha,tok,,
tanulhatok,tanul,hat,ok,,
kutatásra,kutat,ás,ra,,
államon,ál,la,mon,,
államon,ál,lam,on,,
államon,áll,am,on,2,
fújjuk,fú,jj,uk,,
nevelési,neve,lé,si,,
faterom,fa,te,rom,,
faterom,fat,er,om,,
mégjobban,még,job,ban,2,
mégjobban,még,jobb,an,2,
veszélyeztette,veszély,ez,tette,,
veszélyeztette,veszély,ezt,ette,,
hajózni,haj,óz,ni,,
félrevezető,fél,re,vezető,3,fél re vezető
mindegyiküknek,mind,egyikük,nek,2,
társaságtól,társas,ág,tól,,
pisiltem,pisi,lt,em,,
homlokod,ho,ml,okod,,
távolinak,távol,in,ak,,
szólítottál,szólít,ot,tál,,
szólítottál,szólít,ott,ál,,
állhatnak,áll,hat,nak,3,áll hat nak
mamához,ma,má,hoz,,
nagydobra,nagy,dob,ra,2,
hotdogot,hot,do,got,,
hotdogot,hot,dog,ot,,
telefonomon,telefon,om,on,,
anyánál,any,án,ál,,
érezzen,ér,ez,zen,,
korukban,kor,uk,ban,2,
méreted,mér,et,ed,,
marcellus,mar,cell,us,,
csalónak,csa,ló,nak,,
rashid,ra,sh,id,,
sírjánál,sírj,án,ál,,
döntötted,dönt,öt,ted,,
sebhelyet,seb,hely,et,,
rágalom,rá,gal,om,,
hányadán,hány,ad,án,,
fegyvereiteket,fegyverei,te,ket,,
prototípust,pro,to,típust,,
életmódot,él,et,módot,,
életmódot,élet,mód,ot,,
álomra,ál,om,ra,,
alaposak,alap,os,ak,,
rendőrkapitányság,rend,őr,kapitányság,,
mozdulatok,mozdul,at,ok,,
dorota,do,ro,ta,,
kutatásban,kutat,ás,ban,,
születésnapodon,születés,napod,on,,
örökbefogadás,örökbe,fog,adás,,
örökbefogadás,örökbe,fogad,ás,,
terveinket,terve,in,ket,,
érdeklődésemet,érdeklődés,em,et,,
félrevezetés,fél,re,vezetés,2,
félrevezetés,félre,vezet,és,2,
hazatérés,haza,tér,és,3,haza tér és
mobiltelefont,mobil,tele,font,,
ezerért,ez,er,ért,,
emmalin,em,ma,lin,,
emmalin,em,mal,in,,
szüleitől,szül,ei,től,,
másvilágra,más,világ,ra,3,más világ ra
nottingham,not,ting,ham,,
érezhetem,ér,ez,hetem,,
máshogyan,más,hog,yan,,
máshogyan,más,hogy,an,2,
létrehozza,lét,re,hozza,,
fogadhatok,fog,adhat,ok,,
fogadhatok,fogad,ha,tok,,
fogadhatok,fogad,hat,ok,,
rendesnek,ren,des,nek,,
rendesnek,rend,es,nek,,
évjárat,év,jár,at,,
sajtóhoz,sajt,óh,oz,,
laurával,lau,rá,val,2,
tervezet,terv,ez,et,,
légierőnél,légi,erő,nél,,
rajesh,ra,je,sh,,
nyugtalannak,nyugta,lan,nak,,
őshonos,ős,ho,nos,,
maradnotok,marad,no,tok,2,
maradnotok,marad,not,ok,,
nyomtató,nyom,ta,tó,,
jelented,jel,en,ted,,
érzéseivel,érzés,ei,vel,2,
közelemből,közel,em,ből,,
doktorhoz,dok,tor,hoz,,
kísértenek,kísér,te,nek,2,
biztosítottuk,biztosít,ott,uk,,
rablási,rab,lá,si,,
wellness,we,ll,ness,,
wellness,well,ne,ss,,
csatatér,csa,ta,tér,,
ébresztettél,ébreszt,et,tél,,
igazolt,iga,zo,lt,,
rajtakapták,raj,ta,kapták,,
férfiaknál,férfi,ak,nál,2,
addams,ad,da,ms,,
télapónak,tél,apó,nak,,
alakítottam,alakít,ot,tam,,
alakítottam,alakít,ott,am,,
reméiem,rem,éi,em,,
apámnál,ap,ám,nál,2,
nestor,ne,st,or,,
mérföldről,mér,föld,ről,2,
mentheted,men,the,ted,,
mentheted,ment,he,ted,,
seggemen,segg,em,en,,
bástya,bá,st,ya,,
lovagias,lova,gi,as,,
pályaudvar,pál,ya,udvar,,
ejtettél,ej,tett,él,,
ejtettél,ejt,et,tél,,
nyerjenek,nyer,je,nek,,
dumálok,dum,ál,ok,,
booker,bo,ok,er,,
tanulásban,tanul,ás,ban,,
nagyváros,nagy,vár,os,2,
laurának,lau,rá,nak,2,
falunak,fa,lu,nak,,
falunak,fal,un,ak,,
szerepeltél,szerepe,lt,él,,
ieyasu,ie,ya,su,,
olyanban,oly,an,ban,,
kereset,ke,re,set,,
vertél,ve,rt,él,,
mikhail,mik,ha,il,,
szólóban,szó,ló,ban,2,
önbizalma,ön,biz,alma,,
farkasokat,far,ka,sokat,,
farkasokat,farka,so,kat,,
farkasokat,farka,sok,at,,
farkasokat,farkas,ok,at,,
hírnöke,hír,nö,ke,,
barátságosan,barátság,os,an,,
másiknál,má,sik,nál,,
kölcsönadom,kölcsön,ad,om,,
árthatnak,ár,that,nak,,
árthatnak,árt,hat,nak,2,
igazándiból,igazán,di,ból,,
magasból,mag,as,ból,,
álneve,ál,ne,ve,,
agyalni,agy,al,ni,,
katonaként,kato,na,ként,2,
futólépés,fu,tó,lépés,,
futólépés,futó,lép,és,,
telepata,tele,pa,ta,,
csoportokban,csoport,ok,ban,2,
szerezne,szer,ez,ne,,
karibi,ka,ri,bi,,
takumi,ta,ku,mi,,
lovaknak,lo,vak,nak,,
falkavezér,fal,ka,vezér,,
liliom,li,li,om,,
hatost,ha,to,st,,
tárgyalásnak,tárgy,al,ásnak,,
tárgyalásnak,tárgyal,ás,nak,,
ötcsillagos,öt,csillag,os,,
padlóról,pad,ló,ról,,
együttest,egy,üt,test,2,
családtagot,család,ta,got,,
családtagot,család,tag,ot,,
járőröket,jár,őr,öket,,
járőröket,jár,őrök,et,,
járőröket,járőr,ök,et,,
walternek,walt,er,nek,,
szekrényedben,szekrénye,db,en,,
egyenruhád,eg,yen,ruhád,,
egyenruhád,egy,en,ruhád,2,
jaguár,ja,gu,ár,,
ajánlatokat,ajánlat,ok,at,,
méretre,mér,et,re,,
alisha,al,is,ha,2,
keverje,ke,ver,je,,
keverje,kev,er,je,,
lássatok,láss,at,ok,,
karjaidba,karja,id,ba,,
varázst,va,ráz,st,,
létrehozták,lét,re,hozták,,
másnéven,más,név,en,3,más név en
palira,pa,li,ra,,
rendőrökre,rend,őrök,re,,
rendőrökre,rendőr,ök,re,,
teremnek,te,rem,nek,2,
percekben,perce,kb,en,,
e-mailjeit,e-mail,je,it,,
ezrest,ez,re,st,,
létrehozva,lét,re,hozva,,
létrehozva,létre,hoz,va,2,
tüntette,tünt,et,te,,
szemrehányást,szem,re,hányást,,
sírjához,sírj,áh,oz,,
hatásai,hat,ás,ai,,
kansasi,ka,nsa,si,,
kansasi,kan,sa,si,,
síneken,sí,ne,ken,,
síneken,sí,nek,en,2,
térképeket,tér,képe,ket,,
térképeket,tér,képek,et,2,
pasasról,pa,sas,ról,,
pasasról,pas,as,ról,,
tudatod,tu,da,tod,,
könyveimet,könyv,ei,met,,
könyveimet,könyve,im,et,,
hallhatta,hall,hat,ta,,
biopszia,bi,op,szia,,
mikisugi,miki,su,gi,,
őrangyalom,őr,angyal,om,,
napjaiban,nap,jai,ban,2,
kabaré,ka,ba,ré,2,
karina,ka,ri,na,,
itthagyott,itt,hagy,ott,2,
emberedet,ember,ed,et,,
napfényes,nap,fény,es,2,
nagypapám,nagy,pap,ám,2,
kamarás,ka,mar,ás,,
autómmal,autó,mm,al,,
cukipofa,cuki,po,fa,,
unokatestvér,un,oka,testvér,,
unokatestvér,uno,ka,testvér,,
unokatestvér,unoka,test,vér,,
szexibb,sze,xi,bb,,
karoddal,ka,rod,dal,,
sérteget,sért,eg,et,,
anyuhoz,an,yu,hoz,,
anyuhoz,any,uh,oz,,
járművel,jár,mű,vel,2,
háztömböt,ház,tömb,öt,,
vaughan,va,ugh,an,,
kapaszkodjanak,kapaszkodj,an,ak,,
állhattam,áll,hat,tam,2,
félreértetted,fél,re,értetted,2,
félreértetted,félre,ér,tetted,,
félreértetted,félre,ért,etted,,
félreértetted,félre,értett,ed,,
szélvédőn,szél,véd,őn,,
állomásnál,ál,lo,másnál,,
állomásnál,állom,ás,nál,,
unokaöccsét,un,oka,öccsét,,
unokaöccsét,uno,ka,öccsét,,
dolgodra,dol,god,ra,,
ishida,is,hi,da,,
hűségesen,hűség,es,en,,
shanti,sh,an,ti,,
rámutatni,rá,mutat,ni,,
rámutatni,rám,utat,ni,2,
hasonlítotok,hasonlít,ot,ok,,
fullad,fu,ll,ad,,
őslakosok,ős,lakos,ok,,
rémálmaid,rém,ál,maid,,
rémálmaid,rém,álma,id,,
hozzátenni,hozzá,ten,ni,,
intimitás,intim,it,ás,,
marshal,mar,sh,al,,
haverjaiddal,haverja,id,dal,,
haverjaiddal,haverja,idd,al,,
hozzátartozója,hozzá,tartozó,ja,2,
eszednél,es,zed,nél,,
eszednél,esz,ed,nél,,
hozzávalókat,hozzá,való,kat,2,
hozzávalókat,hozzá,valók,at,,
artériás,art,éri,ás,,
holiday,ho,li,day,,
holiday,hol,id,ay,,
puskaport,puska,po,rt,,
gatsby,ga,ts,by,,
therese,the,re,se,3,the re se
hajukat,ha,ju,kat,,
hajukat,haj,uk,at,,
gépházba,gép,ház,ba,3,gép ház ba
állomásozott,állomás,oz,ott,,
észrevesznek,ész,re,vesznek,,
észrevesznek,észre,vesz,nek,3,észre vesz nek
napjaimat,napja,im,at,,
hibátok,hi,bá,tok,,
mindkettőtökkel,mind,kettőtök,kel,,
mindkettőtökkel,mindkettő,tök,kel,,
mindkettőtökkel,mindkettőt,ök,kel,,
kerekét,ke,re,két,2,
genetika,gene,ti,ka,,
találhatok,talál,ha,tok,,
találhatok,talál,hat,ok,,
önkénteseket,önként,esek,et,,
sajnálhatod,sajnál,ha,tod,,
karrierednek,kar,ri,erednek,,
karrierednek,karrier,ed,nek,,
tettesek,te,tt,esek,,
mellemet,mell,em,et,,
gyártottak,gyárt,ot,tak,,
gyártottak,gyárt,ott,ak,,
holttestére,ho,lt,testére,,
holttestére,ho,ltt,estére,,
holttestére,hol,tt,estére,,
életfogytiglani,életfogytig,la,ni,,
munkaerőt,mun,ka,erőt,,
munkaerőt,munka,er,őt,2,
múlthéten,múlt,hé,ten,,
múlthéten,múlt,hét,en,3,múlt hét en
érdekesség,érdek,ess,ég,,
érdekesség,érdeke,ss,ég,,
testeden,te,st,eden,,
testeden,test,ed,en,2,
domina,do,mi,na,2,
gyerekesen,gyere,ke,sen,,
gyerekesen,gyere,kes,en,2,
gyerekesen,gyerek,es,en,2,
seggedből,segg,ed,ből,,
szobátokba,szobát,ok,ba,,
aikuro,ai,ku,ro,,
házidat,ház,id,at,,
tetthelyről,te,tt,helyről,,
tetthelyről,tett,hely,ről,3,tett hely ről
másikról,má,sik,ról,,
osztályának,osztály,án,ak,,
tollakat,toll,ak,at,,
szabadságunkat,szabadság,un,kat,,
féltestvére,fél,test,vére,2,
féltestvére,félt,est,vére,,
állkapcsa,áll,kap,csa,2,
kérdezgetni,kérdez,get,ni,,
járatni,jár,at,ni,,
találhatnak,tal,ál,hatnak,,
találhatnak,talál,hat,nak,2,
mocsári,mo,csá,ri,,
választalak,válasz,tal,ak,,
választalak,választ,al,ak,,
neheztelek,ne,hez,telek,,
tudásomat,tudás,om,at,,
írhatom,ír,ha,tom,2,
írhatom,ír,hat,om,,
riválisa,ri,vá,lisa,,
írországba,ír,ország,ba,2,
bizonyítható,bizonyít,ha,tó,,
munkahelyéről,mun,ka,helyéről,,
töltetet,tölt,et,et,,
áldozatának,áldozat,án,ak,,
tudhatok,tud,ha,tok,2,
tudhatok,tud,hat,ok,2,
neveltél,ne,vel,tél,,
neveltél,neve,lt,él,,
abrams,ab,ra,ms,,
hősöket,hős,ök,et,,
seregből,se,reg,ből,,
seregből,ser,eg,ből,,
forogni,fo,rog,ni,,
sikerem,si,ke,rem,,
sikerem,sik,er,em,,
valahára,val,ah,ára,2,
valahára,vala,há,ra,,
barátaikat,barát,ai,kat,,
okozzak,ok,oz,zak,,
melleidet,melle,id,et,,
szentírás,szent,ír,ás,,
köszöntök,kösz,ön,tök,,
köszöntök,kösz,önt,ök,,
apa-fia,ap,a-,fia,,
namármost,na,már,most,3,na már most
namármost,nam,ár,most,,
hassal,ha,ss,al,,
társaságnál,társas,ág,nál,,
szerszámos,szer,szám,os,,
melóhoz,me,ló,hoz,,
melóhoz,mel,óh,oz,,
intézetet,int,éz,etet,,
intézetet,intéz,et,et,,
használatos,használ,at,os,,
látványosan,látván,yo,san,,
látványosan,látvány,os,an,,
penészes,pen,ész,es,,
kínaiaknak,kínai,ak,nak,2,
tűzszerészek,tűz,sze,részek,,
lavinia,la,vi,nia,,
támadjanak,támad,ja,nak,,
támadjanak,támad,jan,ak,,
támadjanak,támadj,an,ak,,
nekilátok,neki,lá,tok,,
nekilátok,neki,lát,ok,,
viselkedésemért,viselkedés,em,ért,,
labornak,la,bor,nak,,
labornak,la,born,ak,,
pénzmosás,pénz,mos,ás,,
hallása,hal,lá,sa,,
központtal,köz,pont,tal,,
diablo,di,ab,lo,,
testvérrel,te,st,vérrel,,
segíthetett,segít,he,tett,2,
segíthetett,segít,hete,tt,,
hajdan,ha,jd,an,,
indian,in,di,an,,
együttesen,együtt,es,en,2,
tulajdonosai,tulajdon,os,ai,,
hajóútra,ha,jó,útra,,
hajóútra,hajó,út,ra,2,
alsógatyát,al,só,gatyát,,
nyugodnia,nyu,god,nia,,
bánthatja,bánt,hat,ja,,
fizetésemet,fizetés,em,et,,
rádióval,rá,dió,val,2,
inspirálta,in,spirál,ta,,
ügyedet,ügy,ed,et,,
napnyugtakor,nap,nyugta,kor,2,
címedet,cím,ed,et,,
hívásaimat,hívása,im,at,,
ismertebb,is,merte,bb,,
ismertebb,ismer,te,bb,,
egyedüllétre,egyed,ül,létre,,
egyedüllétre,egyedül,lét,re,2,
orrukat,or,ru,kat,,
orrukat,orr,uk,at,,
diadal,di,ad,al,,
tillman,ti,ll,man,,
hobbid,ho,bb,id,,
fussanak,fuss,an,ak,,
hallana,ha,ll,ana,,
hallana,hal,la,na,,
riport,ri,po,rt,,
egyetemnek,egyet,em,nek,2,
magántulajdon,mag,án,tulajdon,,
magántulajdon,magán,tulaj,don,,
renata,re,na,ta,2,
szórólap,szó,ról,ap,2,
bullet,bu,ll,et,,
folytatnak,folyt,at,nak,,
pasidat,pa,sid,at,,
pasidat,pas,id,at,,
házimunka,házi,mun,ka,,
házimunka,házim,un,ka,,
bocsánatkérésemet,bocsánat,kérése,met,,
bocsánatkérésemet,bocsánat,kérésem,et,,
bocsánatkérésemet,bocsánatkérés,em,et,,
egyetien,egye,ti,en,2,
zárjanak,zár,ja,nak,,
zárjanak,zár,jan,ak,,
zárjanak,zárj,an,ak,,
nyújtottak,nyújt,ot,tak,,
nyújtottak,nyújt,ott,ak,,
képességemet,képessé,gem,et,,
képességemet,képesség,em,et,,
gyilkosságokkal,gyilkosság,ok,kal,,
eszeveszett,esz,eve,szett,,
eszeveszett,esze,ve,szett,,
szeretnivaló,szeret,ni,való,2,
szeretnivaló,szeretni,va,ló,,
gennaro,gen,na,ro,,
hajtóműveket,hajtómű,ve,ket,,
guster,gu,st,er,,
váltsa,vá,lt,sa,,
öngyilkossággal,ön,gyilkosság,gal,,
istenként,is,ten,ként,2,
istenként,ist,en,ként,2,
pontatlan,pont,at,lan,,
otthonosan,otthon,os,an,,
shillinget,shi,ll,inget,,
shillinget,shil,lin,get,,
shillinget,shil,ling,et,,
méretem,mér,et,em,,
dallasba,dal,las,ba,2,
szabadba,szab,ad,ba,,
másabb,má,sa,bb,,
panama,pa,na,ma,,
műsoron,mű,so,ron,,
műsoron,mű,sor,on,2,
magyarázatnak,magyaráz,at,nak,,
keresztülmentél,kereszt,ül,mentél,,
keresztülmentél,keresztül,men,tél,,
keresztülmentél,keresztül,ment,él,2,
barátságosnak,barátság,os,nak,,
létrehoztak,lét,re,hoztak,,
létrehoztak,létre,hoz,tak,2,
gondolatokkal,gondol,at,okkal,,
gondolatokkal,gondolat,ok,kal,,
vitamint,vi,ta,mint,,
vitamint,vi,tam,int,,
tisztviselők,tiszt,visel,ők,,
hotelnél,ho,tel,nél,,
kapcsolódott,kapcsoló,do,tt,,
utasításig,utasít,ás,ig,,
korlátot,kor,lát,ot,,
továbbmenni,tovább,men,ni,,
takashi,ta,ka,shi,,
takashi,tak,as,hi,,
irányult,irán,yu,lt,,
gépjármű,gép,jár,mű,2,
hívására,hív,ás,ára,,
szabálysértés,szabály,sért,és,,
újjászülettem,újjá,szül,ettem,,
calhoun,cal,ho,un,,
jelentkezek,jelen,tk,ezek,2,
ritter,ri,tt,er,,
antikrisztus,an,ti,krisztus,,
akadályozhatja,akadályoz,hat,ja,,
keltsen,ke,lt,sen,,
keltsen,kel,ts,en,,
szófordulat,szó,fordul,at,,
oszoljanak,oszolj,an,ak,,
égetem,ég,et,em,,
együttélés,együtt,él,és,2,
hallotam,hal,lo,tam,,
hallotam,hall,ot,am,,
vásárlási,vásár,lá,si,,
bulihoz,bu,li,hoz,,
bőrére,bő,ré,re,2,
ejtenek,ej,te,nek,2,
nyakadban,nyak,ad,ban,,
nyakadban,nyaka,db,an,,
jóváhagyja,jó,vá,hagyja,,
jóváhagyja,jóvá,hagy,ja,,
helyzetedet,helyzet,ed,et,,
valentino,val,en,tino,2,
pasiról,pa,si,ról,,
reklámozni,reklám,oz,ni,,
értékeltem,értéke,lt,em,,
magyarázatra,magyaráz,at,ra,,
osztálytársam,osztály,tár,sam,,
osztálytársam,osztály,társ,am,,
osztálytársam,osztályt,ár,sam,,
olaszországból,olasz,ország,ból,2,
határokon,hat,árok,on,2,
határokon,határ,ok,on,,
hátteret,há,tt,eret,,
csinálnotok,csinál,no,tok,2,
csinálnotok,csinál,not,ok,,
tudtomra,tud,tom,ra,3,tud tom ra
emeljen,eme,lj,en,,
bíróhoz,bír,óh,oz,,
lányomért,lá,nyom,ért,,
lányomért,lány,om,ért,2,
jehova,je,ho,va,,
tudománya,tudom,án,ya,,
vasútállomás,vas,út,állomás,,
vasútállomás,vasút,állom,ás,,
járhatnak,jár,hat,nak,3,jár hat nak
remélted,rem,él,ted,,
remélted,rem,élt,ed,,
rátenni,rá,ten,ni,,
rázott,rá,zo,tt,,
foglalkozzatok,foglalkozz,at,ok,,
vallomások,val,lo,mások,2,
vallomások,vall,om,ások,,
vallomások,vallom,ás,ok,,
vadászokat,vadász,ok,at,,
patkányokkal,patkány,ok,kal,,
szerdánként,szer,dán,ként,,
bizsereg,biz,se,reg,,
bizsereg,biz,ser,eg,,
vérminta,vér,min,ta,,
angelának,ange,lá,nak,,
angelának,angel,án,ak,,
kapcsolattal,kapcsol,at,tal,,
riporternek,ri,porter,nek,,
riporternek,riport,er,nek,,
végignézem,vég,ig,nézem,,
végignézem,végig,néz,em,2,
pitiáner,piti,án,er,,
rémülten,rém,ül,ten,,
rémülten,rém,ült,en,,
hahaha,ha,ha,ha,3,ha ha ha
django,dj,an,go,,
abbyvel,ab,by,vel,,
kakarotto,ka,kar,otto,,
etette,et,et,te,,
jogosítványom,jogosít,vá,nyom,,
hotelszobát,ho,tel,szobát,,
tereli,te,re,li,2,
hallásom,hall,ás,om,,
kevéske,kev,és,ke,,
rabszolgaként,rab,szolga,ként,,
szemétdombon,szemét,dom,bon,,
szemétdombon,szemét,domb,on,,
aranyosan,arany,os,an,,
szövetkezett,szövet,keze,tt,,
master,ma,st,er,,
szabadidőmben,szab,ad,időmben,,
önvédelemre,ön,védelem,re,2,
költök,kö,lt,ök,,
rendőrfőnököt,rend,őr,főnököt,,
rendőrfőnököt,rendőr,főnök,öt,,
rendőrőrsön,rend,őr,őrsön,,
rendőrőrsön,rendőr,őrs,ön,,
egyezne,egy,ez,ne,,
változnia,vált,oz,nia,,
valóságshow,valós,ág,show,,
valóságshow,valóság,sh,ow,,
látván,lá,tv,án,,
fatima,fa,ti,ma,,
looking,lo,ok,ing,,
nagymenők,nagy,me,nők,2,
nagymenők,nagy,men,ők,2,
akkorák,ak,ko,rák,,
tapasztalatokat,tapasztalat,ok,at,,
terrortámadás,terror,támad,ás,,
lovakra,lo,vak,ra,,
szedjenek,szed,je,nek,,
standing,st,an,ding,,
standing,st,and,ing,,
állásinterjú,áll,ás,interjú,,
monogám,mo,nog,ám,,
yagami,ya,ga,mi,,
takahashi,tak,aha,shi,,
egybevetve,egybe,vet,ve,,
jelentetted,jel,en,tetted,,
jelentetted,jelen,tett,ed,2,
jelentetted,jelent,et,ted,,
fiadra,fi,ad,ra,,
vérnyomásom,vér,nyomás,om,,
vérnyomásom,vérnyom,ás,om,,
áruljak,áru,lj,ak,,
életjeleket,él,et,jeleket,,
életjeleket,élet,jele,ket,,
életjeleket,élet,jelek,et,,
droidok,dr,oi,dok,,
naraku,na,ra,ku,2,
hobbes,ho,bb,es,,
kínálja,kín,ál,ja,,
utánanéz,után,an,éz,,
hélium,hé,li,um,,
alapanyag,al,ap,anyag,,
növelte,nö,vel,te,2,
kaphattam,kap,hat,tam,2,
főbejárat,főbe,jár,at,,
pénzemért,pénz,em,ért,2,
lányokért,lány,ok,ért,2,
lányokért,lány,oké,rt,2,
határvonal,ha,tár,vonal,,
határvonal,hat,ár,vonal,,
határvonal,határ,von,al,,
jelenlévők,jel,en,lévők,,
őrülttel,őr,ült,tel,,
találhatom,talál,ha,tom,2,
találhatom,talál,hat,om,,
tanulhatnál,tanul,hat,nál,2,
koleszban,kol,esz,ban,,
vishnu,vi,sh,nu,,
alfonso,alf,on,so,,
hazajöjjön,haza,jöjj,ön,2,
napkeltekor,nap,keltek,or,,
postaláda,pos,ta,láda,,
postaláda,posta,lá,da,,
liftből,li,ft,ből,,
városért,vá,ro,sért,,
városért,vár,os,ért,2,
bohócokat,bohóc,ok,at,,
ingorion,ing,or,ion,,
ingorion,ing,ori,on,,
céltudatos,cél,tudat,os,,
empátia,em,pá,tia,,
vesztegetés,veszteg,et,és,,
lábujj,lá,bu,jj,,
teszteli,tesz,te,li,2,
jelszóval,jel,szó,val,2,
társadalomba,társa,dalom,ba,,
házamnál,ház,am,nál,2,
jacksonnak,jack,son,nak,,
állatokra,áll,at,okra,,
állatokra,álla,tok,ra,,
állatokra,állat,ok,ra,2,
bántsalak,bánt,sal,ak,,
bántsalak,bánts,al,ak,,
fogorvosnál,fog,orvos,nál,3,fog orvos nál
minőségben,mi,nős,égben,,
minőségben,min,ős,égben,,
daniela,dan,ie,la,,
keféltem,ke,félt,em,,
kísérletezni,kísérlet,ez,ni,,
ortega,or,te,ga,,
lámpája,lám,pá,ja,,
hazamennem,haza,men,nem,2,
bulimra,bu,lim,ra,,
tanácsának,tanács,án,ak,,
csókolóztak,csókol,óz,tak,,
sikerülnie,sik,er,ülnie,,
christophe,chris,top,he,,
christophe,christ,op,he,,
mindenfajta,min,den,fajta,,
mindenfajta,mind,en,fajta,2,
mindenfajta,minden,faj,ta,,
tanultatok,tanul,ta,tok,,
tanultatok,tanult,at,ok,,
ügynökökkel,ügynök,ök,kel,,
kezdőknek,kezd,ők,nek,3,kezd ők nek
akaratomból,akar,atom,ból,,
akaratomból,akarat,om,ból,,
gondjaira,gond,ja,ira,,
gondjaira,gond,jai,ra,2,
halljon,ha,ll,jon,,
halljon,hal,lj,on,,
érzéseiket,érzés,ei,ket,,
égesse,ég,es,se,,
dadust,da,du,st,,
szomszédoknak,szomszéd,ok,nak,,
szögesdrót,szög,es,drót,,
adatokhoz,ada,tok,hoz,,
adatokhoz,adat,ok,hoz,,
sorában,so,rá,ban,2,
valljon,va,ll,jon,,
valljon,val,lj,on,2,
gondjait,gond,ja,it,,
raktárhoz,rak,tár,hoz,,
anatómia,ana,tó,mia,,
ragadok,ra,ga,dok,,
hagynotok,hagy,no,tok,,
hagynotok,hagy,not,ok,,
nevetve,ne,vet,ve,,
ugyanattól,ugy,an,attól,,
ugyanattól,ugyan,at,tól,2,
zavarosak,zavar,os,ak,,
tartályokat,tartály,ok,at,,
helyesebb,helye,se,bb,,
jelvényemet,jelvény,em,et,,
pápának,pá,pá,nak,,
pápának,pá,pán,ak,,
szabályozni,szabály,oz,ni,,
szállítottam,szállít,ot,tam,,
szállítottam,szállít,ott,am,,
netalán,ne,tal,án,,
netalán,net,al,án,,
városhoz,vár,os,hoz,2,
másnapra,más,nap,ra,3,más nap ra
alexandre,al,ex,andre,,
alexandre,alex,an,dre,,
alexandre,alex,and,re,2,
csinosan,csi,no,san,2,
csinosan,csi,nos,an,,
csinosan,csin,os,an,,
jelentőséget,jelent,ős,éget,,
jelentőséget,jelentős,ég,et,,
haverodnak,have,rod,nak,,
raktárnál,rak,tár,nál,,
rendelésre,rendel,és,re,2,
rendelnek,ren,del,nek,,
airlines,air,lin,es,,
simran,si,mr,an,,
tárgyalnak,tárgy,al,nak,,
helyreáll,hely,re,áll,3,hely re áll
oldottam,old,ot,tam,,
oldottam,old,ott,am,2,
önkéntesnek,ön,ként,esnek,2,
önkéntesnek,önként,es,nek,,
fejéről,fe,jé,ről,,
emlékezés,emlék,ez,és,,
bájitalt,báj,it,alt,,
fejemmel,fe,jem,mel,,
fejemmel,fej,em,mel,,
nyugtalanok,nyugta,lan,ok,,
emlékezünk,em,lé,kezünk,,
evezni,ev,ez,ni,,
hallgatózni,hallgat,óz,ni,,
kupola,ku,po,la,,
waller,wa,ll,er,,
menete,me,ne,te,,
dominikai,do,mini,kai,,
szülessen,szül,es,sen,,
szülessen,szül,ess,en,,
csinálhatott,csi,nál,hatott,,
csinálhatott,csin,ál,hatott,,
csinálhatott,csinál,hat,ott,3,csinál hat ott
gyorshajtásért,gyors,hajtás,ért,2,
faktor,fa,kt,or,,
emberismerő,ember,is,merő,2,
otthonukban,otthon,uk,ban,2,
írással,ír,ás,sal,,
írással,ír,áss,al,,
estélyi,es,tél,yi,,
estélyi,est,él,yi,,
engedélyeztem,engedély,ezt,em,,
hadsereghez,had,sereg,hez,,
évszázadokig,évszázad,ok,ig,,
bárpultnál,bár,pult,nál,2,
dohányos,do,hány,os,,
telefonhívások,telefon,hív,ások,,
telefonhívások,telefon,hívás,ok,,
segélyhívás,segély,hív,ás,,
hazamentél,haza,men,tél,,
hazamentél,haza,ment,él,2,
vállalnak,váll,al,nak,,
woodhull,wood,hu,ll,,
fennmarad,fenn,mar,ad,,
semerre,se,mer,re,2,
semerre,sem,er,re,2,
döntéseimet,döntés,ei,met,,
döntéseimet,döntése,im,et,,
lámpást,lám,pá,st,,
kristályokat,kristály,ok,at,,
mishima,mi,sh,ima,,
mishima,mi,shi,ma,,
csöndesen,csönd,es,en,,
négyezer,négy,ez,er,,
rudakat,ru,da,kat,,
sellők,se,ll,ők,2,
homoszexualitás,ho,mo,szexualitás,,
vállaltál,váll,al,tál,,
vállaltál,váll,alt,ál,,
vállaltál,válla,lt,ál,,
remegés,rem,eg,és,,
immunrendszere,im,mun,rendszere,,
busufej,bu,su,fej,,
fogkrémet,fog,krém,et,,
juthattak,ju,that,tak,,
juthattak,jut,hat,tak,2,
életbiztosítás,él,et,biztosítás,,
életbiztosítás,élet,biztosít,ás,,
mindenes,min,den,es,,
mindenes,mind,en,es,2,
létrehoz,lét,re,hoz,2,
holmijait,holmi,ja,it,,
ezeréves,ez,er,éves,,
ezeréves,ezer,év,es,,
színészet,szín,ész,et,,
végighallgatni,vég,ig,hallgatni,,
végighallgatni,végig,hallgat,ni,,
lényegesen,lényeg,es,en,2,
jegyeznem,jegy,ez,nem,,
halottkémet,hal,ott,kémet,,
halottkémet,halo,tt,kémet,,
halottkémet,halott,ké,met,,
halottkémet,halott,kém,et,,
rendőrre,rend,őr,re,,
tanulással,tanul,ás,sal,,
tanulással,tanul,áss,al,,
embereiddel,embere,id,del,,
lifthez,li,ft,hez,,
nagykövettel,nagy,követ,tel,,
patricket,pa,trick,et,,
patricket,pat,ric,ket,,
patricket,pat,rick,et,,
záratni,zár,at,ni,,
tudatja,tud,at,ja,,
országomat,ország,om,at,,
hartmann,ha,rt,mann,,
koronahercegnő,korona,herceg,nő,,
adhattam,ad,hat,tam,,
műsorból,mű,sor,ból,,
nagymamát,nagy,ma,mát,,
személytől,sze,mély,től,,
mcallister,mc,al,lister,,
jelöltnek,jel,ölt,nek,,
tervrajzok,terv,rajz,ok,,
pegazus,peg,az,us,,
habbal,ha,bb,al,,
emeletén,emel,et,én,,
mindkettőnkkel,mind,kettőnk,kel,,
formaság,for,mas,ág,,
testvéreimet,testvér,ei,met,,
testvéreimet,testvére,im,et,,
kínszenvedés,kín,szenved,és,,
alapjaiban,alap,jai,ban,,
németországot,né,met,országot,,
németországot,német,ország,ot,2,
tamsin,ta,ms,in,,
minőséget,mi,nős,éget,,
minőséget,min,ős,éget,,
vasútállomáson,vas,út,állomáson,,
vasútállomáson,vasút,állomás,on,,
lábnyomot,láb,nyom,ot,,
fiatalemberrel,fia,tal,emberrel,,
fiatalemberrel,fiat,al,emberrel,,
élteti,él,te,ti,2,
vitaminok,vita,min,ok,,
irányíthatja,irányít,hat,ja,,
tankokat,tan,ko,kat,,
tankokat,tank,ok,at,,
ölnének,öl,né,nek,,
pegasus,peg,as,us,,
korall,ko,ra,ll,,
keverednek,ke,vered,nek,,
keverednek,kev,ered,nek,,
keverednek,kever,ed,nek,,
humorod,hu,mo,rod,,
mentsenek,ment,se,nek,3,ment se nek
rábukkantam,rá,bukkan,tam,,
rábukkantam,rá,bukkant,am,,
adatbázisba,adat,bázis,ba,,
fenevadat,fe,ne,vadat,,
fenevadat,fene,vad,at,,
irányíthatod,irányít,ha,tod,,
járműveket,jár,műve,ket,,
járműveket,jár,művek,et,,
járműveket,jármű,ve,ket,,
straker,st,rak,er,,
füleimnek,füle,im,nek,,
válladra,váll,ad,ra,,
tanácsadóként,tanács,adó,ként,,
végrehajtva,vég,re,hajtva,,
végrehajtva,végre,hajt,va,,
életformát,él,et,formát,,
életformát,élet,for,mát,2,
hulljon,hu,ll,jon,,
ajánlottál,ajánl,ot,tál,,
ajánlottál,ajánl,ott,ál,,
hajtva,ha,jt,va,,
politikusokat,politikus,ok,at,,
mellettetek,me,ll,ettetek,,
autópályára,au,tó,pályára,,
örökkévalóságot,örök,ké,valóságot,,
örökkévalóságot,örökké,valóság,ot,,
karamell,ka,ra,mell,,
karamell,kar,ame,ll,,
karamell,kara,me,ll,,
vetettél,ve,tett,él,,
vetettél,vet,et,tél,,
bámulatosan,bá,mulat,osan,,
bámulatosan,bámul,at,osan,,
jelöltje,jel,ölt,je,,
gyógyszereidet,gyógyszere,id,et,,
hasson,ha,ss,on,2,
munkátokat,munkát,ok,at,,
michigani,michi,ga,ni,,
változtatásokat,változtat,ások,at,,
változtatásokat,változtatás,ok,at,,
parkolóhelyet,parkoló,hely,et,,
barátaitok,barát,ai,tok,,
sírásó,sí,rá,só,,
james-t,ja,me,s-t,,
maverick,ma,ve,rick,,
galambom,ga,lamb,om,,
massimo,mas,si,mo,,
versenyeznek,verseny,ez,nek,2,
másokról,má,sok,ról,2,
másokról,más,ok,ról,2,
havert,ha,ve,rt,,
jutalmát,ju,tal,mát,,
jutalmát,jut,al,mát,,
portlandi,port,lan,di,,
holmijai,hol,mi,jai,2,
számításokat,számít,ások,at,,
dieter,di,et,er,,
druida,dr,ui,da,,
vezetőjeként,vezető,je,ként,2,
nightingale,night,in,gale,,
képzelheti,képzel,he,ti,,
tudjatok,tud,ja,tok,,
tudjatok,tudj,at,ok,,
lábtörlő,láb,tör,lő,,
rendfenntartó,rend,fenn,tartó,,
gyártásvezető,gyárt,ás,vezető,,
áradás,ár,ad,ás,,
szolgáltatások,szolgált,at,ások,,
szolgáltatások,szolgáltat,ás,ok,,
forgatok,for,ga,tok,,
pasasok,pa,sa,sok,,
pasasok,pa,sas,ok,,
pasasok,pas,as,ok,,
péntekenként,péntek,en,ként,2,
dokkaebi,dokk,ae,bi,,
hálószobám,há,ló,szobám,,
asztalomhoz,asztal,om,hoz,,
utasítanom,utasít,an,om,,
közveszélyes,köz,veszély,es,,
véleményedre,vélemény,ed,re,,
bűncselekménynek,bűn,cselekmény,nek,,
szenvedjenek,szenved,je,nek,,
újságírónak,újság,író,nak,2,
figyelnének,figyel,né,nek,,
rémültem,rém,ült,em,,
raktuk,ra,kt,uk,,
vishal,vi,sh,al,,
halálért,hal,ál,ért,,
társadat,társ,ad,at,,
yoshida,yo,sh,ida,,
yoshida,yo,shi,da,,
tagadhatom,tag,adhat,om,,
vezetőségi,vezet,ős,égi,,
csókolóztál,csókol,óz,tál,,
virágom,vir,ág,om,,
szárnyalni,szárny,al,ni,,
zúzódásokat,zúzódás,ok,at,,
munkamániás,mun,ka,mániás,,
örökölni,örök,öl,ni,,
miamiból,mi,ami,ból,2,
miamiból,mia,mi,ból,,
aktiválás,ak,ti,válás,,
prímán,pr,ím,án,,
tanítalak,tanít,al,ak,,
rövidlátó,rövid,lá,tó,,
kínzott,kín,zo,tt,,
helyiségbe,hely,is,égbe,2,
vonalba,von,al,ba,,
gyémántokkal,gyémánt,ok,kal,,
érdemem,érd,em,em,,
pakolja,pa,kol,ja,,
etikett,et,ike,tt,,
bankszámlát,bank,szám,lát,2,
rágyújtok,rá,gyújt,ok,,
számítógéphez,számító,gép,hez,2,
családotok,család,ot,ok,,
dobálnak,do,bál,nak,,
dobálnak,dob,ál,nak,,
félrevezetett,fél,re,vezetett,2,
szárnyakkal,szárny,ak,kal,,
valóságosak,valóság,os,ak,,
boszorkányokat,boszorkány,ok,at,,
kocsinkat,ko,csin,kat,,
hívhatok,hív,ha,tok,,
hívhatok,hív,hat,ok,,
részidős,rész,id,ős,,
büntetésből,büntet,és,ből,,
életemhez,élet,em,hez,2,
városomban,város,om,ban,2,
fausto,fa,us,to,,
magániskolába,mag,án,iskolába,,
kevertél,ke,ver,tél,,
kevertél,ke,vert,él,,
kevertél,kev,er,tél,,
apátokat,apát,ok,at,,
klubokban,klub,ok,ban,2,
ismerősei,is,mer,ősei,,
ismerősei,ismer,ős,ei,,
hangnemet,hang,ne,met,,
hangnemet,hang,nem,et,,
füledet,fül,ed,et,,
lányához,lány,áh,oz,,
hatalmasok,hat,alma,sok,2,
eshetőség,eshet,ős,ég,,
helyieket,hely,ie,ket,,
csomagjait,csomag,ja,it,,
vagyonomat,vagyon,om,at,,
melónak,me,ló,nak,,
mentenie,men,ten,ie,,
mentenie,ment,en,ie,2,
boldogtalanok,boldog,talan,ok,,
adhatott,ad,hat,ott,2,
gondolkozzatok,gondolkozz,at,ok,,
kardokat,kar,do,kat,,
kardokat,kar,dok,at,,
kardokat,kard,ok,at,,
népemnek,nép,em,nek,,
nézőpontból,néző,pont,ból,,
jóbarátom,jó,barát,om,,
nézegetem,néz,eget,em,,
tudósokat,tudós,ok,at,,
mutassatok,mutass,at,ok,,
oktass,ok,ta,ss,,
végigmenni,vég,ig,menni,2,
végigmenni,végig,men,ni,,
helyénvalónak,helyén,va,lónak,,
helyénvalónak,helyén,való,nak,2,
hazahoztam,haza,hoz,tam,2,
alkalomadtán,alkalom,ad,tán,,
műtétről,mű,tét,ről,,
amerikaiakkal,amerikai,ak,kal,,
holttesten,ho,lt,testen,,
holttesten,ho,ltt,esten,,
holttesten,hol,tt,esten,,
holttesten,holt,test,en,2,
pontszámot,pont,szám,ot,2,
luxust,lu,xu,st,,
játékomat,játék,om,at,,
tévesszen,téve,ss,zen,,
hitvesem,hi,tv,esem,,
hitvesem,hit,ve,sem,,
kattints,kat,tin,ts,,
mitévők,mit,év,ők,2,
táncoljatok,táncol,ja,tok,,
táncoljatok,táncolj,at,ok,,
gyermekeinek,gyermek,ei,nek,2,
egyetértetek,egy,et,értetek,,
butának,bu,tán,ak,,
butának,but,án,ak,,
férfiba,fér,fi,ba,,
thaiföldre,thai,föl,dre,,
thaiföldre,thai,föld,re,2,
művelte,mű,vel,te,2,
aludjanak,aludj,an,ak,,
autólopás,au,tó,lopás,,
autólopás,autó,lop,ás,,
dolgotokat,dolgot,ok,at,,
gyilkosokkal,gyilkos,ok,kal,,
hagymával,hagy,má,val,,
remegnek,rem,eg,nek,,
tisztelegni,tisztel,eg,ni,,
sadako,sa,da,ko,,
mindegyikünknek,mind,egyikünk,nek,2,
válással,vá,láss,al,,
capital,cap,it,al,,
karennek,ka,ren,nek,,
karennek,kar,en,nek,2,
kenőpénz,ke,nő,pénz,,
hadjáratot,had,járat,ot,,
kétféleképpen,két,féle,képpen,2,
kétféleképpen,két,félek,éppen,3,két félek éppen
kétféleképpen,kétféle,kép,pen,,
segítségemmel,segítség,em,mel,,
heteket,he,te,ket,,
evésre,ev,és,re,2,
kínoztak,kín,oz,tak,,
jósolni,jó,sol,ni,,
borjút,bo,rj,út,,
erőknél,er,ők,nél,2,
kérdezget,kérd,ez,get,,
napjaid,nap,ja,id,,
barlangok,bar,lang,ok,,
kétségbeesettnek,kétségbe,esett,nek,2,
faterod,fa,te,rod,,
nyomoztak,nyom,oz,tak,,
alkunak,al,ku,nak,,
ilyened,il,ye,ned,,
ilyened,il,yen,ed,,
ilyened,ily,en,ed,,
álmaikat,ál,mai,kat,,
mégegyet,még,egy,et,2,
tombolt,tom,bo,lt,,
sógorod,só,go,rod,,
sebészeten,sebész,et,en,,
rendszámtábla,rend,szám,tábla,,
dalait,da,la,it,,
állítható,állít,ha,tó,,
titkokkal,ti,tk,okkal,,
toronto,to,ron,to,,
toronto,tor,on,to,,
kötelesek,kö,tel,esek,,
vetetni,vet,et,ni,,
teához,te,áh,oz,,
jólétet,jó,lét,et,,
zavartalak,zavar,tal,ak,,
zavartalak,zavart,al,ak,,
fájdalomról,fáj,dalom,ról,2,
federico,fe,de,rico,,
lábatokat,lába,to,kat,,
lábatokat,lába,tok,at,,
lábatokat,lábat,ok,at,,
fulton,fu,lt,on,,
háztartás,ház,tart,ás,2,
pakolok,pa,kol,ok,,
keresnivalód,keres,ni,valód,,
tennivalónk,ten,ni,valónk,,
hajókon,ha,jók,on,2,
bizonyítottad,bizonyít,ot,tad,,
bizonyítottad,bizonyít,ott,ad,,
végetért,vég,et,ért,,
louisban,lou,is,ban,2,
jelölni,jel,öl,ni,,
ajánlottad,ajánl,ot,tad,,
ajánlottad,ajánl,ott,ad,,
fedőneve,fed,őn,eve,,
fedőneve,fedő,ne,ve,,
kérdésnek,kérd,és,nek,2,
bandatagok,ban,da,tagok,,
bandatagok,banda,tag,ok,,
szalonnás,szal,onn,ás,,
sózott,só,zo,tt,,
amikért,ami,ké,rt,,
allegra,all,eg,ra,,
lépcsőről,lép,cső,ről,,
korongot,ko,ron,got,,
korongot,kor,on,got,2,
vágóhídra,vágó,híd,ra,,
védőszentje,védő,szent,je,,
szavazattal,szavaz,at,tal,,
minbari,mi,nba,ri,,
minbari,min,ba,ri,,
élhetett,él,he,tett,,
élhetett,él,hete,tt,,
főnökei,fő,nö,kei,,
juttatom,ju,tt,atom,,
juttatom,jut,ta,tom,2,
welles,we,ll,es,,
szeressem,szer,es,sem,,
szeressem,szer,ess,em,,
professor,pro,fess,or,,
professor,prof,es,sor,,
professor,prof,ess,or,,
választanál,válasz,ta,nál,2,
választanál,válasz,tan,ál,,
választanál,választ,an,ál,,
félreérthető,fél,re,érthető,2,
játékokra,játék,ok,ra,2,
postahivatal,pos,ta,hivatal,,
blackwell,black,we,ll,,
sebésznek,seb,ész,nek,,
ajánlatunkat,ajánlat,un,kat,,
markomban,mark,om,ban,,
mondhatnak,mond,hat,nak,3,mond hat nak
fernandez,fern,and,ez,,
rágondolni,rá,gondol,ni,,
tenyeremet,te,nyerem,et,,
szélesség,szél,ess,ég,,
szélesség,széle,ss,ég,,
rontotta,ront,ot,ta,,
fabian,fa,bi,an,,
mollari,mo,ll,ari,,
szülötte,szül,öt,te,,
ismerőseim,is,mer,őseim,,
vallottak,vall,ot,tak,,
vallottak,vall,ott,ak,,
állomása,ál,lo,mása,,
titkaimat,titka,im,at,,
ígéretedet,ígéret,ed,et,,
pókokat,pók,ok,at,,
kakast,ka,ka,st,,
apaság,ap,as,ág,,
színdarabot,szín,da,rabot,,
színdarabot,szín,darab,ot,,
századot,száz,ad,ot,,
ajkaim,aj,ka,im,,
gondjukat,gond,ju,kat,,
életerő,él,et,erő,,
sebben,se,bb,en,2,
szolgáltató,szolgál,ta,tó,,
mutathatom,mutat,ha,tom,2,
mutathatom,mutat,hat,om,,
szupermodell,szu,per,modell,,
szupermodell,szuper,mo,dell,,
szupermodell,szuper,mode,ll,,
itthagyom,itt,hagy,om,,
testőrei,te,st,őrei,,
testőrei,test,őr,ei,,
jelölés,jel,öl,és,,
kussoljatok,kussolj,at,ok,,
takarókat,ta,karó,kat,,
jelentettél,jel,en,tettél,,
jelentettél,jelen,tett,él,2,
jelentettél,jelent,et,tél,,
újoncokat,újonc,ok,at,,
galvatron,gal,va,tron,,
erőteljesen,erő,teljes,en,2,
céloznak,cél,oz,nak,,
festették,fe,st,ették,,
shelton,she,lt,on,,
erednek,er,ed,nek,,
ölelésre,ölel,és,re,2,
halálosak,halál,os,ak,,
életnagyságban,élet,nagyság,ban,2,
halhatnak,hal,hat,nak,2,
műtéted,mű,tét,ed,,
lucynak,lu,cy,nak,,
gyümölcsöket,gyümölcs,ök,et,,
hazahozta,haza,hoz,ta,2,
ugyanahhoz,ugy,an,ahhoz,,
ugyanahhoz,ugyan,ah,hoz,2,
ugyanahhoz,ugyan,ahh,oz,,
érveket,ér,ve,ket,,
vitaminokat,vitamin,ok,at,,
mindkétszer,mind,két,szer,2,
rohamra,ro,ham,ra,,
ágyamon,ág,ya,mon,,
ágyamon,ágy,am,on,,
sárkányokat,sárkány,ok,at,,
világának,világ,án,ak,,
tekintetem,tekint,et,em,,
hónapokra,hó,nap,okra,,
hónapokra,hó,napok,ra,,
hónapokra,hónap,ok,ra,2,
mellkast,mell,ka,st,,
őrködöm,őr,köd,öm,,
tolass,to,la,ss,,
jóképűbb,jó,képű,bb,,
számítógépem,számító,gép,em,,
kutass,ku,ta,ss,,
paintball,pa,int,ball,,
magassarkú,mag,as,sarkú,,
korának,ko,rá,nak,2,
korának,kor,án,ak,,
alsóbbrendű,alsó,bb,rendű,,
olyasvalakire,oly,as,valakire,,
olyasvalakire,olyas,val,akire,,
olyasvalakire,olyas,valaki,re,2,
műfajom,mű,faj,om,,
létrehoztunk,lét,re,hoztunk,,
parkolj,par,ko,lj,,
mereven,mer,ev,en,,
delaware,de,law,are,,
delaware,del,aw,are,,
action,ac,ti,on,2,
férjéhez,fér,jé,hez,,
gonosztevők,gonoszt,ev,ők,,
szereplője,szerep,lő,je,,
oregoni,or,ego,ni,,
végrehajtott,vég,re,hajtott,,
végrehajtott,végre,hajt,ott,2,
randiról,ran,di,ról,,
fiatalemberek,fia,tal,emberek,2,
fiatalemberek,fiat,al,emberek,,
magácska,mag,ács,ka,,
lopjon,lo,pj,on,,
gondolhatott,gon,dol,hatott,,
gondolhatott,gondol,hat,ott,2,
boltnál,bo,lt,nál,,
bocsátottam,bocsát,ot,tam,,
bocsátottam,bocsát,ott,am,,
korlátozva,korlát,oz,va,,
emészti,em,ész,ti,,
pisilj,pi,si,lj,,
stanfordra,stan,ford,ra,,
drótokat,drót,ok,at,,
keféltél,ke,fél,tél,,
keféltél,ke,félt,él,,
műanyagot,mű,anya,got,,
műanyagot,mű,anyag,ot,,
veszettül,ve,szett,ül,,
libanoni,liba,no,ni,,
hawaiin,ha,wai,in,,
diliházban,di,li,házban,,
diliházban,dili,ház,ban,2,
koszonom,kosz,on,om,,
kárhozat,kár,hoz,at,2,
műsorok,mű,sor,ok,,
sérülésnek,sérül,és,nek,2,
dátumokat,dátum,ok,at,,
nézőket,néz,ők,et,2,
gondolhatta,gondol,hat,ta,,
csontjaim,csont,ja,im,,
seggfejeket,segg,feje,ket,,
seggfejeket,segg,fejek,et,,
rimmer,ri,mm,er,,
ahjusshi,ah,juss,hi,,
örültség,örül,ts,ég,,
pasihoz,pa,si,hoz,,
kedvedben,kedve,db,en,,
tanároknak,tan,árok,nak,,
tanároknak,tanár,ok,nak,2,
bobbynak,bob,by,nak,,
tesztelés,tesz,tel,és,2,
idővonalat,idő,vonal,at,,
motorod,mo,to,rod,,
használhatta,használ,hat,ta,,
halálsoron,hal,ál,soron,,
halálsoron,halál,so,ron,,
halálsoron,halál,sor,on,3,halál sor on
karöltve,kar,ölt,ve,,
gyermekeimet,gyermek,ei,met,,
gyermekeimet,gyermeke,im,et,,
keltettél,ke,lt,ettél,,
keltettél,kel,tett,él,,
keltettél,kelt,et,tél,,
támadásért,támad,ás,ért,,
mindezeket,mind,ezek,et,2,
filmemet,film,em,et,,
próbaidőre,próba,id,őre,,
próbaidőre,próba,idő,re,2,
ölteni,öl,te,ni,,
alkalmatlannak,alkalmat,lan,nak,,
valamik,va,la,mik,,
machete,ma,che,te,,
machete,mac,he,te,,
helyezed,hel,ye,zed,,
helyezed,hely,ez,ed,,
láthasson,lát,has,son,,
társadalomra,társa,dalom,ra,,
dolgaikat,dol,gai,kat,,
tanácsadóval,tanács,adó,val,,
watanabe,wa,tan,abe,,
észrevegye,ész,re,vegye,,
testvérünket,test,vérünk,et,,
flörtölés,flört,öl,és,,
jelenete,jele,ne,te,,
darabbal,da,rab,bal,,
darabbal,dar,ab,bal,,
energon,en,er,gon,,
törmeléket,tör,mel,éket,,
gerincvelő,gerinc,ve,lő,,
mondjál,mon,dj,ál,,
kalózokat,kalóz,ok,at,,
ártottak,árt,ot,tak,,
ártottak,árt,ott,ak,,
bocsátotta,bocsát,ot,ta,,
angelával,ange,lá,val,,
gyilkosságokhoz,gyilkosság,ok,hoz,,
nathalie,nat,hal,ie,,
plakátokat,plakát,ok,at,,
büntetőjogi,büntető,jo,gi,,
aknamező,ak,na,mező,,
taposni,ta,pos,ni,,
nemesebb,ne,mese,bb,,
szolgálattól,szolgál,at,tól,,
újabbat,új,ab,bat,,
nevelést,neve,lé,st,,
váltatok,vált,at,ok,,
agyunkat,agy,un,kat,,
napraforgó,nap,ra,forgó,2,
hongkongban,hong,kong,ban,,
nővérei,nő,vér,ei,,
menyasszonyomat,menyasszony,om,at,,
magyaráz,mag,ya,ráz,,
történetei,történ,et,ei,,
gondoskodjatok,gondoskodj,at,ok,,
hitvese,hit,ve,se,,
egyenértékű,eg,yen,értékű,,
egyenértékű,egy,en,értékű,2,
kertem,ke,rt,em,,
évszázados,év,század,os,,
késedelem,kése,del,em,,
sértegess,sért,eg,ess,,
rejtegetnivalóm,rejteget,ni,valóm,,
partridge,pa,rt,ridge,,
humort,hu,mo,rt,,
anyatermészet,an,ya,természet,,
férfiaktól,férfi,ak,tól,2,
értesíti,érte,sí,ti,2,
bátorkodtam,bá,torkod,tam,,
rajtakaptak,raj,ta,kaptak,,
rajtakaptak,rajta,kap,tak,2,
személyesebb,személye,se,bb,,
vészhelyzetre,vész,helyzet,re,2,
dilaurentis,di,laurent,is,,
önkéntest,ön,kén,test,2,
önkéntest,ön,ként,est,2,
kalapál,ka,la,pál,,
kalapál,ka,lap,ál,,
kalapál,kal,ap,ál,,
másodpilóta,másod,pil,óta,,
töltheted,tölt,he,ted,,
hadseregének,had,sereg,ének,,
mattnek,ma,tt,nek,,
egyesülni,eg,yes,ülni,,
egyesülni,egy,es,ülni,,
egyesülni,egye,sül,ni,,
egyesülni,egyes,ül,ni,,
pootie,po,ot,ie,,
áruházba,áru,ház,ba,2,
vészhelyzetet,vész,helyzet,et,,
