count_of_chunks,corpus,chunk1,chunk2,chunk3,euclidean_distance_chunk1_and_chunk2,euclidean_distance_chunk1_and_chunk3,euclidean_distance_chunk2_and_chunk3,euclidean_corpus_and_chunk1,euclidean_corpus_and_chunk2,euclidean_corpus_and_chunk3,euclidean_corpus_and_all_chunks,length_corpus,length_chunk1,length_chunk2,length_chunk3,logfreq_corpus,logfreq_chunk1,logfreq_chunk2,logfreq_chunk3
3,érdekel,ér,de,kel,12.92025089263916,9.674317359924316,12.417306900024414,20.88534164428711,23.30177879333496,20.589685440063477,8.232260704040527,7,2,2,3,4.800881968931169,4.4348402532975735,6.256956950858988,3.4756711883244296
3,rendőrség,rend,őrs,ég,23.068225860595703,12.374410629272461,22.413719177246094,25.73542594909668,19.826627731323242,27.990121841430664,8.29723834991455,9,4,3,2,4.53649531378562,3.4260230156898763,2.6532125137753435,4.60959440922522
3,tudjátok,tudj,át,ok,20.125446319580078,21.597646713256836,10.321622848510742,8.287138938903809,25.38089942932129,26.34743309020996,7.7464447021484375,8,4,2,2,4.451341170597793,3.1357685145678222,5.1193482825304715,4.570554614307831
3,barátok,bar,át,ok,9.351741790771484,11.2106351852417,10.321622848510742,23.692195892333984,23.34690284729004,24.716346740722656,13.131904602050781,7,3,2,2,4.412830002562326,2.998259338423699,5.1193482825304715,4.570554614307831
3,őszintén,ősz,int,én,12.363707542419434,10.984302520751953,9.238410949707031,20.77821922302246,23.125232696533203,22.07674217224121,7.986238956451416,8,3,3,2,4.342007929017339,3.121887985103681,2.4785664955938436,6.157086084559995
3,hallottad,hall,ott,ad,8.792851448059082,8.363858222961426,9.695343971252441,20.882831573486328,20.09967041015625,20.374013900756836,8.356456756591797,9,4,3,2,4.250834579996684,3.9927743642553555,5.565865520533478,4.265996370495079
3,maradok,mar,ad,ok,11.455500602722168,11.798447608947754,10.674763679504395,20.68217658996582,22.235340118408203,22.748550415039062,8.326154708862305,7,3,2,2,4.249271753073101,3.1245042248342823,4.265996370495079,4.570554614307831
3,bármikor,bár,mi,kor,17.879907608032227,18.219600677490234,13.159287452697754,10.376510620117188,21.851228713989258,21.729928970336914,11.624685287475586,8,3,2,3,4.1850035564918056,4.661964047212368,6.162454474887796,3.4077307280263356
3,szívességet,szív,ess,éget,15.701488494873047,15.933695793151855,9.76794719696045,14.334565162658691,27.922569274902344,27.23978042602539,7.878690719604492,11,4,3,4,4.156730826499419,3.900913067737669,3.188084373714938,3.0569048513364727
3,egyszerre,egy,szer,re,14.391792297363281,14.405681610107422,10.863202095031738,21.8211727142334,21.9044189453125,21.83354949951172,8.927396774291992,9,3,4,2,4.138018339614263,6.513669111473827,3.13481437032046,3.6036855496146996
3,nemsokára,nem,sok,ára,16.07965660095215,14.114839553833008,18.829082489013672,27.200366973876953,17.71045684814453,28.429445266723633,9.987215995788574,9,3,3,3,4.117039167877679,6.8201463971789185,5.299768711919799,3.7218106152125467
3,várjatok,vár,ja,tok,8.710493087768555,12.684011459350586,11.181563377380371,20.86874771118164,21.307350158691406,24.45244789123535,9.781929969787598,8,3,2,3,4.094610863032137,4.507248513918786,5.05815640487046,2.8779469516291885
3,valamire,vala,mi,re,12.268077850341797,11.2173490524292,11.800620079040527,21.59743881225586,22.656742095947266,22.582439422607422,9.396827697753906,8,4,2,2,4.091807597001675,2.859138297294531,6.162454474887796,3.6036855496146996
3,rendőrséget,rend,őrs,éget,23.068225860595703,12.270339965820312,21.74921226501465,25.835403442382812,19.72376823425293,27.28169822692871,11.181666374206543,11,4,3,4,4.04489238347436,3.4260230156898763,2.6532125137753435,3.0569048513364727
3,semmire,sem,mi,re,11.15335750579834,9.821883201599121,11.800620079040527,13.038846015930176,15.367321968078613,15.277105331420898,11.131794929504395,7,3,2,2,4.009153331907709,5.652412675851883,6.162454474887796,3.6036855496146996
3,egyelőre,egy,el,őre,16.07156753540039,17.713069915771484,20.915264129638672,26.677642822265625,28.758739471435547,17.95516014099121,9.90716552734375,8,3,2,3,3.9737280586880273,6.513669111473827,6.021003960549296,2.6599162000698504
3,egyelőre,egye,lő,re,10.963616371154785,15.549128532409668,15.659022331237793,16.758337020874023,17.459203720092773,27.29600715637207,11.719276428222656,8,4,2,2,3.9737280586880273,3.2711443179490782,3.3230457354817013,3.6036855496146996
3,barátnőm,bar,át,nőm,9.351741790771484,22.981361389160156,21.77329444885254,30.12724494934082,29.69794273376465,13.422586441040039,9.71739387512207,8,3,2,3,3.9616583486377155,2.998259338423699,5.1193482825304715,2.69284691927723
3,fogadok,fog,ad,ok,11.0886812210083,11.7525053024292,10.674763679504395,19.47577476501465,22.155460357666016,22.696443557739258,7.99318265914917,7,3,2,2,3.9611837098124356,5.393961071337533,4.265996370495079,4.570554614307831
3,segítségre,segíts,ég,re,16.452186584472656,16.539514541625977,9.79969310760498,13.43865966796875,27.05458641052246,26.673728942871094,4.820621013641357,10,6,2,2,3.9608036249117697,4.421554572419877,4.60959440922522,3.6036855496146996
3,magaddal,mag,ad,dal,11.848569869995117,12.120243072509766,7.946461200714111,20.7982234954834,20.565847396850586,20.891651153564453,7.91065788269043,8,3,2,3,3.931356150467928,3.1755118133634475,4.265996370495079,3.8783494222177755
3,valamikor,vala,mi,kor,12.268077850341797,11.67742919921875,13.159287452697754,21.921390533447266,23.199689865112305,22.570138931274414,8.251961708068848,9,4,2,3,3.9208534961212593,2.859138297294531,6.162454474887796,3.4077307280263356
3,olyasmi,oly,as,mi,11.055100440979004,12.633347511291504,11.935214042663574,20.43784523010254,20.686559677124023,21.2364559173584,6.337592601776123,7,3,2,2,3.92069713446992,4.061942292028086,3.118595365223762,6.162454474887796
3,barátnője,bar,át,nője,9.351741790771484,23.385337829589844,22.25453758239746,30.76923370361328,30.33717155456543,13.101539611816406,11.262442588806152,9,3,2,4,3.919705534549121,2.998259338423699,5.1193482825304715,3.0507663112330423
3,ismerte,is,mer,te,11.09057903289795,10.594688415527344,11.172768592834473,15.887511253356934,16.274106979370117,15.884747505187988,10.714515686035156,7,2,3,2,3.9072500828813284,6.274002353245673,3.678154038010437,5.976474700373688
3,hétvégén,hét,vég,én,16.594470977783203,16.39491081237793,9.279319763183594,14.04202938079834,25.3267822265625,26.383981704711914,6.624532222747803,8,3,3,2,3.901894031973821,4.561661786781147,3.5085297189712867,6.157086084559995
3,hagyjátok,hagyj,át,ok,24.15299415588379,25.202829360961914,10.321622848510742,8.179880142211914,28.649423599243164,29.60780143737793,9.049095153808594,9,5,2,2,3.8998751960210107,4.277700876288793,5.1193482825304715,4.570554614307831
3,egyértelmű,egyért,el,mű,19.851713180541992,12.813004493713379,20.021574020385742,13.919214248657227,29.77314567565918,17.689382553100586,6.706161022186279,10,6,2,2,3.890532791927745,2.678518379040114,6.021003960549296,2.9175055095525466
3,vasárnap,vas,ár,nap,11.02346420288086,10.458524703979492,10.825393676757812,20.607534408569336,21.376567840576172,21.170316696166992,8.338788986206055,8,3,2,3,3.880127322216625,3.204933522354145,3.481012420956573,5.132003392986632
3,hozzátok,hozz,át,ok,16.417444229125977,16.944625854492188,10.321622848510742,15.84264850616455,27.193626403808594,27.93535614013672,9.56831169128418,8,4,2,2,3.877774349991398,3.9587071910872846,5.1193482825304715,4.570554614307831
3,egymáshoz,egy,más,hoz,15.545879364013672,14.902913093566895,9.792484283447266,27.547992706298828,27.26120948791504,26.17243766784668,9.940157890319824,9,3,3,3,3.8766796104192003,6.513669111473827,5.199343718689392,4.024772913079632
3,történetet,tört,én,etet,13.88359260559082,13.732505798339844,6.964864253997803,18.461345672607422,29.32402229309082,29.961584091186523,5.528444290161133,10,4,2,4,3.8727970399895986,3.6473829701146196,6.157086084559995,2.45178643552429
3,fogjátok,fogj,át,ok,16.96306800842285,17.823104858398438,10.321622848510742,13.377252578735352,22.95226287841797,23.660160064697266,13.652249336242676,8,4,2,2,3.8499719123288503,3.166726055580052,5.1193482825304715,4.570554614307831
3,ismerős,is,mer,ős,11.09057903289795,9.857979774475098,11.216012954711914,16.213945388793945,17.105966567993164,16.38939666748047,18.806291580200195,7,2,3,2,3.8436687229791437,6.274002353245673,3.678154038010437,2.593286067020457
3,barátnőd,bar,át,nőd,9.351741790771484,16.639122009277344,15.832741737365723,25.68393325805664,25.44536590576172,15.66547966003418,9.199434280395508,8,3,2,3,3.804412059137714,2.998259338423699,5.1193482825304715,2.6483600109809315
3,mondhatok,mond,ha,tok,10.051362037658691,11.883273124694824,11.832426071166992,21.612030029296875,21.718334197998047,23.629295349121094,6.051960468292236,9,4,2,3,3.782973994944048,4.603274316614141,6.17849550526079,2.8779469516291885
3,mondhatok,mond,hat,ok,10.70759105682373,10.809038162231445,12.136322021484375,21.612030029296875,20.28815460205078,22.086862564086914,7.27498197555542,9,4,3,2,3.782973994944048,4.603274316614141,4.542788093450676,4.570554614307831
3,mindenesetre,minden,eset,re,14.10089111328125,17.916391372680664,16.014554977416992,13.502050399780273,19.027883529663086,27.284997940063477,6.691103935241699,12,6,4,2,3.7707783961691477,5.660283816789099,4.019822224167774,3.6036855496146996
3,mondjátok,mondj,át,ok,14.650087356567383,15.805342674255371,10.321622848510742,10.939626693725586,21.227577209472656,22.061792373657227,10.28814697265625,9,5,2,2,3.759969857554307,4.2452411489044595,5.1193482825304715,4.570554614307831
3,végeztél,vég,ez,tél,10.777746200561523,14.840795516967773,15.855544090270996,25.320837020874023,26.73253059387207,15.762045860290527,8.939913749694824,8,3,2,3,3.754501229386917,3.5085297189712867,6.333684409097302,3.3209766773428235
3,végeztél,vég,ezt,él,14.718169212341309,9.7432279586792,15.625012397766113,25.320837020874023,17.01369285583496,27.738300323486328,10.222943305969238,8,3,3,2,3.754501229386917,3.5085297189712867,5.93531677937607,4.520928734708947
3,bármire,bár,mi,re,17.879907608032227,17.357492446899414,11.800620079040527,10.518990516662598,21.438745498657227,20.967805862426758,11.83791732788086,7,3,2,2,3.749427099121749,4.661964047212368,6.162454474887796,3.6036855496146996
3,akarjátok,akarj,át,ok,15.190834045410156,15.960071563720703,10.321622848510742,10.85236930847168,21.538501739501953,22.36069679260254,10.726664543151855,9,5,2,2,3.73870130043471,3.157456768134226,5.1193482825304715,4.570554614307831
3,kérdésre,kérd,és,re,22.234516143798828,22.029951095581055,9.258041381835938,6.815698146820068,25.63701629638672,25.87666893005371,7.789396286010742,8,4,2,2,3.7378285058957847,3.449324093098727,6.556241936591766,3.6036855496146996
3,maradjatok,mar,adja,tok,16.880159378051758,13.662920951843262,19.48236846923828,20.831642150878906,11.522411346435547,25.01142692565918,8.751863479614258,10,3,4,3,3.732634967539196,3.1245042248342823,4.427145161242989,2.8779469516291885
3,maradjatok,marad,ja,tok,16.321413040161133,19.791061401367188,11.181563377380371,10.096022605895996,21.930639266967773,25.01142692565918,8.657620429992676,10,5,2,3,3.732634967539196,4.537982711445016,5.05815640487046,2.8779469516291885
3,látható,lát,ha,tó,16.18095588684082,11.335808753967285,15.342690467834473,10.484026908874512,16.17840576171875,10.44383716583252,15.013693809509277,7,3,2,2,3.7197454925295768,4.081599312732936,6.17849550526079,3.4243915544102776
3,társaság,tár,sas,ág,16.32683563232422,17.3133487701416,12.762835502624512,11.884974479675293,21.127037048339844,21.64826011657715,14.174392700195312,8,3,3,2,3.7166709755601355,2.645422269349092,3.2581581933407944,2.720159303405957
3,társaság,társ,as,ág,16.04662322998047,16.769935607910156,10.982884407043457,8.38022518157959,21.33994483947754,21.64826011657715,11.656624794006348,8,4,2,2,3.7166709755601355,3.1925674533365456,3.118595365223762,2.720159303405957
3,házasok,ház,as,ok,8.949583053588867,10.349249839782715,10.278040885925293,20.867727279663086,22.231922149658203,22.27159309387207,7.320925235748291,7,3,2,2,3.7166709755601355,4.429510040813138,3.118595365223762,4.570554614307831
3,védelmi,véd,el,mi,13.517757415771484,13.06530475616455,14.398317337036133,12.806171417236328,18.618635177612305,17.30755043029785,10.629706382751465,7,3,2,2,3.714329759745233,3.0610753236297916,6.021003960549296,6.162454474887796
3,valakire,vala,ki,re,10.861083030700684,11.2173490524292,10.96537971496582,21.676021575927734,21.967456817626953,22.961002349853516,7.619925498962402,8,4,2,2,3.706803097037338,2.859138297294531,5.958297682814038,3.6036855496146996
3,épületet,ép,ül,etet,12.317071914672852,8.50782299041748,11.352160453796387,20.314428329467773,23.243349075317383,22.15496253967285,8.863250732421875,8,2,2,4,3.6989700043360187,3.2219355998280053,4.029221394253928,2.45178643552429
3,szerezte,szer,ez,te,10.612817764282227,10.685553550720215,10.779348373413086,20.761192321777344,20.971832275390625,21.286128997802734,9.166007041931152,8,4,2,2,3.683227206041435,3.13481437032046,6.333684409097302,5.976474700373688
3,emberiség,ember,is,ég,9.772151947021484,10.153136253356934,11.014361381530762,13.654400825500488,16.556203842163086,16.729820251464844,8.128487586975098,9,5,2,2,3.6828667956623247,5.316075234838397,6.274002353245673,4.60959440922522
3,észrevettem,ész,re,vettem,10.576953887939453,22.46578025817871,22.184415817260742,26.16672134399414,26.667518615722656,9.2575101852417,8.212878227233887,11,3,2,6,3.6774244377012475,3.3012470886362113,3.6036855496146996,4.6132073521037595
3,valamiért,vala,mi,ért,12.268077850341797,10.662582397460938,13.198513984680176,21.841089248657227,23.281818389892578,23.565305709838867,9.953038215637207,9,4,2,3,3.6761446803562063,2.859138297294531,6.162454474887796,4.410439786210347
3,rendőrségnek,rend,őrs,égnek,23.068225860595703,16.198749542236328,18.299884796142578,29.39756202697754,23.31133270263672,21.079782485961914,9.326447486877441,12,4,3,5,3.6623800200162475,3.4260230156898763,2.6532125137753435,3.705521613422667
3,kérdezte,kérd,ez,te,23.187114715576172,22.75972557067871,10.779348373413086,6.913273334503174,26.343978881835938,26.167308807373047,9.138096809387207,8,4,2,2,3.6615287401319825,3.449324093098727,6.333684409097302,5.976474700373688
3,szerelmi,szer,el,mi,13.56324577331543,12.862713813781738,14.398317337036133,12.962112426757812,18.928064346313477,17.197134017944336,9.85643482208252,8,4,2,2,3.651762447380111,3.13481437032046,6.021003960549296,6.162454474887796
3,érdekelt,ér,de,kelt,12.92025089263916,17.89253044128418,19.594501495361328,20.726516723632812,22.991975784301758,12.470823287963867,9.51955509185791,8,2,2,4,3.64777405026883,4.4348402532975735,6.256956950858988,3.4825877695267677
3,adhatok,ad,ha,tok,8.97132682800293,12.52869987487793,11.832426071166992,12.972238540649414,13.961127281188965,15.99325942993164,12.101872444152832,7,2,2,3,3.6462076122066853,4.265996370495079,6.17849550526079,2.8779469516291885
3,adhatok,ad,hat,ok,10.606886863708496,10.674763679504395,12.136322021484375,12.972238540649414,14.351841926574707,15.018619537353516,13.101347923278809,7,2,3,2,3.6462076122066853,4.265996370495079,4.542788093450676,4.570554614307831
3,történjen,tört,én,jen,13.88359260559082,15.207810401916504,8.289146423339844,14.258825302124023,25.336002349853516,25.966869354248047,6.13125467300415,9,4,2,3,3.6451273992583912,3.6473829701146196,6.157086084559995,3.5240064455573727
3,kérdezhetek,kérd,ez,hetek,23.187114715576172,14.504326820373535,16.41225814819336,10.470789909362793,29.414220809936523,18.732271194458008,7.450623989105225,11,4,2,5,3.6307328928171967,3.449324093098727,6.333684409097302,3.4824447919182653
3,olyasmit,oly,as,mit,11.055100440979004,11.019035339355469,10.386107444763184,20.704225540161133,21.079612731933594,21.0052433013916,7.313046455383301,8,3,2,3,3.6280822609906793,4.061942292028086,3.118595365223762,5.950237760826466
3,istenverte,isten,ver,te,9.066946983337402,8.910011291503906,10.266874313354492,13.860100746154785,15.513647079467773,16.47629737854004,10.03921127319336,10,5,3,2,3.62797998982998,4.9355425319261474,3.394801777162711,5.976474700373688
3,maradhat,mar,ad,hat,11.455500602722168,11.751867294311523,10.606886863708496,13.425076484680176,15.593415260314941,15.925546646118164,11.25490665435791,8,3,2,3,3.62096843564429,3.1245042248342823,4.265996370495079,4.542788093450676
3,mérföldre,mér,föld,re,15.269879341125488,8.828132629394531,15.4896879196167,19.98703956604004,10.80260181427002,20.385648727416992,8.088785171508789,9,3,4,2,3.620760489994206,2.977266212427293,4.316766870141431,3.6036855496146996
3,holnapi,hol,na,pi,11.282809257507324,10.709196090698242,11.426775932312012,21.313138961791992,21.669485092163086,22.454071044921875,6.782160758972168,7,3,2,2,3.611723308007342,5.46656958913764,5.210690307241179,2.74350976472843
3,található,talál,ha,tó,17.593002319335938,11.263065338134766,15.342690467834473,8.334516525268555,23.43110466003418,14.182977676391602,6.9336724281311035,9,5,2,2,3.608312042697327,3.9501700598082,6.17849550526079,3.4243915544102776
3,érdekelnek,ér,de,kelnek,12.92025089263916,17.321226119995117,18.893753051757812,26.367584228515625,28.066978454589844,13.596701622009277,7.520095348358154,10,2,2,6,3.6058435390580894,4.4348402532975735,6.256956950858988,2.720159303405957
3,tetején,te,tej,én,6.45469856262207,9.526695251464844,8.458471298217773,16.590646743774414,16.141862869262695,15.354485511779785,12.727136611938477,7,2,3,2,3.6010817277840235,5.976474700373688,3.4727564493172123,6.157086084559995
3,hozhatok,hoz,ha,tok,8.2675199508667,12.083661079406738,11.832426071166992,20.510557174682617,22.53160285949707,24.223739624023438,8.356154441833496,8,3,2,3,3.5986810989071634,4.024772913079632,6.17849550526079,2.8779469516291885
3,hozhatok,hoz,hat,ok,9.885565757751465,10.440560340881348,12.136322021484375,20.510557174682617,21.425411224365234,22.558576583862305,10.767961502075195,8,3,3,2,3.5986810989071634,4.024772913079632,4.542788093450676,4.570554614307831
3,hónapok,hó,nap,ok,16.499286651611328,16.937366485595703,11.765084266662598,16.842662811279297,26.266836166381836,27.664934158325195,10.051091194152832,7,2,3,2,3.5883837683787276,3.7712199019495336,5.132003392986632,4.570554614307831
3,semmiért,sem,mi,ért,11.15335750579834,10.442307472229004,13.198513984680176,20.618938446044922,22.004005432128906,22.303617477416992,9.590246200561523,8,3,2,3,3.5861370252307934,5.652412675851883,6.162454474887796,4.410439786210347
3,rendőrségre,rend,őrs,égre,23.068225860595703,17.454959869384766,19.508296966552734,28.791650772094727,22.45353126525879,20.35079002380371,8.046211242675781,11,4,3,4,3.582177037688409,3.4260230156898763,2.6532125137753435,3.082066934285113
3,rendőrségre,rend,őrség,re,25.358808517456055,9.286127090454102,25.145736694335938,28.791650772094727,15.155652046203613,29.945152282714844,7.9519267082214355,11,4,5,2,3.582177037688409,3.4260230156898763,3.4584867637982066,3.6036855496146996
3,maradhatok,mar,adhat,ok,11.983851432800293,11.798447608947754,11.61417293548584,20.594526290893555,23.557703018188477,22.656604766845703,9.751712799072266,10,3,5,2,3.5770319856260313,3.1245042248342823,3.1950689964685903,4.570554614307831
3,maradhatok,marad,ha,tok,17.739164352416992,19.791061401367188,11.832426071166992,9.499157905578613,23.079317092895508,24.850147247314453,8.883342742919922,10,5,2,3,3.5770319856260313,4.537982711445016,6.17849550526079,2.8779469516291885
3,maradhatok,marad,hat,ok,16.24977684020996,17.345430374145508,12.136322021484375,9.499157905578613,21.865768432617188,22.656604766845703,9.536456108093262,10,5,3,2,3.5770319856260313,4.537982711445016,4.542788093450676,4.570554614307831
3,kaphatok,kap,ha,tok,7.640138626098633,10.220327377319336,11.832426071166992,20.9553165435791,21.72707748413086,23.852365493774414,6.986353397369385,8,3,2,3,3.576916955965207,4.301377292349344,6.17849550526079,2.8779469516291885
3,kaphatok,kap,hat,ok,9.301392555236816,9.720582962036133,12.136322021484375,20.9553165435791,20.418333053588867,22.018970489501953,8.94672679901123,8,3,3,2,3.576916955965207,4.301377292349344,4.542788093450676,4.570554614307831
3,álljatok,áll,ja,tok,11.14220142364502,13.735230445861816,11.181563377380371,20.61576271057129,20.396270751953125,23.24700355529785,9.314573287963867,8,3,2,3,3.5671440451956573,4.910149302250238,5.05815640487046,2.8779469516291885
3,kapjátok,kapj,át,ok,15.117855072021484,16.327829360961914,10.321622848510742,12.461995124816895,20.76894760131836,22.21964454650879,12.441512107849121,8,4,2,2,3.5671440451956573,3.2610248339923973,5.1193482825304715,4.570554614307831
3,zavarásért,zavar,ás,ért,16.77603530883789,17.82387351989746,11.39943790435791,13.61355972290039,27.041519165039062,27.60131072998047,6.652490139007568,10,5,2,3,3.5613399414589013,4.021891873919109,2.8651039746411278,4.410439786210347
3,tiszteletet,tiszt,el,etet,19.672441482543945,16.390043258666992,12.036300659179688,17.475914001464844,31.365835189819336,29.05060577392578,8.079058647155762,11,5,2,4,3.5560611590095323,3.752202153176521,6.021003960549296,2.45178643552429
3,egyetemi,egye,te,mi,15.536027908325195,16.406335830688477,11.785383224487305,9.95427131652832,21.51461410522461,21.696205139160156,8.582279205322266,8,4,2,2,3.5520595341878844,3.2711443179490782,5.976474700373688,6.162454474887796
3,csináljátok,csinálj,át,ok,26.382505416870117,27.47109603881836,10.321622848510742,12.250864028930664,30.187549591064453,31.019845962524414,13.04782772064209,11,7,2,2,3.5403294747908736,4.076567630444938,5.1193482825304715,4.570554614307831
3,hagyjatok,hagy,ja,tok,17.149486541748047,20.520076751708984,11.181563377380371,12.513197898864746,26.256628036499023,28.85880470275879,9.278950691223145,9,4,2,3,3.5375672571526753,4.049721822152435,5.05815640487046,2.8779469516291885
3,döntöttél,dönt,öt,tél,16.8233699798584,10.853962898254395,15.703301429748535,13.301851272583008,26.21417808532715,15.405818939208984,4.647225379943848,9,4,2,3,3.519302849235429,3.5851221863068155,4.697708720591836,3.3209766773428235
3,várható,vár,ha,tó,9.629167556762695,14.953124046325684,15.342690467834473,14.563809394836426,16.923770904541016,11.135897636413574,10.226205825805664,7,3,2,2,3.5182506513085,4.507248513918786,6.17849550526079,3.4243915544102776
3,hallottátok,hallott,át,ok,14.069705963134766,15.907674789428711,10.321622848510742,17.37358283996582,26.771373748779297,28.073226928710938,12.471323013305664,11,7,2,2,3.5173278822943734,3.9983901303180476,5.1193482825304715,4.570554614307831
3,miszerint,mi,szer,int,12.862713813781738,11.965507507324219,9.130060195922852,22.33796501159668,22.146230697631836,22.252180099487305,8.673310279846191,9,2,4,3,3.5160062303860475,6.162454474887796,3.13481437032046,2.4785664955938436
3,tanácsadó,tan,ács,adó,10.392219543457031,10.915307998657227,9.847591400146484,25.167583465576172,26.652881622314453,26.96211051940918,7.881139755249023,9,3,3,3,3.5043349118024643,3.0499928569201424,2.534026106056135,3.207095540419218
3,adjátok,adj,át,ok,9.250626564025879,11.344623565673828,10.321622848510742,21.438121795654297,21.909414291381836,23.256668090820312,9.452757835388184,7,3,2,2,3.498172660636544,4.430478187932044,5.1193482825304715,4.570554614307831
3,gazdagok,gaz,dag,ok,11.530445098876953,11.049361228942871,11.495872497558594,20.739389419555664,21.251577377319336,21.565093994140625,5.956244945526123,8,3,3,2,3.4867137759824853,2.754348335711019,2.3636119798921444,4.570554614307831
3,maradtál,mar,ad,tál,11.455500602722168,15.710993766784668,15.003579139709473,20.457597732543945,22.12934112548828,13.16862678527832,8.326484680175781,8,3,2,3,3.4768316285122607,3.1245042248342823,4.265996370495079,3.1936810295412816
3,töltötte,tölt,öt,te,15.931475639343262,15.591873168945312,10.373396873474121,12.588167190551758,25.318328857421875,25.553543090820312,4.928330898284912,8,4,2,2,3.476686742945645,3.465680211598278,4.697708720591836,5.976474700373688
3,magadhoz,mag,ad,hoz,11.848569869995117,12.256815910339355,9.872429847717285,20.497713088989258,20.66890525817871,20.86503028869629,9.609370231628418,8,3,2,3,3.4712917110589387,3.1755118133634475,4.265996370495079,4.024772913079632
3,vérnyomás,vér,nyom,ás,17.331188201904297,11.44950008392334,18.7683048248291,20.498035430908203,15.620159149169922,22.56293296813965,8.137040138244629,9,3,4,2,3.4649364291217326,4.302763708472981,3.7712934426290596,2.8651039746411278
3,önmagát,ön,ma,gát,10.534445762634277,15.962400436401367,16.05510139465332,21.743553161621094,21.693675994873047,13.009507179260254,11.60977840423584,7,2,2,3,3.4608978427565478,5.066888466169809,5.35603733619072,2.8680563618230415
3,nénikém,né,ni,kém,11.127925872802734,18.8637638092041,17.21748161315918,29.008609771728516,26.511009216308594,16.289518356323242,12.62343978881836,7,2,2,3,3.457124626303409,2.649334858712142,4.016364679456294,3.63205216670581
3,késésért,kés,és,ért,14.598636627197266,17.21442222595215,10.049781799316406,14.373099327087402,26.676605224609375,27.408618927001953,7.95120096206665,8,3,2,3,3.451939869365103,3.641077313325374,6.556241936591766,4.410439786210347
3,közötti,köz,öt,ti,10.726815223693848,10.816234588623047,11.807642936706543,20.458236694335938,20.700313568115234,20.79775619506836,8.877280235290527,7,3,2,2,3.4516329474569907,2.6473829701146196,4.697708720591836,4.868462219808566
3,adjatok,ad,ja,tok,8.25330924987793,12.52869987487793,11.181563377380371,15.563019752502441,15.657102584838867,18.111961364746094,12.934313774108887,7,2,2,3,3.450557009418329,4.265996370495079,5.05815640487046,2.8779469516291885
3,történelmi,történ,el,mi,23.442670822143555,21.713916778564453,14.398317337036133,6.152788162231445,28.15777587890625,26.461259841918945,5.699827194213867,10,6,2,2,3.450403086155366,2.444044795918076,6.021003960549296,6.162454474887796
3,köszönetet,kösz,ön,etet,16.951631546020508,16.710981369018555,8.785826683044434,13.786593437194824,27.528919219970703,27.237957000732422,7.881109714508057,10,4,2,4,3.447778009294621,4.823226362800612,5.066888466169809,2.45178643552429
3,társadalmi,társa,dal,mi,22.575387954711914,23.370756149291992,11.66649341583252,10.866394996643066,26.117660522460938,26.3875732421875,10.886340141296387,10,5,3,2,3.4379090355394983,3.6231458746379395,3.8783494222177755,6.162454474887796
3,tartsátok,tarts,át,ok,14.424332618713379,16.911378860473633,10.321622848510742,14.320832252502441,25.78596305847168,27.148202896118164,6.898073673248291,9,5,2,2,3.417803722639881,3.9586116577648793,5.1193482825304715,4.570554614307831
3,önmagad,ön,mag,ad,12.548632621765137,9.706134796142578,11.848569869995117,20.37637710571289,21.36334228515625,20.35869789123535,7.7624125480651855,7,2,3,2,3.4176377396522297,5.066888466169809,3.1755118133634475,4.265996370495079
3,színésznő,szín,ész,nő,14.574243545532227,10.004616737365723,17.134788513183594,17.969337463378906,30.11801528930664,19.473190307617188,8.576701164245605,9,4,3,2,3.4158077276355434,3.3820170425748683,3.3012470886362113,4.919742107376001
3,érdekelte,érdek,el,te,18.01313591003418,15.778937339782715,12.619887351989746,14.763885498046875,27.838172912597656,26.000160217285156,8.0104341506958,9,5,2,2,3.4138025167693513,2.383815365980431,6.021003960549296,5.976474700373688
3,rendezte,rend,ez,te,12.260998725891113,11.397848129272461,10.779348373413086,19.453672409057617,21.758779525756836,21.769920349121094,8.90235424041748,8,4,2,2,3.410608542568368,3.4260230156898763,6.333684409097302,5.976474700373688
3,gondoljátok,gondolj,át,ok,26.112913131713867,26.728792190551758,10.321622848510742,7.003458023071289,29.13120460510254,29.928983688354492,6.25144624710083,11,7,2,2,3.407900540142635,4.080626486921806,5.1193482825304715,4.570554614307831
3,kísérleti,kísér,le,ti,22.896522521972656,22.662080764770508,10.59213924407959,5.477269649505615,26.921987533569336,26.522808074951172,5.625982284545898,9,5,2,2,3.404149249209695,2.469822015978163,5.581152891966289,4.868462219808566
3,rendőrségen,rend,őrs,égen,23.068225860595703,16.553110122680664,19.266860961914062,29.082855224609375,22.690336227416992,19.320053100585938,7.936542987823486,11,4,3,4,3.396548037987132,3.4260230156898763,2.6532125137753435,3.385606273598312
3,bármennyire,bár,mennyi,re,13.514941215515137,17.357492446899414,17.61958122253418,18.05562973022461,19.764368057250977,29.715444564819336,9.043329238891602,11,3,6,2,3.3902283624691303,4.661964047212368,4.644596128050106,3.6036855496146996
3,időjárás,idő,jár,ás,16.733259201049805,17.568986892700195,10.934752464294434,15.076171875,27.27628517150879,27.214305877685547,7.96877908706665,8,3,3,2,3.374748346010104,4.89272331759604,4.564748891813018,2.8651039746411278
3,rendőrtiszt,rend,őr,tiszt,10.771529197692871,17.26023292541504,16.41134262084961,26.365222930908203,27.830692291259766,17.32126235961914,8.550397872924805,11,4,2,5,3.374198257929083,3.4260230156898763,3.721068301797159,3.752202153176521
3,rendőrfőnök,rend,őr,főnök,10.771529197692871,26.590681076049805,26.560842514038086,31.943134307861328,33.061580657958984,14.214003562927246,8.433886528015137,11,4,2,5,3.3738311450738303,3.4260230156898763,3.721068301797159,4.6674529528899535
3,telefonálok,tele,fonál,ok,17.04484748840332,14.083440780639648,17.02157974243164,22.866851806640625,10.588118553161621,23.625076293945312,8.558151245117188,11,4,5,2,3.3705130895985924,4.456942684749888,2.537819095073274,4.570554614307831
3,végezte,vég,ez,te,10.777746200561523,10.215989112854004,10.779348373413086,20.60161018371582,22.311494827270508,22.2213134765625,9.313937187194824,7,3,2,2,3.3624824747511743,3.5085297189712867,6.333684409097302,5.976474700373688
3,ugyanazok,ugyan,az,ok,17.143938064575195,16.676414489746094,12.697084426879883,14.056089401245117,26.976892471313477,27.924448013305664,8.217595100402832,9,5,2,2,3.3613500243522663,4.824125833916549,6.741609849017849,4.570554614307831
3,barátnő,bar,át,nő,9.351741790771484,17.37265968322754,15.993026733398438,26.6376895904541,26.320207595825195,16.812105178833008,11.245142936706543,7,3,2,2,3.3586960995738107,2.998259338423699,5.1193482825304715,4.919742107376001
3,tanárnő,tan,ár,nő,10.83954906463623,16.382232666015625,16.144479751586914,25.438884735107422,25.732006072998047,16.424222946166992,10.835976600646973,7,3,2,2,3.3571722577230334,3.0499928569201424,3.481012420956573,4.919742107376001
3,tizenöt,ti,zen,öt,12.505763053894043,11.807642936706543,12.644220352172852,21.94059181213379,20.887348175048828,21.716262817382812,8.92599105834961,7,2,3,2,3.3552599055273786,4.868462219808566,2.8721562727482928,4.697708720591836
3,mindenkire,minden,ki,re,17.033418655395508,17.916391372680664,10.96537971496582,13.713537216186523,26.161148071289062,27.27937126159668,6.099534511566162,10,6,2,2,3.351409751925439,5.660283816789099,5.958297682814038,3.6036855496146996
3,szerezzen,szer,ez,zen,10.612817764282227,10.91646671295166,9.711639404296875,21.597665786743164,21.905736923217773,21.088760375976562,8.564693450927734,9,4,2,3,3.3443922736851106,3.13481437032046,6.333684409097302,2.8721562727482928
3,segítségért,segíts,ég,ért,16.452186584472656,17.0029354095459,10.939788818359375,13.228610038757324,26.876110076904297,26.919565200805664,5.430034637451172,11,6,2,3,3.341038631677523,4.421554572419877,4.60959440922522,4.410439786210347
3,halottkém,hal,ott,kém,9.792898178100586,17.4329891204834,16.90086555480957,26.415491104125977,25.693586349487305,15.673874855041504,10.565659523010254,9,3,3,3,3.3406423775607053,4.108158951256403,5.565865520533478,3.63205216670581
3,papírok,pap,ír,ok,5.414376258850098,10.453659057617188,10.774584770202637,21.16761016845703,21.283784866333008,21.801776885986328,8.766366004943848,7,3,2,2,3.3392526340327,3.7223870941771238,3.9566485792052033,4.570554614307831
3,észrevette,ész,re,vette,10.576953887939453,11.887585639953613,11.412283897399902,21.106826782226562,21.779762268066406,22.14616584777832,8.675390243530273,10,3,2,5,3.338854746252323,3.3012470886362113,3.6036855496146996,4.24995618195868
3,észrevette,észre,vet,te,14.080653190612793,15.626193046569824,9.827777862548828,10.008614540100098,19.75334930419922,21.74575424194336,8.742551803588867,10,5,3,2,3.338854746252323,4.346783143258122,3.3602146132953523,5.976474700373688
3,találjátok,találj,át,ok,20.059795379638672,21.551095962524414,10.321622848510742,13.607182502746582,26.425579071044922,27.691524505615234,12.851089477539062,10,6,2,2,3.3352572564345317,3.476686742945645,5.1193482825304715,4.570554614307831
3,használható,használ,ha,tó,11.521446228027344,15.4660062789917,15.342690467834473,14.104300498962402,18.354782104492188,11.984349250793457,10.696704864501953,11,7,2,2,3.3350565194390915,3.802020751771976,6.17849550526079,3.4243915544102776
3,tervezte,terv,ez,te,17.024904251098633,15.98984432220459,10.779348373413086,10.215117454528809,23.520021438598633,22.971662521362305,7.928044319152832,8,4,2,2,3.3312247810207323,4.295742981095551,6.333684409097302,5.976474700373688
3,szabadok,szab,ad,ok,14.832571029663086,16.53417205810547,10.674763679504395,9.498453140258789,21.163114547729492,21.96909523010254,8.586284637451172,8,4,2,2,3.3281756614383227,2.383815365980431,4.265996370495079,4.570554614307831
3,bérleti,bér,le,ti,17.555749893188477,17.61981201171875,10.59213924407959,8.699164390563965,23.079063415527344,22.676742553710938,7.398964881896973,7,3,2,2,3.3234583668494677,2.3541084391474008,5.581152891966289,4.868462219808566
3,köszönhetem,kösz,ön,hetem,16.951631546020508,12.986894607543945,16.323152542114258,14.334798812866211,27.526060104370117,18.20731544494629,8.363241195678711,11,4,2,5,3.323252100171687,4.823226362800612,5.066888466169809,2.845098040014257
3,észrevetted,ész,re,vetted,10.576953887939453,16.452632904052734,16.275680541992188,20.724443435668945,21.571361541748047,12.254974365234375,6.835547924041748,11,3,2,6,3.3226327116922234,3.3012470886362113,3.6036855496146996,3.9554472105776957
3,szereztél,szer,ez,tél,10.612817764282227,15.672371864318848,15.855544090270996,26.40671730041504,26.524471282958984,15.84093189239502,10.412552833557129,9,4,2,3,3.3184807251745174,3.13481437032046,6.333684409097302,3.3209766773428235
3,szereztél,szer,ezt,él,15.129773139953613,10.41270637512207,15.625012397766113,26.40671730041504,16.39868927001953,27.513099670410156,11.510307312011719,9,4,3,2,3.3184807251745174,3.13481437032046,5.93531677937607,4.520928734708947
3,helyrehozni,hely,re,hozni,11.558045387268066,16.795780181884766,16.9621639251709,25.013408660888672,26.885419845581055,15.34013557434082,6.249392509460449,11,4,2,5,3.305566313515304,4.7499989765583495,3.6036855496146996,4.206771923055583
3,sebesség,seb,ess,ég,11.492414474487305,11.086835861206055,10.510143280029297,13.582429885864258,17.65460205078125,17.484758377075195,9.687005996704102,8,3,3,2,3.298197867109815,3.670709595223797,3.188084373714938,4.60959440922522
3,személyiség,személy,is,ég,22.739686965942383,22.976167678833008,11.014361381530762,5.944276809692383,27.40192222595215,27.65632438659668,5.220320701599121,11,7,2,2,3.296445794206396,4.1433583506154665,6.274002353245673,4.60959440922522
3,mindennapi,minden,na,pi,17.861488342285156,17.829734802246094,11.426775932312012,14.888951301574707,22.80828094482422,22.261150360107422,12.293185234069824,10,6,2,2,3.2942457161381182,5.660283816789099,5.210690307241179,2.74350976472843
3,kétségbeesett,kétség,be,esett,17.49972152709961,12.654807090759277,16.160011291503906,14.197015762329102,28.90192413330078,20.289804458618164,7.177746295928955,13,6,2,5,3.2909245593827543,3.5220528008688223,5.611719060607776,4.165837624690128
3,számíthatok,számít,ha,tok,22.11700439453125,23.512792587280273,11.832426071166992,12.011005401611328,29.963706970214844,31.085046768188477,9.504329681396484,11,6,2,3,3.287801729930226,4.7322972392131915,6.17849550526079,2.8779469516291885
3,számíthatok,számít,hat,ok,20.83955192565918,22.148193359375,12.136322021484375,12.011005401611328,28.754968643188477,29.485549926757812,11.193940162658691,11,6,3,2,3.287801729930226,4.7322972392131915,4.542788093450676,4.570554614307831
3,hazajön,ha,zaj,ön,17.729473114013672,9.502766609191895,17.98833656311035,22.723196029663086,12.919754981994629,22.434673309326172,7.62556791305542,7,2,3,2,3.286905352972375,6.17849550526079,3.499412125672275,5.066888466169809
3,szertartás,szer,tart,ás,9.496538162231445,11.437366485595703,11.647248268127441,27.068992614746094,26.729007720947266,26.83749008178711,11.795027732849121,10,4,4,2,3.28668096935493,3.13481437032046,4.57142930306149,2.8651039746411278
3,szertartás,szert,art,ás,18.32756996154785,15.838366508483887,15.012455940246582,14.3652925491333,28.889022827148438,26.83749008178711,7.551007270812988,10,5,3,2,3.28668096935493,3.452553063228925,3.1341771075767664,2.8651039746411278
3,helyszínre,hely,szín,re,15.682985305786133,11.558045387268066,15.70128345489502,26.485597610473633,16.95050048828125,28.033544540405273,12.568791389465332,10,4,4,2,3.286231854028553,4.7499989765583495,3.3820170425748683,3.6036855496146996
3,esténként,est,én,ként,8.864441871643066,12.130064010620117,11.694358825683594,21.538501739501953,20.833566665649414,22.97774887084961,8.795160293579102,9,3,2,4,3.2805783703680764,3.326335860928751,6.157086084559995,2.6665179805548807
3,vesztettél,vesz,tett,él,13.058455467224121,19.78934669494629,16.091297149658203,13.544740676879883,17.984365463256836,29.362377166748047,6.304854869842529,10,4,4,2,3.2794387882870204,3.994888795364911,4.623042434246382,4.520928734708947
3,választottad,választ,ott,ad,16.453750610351562,15.99212646484375,9.695343971252441,13.381690979003906,26.949853897094727,26.69938087463379,7.7771992683410645,12,7,3,2,3.277150613963797,4.160618572399474,5.565865520533478,4.265996370495079
3,mindenható,minden,ha,tó,17.688779830932617,12.408085823059082,15.342690467834473,8.558603286743164,23.156679153442383,14.342952728271484,7.478261470794678,10,6,2,2,3.2709116394104814,5.660283816789099,6.17849550526079,3.4243915544102776
3,észrevenni,ész,re,venni,10.576953887939453,16.60466194152832,16.738582611083984,21.32784652709961,22.278711318969727,9.696269989013672,8.252878189086914,10,3,2,5,3.2650537885040145,3.3012470886362113,3.6036855496146996,4.480754091724071
3,rájöttél,rá,jött,él,14.62360954284668,8.892226219177246,15.451774597167969,26.148900985717773,16.116975784301758,28.172351837158203,7.298454284667969,8,2,4,2,3.2598326990634834,5.3862920244277,4.888151401516756,4.520928734708947
3,éjfélkor,éj,fél,kor,11.994671821594238,17.24909782409668,17.335302352905273,14.845413208007812,15.649267196655273,25.89090347290039,8.078278541564941,8,2,3,3,3.256236533205923,3.3153404766272883,4.675833312180064,3.4077307280263356
3,tizenkét,ti,zen,két,12.505763053894043,18.051767349243164,17.206768035888672,26.661745071411133,25.56820297241211,14.926962852478027,10.597926139831543,8,2,3,3,3.254064452914338,4.868462219808566,2.8721562727482928,5.2855438074150465
3,marhaság,mar,has,ág,10.924790382385254,12.230110168457031,11.438943862915039,20.366025924682617,22.000205993652344,23.093400955200195,9.611230850219727,8,3,3,2,3.254064452914338,3.1245042248342823,2.9339931638312424,2.720159303405957
3,működjön,mű,köd,jön,12.116169929504395,10.781991958618164,9.912184715270996,16.679676055908203,15.766727447509766,16.36180877685547,10.922430038452148,8,2,3,3,3.254064452914338,2.9175055095525466,3.2681097298084785,4.970137583284107
3,maradtok,mar,ad,tok,11.455500602722168,13.662920951843262,12.52869987487793,20.574623107910156,22.280954360961914,25.05181121826172,7.879092216491699,8,3,2,3,3.247236549506764,3.1245042248342823,4.265996370495079,2.8779469516291885
3,haverok,ha,ver,ok,10.02830696105957,11.2070894241333,11.130138397216797,21.195161819458008,20.6205997467041,22.18316650390625,8.985867500305176,7,2,3,2,3.2467447097238415,6.17849550526079,3.394801777162711,4.570554614307831
3,egybeesés,egy,be,esés,14.683237075805664,19.56464958190918,16.300125122070312,21.530073165893555,24.079524993896484,17.038057327270508,9.517699241638184,9,3,2,4,3.2422929049829308,6.513669111473827,5.611719060607776,2.833784374656479
3,érdekelni,ér,de,kelni,12.92025089263916,16.843265533447266,18.4763126373291,25.914527893066406,27.749401092529297,13.80898666381836,8.004803657531738,9,2,2,5,3.2420442393695508,4.4348402532975735,6.256956950858988,3.0549958615291417
3,készüljön,kész,ül,jön,17.072994232177734,8.705599784851074,16.460542678833008,17.65563201904297,30.980083465576172,19.513572692871094,8.667640686035156,9,4,2,3,3.2405492482826,4.7904188808065316,4.029221394253928,4.970137583284107
3,készüljön,kész,ülj,ön,11.574759483337402,15.901508331298828,17.322471618652344,17.65563201904297,19.871868133544922,30.413970947265625,8.445249557495117,9,4,3,2,3.2405492482826,4.7904188808065316,4.36150118846166,5.066888466169809
3,barátnőjét,bar,át,nőjét,9.351741790771484,27.62206268310547,26.506837844848633,32.956424713134766,32.3751335144043,11.290085792541504,9.972681999206543,10,3,2,5,3.2400497721126476,2.998259338423699,5.1193482825304715,2.6384892569546374
3,hívjátok,hívj,át,ok,21.695112228393555,22.929168701171875,10.321622848510742,6.8986005783081055,26.40373992919922,27.19469451904297,6.369650363922119,8,4,2,2,3.237292337567459,4.226728756856991,5.1193482825304715,4.570554614307831
3,terápia,te,rá,pia,10.028425216674805,11.407591819763184,9.923955917358398,22.812780380249023,22.0963191986084,22.7948055267334,9.988394737243652,7,2,2,3,3.236033147117636,5.976474700373688,5.3862920244277,3.4881274962474587
3,unokaöcsém,un,oka,öcsém,10.549087524414062,22.560195922851562,21.240205764770508,29.41954803466797,28.348407745361328,11.543904304504395,6.349772930145264,10,2,3,5,3.231979026831504,2.926342446625655,4.373316665173873,3.8689969024871353
3,fogadás,fog,ad,ás,11.0886812210083,12.315230369567871,10.957392692565918,12.625475883483887,16.253625869750977,17.281124114990234,11.242185592651367,7,3,2,2,3.228400358703005,5.393961071337533,4.265996370495079,2.8651039746411278
3,telefonál,te,le,fonál,8.378073692321777,16.790861129760742,17.44828987121582,17.705230712890625,18.402790069580078,7.6317033767700195,14.348349571228027,9,2,2,5,3.226342087163631,5.976474700373688,5.581152891966289,2.537819095073274
3,szóljatok,szól,ja,tok,14.790355682373047,17.84377670288086,11.181563377380371,13.087450981140137,25.45645523071289,28.037052154541016,6.4792022705078125,9,4,2,3,3.226084115975824,4.59690484088136,5.05815640487046,2.8779469516291885
3,igazságszolgáltatás,igazság,szolgáltat,ás,12.428031921386719,21.787668228149414,27.525772094726562,16.37464141845703,16.553884506225586,35.45405960083008,7.198923110961914,19,7,10,2,3.2258259914618934,4.503136707054217,2.423245873936808,2.8651039746411278
3,hullámok,hull,ám,ok,9.729429244995117,12.429988861083984,10.495829582214355,21.938373565673828,21.91521644592285,21.992549896240234,11.910512924194336,8,4,2,2,3.2234959409623944,2.8129133566428557,4.292964545382929,4.570554614307831
3,nyissátok,nyiss,át,ok,17.868894577026367,18.600061416625977,10.321622848510742,16.23508644104004,27.68181800842285,28.41911506652832,10.770641326904297,9,5,2,2,3.212986184736668,2.9872192299080047,5.1193482825304715,4.570554614307831
3,hajlamos,haj,la,mos,8.59333324432373,8.710577011108398,9.9816312789917,19.9112606048584,20.95762062072754,20.90239906311035,9.875323295593262,8,3,2,3,3.210318519826232,3.5742628297070267,3.957415714722669,2.8790958795000727
3,lázadás,láz,ad,ás,15.390359878540039,15.893481254577637,10.957392692565918,9.511259078979492,21.978248596191406,22.137460708618164,9.28222942352295,7,3,2,2,3.2062860444124324,3.1795517911651876,4.265996370495079,2.8651039746411278
3,születésnapi,születés,na,pi,22.474227905273438,22.867124557495117,11.426775932312012,10.281492233276367,29.61402702331543,30.00066566467285,7.0992431640625,12,8,2,2,3.2043913319193,2.7041505168397992,5.210690307241179,2.74350976472843
3,helyszínelők,helyszín,el,ők,25.65371322631836,23.76279640197754,12.411972999572754,10.179717063903809,32.46929931640625,30.691322326660156,6.229315280914307,12,8,2,2,3.2041199826559246,3.4679039465228003,6.021003960549296,4.923886175096466
3,olyasvalaki,oly,as,valaki,11.055100440979004,18.996747970581055,16.684993743896484,26.817304611206055,26.381017684936523,14.160926818847656,5.318704605102539,11,3,2,6,3.1983821300082944,4.061942292028086,3.118595365223762,5.271472183028717
3,tanárok,tan,ár,ok,10.83954906463623,11.263273239135742,11.714329719543457,20.95656394958496,22.44150733947754,22.971620559692383,7.939774513244629,7,3,2,2,3.1981069988734014,3.0499928569201424,3.481012420956573,4.570554614307831
3,vállalati,válla,la,ti,15.406739234924316,17.1563777923584,10.893231391906738,12.77258586883545,25.51546287536621,26.006431579589844,6.611989498138428,9,5,2,2,3.1920095926536702,2.7505083948513462,3.957415714722669,4.868462219808566
3,hívjatok,hív,ja,tok,15.588128089904785,18.448068618774414,11.181563377380371,13.28575325012207,25.695695877075195,28.11370849609375,7.909698963165283,8,3,2,3,3.1920095926536702,3.9635989625972416,5.05815640487046,2.8779469516291885
3,középiskolában,köz,ép,iskolában,8.392194747924805,23.755861282348633,22.43597412109375,29.154321670532227,28.47821617126465,10.262542724609375,8.318449974060059,14,3,2,9,3.1908917169221698,2.6473829701146196,3.2219355998280053,3.9770831203158528
3,férfias,fér,fi,as,14.31536865234375,15.700411796569824,9.886514663696289,14.28311824798584,26.579769134521484,27.22130012512207,5.941640377044678,7,3,2,2,3.190051417759206,3.526597709103452,3.204662511748219,3.118595365223762
3,unokatestvérem,un,oka,testvérem,10.549087524414062,20.959989547729492,20.34410858154297,29.728626251220703,28.935714721679688,16.405784606933594,6.3884148597717285,14,2,3,9,3.190051417759206,2.926342446625655,4.373316665173873,3.9826781933834843
3,unokatestvérem,unoka,test,vérem,20.48744010925293,11.228919982910156,20.477312088012695,18.086769104003906,33.251808166503906,18.271045684814453,7.3011908531188965,14,5,4,5,3.190051417759206,2.4983105537896004,3.8831501996832776,3.274388795550379
3,emlékezzen,emlék,ez,zen,22.229522705078125,21.612003326416016,9.711639404296875,9.967100143432617,26.857717514038086,26.029695510864258,8.03598403930664,10,5,2,3,3.1889284837608534,3.4316853446860116,6.333684409097302,2.8721562727482928
3,köztársaság,köz,társas,ág,21.920475006103516,9.946584701538086,21.946224212646484,26.61880111694336,12.028427124023438,26.12685775756836,12.550923347473145,11,3,6,2,3.187520720836463,2.6473829701146196,2.545307116465824,2.720159303405957
3,tizenegy,ti,zen,egy,12.505763053894043,15.06796932220459,15.266979217529297,21.464052200317383,20.383989334106445,23.750003814697266,8.89952564239502,8,2,3,3,3.187520720836463,4.868462219808566,2.8721562727482928,6.513669111473827
3,szálljatok,száll,ja,tok,15.047163009643555,18.301807403564453,11.181563377380371,12.996103286743164,25.34427833557129,27.95456886291504,8.300379753112793,10,5,2,3,3.187520720836463,3.5836521085420436,5.05815640487046,2.8779469516291885
3,űrhajós,űr,ha,jós,8.395306587219238,15.537520408630371,16.648521423339844,26.174903869628906,26.529617309570312,14.811272621154785,7.95606803894043,7,2,2,3,3.1869563354654122,3.193958978019187,6.17849550526079,2.4099331233312946
3,vadászok,vad,ász,ok,16.546131134033203,10.814101219177246,15.63753890991211,23.042861938476562,23.265647888183594,23.20897102355957,10.42226791381836,8,3,3,2,3.185258765296585,3.7683420586445333,3.220631019448092,4.570554614307831
3,semmirekellő,sem,mire,kellő,9.300129890441895,24.024385452270508,24.315614700317383,30.223703384399414,30.603443145751953,12.417929649353027,11.176102638244629,12,3,4,5,3.1760912590556813,5.652412675851883,4.931727314108543,3.1562461903973444
3,semmirekellő,semmi,re,kellő,15.812360763549805,14.534638404846191,23.76653289794922,18.25613021850586,30.48945426940918,12.417929649353027,8.104796409606934,12,5,2,5,3.1760912590556813,5.478556395604729,3.6036855496146996,3.1562461903973444
3,semmirekellő,semmire,kel,lő,15.132186889648438,9.935149192810059,14.72929859161377,18.379840850830078,29.902965545654297,19.964181900024414,9.038663864135742,12,7,3,2,3.1760912590556813,4.009153331907709,3.4756711883244296,3.3230457354817013
3,szívesség,szív,ess,ég,15.701488494873047,16.519582748413086,10.510143280029297,8.421402931213379,22.712129592895508,23.16838264465332,6.6133551597595215,9,4,3,2,3.1760912590556813,3.900913067737669,3.188084373714938,4.60959440922522
3,műholdas,mű,hold,as,18.283357620239258,17.091943740844727,13.844478607177734,15.156290054321289,27.42089080810547,28.76639175415039,7.245450496673584,8,2,4,2,3.1758016328482794,2.9175055095525466,3.819609732751585,3.118595365223762
3,másodpercre,másod,perc,re,17.851503372192383,16.958168029785156,11.052092552185059,14.03195571899414,28.790143966674805,27.338539123535156,5.487147331237793,11,5,4,2,3.1711411510283822,2.6473829701146196,4.7068201579664875,3.6036855496146996
3,szembenézni,szem,be,nézni,16.591705322265625,12.492928504943848,18.140151977539062,20.307722091674805,31.738107681274414,22.56938934326172,12.944509506225586,11,4,2,5,3.170848203643309,3.861295393526696,5.611719060607776,4.3543581827353215
3,hatására,hat,ás,ára,12.386749267578125,14.319103240966797,12.729256629943848,13.582749366760254,17.682844161987305,19.249645233154297,13.063891410827637,8,3,2,3,3.1699681739968923,4.542788093450676,2.8651039746411278,3.7218106152125467
3,egyenlőre,egyen,lő,re,10.880401611328125,15.415009498596191,15.659022331237793,17.16729164123535,18.178979873657227,28.99759864807129,6.487724781036377,9,5,2,2,3.1696744340588068,3.3370597263205246,3.3230457354817013,3.6036855496146996
3,létrehozni,lét,re,hozni,16.16950225830078,12.661930084228516,16.9621639251709,17.872228622436523,29.907146453857422,18.14567756652832,6.54922342300415,10,3,2,5,3.1684974835230326,3.0253058652647704,3.6036855496146996,4.206771923055583
3,középiskola,köz,ép,iskola,8.392194747924805,17.17976188659668,16.1323299407959,25.979888916015625,25.549360275268555,13.251625061035156,8.059904098510742,11,3,2,6,3.1649473726218416,2.6473829701146196,3.2219355998280053,4.095448326538122
3,képesség,kép,ess,ég,17.370811462402344,17.348613739013672,10.510143280029297,8.810696601867676,23.514129638671875,23.534894943237305,7.898312091827393,8,3,3,2,3.1610683854711747,4.074852995881248,3.188084373714938,4.60959440922522
3,lépésre,lép,és,re,14.842650413513184,15.311600685119629,9.258041381835938,8.482791900634766,21.032852172851562,21.498083114624023,9.068120002746582,7,3,2,2,3.1610683854711747,3.7544247892772584,6.556241936591766,3.6036855496146996
3,hálaadás,hála,ad,ás,16.65379524230957,17.8582763671875,10.957392692565918,8.085566520690918,21.74069595336914,22.973434448242188,7.14143705368042,8,4,2,2,3.1607685618611283,4.280031744138702,4.265996370495079,2.8651039746411278
3,barátnőjével,bar,át,nőjével,9.351741790771484,27.51378631591797,26.454261779785156,33.48198699951172,32.94612503051758,11.636895179748535,10.719603538513184,12,3,2,7,3.155336037465062,2.998259338423699,5.1193482825304715,2.416640507338281
3,rendelte,rend,el,te,14.113097190856934,11.397848129272461,12.619887351989746,13.03276538848877,18.95075798034668,16.37428092956543,9.538722038269043,8,4,2,2,3.155336037465062,3.4260230156898763,6.021003960549296,5.976474700373688
3,bocsássatok,bocs,ássa,tok,13.427390098571777,19.216217041015625,19.177095413208008,14.269408226013184,17.39780616760254,28.942668914794922,9.205875396728516,11,4,4,3,3.1550322287909704,4.582574665258312,2.419955748489758,2.8779469516291885
3,szabadlábra,szab,ad,lábra,14.832571029663086,9.085063934326172,15.777914047241211,14.26823616027832,26.27350616455078,14.023825645446777,7.353870391845703,11,4,2,5,3.1547282074401557,2.383815365980431,4.265996370495079,3.1202447955463652
3,ajtóhoz,aj,tó,hoz,13.990373611450195,7.884605884552002,14.20141315460205,21.65709114074707,13.156522750854492,20.395578384399414,10.247734069824219,7,2,2,3,3.1522883443830563,2.984077033902831,3.4243915544102776,4.024772913079632
3,estéjén,est,éj,én,16.789249420166016,8.864441871643066,14.63224983215332,21.176528930664062,12.659860610961914,21.01443099975586,7.671102046966553,7,3,2,2,3.143327129992046,3.326335860928751,3.3153404766272883,6.157086084559995
3,kezelésre,kezel,és,re,16.639001846313477,17.660415649414062,9.258041381835938,8.613412857055664,22.78411865234375,23.541996002197266,8.994576454162598,9,5,2,2,3.1420764610732848,2.8318697742805017,6.556241936591766,3.6036855496146996
3,hallottalak,hall,ott,alak,8.792851448059082,7.177180767059326,8.969108581542969,21.111242294311523,20.366958618164062,21.173480987548828,8.670845031738281,11,4,3,4,3.13956426617585,3.9927743642553555,5.565865520533478,3.8462752424122133
3,műtétre,mű,tét,re,11.2847261428833,16.73328399658203,15.278017044067383,15.553571701049805,16.313495635986328,27.20525550842285,8.682599067687988,7,2,3,2,3.1370374547895126,2.9175055095525466,3.428620672671939,3.6036855496146996
3,világszerte,világ,szer,te,17.477561950683594,17.765371322631836,10.685553550720215,18.725078582763672,30.0972900390625,30.123537063598633,9.043473243713379,11,5,4,2,3.1354506993455136,4.714287837405135,3.13481437032046,5.976474700373688
3,hozzáállás,hozzá,áll,ás,23.909656524658203,22.55803108215332,13.225135803222656,10.09635066986084,31.37891960144043,30.285694122314453,5.453214168548584,10,5,3,2,3.1335389083702174,4.9755420915169415,4.910149302250238,2.8651039746411278
3,államügyész,állam,ügy,ész,11.836870193481445,16.1846981048584,16.427715301513672,17.87264060974121,20.061058044433594,30.66264533996582,5.20970344543457,11,5,3,3,3.1322596895310446,3.8232133132826673,4.5233562066547925,3.3012470886362113
3,helyszínén,hely,szín,én,15.682985305786133,10.905320167541504,14.544672012329102,27.4155216217041,18.269277572631836,28.103364944458008,14.724027633666992,10,4,4,2,3.1271047983648077,4.7499989765583495,3.3820170425748683,6.157086084559995
3,csináljatok,csinál,ja,tok,22.795644760131836,25.6126766204834,11.181563377380371,9.001472473144531,29.91885757446289,32.4574089050293,4.440419673919678,11,6,2,3,3.119915410257991,4.610223520285089,5.05815640487046,2.8779469516291885
3,szabadlábon,szab,ad,lábon,14.832571029663086,9.455710411071777,16.12388038635254,14.415816307067871,26.211957931518555,14.082592964172363,7.549745559692383,11,4,2,5,3.1179338350396413,2.383815365980431,4.265996370495079,3.2607866686549762
3,éreztél,ér,ez,tél,11.426950454711914,16.953088760375977,15.855544090270996,22.201940536499023,21.51742935180664,12.281527519226074,7.797183990478516,7,2,2,3,3.116939646550756,4.4348402532975735,6.333684409097302,3.3209766773428235
3,éreztél,ér,ezt,él,16.14784812927246,10.266813278198242,15.625012397766113,22.201940536499023,11.573987007141113,22.507659912109375,11.253429412841797,7,2,3,2,3.116939646550756,4.4348402532975735,5.93531677937607,4.520928734708947
3,állítsátok,állíts,át,ok,15.232519149780273,16.779911041259766,10.321622848510742,12.779215812683105,24.645587921142578,26.065397262573242,6.169913291931152,10,6,2,2,3.116275587580544,2.932980821923198,5.1193482825304715,4.570554614307831
3,örökölte,örök,öl,te,15.001957893371582,16.10002899169922,11.281981468200684,13.380578994750977,25.33938217163086,26.93206024169922,5.104365348815918,8,4,2,2,3.114610984232173,3.7895807121644256,3.506910725551518,5.976474700373688
3,japánok,ja,pán,ok,14.260178565979004,10.514937400817871,16.336708068847656,22.005401611328125,13.621827125549316,23.157032012939453,10.051538467407227,7,2,3,2,3.1126050015345745,5.05815640487046,2.747411807886423,4.570554614307831
3,járművet,jár,mű,vet,16.907352447509766,10.40195369720459,15.197521209716797,26.533735275268555,15.574132919311523,24.598613739013672,11.533907890319824,8,3,2,3,3.1085650237328344,4.564748891813018,2.9175055095525466,3.3602146132953523
3,segítőkész,segít,ők,ész,15.026055335998535,15.693732261657715,9.085627555847168,13.983875274658203,26.370952606201172,26.470054626464844,9.350040435791016,10,5,2,3,3.1082266563749283,4.486402138975022,4.923886175096466,3.3012470886362113
3,azokhoz,az,ok,hoz,12.697084426879883,11.473733901977539,10.440560340881348,20.92672348022461,22.833585739135742,21.752029418945312,9.129725456237793,7,2,2,3,3.106870544478654,6.741609849017849,4.570554614307831,4.024772913079632
3,kapható,kap,ha,tó,7.640138626098633,14.206615447998047,15.342690467834473,14.081586837768555,15.748129844665527,10.061893463134766,11.163196563720703,7,3,2,2,3.106870544478654,4.301377292349344,6.17849550526079,3.4243915544102776
3,fogható,fog,ha,tó,11.440789222717285,14.568492889404297,15.342690467834473,13.021902084350586,18.105798721313477,11.377480506896973,10.464418411254883,7,3,2,2,3.1061908972634154,5.393961071337533,6.17849550526079,3.4243915544102776
3,középiskolás,köz,ép,iskolás,8.392194747924805,24.051803588867188,22.839130401611328,29.363800048828125,28.761281967163086,10.464006423950195,8.405879020690918,12,3,2,7,3.1055101847699738,2.6473829701146196,3.2219355998280053,3.0322157032979815
3,barátként,bar,át,ként,9.351741790771484,13.705442428588867,12.093368530273438,21.023412704467773,20.919544219970703,22.895347595214844,10.872169494628906,9,3,2,4,3.1017470739463664,2.998259338423699,5.1193482825304715,2.6665179805548807
3,jelenléte,jelen,lé,te,14.014501571655273,15.191702842712402,8.986966133117676,21.476459503173828,19.320262908935547,19.486257553100586,8.965719223022461,9,5,2,2,3.100370545117563,4.004192356259714,2.781755374652469,5.976474700373688
3,húzzátok,húzz,át,ok,22.22835922241211,23.381908416748047,10.321622848510742,11.17036247253418,29.715587615966797,30.88092041015625,7.768786907196045,8,4,2,2,3.0993352776859577,3.8623699371228826,5.1193482825304715,4.570554614307831
3,partnere,part,ne,re,10.521256446838379,9.744016647338867,9.297372817993164,14.83469009399414,16.16204261779785,16.827024459838867,11.114228248596191,8,4,2,2,3.09725730969342,3.364926033789976,5.978838538314173,3.6036855496146996
3,mindazok,mind,az,ok,14.32414436340332,13.373459815979004,12.697084426879883,20.914302825927734,21.67076301574707,22.3631591796875,10.023499488830566,8,4,2,2,3.0962145853464054,4.963131168842824,6.741609849017849,4.570554614307831
3,kérdezzen,kérd,ez,zen,23.187114715576172,22.059024810791016,9.711639404296875,7.842473030090332,26.457380294799805,25.544328689575195,8.509735107421875,9,4,2,3,3.0948203803548,3.449324093098727,6.333684409097302,2.8721562727482928
3,unokatestvére,un,oka,testvére,10.549087524414062,20.696067810058594,20.18233299255371,29.46488380432129,28.765113830566406,16.527324676513672,6.744722366333008,13,2,3,8,3.094471128641645,2.926342446625655,4.373316665173873,3.7544247892772584
3,unokatestvére,unoka,test,vére,20.48744010925293,11.647431373596191,21.153554916381836,17.91256332397461,33.220001220703125,18.10906982421875,7.559947967529297,13,5,4,4,3.094471128641645,2.4983105537896004,3.8831501996832776,3.6716355966021297
3,közölte,köz,öl,te,10.965086936950684,9.568370819091797,11.281981468200684,20.464292526245117,20.247478485107422,21.097410202026367,7.601899147033691,7,3,2,2,3.089551882886454,2.6473829701146196,3.506910725551518,5.976474700373688
3,bérelte,bér,el,te,20.14481544494629,16.903440475463867,12.619887351989746,10.776432991027832,22.95334243774414,20.758028030395508,9.605507850646973,7,3,2,2,3.0870712059065353,2.3541084391474008,6.021003960549296,5.976474700373688
3,őszintének,ősz,int,ének,12.363707542419434,10.650714874267578,10.992926597595215,20.5400447845459,22.89105224609375,21.25908088684082,9.387117385864258,10,3,3,4,3.084576277934331,3.121887985103681,2.4785664955938436,2.9380190974762104
3,határidő,ha,tár,idő,16.81831932067871,16.855998992919922,12.536208152770996,27.929540634155273,17.00920295715332,18.873029708862305,12.124518394470215,8,2,3,3,3.083860800866573,6.17849550526079,2.645422269349092,4.89272331759604
3,határidő,hat,ár,idő,11.020429611206055,16.73932456970215,15.933445930480957,25.835269927978516,26.701446533203125,18.873029708862305,9.294681549072266,8,3,2,3,3.083860800866573,4.542788093450676,3.481012420956573,4.89272331759604
3,fejezte,fej,ez,te,16.296079635620117,15.871140480041504,10.779348373413086,8.786394119262695,21.2193660736084,21.029508590698242,8.938125610351562,7,3,2,2,3.083860800866573,3.8232133132826673,6.333684409097302,5.976474700373688
3,terápiára,te,rá,piára,10.028425216674805,16.225215911865234,15.309277534484863,25.882770538330078,25.414505004882812,14.310026168823242,7.498955726623535,9,2,2,5,3.081707270097349,5.976474700373688,5.3862920244277,2.4149733479708178
3,ismertelek,is,mer,telek,11.09057903289795,13.730801582336426,14.55167007446289,16.612993240356445,17.047536849975586,16.090030670166016,14.80878734588623,10,2,3,5,3.079904467666721,6.274002353245673,3.678154038010437,2.673941998634088
3,unokahúgom,un,oka,húgom,10.549087524414062,23.091976165771484,22.070907592773438,28.84358024597168,28.094188690185547,10.59289264678955,6.044254779815674,10,2,3,5,3.0788191830988487,2.926342446625655,4.373316665173873,3.833975371279906
3,dobjátok,dobj,át,ok,16.640953063964844,17.41503143310547,10.321622848510742,15.639034271240234,27.193729400634766,28.153581619262695,7.806879997253418,8,4,2,2,3.076640443670342,3.141136090120739,5.1193482825304715,4.570554614307831
3,unokaöccse,un,oka,öccse,10.549087524414062,21.76569175720215,20.247478485107422,29.1086483001709,27.934986114501953,11.260185241699219,5.440874099731445,10,2,3,5,3.076276255404218,2.926342446625655,4.373316665173873,3.4276483711869328
3,támadások,támad,ás,ok,21.904300689697266,21.96956443786621,11.295794486999512,7.351195812225342,26.09676742553711,26.479652404785156,7.695021629333496,9,5,2,2,3.076276255404218,3.472171146692363,2.8651039746411278,4.570554614307831
3,hitelkártya,hit,el,kártya,13.960379600524902,29.633342742919922,30.681753158569336,33.10683822631836,33.93764877319336,9.969672203063965,9.14315414428711,11,3,2,6,3.074816440645175,3.510410948010177,6.021003960549296,3.5338991007965945
3,anyukáddal,anyu,kád,dal,17.02945327758789,11.578065872192383,16.342262268066406,30.042238235473633,18.514787673950195,30.290395736694336,7.865377902984619,10,4,3,3,3.0707764628434346,4.404919199246314,2.714329759745233,3.8783494222177755
3,tökéletesek,tök,élet,esek,10.494245529174805,11.708014488220215,12.001325607299805,17.90665054321289,19.336599349975586,21.074472427368164,9.658319473266602,11,3,4,4,3.0704073217401198,4.175047699526168,4.5972453046650035,2.722633922533812
3,társaságában,tár,sas,ágában,16.32683563232422,12.13107681274414,17.246000289916992,15.265005111694336,25.416833877563477,15.041253089904785,12.207456588745117,12,3,3,6,3.0692980121155293,2.645422269349092,3.2581581933407944,2.79309160017658
3,társaságában,társ,as,ágában,16.04662322998047,12.661585807800293,17.203004837036133,13.556628227233887,25.939857482910156,15.041253089904785,9.560029983520508,12,4,2,6,3.0692980121155293,3.1925674533365456,3.118595365223762,2.79309160017658
3,pihenésre,pihen,és,re,15.539660453796387,15.524317741394043,9.258041381835938,8.580549240112305,21.836400985717773,21.98680305480957,7.981103420257568,9,5,2,2,3.068556895072363,3.1758016328482794,6.556241936591766,3.6036855496146996
3,papírmunkát,pap,ír,munkát,5.414376258850098,16.52117347717285,16.384113311767578,29.90935707092285,29.78968620300293,17.48262596130371,5.448575019836426,11,3,2,6,3.068556895072363,3.7223870941771238,3.9566485792052033,4.5434471800817
3,emberiséget,ember,is,éget,9.772151947021484,10.435567855834961,11.063506126403809,20.001239776611328,21.70890235900879,21.197057723999023,7.889228343963623,11,5,2,4,3.0674428427763805,5.316075234838397,6.274002353245673,3.0569048513364727
3,végrehajtani,vég,re,hajtani,10.530131340026855,20.26395034790039,21.7473087310791,28.687389373779297,30.929195404052734,15.316638946533203,4.987042427062988,12,3,2,7,3.062581984228163,3.5085297189712867,3.6036855496146996,3.0670708560453703
3,nyakkendőt,nyak,kend,őt,17.546072006225586,18.025196075439453,9.441261291503906,14.639177322387695,26.865421295166016,27.239011764526367,7.495510578155518,10,4,4,2,3.0569048513364727,2.783903579272735,2.6972293427597176,5.215082115013175
3,autóbalesetben,autó,bal,esetben,15.938446998596191,13.5897855758667,20.71080780029297,20.49839973449707,32.08766555786133,16.256256103515625,8.568541526794434,14,4,3,7,3.056142262059052,4.114010161703462,4.112739022360173,4.204309944940537
3,egyetértesz,egye,tér,tesz,11.328424453735352,10.301767349243164,10.736637115478516,15.059250831604004,16.04747200012207,16.283422470092773,9.369879722595215,11,4,3,4,3.052693941924968,3.2711443179490782,3.7175872968554606,4.455499617516323
3,egyetértesz,egye,tért,esz,9.99685001373291,16.936725616455078,16.76522445678711,15.059250831604004,15.262100219726562,26.185468673706055,10.88020133972168,11,4,4,3,3.052693941924968,3.2711443179490782,3.6503075231319366,2.406540180433955
3,egyetértesz,egyet,ér,tesz,16.224302291870117,9.935725212097168,16.42709732055664,13.947351455688477,27.081567764282227,16.283422470092773,6.636338710784912,11,5,2,4,3.052693941924968,4.8482938278592815,4.4348402532975735,4.455499617516323
3,egyetértesz,egyet,ért,esz,16.130727767944336,16.25627326965332,10.896360397338867,13.947351455688477,26.42095184326172,26.185468673706055,6.890008449554443,11,5,3,3,3.052693941924968,4.8482938278592815,4.410439786210347,2.406540180433955
3,kosárlabda,kos,ár,labda,10.552871704101562,13.909244537353516,13.971360206604004,25.410608291625977,26.212915420532227,17.386640548706055,8.119470596313477,10,3,2,5,3.050379756261458,2.5514499979728753,3.481012420956573,3.594613509160098
3,magadért,mag,ad,ért,11.848569869995117,12.870447158813477,11.31238842010498,20.62239646911621,20.578168869018555,21.69379997253418,10.35775375366211,8,3,2,3,3.04688519083771,3.1755118133634475,4.265996370495079,4.410439786210347
3,tartottad,tart,ott,ad,9.103976249694824,9.83899974822998,9.695343971252441,20.430097579956055,22.029003143310547,21.562082290649414,5.7859086990356445,9,4,3,2,3.037426497940624,4.57142930306149,5.565865520533478,4.265996370495079
3,határok,ha,tár,ok,16.81831932067871,11.2070894241333,17.250566482543945,23.416805267333984,13.376852989196777,23.107959747314453,10.009442329406738,7,2,3,2,3.036628895362161,6.17849550526079,2.645422269349092,4.570554614307831
3,határok,hat,ár,ok,11.020429611206055,12.136322021484375,11.714329719543457,20.910388946533203,22.43672752380371,23.107959747314453,7.30203914642334,7,3,2,2,3.036628895362161,4.542788093450676,3.481012420956573,4.570554614307831
3,papírmunka,pap,ír,munka,5.414376258850098,15.818558692932129,15.738722801208496,29.638545989990234,29.52728843688965,17.477310180664062,8.071346282958984,10,3,2,5,3.0350292822023683,3.7223870941771238,3.9566485792052033,4.675796665949183
3,használjátok,használj,át,ok,16.95378875732422,17.737611770629883,10.321622848510742,9.0281343460083,21.88895034790039,22.5698184967041,10.785124778747559,12,8,2,2,3.03382569395331,3.0681858617461617,5.1193482825304715,4.570554614307831
3,évszázadok,év,száz,adok,18.10271453857422,17.260332107543945,14.264256477355957,29.926794052124023,18.3272705078125,20.720958709716797,12.73531723022461,10,2,4,4,3.03342375548695,4.615886953443552,4.09631897051261,4.300508529343292
3,évszázadok,év,század,ok,22.914325714111328,11.791585922241211,23.655942916870117,29.926794052124023,11.858586311340332,31.489871978759766,13.318617820739746,10,2,6,2,3.03342375548695,4.615886953443552,3.4163075870598827,4.570554614307831
3,hallgassátok,hallgass,át,ok,20.923173904418945,22.295982360839844,10.321622848510742,11.364689826965332,29.086002349853516,30.066940307617188,8.189343452453613,12,8,2,2,3.03261876085072,4.292388998301932,5.1193482825304715,4.570554614307831
3,basszátok,bassz,át,ok,17.486663818359375,18.664493560791016,10.321622848510742,13.695737838745117,25.997251510620117,27.065187454223633,7.341877460479736,9,5,2,2,3.03261876085072,2.8987251815894934,5.1193482825304715,4.570554614307831
3,fájdalmát,fáj,dal,mát,16.50830078125,12.440078735351562,17.53710174560547,17.3702392578125,29.857501983642578,19.22035789489746,7.161162376403809,9,3,3,3,3.031408464251624,4.423491631454581,3.8783494222177755,2.3710678622717363
3,híresség,hír,ess,ég,17.996519088745117,18.479581832885742,10.510143280029297,16.071683883666992,27.45769500732422,27.416139602661133,7.706669330596924,8,3,3,2,3.0310042813635367,4.345314905652313,3.188084373714938,4.60959440922522
3,zárjátok,zárj,át,ok,21.59307861328125,23.280941009521484,10.321622848510742,10.693531036376953,26.38836097717285,27.532127380371094,8.993134498596191,8,4,2,2,3.029789470831856,2.5888317255942073,5.1193482825304715,4.570554614307831
3,azokért,az,ok,ért,12.697084426879883,12.93533992767334,11.28988265991211,20.119577407836914,22.274585723876953,22.923927307128906,9.408931732177734,7,2,2,3,3.0281644194244697,6.741609849017849,4.570554614307831,4.410439786210347
3,csinálhatok,csinál,ha,tok,24.08513832092285,25.6126766204834,11.832426071166992,9.8034086227417,31.450349807739258,32.80644226074219,5.985076904296875,11,6,2,3,3.0281644194244697,4.610223520285089,6.17849550526079,2.8779469516291885
3,csinálhatok,csinál,hat,ok,22.807968139648438,24.10260009765625,12.136322021484375,9.8034086227417,30.13380241394043,31.412385940551758,6.373734474182129,11,6,3,2,3.0281644194244697,4.610223520285089,4.542788093450676,4.570554614307831
3,rendszerint,rend,szer,int,11.649110794067383,10.8879976272583,9.130060195922852,20.831514358520508,22.8204345703125,22.651466369628906,5.539945125579834,11,4,4,3,3.0265332645232967,3.4260230156898763,3.13481437032046,2.4785664955938436
3,tizenhat,ti,zen,hat,12.505763053894043,11.872699737548828,12.162325859069824,22.01662254333496,20.970130920410156,20.13842010498047,9.977355003356934,8,2,3,3,3.0253058652647704,4.868462219808566,2.8721562727482928,4.542788093450676
3,fejfájás,fej,fáj,ás,9.083062171936035,17.215742111206055,17.10614013671875,15.670238494873047,16.21306037902832,28.13873863220215,9.333059310913086,8,3,3,2,3.024895960107485,3.8232133132826673,4.423491631454581,2.8651039746411278
3,váltságdíjat,válts,ág,díjat,16.935029983520508,11.942610740661621,17.01993179321289,17.019487380981445,28.955717086791992,17.746904373168945,8.941301345825195,12,5,2,5,3.022840610876528,2.924795995797912,2.720159303405957,3.6379897807846855
3,szabadnapot,szab,ad,napot,14.832571029663086,9.912322998046875,16.100893020629883,14.197172164916992,26.019956588745117,14.234570503234863,7.260526180267334,11,4,2,5,3.0178677189635055,2.383815365980431,4.265996370495079,4.644832328825636
3,hajtómű,haj,tó,mű,14.30066967010498,15.769641876220703,11.809408187866211,24.098281860351562,15.095826148986816,14.954110145568848,10.23713493347168,7,3,2,2,3.017450729510536,3.5742628297070267,3.4243915544102776,2.9175055095525466
3,fényképezte,fény,képez,te,10.619479179382324,16.478878021240234,17.01620101928711,16.477399826049805,17.26759910583496,30.021512985229492,4.906298637390137,11,4,5,2,3.017450729510536,4.019697730980192,2.403120521175818,5.976474700373688
3,fényképezte,fénykép,ez,te,22.768413543701172,22.407058715820312,10.779348373413086,9.625921249389648,30.020112991333008,30.021512985229492,5.865569114685059,11,7,2,2,3.017450729510536,3.2773799746672547,6.333684409097302,5.976474700373688
3,célpontok,cél,pont,ok,19.00497055053711,17.565696716308594,12.13974380493164,13.889931678771973,28.686071395874023,26.82452392578125,5.340171813964844,9,3,4,2,3.015778756389041,3.7837606957439243,4.8608468811643055,4.570554614307831
3,nővérkém,nő,vér,kém,16.273588180541992,12.640289306640625,16.87579345703125,17.323198318481445,29.72722053527832,19.840171813964844,7.359554290771484,8,2,3,3,3.0153597554092144,4.919742107376001,4.302763708472981,3.63205216670581
3,emeleti,eme,le,ti,8.533493041992188,11.366451263427734,10.59213924407959,13.787941932678223,15.601155281066895,16.190092086791992,9.99288558959961,7,3,2,2,3.0149403497929366,3.3895204658463776,5.581152891966289,4.868462219808566
3,várhatok,vár,ha,tok,9.629167556762695,12.684011459350586,11.832426071166992,20.49785041809082,21.9860897064209,24.21436309814453,6.375128746032715,8,3,2,3,3.0149403497929366,4.507248513918786,6.17849550526079,2.8779469516291885
3,várhatok,vár,hat,ok,11.053503036499023,10.89404296875,12.136322021484375,20.49785041809082,20.714067459106445,22.20281219482422,8.994524955749512,8,3,3,2,3.0149403497929366,4.507248513918786,4.542788093450676,4.570554614307831
3,denevér,de,ne,vér,12.641356468200684,12.877710342407227,10.60198974609375,22.921281814575195,21.120189666748047,21.94361686706543,8.94295883178711,7,2,2,3,3.0145205387579237,6.256956950858988,5.978838538314173,4.302763708472981
3,választások,választ,ás,ok,16.88019561767578,17.11206817626953,11.295794486999512,8.38387680053711,22.93048095703125,23.332828521728516,7.338592052459717,11,7,2,2,3.0141003215196207,4.160618572399474,2.8651039746411278,4.570554614307831
3,tengeralattjáró,tenger,alatt,járó,12.867926597595215,12.559247016906738,12.285116195678711,21.180641174316406,21.557357788085938,20.984163284301758,9.477205276489258,15,6,5,4,3.012415374762433,3.673941998634088,5.000447093102919,3.470116353151004
3,tönkreteszed,tönkre,te,szed,21.548282623291016,17.061416625976562,18.63918685913086,10.018660545349121,29.656478881835938,22.389955520629883,4.570785999298096,12,6,2,4,3.0064660422492318,4.005395031886706,5.976474700373688,3.244771761495295
3,munkahelyén,munka,hely,én,17.07320785522461,15.582586288452148,10.905320167541504,13.66845703125,25.86761474609375,26.124317169189453,6.218745708465576,11,5,4,2,3.0060379549973173,4.675796665949183,4.7499989765583495,6.157086084559995
3,mindörökre,mind,örök,re,17.529903411865234,12.9345703125,15.35739517211914,25.189157485961914,14.781746864318848,26.205127716064453,6.3109235763549805,10,4,4,2,3.0043213737826426,4.963131168842824,3.7895807121644256,3.6036855496146996
3,sebességet,seb,ess,éget,11.492414474487305,11.344465255737305,9.76794719696045,20.454320907592773,22.89682388305664,22.14061737060547,8.812373161315918,10,3,3,4,3.003029470553618,3.670709595223797,3.188084373714938,3.0569048513364727
3,örökkévalóság,örökké,valós,ág,11.192586898803711,22.595325469970703,16.371889114379883,10.609374046325684,17.318878173828125,30.453907012939453,7.941883087158203,13,6,5,2,3.0025979807199086,4.162624140307846,3.5957166199434245,2.720159303405957
3,autóbaleset,autó,bal,eset,15.938446998596191,13.19482421875,15.364054679870605,17.60321617126465,29.21928596496582,20.860618591308594,6.938322067260742,11,4,3,4,2.9965116721541785,4.114010161703462,4.112739022360173,4.019822224167774
3,akármikor,akár,mi,kor,17.651840209960938,17.017433166503906,13.159287452697754,9.684427261352539,22.290775299072266,21.67235565185547,13.583757400512695,9,4,2,3,2.9934362304976116,4.639894693554849,6.162454474887796,3.4077307280263356
3,barátnők,bar,át,nők,9.351741790771484,16.716779708862305,15.87944507598877,26.05397605895996,25.828161239624023,14.587374687194824,8.307147026062012,8,3,2,3,2.989004615698537,2.998259338423699,5.1193482825304715,4.306274875109347
3,férfiként,fér,fi,ként,14.31536865234375,17.850650787353516,12.935407638549805,14.48599624633789,26.414377212524414,27.961767196655273,8.013154029846191,9,3,2,4,2.989004615698537,3.526597709103452,3.204662511748219,2.6665179805548807
3,jelenlétét,jelen,lé,tét,14.014501571655273,21.45345115661621,14.961255073547363,27.282861709594727,25.288410186767578,15.579710960388184,10.321330070495605,10,5,2,3,2.9885589568786157,4.004192356259714,2.781755374652469,3.428620672671939
3,emlékeztess,emlék,ezt,ess,13.340819358825684,22.5360164642334,15.057181358337402,12.92441463470459,20.72275733947754,31.03641700744629,7.624514579772949,11,5,3,3,2.9872192299080047,3.4316853446860116,5.93531677937607,3.188084373714938
3,próbáljátok,próbálj,át,ok,26.67760467529297,27.764528274536133,10.321622848510742,5.820613861083984,30.036720275878906,30.901212692260742,6.195578575134277,11,7,2,2,2.9872192299080047,3.9252089214120036,5.1193482825304715,4.570554614307831
3,haladok,hal,ad,ok,9.544611930847168,11.287003517150879,10.674763679504395,21.720504760742188,21.537153244018555,22.221012115478516,10.424196243286133,7,3,2,2,2.9845273133437926,4.108158951256403,4.265996370495079,4.570554614307831
3,gondoljatok,gondol,ja,tok,21.19542694091797,24.315351486206055,11.181563377380371,10.258374214172363,28.76473045349121,31.592119216918945,4.339099407196045,11,6,2,3,2.9827233876685453,4.384335489934284,5.05815640487046,2.8779469516291885
3,műveleti,mű,vele,ti,12.0696439743042,17.47675323486328,16.90943717956543,14.117380142211914,17.91368865966797,28.183176040649414,7.565703868865967,8,2,4,2,2.9804578922761,2.9175055095525466,5.376242896297409,4.868462219808566
3,műveleti,műve,le,ti,25.22501564025879,24.50160789489746,10.59213924407959,6.117648124694824,29.0333251953125,28.183176040649414,5.675618648529053,8,4,2,2,2.9804578922761,3.529173603261723,5.581152891966289,4.868462219808566
3,helyezte,hely,ez,te,11.720422744750977,11.478193283081055,10.779348373413086,20.562328338623047,22.922300338745117,22.99767303466797,5.585926532745361,8,4,2,2,2.979092900638326,4.7499989765583495,6.333684409097302,5.976474700373688
3,tiszteletreméltó,tisztelet,remél,tó,17.238666534423828,15.617627143859863,13.204201698303223,11.014431953430176,24.62123680114746,24.50322151184082,5.74213981628418,16,9,5,2,2.974971994298069,3.3234583668494677,2.376576957056512,3.4243915544102776
3,állhatok,áll,ha,tok,11.573970794677734,13.735230445861816,11.832426071166992,21.013931274414062,22.196189880371094,24.15064811706543,6.326839447021484,8,3,2,3,2.9722028383790646,4.910149302250238,6.17849550526079,2.8779469516291885
3,állhatok,áll,hat,ok,12.178682327270508,12.966470718383789,12.136322021484375,21.013931274414062,21.019691467285156,22.359275817871094,5.939164161682129,8,3,3,2,2.9722028383790646,4.910149302250238,4.542788093450676,4.570554614307831
3,eszelős,esz,el,ős,14.038531303405762,10.923351287841797,13.489280700683594,21.526037216186523,23.62708282470703,21.250391006469727,12.811863899230957,7,3,2,2,2.971739590887778,2.406540180433955,6.021003960549296,2.593286067020457
3,haladás,hal,ad,ás,9.544611930847168,11.83521842956543,10.957392692565918,14.27795124053955,14.31592845916748,16.498979568481445,11.743369102478027,7,3,2,2,2.9694159123539814,4.108158951256403,4.265996370495079,2.8651039746411278
3,ügyvédre,ügy,véd,re,16.484783172607422,16.709121704101562,11.403084754943848,13.95125961303711,25.429386138916016,26.88759422302246,5.568492412567139,8,3,3,2,2.9684829485539352,4.5233562066547925,3.0610753236297916,3.6036855496146996
3,ugyanolyanok,ugyan,olyan,ok,10.162369728088379,16.676414489746094,16.327308654785156,17.40622901916504,19.915502548217773,30.980270385742188,8.827696800231934,12,5,5,2,2.9684829485539352,4.824125833916549,5.633425023959779,4.570554614307831
3,kérdeztél,kérd,ez,tél,23.187114715576172,14.134142875671387,15.855544090270996,13.701391220092773,32.038330078125,22.18970489501953,9.827448844909668,9,4,2,3,2.966610986681934,3.449324093098727,6.333684409097302,3.3209766773428235
3,kérdeztél,kérd,ezt,él,13.879413604736328,23.54776954650879,15.625012397766113,13.701391220092773,21.858726501464844,32.30192947387695,11.11153793334961,9,4,3,2,2.966610986681934,3.449324093098727,5.93531677937607,4.520928734708947
3,hónapokkal,hó,nap,okkal,16.499286651611328,16.39388656616211,10.0441312789917,16.873445510864258,26.43351173400879,26.807199478149414,9.510156631469727,10,2,3,5,2.9647309210536292,3.7712199019495336,5.132003392986632,3.5456781497920256
3,szolgálhatok,szolgál,ha,tok,22.727235794067383,23.990100860595703,11.832426071166992,9.054526329040527,29.86095428466797,30.9356746673584,5.399829864501953,12,7,2,3,2.964259630196849,3.511214701136388,6.17849550526079,2.8779469516291885
3,szolgálhatok,szolgál,hat,ok,21.573246002197266,22.548471450805664,12.136322021484375,9.054526329040527,28.614723205566406,29.804765701293945,6.900264263153076,12,7,3,2,2.964259630196849,3.511214701136388,4.542788093450676,4.570554614307831
3,végezzen,vég,ez,zen,10.777746200561523,11.261951446533203,9.711639404296875,21.38818359375,23.097436904907227,22.359180450439453,9.612286567687988,8,3,2,3,2.963787827345555,3.5085297189712867,6.333684409097302,2.8721562727482928
3,látnotok,lát,no,tok,16.067319869995117,17.57386589050293,11.568032264709473,15.093912124633789,27.08135414123535,28.568988800048828,10.236815452575684,8,3,2,3,2.957607287060095,4.081599312732936,4.162982370585433,2.8779469516291885
3,évszázad,év,száz,ad,18.10271453857422,11.208003997802734,17.921751022338867,25.862659454345703,15.23021411895752,27.16442108154297,12.82491683959961,8,2,4,2,2.957128197676813,4.615886953443552,4.09631897051261,4.265996370495079
3,létrehozott,lét,re,hozott,16.16950225830078,12.708958625793457,16.20383071899414,18.17084503173828,30.230175018310547,20.33954429626465,7.558975696563721,11,3,2,6,2.9566485792052033,3.0253058652647704,3.6036855496146996,4.336759833698248
3,csináltátok,csinált,át,ok,22.66904067993164,23.72475242614746,10.321622848510742,9.491423606872559,28.04248809814453,29.185688018798828,8.477367401123047,11,7,2,2,2.9537596917332287,4.358505911490235,5.1193482825304715,4.570554614307831
3,tisztesség,tiszt,ess,ég,16.875558853149414,17.686485290527344,10.510143280029297,8.218646049499512,22.706100463867188,23.273075103759766,7.704193115234375,10,5,3,2,2.952792443044092,3.752202153176521,3.188084373714938,4.60959440922522
3,ismertél,is,mer,tél,11.09057903289795,16.34916114807129,16.621274948120117,22.66214942932129,22.564281463623047,11.733906745910645,9.3358154296875,8,2,3,3,2.951823035315912,6.274002353245673,3.678154038010437,3.3209766773428235
3,ismertél,is,mert,él,9.077916145324707,9.562719345092773,8.358573913574219,22.66214942932129,21.953563690185547,23.050052642822266,7.69133186340332,8,2,4,2,2.951823035315912,6.274002353245673,5.682616134161143,4.520928734708947
3,rávette,rá,vet,te,10.269776344299316,10.028425216674805,9.827777862548828,13.185700416564941,13.468902587890625,15.46035385131836,9.632730484008789,7,2,3,2,2.951823035315912,5.3862920244277,3.3602146132953523,5.976474700373688
3,mutassátok,mutass,át,ok,14.307585716247559,16.093229293823242,10.321622848510742,16.773332595825195,26.96958351135254,28.118133544921875,10.49150276184082,10,6,2,2,2.951337518795918,3.4032921451582543,5.1193482825304715,4.570554614307831
3,repülőtér,repül,őt,ér,15.694040298461914,17.15488052368164,10.247479438781738,13.573760986328125,25.19763946533203,26.731948852539062,8.52587890625,9,5,2,2,2.9508514588885464,3.5402042998420598,5.215082115013175,4.4348402532975735
3,testvériség,testvér,is,ég,16.521102905273438,16.858482360839844,11.014361381530762,8.551762580871582,22.204490661621094,22.420595169067383,6.577373027801514,11,7,2,2,2.949390006644913,4.143982292223977,6.274002353245673,4.60959440922522
3,rendőrbíró,rend,őr,bíró,10.771529197692871,18.090167999267578,16.626441955566406,29.33454704284668,30.637195587158203,22.118656158447266,7.173559665679932,10,4,2,4,2.9469432706978256,3.4260230156898763,3.721068301797159,4.289967791686734
3,bölcsesség,bölcs,ess,ég,24.051542282104492,23.812820434570312,10.510143280029297,6.193767547607422,28.25154685974121,28.061017990112305,6.001814842224121,10,5,3,2,2.9459607035775686,3.7323133274712426,3.188084373714938,4.60959440922522
3,unokatesóm,un,oka,tesóm,10.549087524414062,16.20294761657715,15.18722152709961,26.317686080932617,25.521284103393555,17.073463439941406,8.762308120727539,10,2,3,5,2.94546858513182,2.926342446625655,4.373316665173873,2.9951962915971793
3,középre,köz,ép,re,8.392194747924805,9.730568885803223,9.981184959411621,20.56427764892578,20.323904037475586,21.13446044921875,8.25650405883789,7,3,2,2,2.9425041061680806,2.6473829701146196,3.2219355998280053,3.6036855496146996
3,középkorú,köz,ép,korú,8.392194747924805,17.412221908569336,16.798431396484375,25.158723831176758,24.774259567260742,13.666064262390137,8.18036937713623,9,3,2,4,2.941511432634403,2.6473829701146196,3.2219355998280053,2.8048206787211623
3,barátokkal,bar,át,okkal,9.351741790771484,8.346078872680664,8.146925926208496,20.930755615234375,21.029552459716797,20.992502212524414,10.146655082702637,10,3,2,5,2.9400181550076634,2.998259338423699,5.1193482825304715,3.5456781497920256
3,főszereplő,fő,szerep,lő,17.09719467163086,15.587352752685547,12.297428131103516,20.519447326660156,12.580621719360352,19.695907592773438,10.00218677520752,10,2,6,2,2.937517892017347,4.014772474073064,3.182984967003582,3.3230457354817013
3,vezetőség,vezet,ős,ég,9.768057823181152,9.875067710876465,11.222471237182617,13.303075790405273,16.241334915161133,16.635723114013672,13.366494178771973,9,5,2,2,2.9355072658247128,4.129303107716051,2.593286067020457,4.60959440922522
3,titoktartás,ti,tok,tartás,13.649656295776367,18.920440673828125,20.294734954833984,26.226701736450195,27.000288009643555,14.297396659851074,10.86475658416748,11,2,3,6,2.9334872878487053,4.868462219808566,2.8779469516291885,2.5352941200427703
3,titoktartás,titok,tart,ás,13.766105651855469,15.741597175598145,11.647248268127441,16.30707359313965,25.091415405273438,26.040477752685547,8.957083702087402,11,5,4,2,2.9334872878487053,3.814713612695977,4.57142930306149,2.8651039746411278
3,középkori,köz,ép,kori,8.392194747924805,18.25961685180664,17.472774505615234,25.100543975830078,24.652027130126953,15.208922386169434,8.914645195007324,9,3,2,4,2.931966114728173,2.6473829701146196,3.2219355998280053,2.4668676203541096
3,társasága,tár,sas,ága,16.32683563232422,15.792725563049316,11.026151657104492,15.346447944641113,25.59374237060547,25.030961990356445,10.874768257141113,9,3,3,3,2.929929560084588,2.645422269349092,3.2581581933407944,2.376576957056512
3,társasága,társ,as,ága,16.04662322998047,15.511110305786133,8.605631828308105,13.431939125061035,26.16851043701172,25.030961990356445,7.42079496383667,9,4,2,3,2.929929560084588,3.1925674533365456,3.118595365223762,2.376576957056512
3,engedélyezte,engedély,ez,te,16.910335540771484,16.392671585083008,10.779348373413086,11.759308815002441,25.638315200805664,25.400497436523438,5.880361080169678,12,8,2,2,2.9258275746247424,3.727622577969137,6.333684409097302,5.976474700373688
3,fejvadász,fej,vad,ász,16.917926788330078,19.892229080200195,16.546131134033203,13.814252853393555,27.415300369262695,28.178335189819336,6.501799583435059,9,3,3,3,2.9258275746247424,3.8232133132826673,3.7683420586445333,3.220631019448092
3,hazajöttél,haza,jött,él,9.52057933807373,18.107860565185547,15.451774597167969,14.654958724975586,15.082162857055664,27.091127395629883,9.639313697814941,10,4,4,2,2.9242792860618816,4.848145993412557,4.888151401516756,4.520928734708947
3,magazint,ma,gaz,int,11.008411407470703,10.624137878417969,11.625286102294922,21.463645935058594,22.649354934692383,21.874540328979492,9.280552864074707,8,2,3,3,2.9242792860618816,5.35603733619072,2.754348335711019,2.4785664955938436
3,magazint,mag,az,int,13.13166332244873,11.436162948608398,11.919548988342285,21.039888381958008,21.5986270904541,21.874540328979492,8.227405548095703,8,3,2,3,2.9242792860618816,3.1755118133634475,6.741609849017849,2.4785664955938436
3,unokahúga,un,oka,húga,10.549087524414062,23.127927780151367,21.83294105529785,28.774139404296875,28.019577026367188,10.597271919250488,6.240026950836182,9,2,3,4,2.9222062774390163,2.926342446625655,4.373316665173873,3.568201724066995
3,észreveszi,ész,re,veszi,10.576953887939453,17.614147186279297,18.200149536132812,26.610675811767578,27.66657066345215,15.946675300598145,6.517050266265869,10,3,2,5,2.9206450014067875,3.3012470886362113,3.6036855496146996,4.175656747281663
3,tökéletesnek,tök,élet,esnek,10.494245529174805,9.993870735168457,11.080341339111328,18.006183624267578,19.458982467651367,19.484302520751953,8.564615249633789,12,3,4,5,2.9175055095525466,4.175047699526168,4.5972453046650035,3.089198366805149
3,esküvőjére,esküvő,jé,re,26.562376022338867,26.830284118652344,12.59338665008545,7.181263446807861,31.978910446166992,32.3610725402832,6.220695972442627,10,6,2,2,2.9148718175400505,3.8700525816935447,2.930949031167523,3.6036855496146996
3,ügyvédnő,ügy,véd,nő,16.484783172607422,11.950247764587402,17.215898513793945,18.421175003051758,29.95439910888672,20.35001564025879,9.855854034423828,8,3,3,2,2.9148718175400505,4.5233562066547925,3.0610753236297916,4.919742107376001
3,fedezte,fed,ez,te,10.597304344177246,10.291953086853027,10.779348373413086,21.331741333007812,21.200490951538086,21.427515029907227,8.555882453918457,7,3,2,2,2.9148718175400505,2.5289167002776547,6.333684409097302,5.976474700373688
3,szeretetre,szer,etet,re,9.187568664550781,10.863202095031738,9.987947463989258,20.910778045654297,22.255657196044922,22.615371704101562,9.450511932373047,10,4,4,2,2.9143431571194407,3.13481437032046,2.45178643552429,3.6036855496146996
3,művészetet,mű,vész,etet,9.948336601257324,16.628252029418945,15.693926811218262,18.47088050842285,19.690547943115234,32.07106018066406,7.555189609527588,10,2,4,4,2.9132839017604186,2.9175055095525466,3.2860071220794747,2.45178643552429
3,tizenhét,ti,zen,hét,12.505763053894043,17.613222122192383,17.424972534179688,25.6053524017334,24.581018447875977,15.27558708190918,10.073758125305176,8,2,3,3,2.912753303671323,4.868462219808566,2.8721562727482928,4.561661786781147
3,repülőtérre,repülő,tér,re,11.083237648010254,14.80587387084961,16.126035690307617,17.602144241333008,18.39763641357422,28.07312774658203,11.365099906921387,11,6,3,2,2.9111576087399764,3.7233735670189843,3.7175872968554606,3.6036855496146996
3,repülőtérre,repülőt,ér,re,22.745532989501953,21.479198455810547,8.686530113220215,9.962056159973145,29.0286865234375,28.07312774658203,8.085301399230957,11,7,2,2,2.9111576087399764,3.203304916138483,4.4348402532975735,3.6036855496146996
3,kötöttél,köt,öt,tél,15.410992622375488,10.184935569763184,15.703301429748535,13.889410972595215,25.629436492919922,15.748453140258789,6.021182537078857,8,3,2,3,2.907411360774586,3.3575537197430814,4.697708720591836,3.3209766773428235
3,sikerüljön,siker,ül,jön,17.033952713012695,9.148137092590332,16.460542678833008,17.7388973236084,30.853290557861328,19.281089782714844,4.829431056976318,10,5,2,3,2.90687353472207,3.517591730711908,4.029221394253928,4.970137583284107
3,sikerüljön,siker,ülj,ön,11.899620056152344,15.03997802734375,17.322471618652344,17.7388973236084,19.240591049194336,30.21552848815918,5.1868133544921875,10,5,3,2,2.90687353472207,3.517591730711908,4.36150118846166,5.066888466169809
3,érdekelsz,ér,de,kelsz,12.92025089263916,24.144330978393555,25.37491798400879,26.33545684814453,28.15240478515625,10.115488052368164,9.119623184204102,9,2,2,5,2.906335041805091,4.4348402532975735,6.256956950858988,2.6020599913279625
3,barátokra,bar,át,okra,9.351741790771484,9.185052871704102,8.523098945617676,21.30670928955078,21.170326232910156,21.173551559448242,9.165270805358887,9,3,2,4,2.9041743682841634,2.998259338423699,5.1193482825304715,2.374748346010104
3,úgyszintén,úgy,szint,én,13.264524459838867,16.50666618347168,15.130086898803711,19.07377815246582,17.90580940246582,29.22699737548828,10.036576271057129,10,3,5,2,2.9030899869919438,5.821846818118055,3.524266268766979,6.157086084559995
3,hívások,hív,ás,ok,17.961153030395508,17.34813690185547,11.295794486999512,8.993664741516113,23.022058486938477,22.870845794677734,8.935118675231934,7,3,2,2,2.902546779313991,3.9635989625972416,2.8651039746411278,4.570554614307831
3,harapás,ha,rap,ás,12.220098495483398,11.855935096740723,12.72856616973877,14.849440574645996,15.148698806762695,15.337470054626465,13.250807762145996,7,2,3,2,2.8992731873176036,6.17849550526079,2.6884198220027105,2.8651039746411278
3,szervezte,szerv,ez,te,16.03523063659668,16.562719345092773,10.779348373413086,12.408933639526367,23.14849090576172,23.09357452392578,9.931123733520508,9,5,2,2,2.8976270912904414,2.8887409606828927,6.333684409097302,5.976474700373688
3,érdemelte,érd,emel,te,15.398193359375,15.999536514282227,9.923205375671387,10.598930358886719,21.557376861572266,21.79180145263672,11.565455436706543,9,3,4,2,2.8943160626844384,2.6655809910179533,2.90848501887865,5.976474700373688
3,érdemelte,érdem,el,te,18.452157974243164,16.454235076904297,12.619887351989746,8.386201858520508,23.933530807495117,21.79180145263672,8.138437271118164,9,5,2,2,2.8943160626844384,2.561101383649056,6.021003960549296,5.976474700373688
3,képességek,kép,ess,égek,17.370811462402344,15.432353019714355,10.069150924682617,14.092504501342773,28.946151733398438,26.969533920288086,7.763667106628418,10,3,3,4,2.8937617620579434,4.074852995881248,3.188084373714938,2.6875289612146345
3,egyvalamit,egy,vala,mit,15.038711547851562,15.46890926361084,10.469826698303223,21.585857391357422,22.098825454711914,23.43753433227539,9.223630905151367,10,3,4,3,2.8915374576725643,6.513669111473827,2.859138297294531,5.950237760826466
3,házaspár,ház,as,pár,8.949583053588867,17.50699234008789,17.353107452392578,20.79068374633789,21.90696144104004,13.400118827819824,8.697208404541016,8,3,2,3,2.8898617212581885,4.429510040813138,3.118595365223762,5.108053987458902
3,hálaadáskor,hála,adás,kor,17.401460647583008,18.445636749267578,11.338796615600586,13.45590877532959,26.61836814880371,27.622909545898438,7.038537502288818,11,4,4,3,2.8887409606828927,4.280031744138702,3.2638726768652235,3.4077307280263356
3,maradhatnak,mar,ad,hatnak,11.455500602722168,16.921367645263672,16.92693328857422,20.706796646118164,21.997821807861328,11.22529125213623,9.010699272155762,11,3,2,6,2.888179493918325,3.1245042248342823,4.265996370495079,2.8228216453031045
3,rendőrökkel,rend,őrök,kel,17.553625106811523,11.516583442687988,16.07853889465332,26.063302993774414,16.41349220275879,27.213088989257812,8.665865898132324,11,4,4,3,2.887617300335736,3.4260230156898763,3.5781806096277777,3.4756711883244296
3,szabadjára,szab,adj,ára,15.69412899017334,17.575044631958008,13.27762508392334,14.453057289123535,26.66214370727539,26.496274948120117,8.161243438720703,10,4,3,3,2.886490725172482,2.383815365980431,4.430478187932044,3.7218106152125467
3,források,forr,ás,ok,16.723005294799805,16.461347579956055,11.295794486999512,6.659928798675537,16.461483001708984,16.435457229614258,14.203534126281738,8,4,2,2,2.8836614351536176,2.6464037262230695,2.8651039746411278,4.570554614307831
3,valamennyire,vala,mennyi,re,16.34415054321289,11.2173490524292,17.61958122253418,27.08030891418457,17.669601440429688,28.057222366333008,7.372683048248291,12,4,6,2,2.8825245379548803,2.859138297294531,4.644596128050106,3.6036855496146996
3,telefonhívás,telefon,hív,ás,16.05167007446289,13.917211532592773,17.961153030395508,25.36328887939453,16.634262084960938,28.218544006347656,5.744479179382324,12,7,3,2,2.8819549713396007,4.016824493667488,3.9635989625972416,2.8651039746411278
3,hírességek,hír,ess,égek,17.996519088745117,17.30411720275879,10.069150924682617,15.811484336853027,27.00734519958496,25.742387771606445,8.812448501586914,10,3,3,4,2.88024177589548,4.345314905652313,3.188084373714938,2.6875289612146345
3,emlékeztető,emlék,ez,tető,22.229522705078125,14.009197235107422,16.382097244262695,12.706612586975098,30.971946716308594,21.544477462768555,7.157874584197998,11,5,2,4,2.8796692056320534,3.4316853446860116,6.333684409097302,3.2550311633455515
3,tizenhárom,ti,zen,három,12.505763053894043,19.16675567626953,19.0275936126709,26.53251838684082,25.53404426574707,16.076515197753906,10.830039024353027,10,2,3,5,2.8790958795000727,4.868462219808566,2.8721562727482928,4.981356442293256
3,tizennégy,ti,zen,négy,12.505763053894043,18.975894927978516,17.10881233215332,29.994590759277344,29.048276901245117,20.358112335205078,13.320276260375977,9,2,3,4,2.8790958795000727,4.868462219808566,2.8721562727482928,4.631230628305685
3,bármerre,bár,mer,re,18.261598587036133,17.357492446899414,9.750327110290527,10.37559700012207,21.120676040649414,20.93844223022461,11.541219711303711,8,3,3,2,2.8785217955012063,4.661964047212368,3.678154038010437,3.6036855496146996
3,érzékelők,érzék,el,ők,24.128942489624023,21.85194206237793,12.411972999572754,10.120694160461426,27.4776554107666,25.61726188659668,12.714831352233887,9,5,2,2,2.8750612633917,2.574031267727719,6.021003960549296,4.923886175096466
3,tárgyalások,tárgy,alá,sok,23.609304428100586,14.641792297363281,16.930147171020508,9.739784240722656,31.550613403320312,20.74909019470215,4.563534736633301,11,5,3,3,2.8709888137605755,3.461798557525109,4.51079961442428,5.299768711919799
3,tárgyalások,tárgyal,ás,ok,26.78688621520996,27.227426528930664,11.295794486999512,4.997827529907227,30.187217712402344,30.6966495513916,5.195797443389893,11,7,2,2,2.8709888137605755,2.829303772831025,2.8651039746411278,4.570554614307831
3,valamerre,vala,mer,re,11.387319564819336,11.2173490524292,9.750327110290527,21.417037963867188,22.578651428222656,22.293838500976562,8.370356559753418,9,4,3,2,2.8709888137605755,2.859138297294531,3.678154038010437,3.6036855496146996
3,éjjelén,éj,jel,én,14.601001739501953,14.63224983215332,7.759982109069824,13.816301345825195,24.949445724487305,25.33864402770996,5.474335193634033,7,2,3,2,2.870403905279027,3.3153404766272883,3.9860099318532614,6.157086084559995
3,családtagok,család,tag,ok,23.403738021850586,24.52128028869629,10.330081939697266,9.858057975769043,30.839317321777344,31.731653213500977,5.361225128173828,11,6,3,2,2.869818207979328,4.438146636246748,3.6240757311456826,4.570554614307831
3,védelmező,véd,el,mező,13.517757415771484,19.984846115112305,22.37622833251953,25.790098190307617,29.08106803894043,15.236059188842773,7.217711448669434,9,3,2,4,2.8692317197309762,3.0610753236297916,6.021003960549296,3.170848203643309
3,közrendőr,köz,rend,őr,10.524627685546875,9.140327453613281,10.771529197692871,21.051551818847656,21.140077590942383,22.029197692871094,11.39267349243164,9,3,4,2,2.8686444383948255,2.6473829701146196,3.4260230156898763,3.721068301797159
3,mozogjatok,mozog,ja,tok,14.417335510253906,16.874996185302734,11.181563377380371,13.550395011901855,24.9357967376709,27.494888305664062,9.368326187133789,10,5,2,3,2.8674674878590514,3.6588695922019623,5.05815640487046,2.8779469516291885
3,olyasvalakit,oly,as,valakit,11.055100440979004,18.8952693939209,16.811851501464844,26.808069229125977,26.330114364624023,13.514779090881348,5.44929838180542,12,3,2,7,2.866877814337499,4.061942292028086,3.118595365223762,4.6956217488932515
3,karkötőt,kar,köt,őt,14.936307907104492,10.754658699035645,15.060521125793457,24.210296630859375,14.886584281921387,26.15169334411621,6.951437950134277,8,3,3,2,2.8656960599160706,3.2909245593827543,3.3575537197430814,5.215082115013175
3,barátnőt,bar,át,nőt,9.351741790771484,17.57084083557129,16.650184631347656,26.082786560058594,25.80173683166504,15.05163288116455,8.632989883422852,8,3,2,3,2.8656960599160706,2.998259338423699,5.1193482825304715,4.338217366601095
3,barátnőjének,barát,nőj,ének,14.270208358764648,15.924099922180176,21.5132999420166,21.323970794677734,15.369063377380371,32.48265838623047,7.993133544921875,12,5,3,4,2.8651039746411278,4.12671570368574,2.9020028913507296,2.9380190974762104
3,szabadúszó,szab,ad,úszó,14.832571029663086,12.417288780212402,22.028316497802734,18.219209671020508,30.01593589782715,12.133817672729492,7.493034362792969,10,4,2,4,2.8627275283179747,2.383815365980431,4.265996370495079,2.9960736544852753
3,fejezetet,fej,ez,etet,16.296079635620117,16.265565872192383,9.582464218139648,13.23558235168457,25.473278045654297,25.482952117919922,7.054299831390381,9,3,2,4,2.862131379313037,3.8232133132826673,6.333684409097302,2.45178643552429
3,emberrabló,ember,rab,ló,10.994162559509277,9.540884017944336,9.693896293640137,25.006515502929688,25.09461784362793,25.49276351928711,8.105901718139648,10,5,3,2,2.8609366207000937,5.316075234838397,3.2643455070500926,3.8073320392911905
3,induljatok,indul,ja,tok,10.319561004638672,13.099790573120117,11.181563377380371,20.042795181274414,20.560102462768555,23.55429458618164,7.659739017486572,10,5,2,3,2.857935264719429,4.05922251252969,5.05815640487046,2.8779469516291885
3,szembeszállni,szem,be,szállni,16.591705322265625,12.594829559326172,24.245147705078125,18.515106201171875,31.37023162841797,10.362016677856445,8.085258483886719,13,4,2,7,2.8567288903828825,3.861295393526696,5.611719060607776,3.628695382714023
3,tizenkettő,ti,zen,kettő,12.505763053894043,24.557390213012695,23.962169647216797,30.276552200317383,29.18354034423828,11.21564769744873,9.254433631896973,10,2,3,5,2.8555191556678,4.868462219808566,2.8721562727482928,4.4976344586072825
3,mennyiség,menny,is,ég,17.37047004699707,17.936880111694336,11.014361381530762,9.141168594360352,23.689102172851562,24.089113235473633,7.207099914550781,9,5,2,2,2.8512583487190755,3.11293997608408,6.274002353245673,4.60959440922522
3,tudnotok,tud,no,tok,15.175653457641602,16.89978790283203,11.568032264709473,13.867632865905762,26.107635498046875,27.799732208251953,6.498307704925537,8,3,2,3,2.850033257689769,4.9824657172231515,4.162982370585433,2.8779469516291885
3,egyhamar,egy,ha,mar,15.022078514099121,15.487471580505371,11.813581466674805,21.946325302124023,23.75224494934082,22.16058349609375,7.201529026031494,8,3,2,3,2.850033257689769,6.513669111473827,6.17849550526079,3.1245042248342823
3,tizennyolc,ti,zen,nyolc,12.505763053894043,20.35938262939453,18.778396606445312,26.542503356933594,25.43941879272461,19.035348892211914,9.473749160766602,10,2,3,5,2.850033257689769,4.868462219808566,2.8721562727482928,4.172369376763842
3,szervezetet,szerv,ez,etet,16.03523063659668,16.172452926635742,9.582464218139648,11.681516647338867,22.94137954711914,23.04916000366211,10.66375732421875,11,5,2,4,2.850033257689769,2.8887409606828927,6.333684409097302,2.45178643552429
3,szárazföldön,száraz,föld,ön,14.310908317565918,23.42817497253418,15.603507995605469,11.91751766204834,21.703824996948242,32.875057220458984,4.464517593383789,12,6,4,2,2.8494194137968996,3.5678494505731067,4.316766870141431,5.066888466169809
3,sógorom,só,go,rom,16.41169548034668,15.953062057495117,12.704672813415527,17.39942169189453,26.942075729370117,27.172212600708008,11.959437370300293,7,2,2,3,2.846955325019824,3.205745540942662,3.709778601848225,2.6541765418779604
3,hozzászokni,hozz,ás,zokni,17.615222930908203,10.363102912902832,16.637704849243164,18.180940628051758,30.436677932739258,19.37054443359375,9.74130630493164,11,4,2,5,2.8457180179666586,3.9587071910872846,2.8651039746411278,3.010723865391773
3,hordozható,hordoz,ha,tó,22.588321685791016,14.08071517944336,15.342690467834473,6.211546897888184,26.91442108154297,17.333314895629883,6.646319389343262,10,6,2,2,2.8444771757456815,2.6344772701607315,6.17849550526079,3.4243915544102776
3,kétségbeesés,kétség,be,esés,17.49972152709961,12.172697067260742,16.300125122070312,14.57540225982666,29.080623626708984,19.46119499206543,7.147279262542725,12,6,2,4,2.843855422623161,3.5220528008688223,5.611719060607776,2.833784374656479
3,hírnevet,hír,ne,vet,17.079059600830078,15.908228874206543,10.807351112365723,13.924718856811523,26.404809951782227,25.25858497619629,4.605889797210693,8,3,2,3,2.8419848045901137,4.345314905652313,5.978838538314173,3.3602146132953523
3,állítottad,állít,ott,ad,14.852319717407227,15.097841262817383,9.695343971252441,11.273683547973633,22.236839294433594,22.0166072845459,9.902745246887207,10,5,3,2,2.8407332346118066,3.243286146083446,5.565865520533478,4.265996370495079
3,ugyanazért,ugyan,az,ért,17.143938064575195,17.74361801147461,12.93533992767334,13.399499893188477,26.274898529052734,27.85280418395996,7.715900897979736,10,5,2,3,2.8394780473741985,4.824125833916549,6.741609849017849,4.410439786210347
3,töltöttél,tölt,öt,tél,15.931475639343262,8.229994773864746,15.703301429748535,13.65153980255127,25.744800567626953,15.015416145324707,6.767353534698486,9,4,2,3,2.838849090737255,3.465680211598278,4.697708720591836,3.3209766773428235
3,minőség,mi,nős,ég,16.60962677001953,12.378496170043945,17.357152938842773,16.026683807373047,13.331900596618652,18.86908721923828,17.606334686279297,7,2,3,2,2.8382192219076257,6.162454474887796,3.5486350598147514,4.60959440922522
3,minőség,min,ős,ég,13.605191230773926,14.134688377380371,11.222471237182617,14.806907653808594,18.248088836669922,18.86908721923828,14.903006553649902,7,3,2,2,2.8382192219076257,4.121494186241665,2.593286067020457,4.60959440922522
3,nyomkövetőt,nyom,követ,őt,13.545757293701172,17.376928329467773,15.877758026123047,18.50812339782715,17.295093536376953,29.8177490234375,7.991805076599121,11,4,5,2,2.8363241157067516,3.7712934426290596,3.9169274661129925,5.215082115013175
3,mindenemet,min,de,nemet,15.352209091186523,18.214317321777344,18.487316131591797,24.396841049194336,24.853992462158203,12.250157356262207,11.542901992797852,10,3,2,5,2.8356905714924254,4.121494186241665,6.256956950858988,4.025346834509827
3,helyszínelő,hely,színe,lő,21.598026275634766,15.54025936126709,12.551260948181152,28.518102645874023,13.19111442565918,19.480031967163086,10.102621078491211,11,4,5,2,2.833784374656479,4.7499989765583495,3.4929000111087034,3.3230457354817013
3,érdekeljen,ér,de,keljen,12.92025089263916,16.191322326660156,17.889455795288086,26.516183853149414,28.249839782714844,14.7503080368042,7.203265190124512,10,2,2,6,2.8312296938670634,4.4348402532975735,6.256956950858988,3.082066934285113
3,érdekeljen,érdek,el,jen,18.01313591003418,15.761239051818848,13.629950523376465,15.478577613830566,28.62835693359375,26.037050247192383,8.31132698059082,10,5,2,3,2.8312296938670634,2.383815365980431,6.021003960549296,3.5240064455573727
3,érintette,ér,int,ette,11.222932815551758,10.244756698608398,8.508952140808105,21.752717971801758,21.880041122436523,21.942203521728516,8.544962882995605,9,2,3,4,2.828015064223977,4.4348402532975735,2.4785664955938436,2.9014583213961123
3,bocsátok,bocs,át,ok,17.253076553344727,17.08167266845703,10.321622848510742,12.083670616149902,21.346582412719727,22.056882858276367,9.579244613647461,8,4,2,2,2.826722520168992,4.582574665258312,5.1193482825304715,4.570554614307831
3,döntésre,dönt,és,re,16.5463809967041,16.992765426635742,9.258041381835938,8.732379913330078,21.964218139648438,22.398099899291992,8.055902481079102,8,4,2,2,2.826722520168992,3.5851221863068155,6.556241936591766,3.6036855496146996
3,mozduljatok,mozdul,ja,tok,21.587696075439453,24.34901237487793,11.181563377380371,9.279670715332031,28.869569778442383,31.304283142089844,5.0986480712890625,11,6,2,3,2.824125833916549,3.2402995820027125,5.05815640487046,2.8779469516291885
3,férfihoz,fér,fi,hoz,14.31536865234375,14.571661949157715,9.681196212768555,14.54226303100586,26.53029441833496,26.105737686157227,8.29504680633545,8,3,2,3,2.823474229170301,3.526597709103452,3.204662511748219,4.024772913079632
3,kapcsoljátok,kapcsolj,át,ok,26.702407836914062,27.502872467041016,10.321622848510742,6.849400997161865,29.410367965698242,30.274343490600586,7.676454067230225,12,8,2,2,2.823474229170301,2.8721562727482928,5.1193482825304715,4.570554614307831
3,ránézésre,rá,nézés,re,16.8405704498291,8.330560684204102,17.311513900756836,26.261728286743164,17.3375244140625,27.014942169189453,7.43310022354126,9,2,5,2,2.8228216453031045,5.3862920244277,2.7708520116421442,3.6036855496146996
3,ránézésre,ránéz,és,re,15.712218284606934,16.556350708007812,9.258041381835938,13.653159141540527,26.61532974243164,27.014942169189453,7.623972415924072,9,5,2,2,2.8228216453031045,2.6434526764861874,6.556241936591766,3.6036855496146996
3,vállalatok,válla,la,tok,15.406739234924316,19.475738525390625,12.595745086669922,13.325181007385254,26.012353897094727,28.334489822387695,7.057403087615967,10,5,2,3,2.8228216453031045,2.7505083948513462,3.957415714722669,2.8779469516291885
3,hazaértél,haza,ér,tél,18.83194923400879,10.832501411437988,16.953088760375977,12.680971145629883,27.653282165527344,16.233768463134766,6.513878345489502,9,4,2,3,2.8221680793680175,4.848145993412557,4.4348402532975735,3.3209766773428235
3,hazaértél,haza,ért,él,18.338685989379883,18.107860565185547,10.30538272857666,12.680971145629883,26.7348690032959,27.333818435668945,8.049607276916504,9,4,3,2,2.8221680793680175,4.848145993412557,4.410439786210347,4.520928734708947
3,fiaddal,fi,ad,dal,9.660177230834961,10.216778755187988,7.946461200714111,21.02330780029297,20.685623168945312,21.0799560546875,7.665369510650635,7,2,2,3,2.8208579894397,3.204662511748219,4.265996370495079,3.8783494222177755
3,köszöntőt,kösz,önt,őt,16.574214935302734,15.722038269042969,8.691485404968262,12.869129180908203,26.953001022338867,25.995685577392578,8.799542427062988,9,4,3,2,2.8188854145940097,4.823226362800612,4.340701838731677,5.215082115013175
3,tagadás,tag,ad,ás,9.013057708740234,10.800562858581543,10.957392692565918,12.739701271057129,14.064908981323242,15.94709587097168,10.850406646728516,7,3,2,2,2.815577748324267,3.6240757311456826,4.265996370495079,2.8651039746411278
3,köszönheted,kösz,ön,heted,16.951631546020508,11.20673942565918,14.593807220458984,14.572590827941895,28.016496658325195,18.71092987060547,8.346823692321777,11,4,2,5,2.812244696800369,4.823226362800612,5.066888466169809,2.595496221825574
3,terápiát,te,rá,piát,10.028425216674805,15.879964828491211,15.459972381591797,26.34217071533203,25.975481033325195,14.861230850219727,7.573573589324951,8,2,2,4,2.8102325179950842,5.976474700373688,5.3862920244277,3.3637999454791094
3,nagymamája,nagy,ma,mája,8.555858612060547,16.35421371459961,15.497507095336914,26.695518493652344,27.0004825592041,17.32638168334961,9.054376602172852,10,4,2,4,2.8095597146352675,5.362324109350866,5.35603733619072,2.7323937598229686
3,győzelmi,győz,el,mi,19.622074127197266,16.921024322509766,14.398317337036133,15.172943115234375,30.012514114379883,27.76270866394043,8.537343978881836,8,4,2,2,2.8095597146352675,3.16790781000148,6.021003960549296,6.162454474887796
3,mondjatok,mond,ja,tok,9.796426773071289,11.883273124694824,11.181563377380371,20.99456787109375,20.496566772460938,23.369678497314453,8.881819725036621,9,4,2,3,2.808885867359812,4.603274316614141,5.05815640487046,2.8779469516291885
3,törzsőrmester,törzs,őr,mester,21.657756805419922,12.610692977905273,15.061400413513184,13.404595375061035,33.013145446777344,21.703508377075195,6.142240047454834,13,5,2,6,2.808210972924222,3.4575791469957626,3.721068301797159,4.159927952895985
3,vágjátok,vágj,át,ok,21.4346981048584,22.91836166381836,10.321622848510742,13.860788345336914,26.776948928833008,28.0803165435791,15.009269714355469,8,4,2,2,2.808210972924222,3.187520720836463,5.1193482825304715,4.570554614307831
3,fényképész,fény,kép,ész,10.940239906311035,16.95405387878418,16.307903289794922,14.52472972869873,15.708609580993652,27.305068969726562,6.20620584487915,10,4,3,3,2.807535028068853,4.019697730980192,4.074852995881248,3.3012470886362113
3,történtekért,történ,te,kért,20.629074096679688,11.30700969696045,17.186874389648438,9.269434928894043,28.926025390625,17.046232223510742,4.763088226318359,12,6,2,4,2.8068580295188172,2.444044795918076,5.976474700373688,4.1156105116743
3,éjjelente,éj,jelen,te,22.049877166748047,15.94481086730957,15.191702842712402,13.49467658996582,31.803157806396484,26.01101303100586,7.250192165374756,9,2,5,2,2.8068580295188172,3.3153404766272883,4.004192356259714,5.976474700373688
3,érdekeltek,ér,de,keltek,12.92025089263916,17.335678100585938,18.851346969604492,25.93461799621582,27.70334243774414,14.145425796508789,7.402014255523682,10,2,2,6,2.8041394323353503,4.4348402532975735,6.256956950858988,2.683947130751512
3,kutatások,kutat,ás,ok,17.09029197692871,16.949853897094727,11.295794486999512,8.104286193847656,22.490039825439453,22.76534652709961,8.120404243469238,9,5,2,2,2.8041394323353503,3.0342272607705505,2.8651039746411278,4.570554614307831
3,kandalló,kan,dal,ló,9.366912841796875,8.270880699157715,9.009230613708496,25.67729949951172,26.69788360595703,26.926841735839844,9.610431671142578,8,3,3,2,2.803457115648414,2.69284691927723,3.8783494222177755,3.8073320392911905
3,törölte,tör,öl,te,15.057917594909668,14.795624732971191,11.281981468200684,14.426626205444336,24.641902923583984,26.367555618286133,5.695326328277588,7,3,2,2,2.803457115648414,3.2753113545418118,3.506910725551518,5.976474700373688
3,szólhatok,szól,ha,tok,16.318016052246094,17.84377670288086,11.832426071166992,14.406662940979004,27.999664306640625,29.216659545898438,8.732595443725586,9,4,2,3,2.800717078282385,4.59690484088136,6.17849550526079,2.8779469516291885
3,szólhatok,szól,hat,ok,15.433731079101562,16.34532356262207,12.136322021484375,14.406662940979004,26.665071487426758,27.758769989013672,10.10970401763916,9,4,3,2,2.800717078282385,4.59690484088136,4.542788093450676,4.570554614307831
3,figyelemreméltó,figyelem,remél,tó,14.110469818115234,13.019944190979004,13.204201698303223,13.397112846374512,23.068199157714844,23.31117820739746,6.115353584289551,15,8,5,2,2.800717078282385,4.109915863023793,2.376576957056512,3.4243915544102776
3,tárgyalóteremben,tárgya,ló,teremben,26.785324096679688,9.944406509399414,22.005552291870117,11.257577896118164,36.61516189575195,16.934598922729492,4.094822406768799,16,6,2,8,2.8000293592441343,3.2362852774480286,3.8073320392911905,3.5182506513085
3,készüléket,kész,ül,éket,17.072994232177734,9.528536796569824,16.38743019104004,16.925495147705078,30.720829010009766,19.624019622802734,7.067458629608154,10,4,2,4,2.8000293592441343,4.7904188808065316,4.029221394253928,2.3961993470957363
3,terápiás,te,rá,piás,10.028425216674805,16.251379013061523,15.431290626525879,26.425771713256836,25.907394409179688,14.480345726013184,7.3599114418029785,8,2,2,4,2.7993405494535817,5.976474700373688,5.3862920244277,2.8543060418010806
3,képességet,kép,ess,éget,17.370811462402344,16.321178436279297,9.76794719696045,13.789466857910156,28.621339797973633,27.571678161621094,7.837543487548828,10,3,3,4,2.798650645445269,4.074852995881248,3.188084373714938,3.0569048513364727
3,akármennyire,akár,mennyi,re,13.354047775268555,17.236467361450195,17.61958122253418,17.360963821411133,20.431583404541016,30.519887924194336,8.143671989440918,12,4,6,2,2.797959643737196,4.639894693554849,4.644596128050106,3.6036855496146996
3,barbárok,bar,bár,ok,15.982866287231445,11.2106351852417,18.42791175842285,25.818532943725586,14.639952659606934,27.332130432128906,9.184139251708984,8,3,3,2,2.7972675408307164,2.998259338423699,4.661964047212368,4.570554614307831
3,értettél,ér,tett,él,16.96317481994629,10.266813278198242,16.091297149658203,26.358224868774414,19.06691551208496,26.958023071289062,16.38279151916504,8,2,4,2,2.7958800173440754,4.4348402532975735,4.623042434246382,4.520928734708947
3,hajóhoz,ha,jó,hoz,8.152987480163574,8.2675199508667,7.735636234283447,24.235057830810547,24.426959991455078,22.589569091796875,12.668976783752441,7,2,2,3,2.795184589682424,6.17849550526079,5.916272296509418,4.024772913079632
3,készültél,kész,ül,tél,17.072994232177734,9.810689926147461,17.56614875793457,14.765233039855957,27.182165145874023,17.736427307128906,12.048802375793457,9,4,2,3,2.795184589682424,4.7904188808065316,4.029221394253928,3.3209766773428235
3,készültél,kész,ült,él,15.678345680236816,16.283973693847656,11.353747367858887,14.765233039855957,24.85240936279297,27.32723045349121,12.709542274475098,9,4,3,2,2.795184589682424,4.7904188808065316,3.801472313521471,4.520928734708947
3,szexeltél,szex,el,tél,20.432706832885742,11.554288864135742,17.845909118652344,13.683991432189941,29.347196578979492,15.637641906738281,5.759400367736816,9,4,2,3,2.7937903846908188,4.090575455222202,6.021003960549296,3.3209766773428235
3,rendeltél,rend,el,tél,14.113097190856934,16.172101974487305,17.845909118652344,20.67017936706543,24.525066375732422,12.961339950561523,7.761535167694092,9,4,2,3,2.79309160017658,3.4260230156898763,6.021003960549296,3.3209766773428235
3,kérdeztelek,kérd,ez,telek,23.187114715576172,22.591733932495117,14.484064102172852,7.990926742553711,26.707063674926758,25.91598129272461,9.343256950378418,11,4,2,5,2.791690649020118,3.449324093098727,6.333684409097302,2.673941998634088
3,kelleténél,kellet,én,él,15.275289535522461,16.046218872070312,7.8374176025390625,12.901534080505371,25.934341430664062,27.1523494720459,6.675893306732178,10,6,2,2,2.790988475088816,3.4282968139828798,6.157086084559995,4.520928734708947
3,döntötte,dönt,öt,te,16.8233699798584,16.728384017944336,10.373396873474121,13.350761413574219,26.021652221679688,26.365516662597656,3.720438003540039,8,4,2,2,2.790988475088816,3.5851221863068155,4.697708720591836,5.976474700373688
3,váltságdíj,válts,ág,díj,16.935029983520508,11.899374961853027,16.553049087524414,17.411911010742188,29.56228256225586,18.21664047241211,6.979279518127441,10,5,2,3,2.7895807121644256,2.924795995797912,2.720159303405957,3.354876422516234
3,magadfajta,mag,ad,fajta,11.848569869995117,23.307884216308594,21.320865631103516,26.290822982788086,25.87907600402832,10.605948448181152,5.9397125244140625,10,3,2,5,2.7895807121644256,3.1755118133634475,4.265996370495079,4.047352760753935
3,földszintre,föld,szint,re,10.220999717712402,15.4896879196167,16.011648178100586,14.154128074645996,14.781596183776855,26.327653884887695,7.64082670211792,11,4,5,2,2.788168371141168,4.316766870141431,3.524266268766979,3.6036855496146996
3,földjére,föld,jé,re,16.33001136779785,15.4896879196167,12.59338665008545,13.351036071777344,25.379390716552734,25.42461585998535,7.884321689605713,8,4,2,2,2.788168371141168,4.316766870141431,2.930949031167523,3.6036855496146996
3,fölötte,föl,öt,te,16.29076385498047,16.763181686401367,10.373396873474121,13.266173362731934,26.0557861328125,26.790340423583984,4.86848783493042,7,3,2,2,2.787460474518415,3.947874654897698,4.697708720591836,5.976474700373688
3,vadállatok,vad,álla,tok,16.374900817871094,11.215130805969238,19.34332275390625,20.428556442260742,12.660173416137695,23.454524993896484,9.253691673278809,10,3,4,3,2.7867514221455614,3.7683420586445333,2.606381365110605,2.8779469516291885
3,vadállatok,vad,állat,ok,15.664458274841309,10.814101219177246,16.57174301147461,20.428556442260742,10.825928688049316,21.943788528442383,8.958189010620117,10,3,5,2,2.7867514221455614,3.7683420586445333,4.062769949815128,4.570554614307831
3,fogadtál,fog,ad,tál,11.0886812210083,14.698896408081055,15.003579139709473,19.214372634887695,21.817096710205078,12.881634712219238,9.645057678222656,8,3,2,3,2.786041210242554,5.393961071337533,4.265996370495079,3.1936810295412816
3,emberiségnek,ember,is,égnek,9.772151947021484,15.349791526794434,16.17962646484375,21.052522659301758,22.96037483215332,12.856250762939453,7.157169818878174,12,5,2,5,2.786041210242554,5.316075234838397,6.274002353245673,3.705521613422667
3,nyerésre,nyer,és,re,18.641498565673828,17.569881439208984,9.258041381835938,8.505029678344727,22.938507080078125,22.38670539855957,9.080739974975586,8,4,2,2,2.786041210242554,3.722880610686939,6.556241936591766,3.6036855496146996
3,fehérnemű,fehér,ne,mű,17.459306716918945,13.797231674194336,16.340486526489258,13.699615478515625,26.83942985534668,17.149778366088867,5.390270233154297,9,5,2,2,2.785329835010767,4.514574314201648,5.978838538314173,2.9175055095525466
3,minősül,mi,nő,sül,17.384628295898438,17.325918197631836,11.859136581420898,22.552001953125,14.010035514831543,14.835807800292969,12.64592456817627,7,2,2,3,2.783903579272735,6.162454474887796,4.919742107376001,3.263399331334002
3,minősül,mi,nős,ül,16.60962677001953,13.316999435424805,17.324661254882812,22.552001953125,13.868441581726074,24.246850967407227,12.085952758789062,7,2,3,2,2.783903579272735,6.162454474887796,3.5486350598147514,4.029221394253928
3,minősül,min,ős,ül,13.605191230773926,14.517387390136719,11.315917015075684,22.63672637939453,23.3059024810791,24.246850967407227,9.777673721313477,7,3,2,2,2.783903579272735,4.121494186241665,2.593286067020457,4.029221394253928
3,hozzámenni,hozz,ám,enni,17.067123413085938,17.319517135620117,7.209444522857666,16.182558059692383,29.75343132019043,29.678607940673828,6.882663249969482,10,4,2,4,2.781755374652469,3.9587071910872846,4.292964545382929,4.270166229260694
3,emlékeztetem,emlék,ez,tetem,22.229522705078125,12.07156753540039,15.780675888061523,12.6541748046875,30.64396095275879,18.99000358581543,6.984857082366943,12,5,2,5,2.781755374652469,3.4316853446860116,6.333684409097302,2.494154594018443
3,kötötte,köt,öt,te,15.410992622375488,15.581883430480957,10.373396873474121,13.170320510864258,25.30931282043457,25.97831916809082,4.742478847503662,7,3,2,2,2.7788744720027396,3.3575537197430814,4.697708720591836,5.976474700373688
3,tüzelésre,tüzel,és,re,21.534135818481445,22.229703903198242,9.258041381835938,5.9049835205078125,25.815807342529297,26.414812088012695,6.02433443069458,9,5,2,2,2.7774268223893115,2.649334858712142,6.556241936591766,3.6036855496146996
3,olyasmire,olyas,mi,re,16.6954288482666,16.34540557861328,11.800620079040527,9.60412883758545,21.31549644470215,21.30728530883789,9.504968643188477,9,5,2,2,2.7774268223893115,2.513217600067939,6.162454474887796,3.6036855496146996
3,emlékeztessen,emlék,ezt,essen,13.340819358825684,20.801437377929688,13.931389808654785,12.909730911254883,20.827436447143555,29.674036026000977,7.403828144073486,13,5,3,5,2.7752462597402365,3.4316853446860116,5.93531677937607,3.4818724103106633
3,rájöjjön,rá,jöjj,ön,15.41336727142334,9.319075584411621,15.65116024017334,25.565404891967773,13.949409484863281,26.577890396118164,8.327493667602539,8,2,4,2,2.7752462597402365,5.3862920244277,3.4446692309385245,5.066888466169809
3,kapcsolható,kapcsol,ha,tó,22.764415740966797,14.009984970092773,15.342690467834473,5.991239070892334,27.342565536499023,17.580570220947266,5.924740314483643,11,7,2,2,2.7737864449811935,2.6693168805661123,6.17849550526079,3.4243915544102776
3,ütöttél,üt,öt,tél,8.410012245178223,15.3903226852417,15.703301429748535,20.967721939086914,20.914459228515625,12.937426567077637,7.894489288330078,7,2,2,3,2.7730546933642626,3.257438566859814,4.697708720591836,3.3209766773428235
3,hitelkártyát,hit,el,kártyát,13.960379600524902,29.634931564331055,30.771602630615234,33.98236083984375,34.77537536621094,10.047160148620605,8.103164672851562,12,3,2,7,2.77232170672292,3.510410948010177,6.021003960549296,3.573103783163991
3,fizetésemelést,fizet,és,emelést,18.348175048828125,13.09395694732666,15.452789306640625,18.801124572753906,31.758495330810547,20.168439865112305,7.163677215576172,14,5,2,7,2.7715874808812555,3.82516637225655,6.556241936591766,2.6424645202421213
3,edzésre,edz,és,re,15.594518661499023,16.86662483215332,9.258041381835938,10.31194019317627,20.356693267822266,21.01650619506836,11.004951477050781,7,3,2,2,2.7715874808812555,2.615950051656401,6.556241936591766,3.6036855496146996
3,néhanapján,né,ha,napján,13.237817764282227,18.915714263916016,17.31831169128418,26.44424057006836,26.435314178466797,14.07176685333252,8.766631126403809,10,2,2,6,2.7708520116421442,2.649334858712142,6.17849550526079,3.774224904868919
3,tisztaság,tiszt,as,ág,16.953643798828125,17.783199310302734,10.982884407043457,8.537663459777832,23.022245407104492,23.406166076660156,10.67082405090332,9,5,2,2,2.7701152947871015,3.752202153176521,3.118595365223762,2.720159303405957
3,próbáljatok,próbál,ja,tok,22.29006004333496,24.853025436401367,11.181563377380371,9.676068305969238,30.083951950073242,32.53213119506836,5.862173080444336,11,6,2,3,2.7701152947871015,3.928805370893284,5.05815640487046,2.8779469516291885
3,félretéve,fél,re,téve,16.832788467407227,12.540606498718262,16.061115264892578,14.175824165344238,26.7943058013916,16.114028930664062,8.006885528564453,9,3,2,4,2.7686381012476144,4.675833312180064,3.6036855496146996,3.2345172835126865
3,hozható,hoz,ha,tó,8.2675199508667,14.20141315460205,15.342690467834473,13.480181694030762,16.1709041595459,9.806212425231934,10.125062942504883,7,3,2,2,2.765668554759014,4.024772913079632,6.17849550526079,3.4243915544102776
3,rendelkezem,rend,el,kezem,14.113097190856934,17.49158477783203,20.030519485473633,25.75347328186035,29.257484436035156,14.288716316223145,5.956077575683594,11,4,2,5,2.7649229846498886,3.4260230156898763,6.021003960549296,4.037705313135537
3,szemügyre,szem,ügy,re,11.742632865905762,16.12442970275879,16.709121704101562,17.592971801757812,18.93450164794922,30.5689640045166,8.44710636138916,9,4,3,2,2.7649229846498886,3.861295393526696,4.5233562066547925,3.6036855496146996
3,mondható,mond,ha,tó,10.051362037658691,15.776998519897461,15.342690467834473,13.865762710571289,16.014062881469727,10.582616806030273,10.47497844696045,8,4,2,2,2.7641761323903307,4.603274316614141,6.17849550526079,3.4243915544102776
3,szemtanút,szem,tan,út,15.69782829284668,16.721038818359375,11.1768798828125,14.251863479614258,25.464069366455078,27.578794479370117,7.597795486450195,9,4,3,2,2.7641761323903307,3.861295393526696,3.0499928569201424,4.394836771279156
3,helyiség,hely,is,ég,11.373108863830566,11.857878684997559,11.014361381530762,13.200127601623535,17.565797805786133,17.755220413208008,8.336493492126465,8,4,2,2,2.7634279935629373,4.7499989765583495,6.274002353245673,4.60959440922522
3,várjátok,várj,át,ok,18.210737228393555,19.28314208984375,10.321622848510742,10.92797565460205,21.960803985595703,22.827810287475586,10.076217651367188,8,4,2,2,2.762678563727436,5.085351239615296,5.1193482825304715,4.570554614307831
3,észrevették,ész,re,vették,10.576953887939453,17.32099151611328,17.280500411987305,20.94483184814453,21.912397384643555,11.436628341674805,10.99311637878418,11,3,2,6,2.762678563727436,3.3012470886362113,3.6036855496146996,3.705007959333336
3,egymásért,egy,más,ért,15.545879364013672,13.028438568115234,11.663610458374023,27.16669273376465,27.168615341186523,27.015302658081055,11.750585556030273,9,3,3,3,2.7611758131557314,6.513669111473827,5.199343718689392,4.410439786210347
3,erősíti,erő,sí,ti,16.30992317199707,16.431190490722656,10.288249015808105,10.231487274169922,22.59145164489746,22.145849227905273,9.642077445983887,7,3,2,2,2.7558748556724915,3.928293412232202,2.8639173769578603,4.868462219808566
3,jelezte,jel,ez,te,9.587167739868164,9.315173149108887,10.779348373413086,20.20375633239746,21.256256103515625,21.326393127441406,8.171395301818848,7,3,2,2,2.7551122663950713,3.9860099318532614,6.333684409097302,5.976474700373688
3,hozzámegy,hozz,ám,egy,17.067123413085938,20.099332809448242,14.265642166137695,14.899886131286621,27.430021286010742,27.412593841552734,8.635872840881348,9,4,2,3,2.7528164311882715,3.9587071910872846,4.292964545382929,6.513669111473827
3,félreérted,fél,re,érted,16.832788467407227,11.665416717529297,15.77892017364502,17.099132537841797,29.369232177734375,18.50100326538086,5.649397850036621,10,3,2,5,2.7520484478194387,4.675833312180064,3.6036855496146996,5.016172249059593
3,középiskolába,köz,ép,iskolába,8.392194747924805,23.924959182739258,22.67106819152832,29.673898696899414,29.074745178222656,10.817756652832031,8.440037727355957,13,3,2,8,2.751279103983342,2.6473829701146196,3.2219355998280053,4.084218686739239
3,szívességre,szív,ess,égre,15.701488494873047,10.896233558654785,17.310901641845703,12.992674827575684,26.76055145263672,16.700180053710938,7.079339504241943,11,4,3,4,2.751279103983342,3.900913067737669,3.188084373714938,3.082066934285113
3,énekeljen,ének,el,jen,13.079415321350098,9.499040603637695,13.629950523376465,25.564319610595703,28.812089920043945,26.1475887298584,9.516140937805176,9,4,2,3,2.7489628612561616,2.9380190974762104,6.021003960549296,3.5240064455573727
3,hajaddal,haj,ad,dal,8.414449691772461,8.991093635559082,7.946461200714111,20.330724716186523,20.6030330657959,20.707048416137695,6.896944046020508,8,3,2,3,2.7489628612561616,3.5742628297070267,4.265996370495079,3.8783494222177755
3,szerezhetek,szer,ez,hetek,10.612817764282227,16.867136001586914,16.41225814819336,26.182950973510742,26.342567443847656,16.097524642944336,10.139874458312988,11,4,2,5,2.747411807886423,3.13481437032046,6.333684409097302,3.4824447919182653
3,mindezért,mind,ez,ért,12.920710563659668,12.74697208404541,12.115509033203125,20.384321212768555,21.908536911010742,22.347373962402344,6.032142162322998,9,4,2,3,2.747411807886423,4.963131168842824,6.333684409097302,4.410439786210347
3,mennyiségben,menny,is,égben,17.37047004699707,11.361845016479492,15.644177436828613,14.023571014404297,28.137723922729492,17.770790100097656,6.482940673828125,12,5,2,5,2.747411807886423,3.11293997608408,6.274002353245673,2.9014583213961123
3,kézfogás,kéz,fog,ás,16.319311141967773,17.598880767822266,12.315230369567871,14.396023750305176,26.368412017822266,28.340946197509766,9.143223762512207,8,3,3,2,2.7466341989375787,3.732634967539196,5.393961071337533,2.8651039746411278
3,országszerte,ország,szer,te,12.92265510559082,13.61702823638916,10.685553550720215,29.954387664794922,29.60073471069336,30.04248046875,12.061142921447754,12,6,4,2,2.741151598851785,4.0392157659039505,3.13481437032046,5.976474700373688
3,választottalak,választ,ott,alak,16.453750610351562,16.903907775878906,8.969108581542969,13.391146659851074,26.942276000976562,27.423418045043945,7.496481895446777,14,7,3,4,2.7403626894942437,4.160618572399474,5.565865520533478,3.8462752424122133
3,légitársaság,légi,társas,ág,12.677290916442871,16.090112686157227,21.946224212646484,19.08405113220215,13.363760948181152,29.745168685913086,9.132271766662598,12,4,6,2,2.739572344450092,3.4652340949880145,2.545307116465824,2.720159303405957
3,szólhattál,szól,hat,tál,15.433731079101562,10.194524765014648,15.144216537475586,14.54536247253418,26.63323211669922,17.957149505615234,8.964200973510742,10,4,3,3,2.738780558484369,4.59690484088136,4.542788093450676,3.1936810295412816
3,fogalmatok,fog,alma,tok,11.784651756286621,13.390116691589355,13.52196979522705,23.93852424621582,26.956771850585938,28.60135841369629,8.660316467285156,10,3,4,3,2.737987326333431,5.393961071337533,3.446381812222442,2.8779469516291885
3,félreértettem,fél,re,értettem,16.832788467407227,14.871261596679688,22.641353607177734,20.503023147583008,32.47905731201172,15.523022651672363,6.17890739440918,13,3,2,8,2.73559889969818,4.675833312180064,3.6036855496146996,4.393996133258346
3,félreértettem,félre,ér,tettem,22.860122680664062,9.648937225341797,22.26314353942871,13.378424644470215,33.25033950805664,15.109783172607422,6.2461395263671875,13,5,2,6,2.73559889969818,4.19044375970669,4.4348402532975735,4.691090337134362
3,félreértettem,félre,ért,ettem,22.333580017089844,12.234538078308105,15.243924140930176,13.378424644470215,32.74800491333008,21.1124210357666,7.287929534912109,13,5,3,5,2.73559889969818,4.19044375970669,4.410439786210347,3.787176992470554
3,bútorok,bú,tor,ok,18.848237991333008,17.713726043701172,12.511954307556152,14.973060607910156,27.7453670501709,27.530010223388672,8.049788475036621,7,2,3,2,2.7323937598229686,2.482873583608754,2.406540180433955,4.570554614307831
3,rosszfiút,rossz,fi,út,15.94633960723877,15.929673194885254,8.635669708251953,14.202244758605957,26.23839569091797,26.666093826293945,5.974181175231934,9,5,2,2,2.7299742856995555,5.105772385408388,3.204662511748219,4.394836771279156
3,másodpercenként,másod,percen,ként,10.945422172546387,19.23531723022461,18.70532989501953,17.280622482299805,18.159242630004883,31.926647186279297,7.415622234344482,15,5,6,4,2.7283537820212285,2.6473829701146196,3.7198282862543346,2.6665179805548807
3,énekelte,ének,el,te,13.079415321350098,10.095349311828613,12.619887351989746,24.738876342773438,27.883615493774414,25.824993133544922,10.167765617370605,8,4,2,2,2.7267272090265724,2.9380190974762104,6.021003960549296,5.976474700373688
3,egyéniség,egyén,is,ég,19.631345748901367,18.215633392333984,11.014361381530762,9.1629638671875,24.363178253173828,23.60173225402832,7.663962364196777,9,5,2,2,2.7267272090265724,2.900913067737669,6.274002353245673,4.60959440922522
3,helyiségben,hely,is,égben,11.373108863830566,15.275269508361816,15.644177436828613,20.269315719604492,23.313871383666992,13.463376998901367,6.815704822540283,11,4,2,5,2.724275869600789,4.7499989765583495,6.274002353245673,2.9014583213961123
3,ikertestvére,iker,test,vére,15.359091758728027,16.091838836669922,21.153554916381836,28.657419204711914,33.11534881591797,18.42170524597168,10.307659149169922,12,4,4,4,2.724275869600789,2.7024305364455254,3.8831501996832776,3.6716355966021297
3,hitelkártyáját,hit,el,kártyáját,13.960379600524902,29.59010887145996,30.771881103515625,33.93280792236328,34.786006927490234,10.26597785949707,7.47641658782959,14,3,2,9,2.724275869600789,3.510410948010177,6.021003960549296,2.828015064223977
3,marhahús,mar,ha,hús,11.813581466674805,18.47447967529297,17.419565200805664,20.558940887451172,22.72015380859375,15.898857116699219,11.054444313049316,8,3,2,3,2.7209857441537393,3.1245042248342823,6.17849550526079,3.7304592600457687
3,láthatáron,lát,hat,áron,15.192808151245117,13.588465690612793,16.75430679321289,18.004131317138672,25.855833053588867,16.2762508392334,8.508419036865234,10,3,3,4,2.7209857441537393,4.081599312732936,4.542788093450676,3.66576855071938
3,észreveszik,ész,re,veszik,10.576953887939453,17.44588279724121,17.622817993164062,25.456802368164062,26.264436721801758,13.352986335754395,6.63770866394043,11,3,2,6,2.7193312869837265,3.3012470886362113,3.6036855496146996,3.705521613422667
3,akartátok,akart,át,ok,15.728850364685059,16.263229370117188,10.321622848510742,13.957862854003906,25.830106735229492,26.599185943603516,8.099310874938965,9,5,2,2,2.7193312869837265,4.636347455108831,5.1193482825304715,4.570554614307831
3,félreértett,fél,re,értett,16.832788467407227,14.193364143371582,18.321746826171875,17.93808364868164,30.089550018310547,18.636484146118164,6.133236885070801,11,3,2,6,2.718501688867274,4.675833312180064,3.6036855496146996,3.210318519826232
3,önkéntesek,ön,ként,esek,13.366681098937988,15.997899055480957,18.16635513305664,25.849456787109375,27.57757568359375,17.783985137939453,7.587364673614502,10,2,4,4,2.716003343634799,5.066888466169809,2.6665179805548807,2.722633922533812
3,nyilvántartás,nyilván,tart,ás,23.109891891479492,23.9578800201416,11.647248268127441,12.522065162658691,32.13533020019531,32.77535629272461,6.413244247436523,13,7,4,2,2.7151673578484576,4.14637613307539,4.57142930306149,2.8651039746411278
3,forduljatok,fordul,ja,tok,10.23086929321289,11.60594367980957,11.181563377380371,19.606130599975586,19.369701385498047,21.768884658813477,7.080071449279785,11,6,2,3,2.714329759745233,3.7668588110214176,5.05815640487046,2.8779469516291885
3,jóbarátok,jó,barát,ok,16.196340560913086,10.134963989257812,17.068279266357422,26.277915954589844,14.651081085205078,26.73453712463379,6.838349342346191,9,2,5,2,2.714329759745233,5.916272296509418,4.12671570368574,4.570554614307831
3,testvérének,test,vér,ének,12.834832191467285,14.648324966430664,9.34273910522461,28.100265502929688,26.31334114074707,25.990053176879883,9.491870880126953,11,4,3,4,2.7126497016272113,3.8831501996832776,4.302763708472981,2.9380190974762104
3,szemközti,szem,köz,ti,16.434768676757812,16.77254867553711,10.816234588623047,12.861266136169434,26.372377395629883,26.389793395996094,5.219393253326416,9,4,3,2,2.7126497016272113,3.861295393526696,2.6473829701146196,4.868462219808566
3,fogadjátok,fogadj,át,ok,16.09939956665039,17.276735305786133,10.321622848510742,12.172831535339355,26.056903839111328,27.028417587280273,5.6852312088012695,10,6,2,2,2.711807229041191,3.0530784434834195,5.1193482825304715,4.570554614307831
3,bánjátok,bánj,át,ok,22.781755447387695,23.78897476196289,10.321622848510742,9.031967163085938,26.585491180419922,27.341310501098633,8.520181655883789,8,4,2,2,2.7101173651118162,2.949877704036875,5.1193482825304715,4.570554614307831
3,haverokkal,ha,ver,okkal,10.02830696105957,8.861356735229492,9.328805923461914,21.756669998168945,21.047500610351562,21.31450080871582,9.772825241088867,10,2,3,5,2.7101173651118162,6.17849550526079,3.394801777162711,3.5456781497920256
3,halhatok,hal,ha,tok,7.68550443649292,11.851008415222168,11.832426071166992,20.592792510986328,21.002927780151367,23.26361083984375,6.039872646331787,8,3,2,3,2.7101173651118162,4.108158951256403,6.17849550526079,2.8779469516291885
3,halhatok,hal,hat,ok,10.389307975769043,11.287003517150879,12.136322021484375,20.592792510986328,20.187618255615234,21.59303855895996,8.352482795715332,8,3,3,2,2.7101173651118162,4.108158951256403,4.542788093450676,4.570554614307831
3,unokatestvéred,un,oka,testvéred,10.549087524414062,20.752939224243164,20.26543426513672,29.404592514038086,28.7104434967041,16.151674270629883,6.222906112670898,14,2,3,9,2.709269960975831,2.926342446625655,4.373316665173873,3.603793704136963
3,unokatestvéred,unoka,test,véred,20.48744010925293,11.42783260345459,20.368545532226562,17.837011337280273,33.0985107421875,18.30615234375,7.279467582702637,14,5,4,5,2.709269960975831,2.4983105537896004,3.8831501996832776,3.098643725817057
3,készenléti,készen,lé,ti,22.734262466430664,22.939456939697266,10.81686782836914,12.992828369140625,32.315006256103516,32.0827522277832,7.938052177429199,10,6,2,2,2.708420900134713,4.712961002740542,2.781755374652469,4.868462219808566
3,főhadiszállás,fő,hadi,szállás,16.671613693237305,15.075125694274902,14.708209991455078,21.214359283447266,21.410919189453125,13.431568145751953,7.428364276885986,13,2,4,7,2.7075701760979363,4.014772474073064,2.7810369386211318,2.756636108245848
3,hasonlítható,hasonlít,ha,tó,26.526866912841797,17.339330673217773,15.342690467834473,7.127572536468506,26.359966278076172,17.02663230895996,10.176350593566895,12,8,2,2,2.7058637122839193,3.864511081058392,6.17849550526079,3.4243915544102776
3,köteléket,köt,el,éket,19.138296127319336,10.37282657623291,17.108585357666016,13.16698932647705,28.39829444885254,16.148706436157227,6.329361438751221,9,3,2,4,2.7058637122839193,3.3575537197430814,6.021003960549296,2.3961993470957363
3,házvezetőnő,ház,vezető,nő,15.88894271850586,16.581748962402344,11.12172794342041,31.8763427734375,21.327219009399414,21.955785751342773,15.670304298400879,11,3,6,2,2.7041505168397992,4.429510040813138,4.140539466972342,4.919742107376001
3,köszöntelek,kösz,ön,telek,16.951631546020508,18.575027465820312,13.569401741027832,11.582289695739746,24.131288528442383,24.0020751953125,13.539647102355957,11,4,2,5,2.7041505168397992,4.823226362800612,5.066888466169809,2.673941998634088
3,olyasmiket,oly,as,miket,11.055100440979004,17.615020751953125,16.548261642456055,21.21785545349121,21.044038772583008,11.149409294128418,9.41498851776123,10,3,2,5,2.7032913781186614,4.061942292028086,3.118595365223762,3.832253370197008
3,helyrehozom,hely,re,hozom,11.558045387268066,16.781421661376953,17.209354400634766,25.189451217651367,26.96576499938965,15.136608123779297,7.184575080871582,11,4,2,5,2.7032913781186614,4.7499989765583495,3.6036855496146996,4.0515383905153275
3,találtátok,talált,át,ok,14.754938125610352,17.06124496459961,10.321622848510742,16.73271369934082,26.89854621887207,28.082792282104492,12.275218963623047,10,6,2,2,2.7024305364455254,4.374876599702403,5.1193482825304715,4.570554614307831
3,kísérlete,kísér,le,te,22.896522521972656,22.29413414001465,8.378073692321777,5.801692485809326,26.888256072998047,26.273937225341797,6.518548965454102,9,5,2,2,2.7007037171450192,2.469822015978163,5.581152891966289,5.976474700373688
3,adófizetők,adó,fizet,ők,19.7231502532959,7.980177879333496,19.18926429748535,30.28032875061035,19.788631439208984,30.391807556152344,7.48449182510376,10,3,5,2,2.7007037171450192,3.207095540419218,3.82516637225655,4.923886175096466
3,tanítottad,tanít,ott,ad,16.096920013427734,16.21025276184082,9.695343971252441,11.301507949829102,21.16954231262207,21.09596061706543,13.375223159790039,10,5,3,2,2.699837725867246,3.255272505103306,5.565865520533478,4.265996370495079
3,mindkettőtök,mind,kettő,tök,25.461145401000977,17.053112030029297,13.517027854919434,30.76225471496582,13.819502830505371,19.646638870239258,7.083555221557617,12,4,5,3,2.6989700043360187,4.963131168842824,4.4976344586072825,4.175047699526168
3,készültök,kész,ül,tök,17.072994232177734,8.532903671264648,16.2076416015625,13.866084098815918,26.601219177246094,15.442368507385254,11.55241584777832,9,4,2,3,2.6989700043360187,4.7904188808065316,4.029221394253928,4.175047699526168
3,tönkreteszem,tönkre,te,szem,21.548282623291016,13.013710975646973,16.033756256103516,10.150019645690918,29.53278923034668,18.58414077758789,4.927589416503906,12,6,2,4,2.6989700043360187,4.005395031886706,5.976474700373688,3.861295393526696
3,olyasvalakivel,oly,as,valakivel,11.055100440979004,25.354671478271484,23.38702964782715,30.96709632873535,30.25415802001953,10.849658012390137,4.6692681312561035,14,3,2,9,2.6989700043360187,4.061942292028086,3.118595365223762,4.203032887014711
3,végrehajtó,végre,haj,tó,15.830591201782227,10.307696342468262,14.30066967010498,16.953147888183594,30.4842586517334,20.80965232849121,7.036703586578369,10,5,3,2,2.6981005456233897,4.801362542712532,3.5742628297070267,3.4243915544102776
3,lábaddal,láb,ad,dal,15.115251541137695,15.765168190002441,7.946461200714111,13.436102867126465,25.765277862548828,26.2221622467041,6.2160749435424805,8,3,2,3,2.6972293427597176,3.755951041004132,4.265996370495079,3.8783494222177755
3,szülőkkel,szül,ők,kel,15.727801322937012,15.322779655456543,8.468838691711426,15.869047164916992,28.152191162109375,27.457345962524414,12.307564735412598,9,4,2,3,2.6972293427597176,3.0132586652835167,4.923886175096466,3.4756711883244296
3,villámcsapás,villám,csap,ás,12.843497276306152,17.314617156982422,17.830425262451172,18.0555477142334,17.85894203186035,30.491926193237305,5.333260536193848,12,6,4,2,2.696356388733332,3.478999131673357,3.1476763242410986,2.8651039746411278
3,képviselőt,kép,visel,őt,10.411945343017578,16.041465759277344,15.264768600463867,17.263160705566406,18.185489654541016,30.19447135925293,5.303235054016113,10,3,5,2,2.694605198933569,4.074852995881248,3.579440597139797,5.215082115013175
3,látomások,látom,ás,ok,21.98935317993164,21.978010177612305,11.295794486999512,6.6235671043396,26.296005249023438,26.509647369384766,6.508286476135254,9,5,2,2,2.694605198933569,4.85901213534592,2.8651039746411278,4.570554614307831
3,zsebkendőt,zseb,kend,őt,15.062387466430664,15.20810317993164,9.441261291503906,19.552854537963867,29.266515731811523,29.523283004760742,8.647931098937988,10,4,4,2,2.694605198933569,2.459392487759231,2.6972293427597176,5.215082115013175
3,utasítására,utasít,ás,ára,16.625410079956055,18.295814514160156,12.729256629943848,9.840498924255371,22.978050231933594,23.91976547241211,9.3321533203125,11,6,2,3,2.693726948923647,2.3909351071033793,2.8651039746411278,3.7218106152125467
3,lábnyomok,láb,nyom,ok,14.560407638549805,16.848960876464844,17.989770889282227,17.75152587890625,22.387914657592773,30.936382293701172,8.375957489013672,9,3,4,2,2.693726948923647,3.755951041004132,3.7712934426290596,4.570554614307831
3,határidőt,ha,tár,időt,16.81831932067871,15.36165714263916,9.825432777404785,27.710189819335938,16.54829216003418,15.730494499206543,8.803323745727539,9,2,3,4,2.693726948923647,6.17849550526079,2.645422269349092,4.557591405968501
3,határidőt,hat,ár,időt,11.020429611206055,14.906328201293945,14.675430297851562,25.512475967407227,26.532751083374023,15.730494499206543,6.39793586730957,9,3,2,4,2.693726948923647,4.542788093450676,3.481012420956573,4.557591405968501
3,helyrehozzuk,hely,re,hozzuk,11.558045387268066,22.035667419433594,22.50537109375,28.61981201171875,30.20680809020996,11.334831237792969,7.581437587738037,12,4,2,6,2.6893088591236203,4.7499989765583495,3.6036855496146996,3.6193020758756083
3,üldögélni,ül,dög,élni,17.70209503173828,17.031036376953125,11.893407821655273,29.396764755249023,18.47511863708496,17.8748722076416,7.528495788574219,9,2,3,4,2.6884198220027105,4.029221394253928,3.2762319579218335,4.4691590270720125
3,létrehozta,lét,re,hozta,16.16950225830078,12.383301734924316,15.772464752197266,17.995763778686523,30.03639793395996,19.994129180908203,6.644780158996582,10,3,2,5,2.6875289612146345,3.0253058652647704,3.6036855496146996,4.172953027546354
3,védőügyvéd,védő,ügy,véd,13.571131706237793,16.51593017578125,16.484783172607422,17.06991195678711,20.11789894104004,29.687944412231445,7.118802547454834,10,4,3,3,2.6866362692622934,3.0043213737826426,4.5233562066547925,3.0610753236297916
3,követelte,követ,el,te,19.89005470275879,17.12796974182129,12.619887351989746,7.858250141143799,25.333730697631836,22.795089721679688,6.826798439025879,9,5,2,2,2.6866362692622934,3.9169274661129925,6.021003960549296,5.976474700373688
3,mindenkiért,minden,ki,ért,17.033418655395508,17.94090461730957,11.013473510742188,13.474162101745605,26.639007568359375,27.735092163085938,8.0641450881958,11,6,2,3,2.6857417386022635,5.660283816789099,5.958297682814038,4.410439786210347
3,rakjátok,rakj,át,ok,14.97492790222168,15.69815731048584,10.321622848510742,11.774168014526367,22.35724639892578,22.95584487915039,10.527372360229492,8,4,2,2,2.683947130751512,2.7505083948513462,5.1193482825304715,4.570554614307831
3,olyasvalami,olyas,vala,mi,14.956809997558594,16.6954288482666,12.268077850341797,14.376704216003418,25.447711944580078,26.720638275146484,6.0642476081848145,11,5,4,2,2.6830470382388496,2.513217600067939,2.859138297294531,6.162454474887796
3,mérföldekre,mér,földek,re,21.306289672851562,8.828132629394531,21.09048080444336,29.13082504272461,11.149224281311035,28.797075271606445,7.66432523727417,11,3,6,2,2.682145076373832,2.977266212427293,2.545307116465824,3.6036855496146996
3,hozzámegyek,hozz,ám,egyek,17.067123413085938,16.200712203979492,20.407541275024414,20.004331588745117,32.05278778076172,18.95469093322754,11.767267227172852,11,4,2,5,2.682145076373832,3.9587071910872846,4.292964545382929,3.182414652434554
3,népesség,nép,ess,ég,17.37606430053711,16.3978328704834,10.510143280029297,8.410908699035645,22.417255401611328,21.943397521972656,7.954349040985107,8,3,3,2,2.682145076373832,3.653983907374069,3.188084373714938,4.60959440922522
3,földeken,föl,de,ken,19.2069034576416,15.793113708496094,12.713650703430176,12.590279579162598,22.596921920776367,19.949390411376953,11.342592239379883,8,3,2,3,2.681241237375587,3.947874654897698,6.256956950858988,3.559068334034537
3,függőség,függ,ős,ég,16.750993728637695,17.20810890197754,11.222471237182617,8.393988609313965,22.81792449951172,23.30207633972168,10.053964614868164,8,4,2,2,2.678518379040114,4.052540045934022,2.593286067020457,4.60959440922522
3,harapok,ha,rap,ok,12.220098495483398,11.2070894241333,12.868547439575195,14.510113716125488,14.87109088897705,14.511775016784668,13.847187042236328,7,2,3,2,2.678518379040114,6.17849550526079,2.6884198220027105,4.570554614307831
3,helyrehozza,hely,re,hozza,11.558045387268066,16.84067726135254,17.273468017578125,25.527135848999023,27.41039276123047,14.503931045532227,6.115118980407715,11,4,2,5,2.677606952720493,4.7499989765583495,3.6036855496146996,4.113508840532819
3,hazafias,haza,fi,as,17.1623592376709,16.756912231445312,9.886514663696289,11.952949523925781,22.75972557067871,22.63888931274414,10.036861419677734,8,4,2,2,2.6766936096248664,4.848145993412557,3.204662511748219,3.118595365223762
3,bölcsességet,bölcs,ess,éget,24.051542282104492,23.266027450561523,9.76794719696045,10.318541526794434,31.284807205200195,30.644197463989258,6.122584819793701,12,5,3,4,2.6766936096248664,3.7323133274712426,3.188084373714938,3.0569048513364727
3,érezheted,ér,ez,heted,11.426950454711914,16.107345581054688,15.117741584777832,21.727434158325195,20.587106704711914,10.828190803527832,9.70448112487793,9,2,2,5,2.6748611407378116,4.4348402532975735,6.333684409097302,2.595496221825574
3,énekeltél,ének,el,tél,13.079415321350098,15.517776489257812,17.845909118652344,21.991613388061523,26.73598861694336,16.739896774291992,11.481023788452148,9,4,2,3,2.6711728427150834,2.9380190974762104,6.021003960549296,3.3209766773428235
3,lopásért,lop,ás,ért,10.926350593566895,10.894121170043945,11.39943790435791,21.576080322265625,22.918720245361328,22.8709659576416,10.837244033813477,8,3,2,3,2.670245853074124,3.04766419460156,2.8651039746411278,4.410439786210347
3,szenteltessék,szent,el,tessék,18.801721572875977,10.852688789367676,23.767555236816406,17.887187957763672,32.7125244140625,12.114275932312012,5.571377754211426,13,5,2,6,2.6693168805661123,4.432247538268601,6.021003960549296,5.0353216514542005
3,tárgyalásokat,tárgy,alá,sokat,23.609304428100586,12.500711441040039,16.462947845458984,12.637348175048828,34.20121765136719,21.032873153686523,4.1962666511535645,13,5,3,5,2.66838591669,3.461798557525109,4.51079961442428,4.8537468694964545
3,ötletét,öt,le,tét,10.913737297058105,15.014994621276855,15.280844688415527,19.7335205078125,22.27994155883789,11.174607276916504,8.067076683044434,7,2,2,3,2.66838591669,4.697708720591836,5.581152891966289,3.428620672671939
3,szerezhetünk,szer,ez,hetünk,10.612817764282227,15.368337631225586,15.602919578552246,25.89496612548828,26.11649513244629,16.26383399963379,8.088664054870605,12,4,2,6,2.66838591669,3.13481437032046,6.333684409097302,2.6884198220027105
3,bízzátok,bízz,át,ok,15.542755126953125,16.89443016052246,10.321622848510742,14.440542221069336,25.136180877685547,26.069110870361328,6.211194038391113,8,4,2,2,2.667452952889954,3.9520655901850503,5.1193482825304715,4.570554614307831
3,egymagad,egy,mag,ad,15.374284744262695,14.43458080291748,11.848569869995117,23.806293487548828,23.252412796020508,21.627132415771484,16.141315460205078,8,3,3,2,2.667452952889954,6.513669111473827,3.1755118133634475,4.265996370495079
3,támogatására,támogat,ás,ára,22.17745018005371,23.61311149597168,12.729256629943848,5.771069049835205,25.878042221069336,27.061460494995117,7.936964988708496,12,7,2,3,2.6665179805548807,3.00774777800074,2.8651039746411278,3.7218106152125467
3,vágások,vág,ás,ok,17.308740615844727,18.025968551635742,11.295794486999512,10.88342571258545,23.822593688964844,24.631912231445312,10.73123836517334,7,3,2,2,2.6646419755561257,3.2823955047425257,2.8651039746411278,4.570554614307831
3,édesanyáddal,édes,anyád,dal,11.573251724243164,16.1566104888916,16.765592575073242,20.784360885620117,20.21041488647461,32.6102180480957,7.252425193786621,12,4,5,3,2.663700925389648,4.509780300759586,4.361312225102327,3.8783494222177755
3,vicceljen,vicc,el,jen,17.682130813598633,15.652463912963867,13.629950523376465,11.4286470413208,23.719764709472656,21.488357543945312,9.928304672241211,9,4,2,3,2.663700925389648,4.128269995169627,6.021003960549296,3.5240064455573727
3,haladtok,hal,ad,tok,9.544611930847168,11.851008415222168,12.52869987487793,21.414037704467773,21.243913650512695,23.92768669128418,9.640570640563965,8,3,2,3,2.661812685537261,4.108158951256403,4.265996370495079,2.8779469516291885
3,észrevettük,ész,re,vettük,10.576953887939453,22.232524871826172,22.409236907958984,26.5693416595459,27.395597457885742,10.197219848632812,7.439665794372559,11,3,2,6,2.661812685537261,3.3012470886362113,3.6036855496146996,3.5918434112247843
3,istálló,is,tál,ló,16.22252655029297,9.502798080444336,14.958877563476562,16.241479873657227,10.438117980957031,15.68915843963623,14.40672779083252,7,2,3,2,2.6599162000698504,6.274002353245673,3.1936810295412816,3.8073320392911905
3,hétfőre,hét,fő,re,15.177956581115723,17.611312866210938,19.90366554260254,18.189912796020508,18.82746124267578,31.254623413085938,9.75537109375,7,3,2,2,2.6599162000698504,4.561661786781147,4.014772474073064,3.6036855496146996
3,útlevele,út,le,vele,9.793317794799805,15.952754974365234,15.577224731445312,20.02214241027832,21.824460983276367,9.784220695495605,7.700904846191406,8,2,2,4,2.658964842664435,4.394836771279156,5.581152891966289,5.376242896297409
3,tönkretettél,tönkre,tett,él,11.511658668518066,22.69268798828125,16.091297149658203,13.57197093963623,21.040212631225586,33.39654541015625,7.579108238220215,12,6,4,2,2.6570558528571038,4.005395031886706,4.623042434246382,4.520928734708947
3,lássátok,láss,át,ok,15.645254135131836,17.201854705810547,10.321622848510742,14.062470436096191,26.329648971557617,27.604026794433594,5.95429801940918,8,4,2,2,2.6570558528571038,3.225309281725863,5.1193482825304715,4.570554614307831
3,fogorvoshoz,fog,orvos,hoz,15.00678825378418,10.826316833496094,14.753273963928223,23.845340728759766,16.1147403717041,25.94672966003418,8.452838897705078,11,3,5,3,2.655138434811382,5.393961071337533,4.386766415717314,4.024772913079632
3,végrendeletet,vég,rendel,etet,16.026172637939453,9.292884826660156,17.29576873779297,24.773366928100586,15.137096405029297,26.81160545349121,5.879622459411621,13,3,6,4,2.655138434811382,3.5085297189712867,2.9813655090785445,2.45178643552429
3,szerkezeti,szer,keze,ti,17.665943145751953,11.61176872253418,18.30827522277832,21.272855758666992,14.799885749816895,23.980308532714844,10.59969711303711,10,4,4,2,2.6522463410033232,3.13481437032046,3.815577748324267,4.868462219808566
3,útlevelem,út,le,velem,9.793317794799805,17.663381576538086,16.44048500061035,19.909221649169922,21.791948318481445,11.188417434692383,10.093964576721191,9,2,2,5,2.651278013998144,4.394836771279156,5.581152891966289,5.240848658485361
3,manőver,ma,nő,ver,16.83127784729004,10.544198036193848,16.32961082458496,22.658016204833984,12.700139999389648,21.85892105102539,9.782758712768555,7,2,2,3,2.651278013998144,5.35603733619072,4.919742107376001,3.394801777162711
3,értesítette,érte,sí,tette,16.07770538330078,13.033904075622559,17.092382431030273,17.926830291748047,27.387470245361328,17.699657440185547,10.019890785217285,11,4,2,5,2.6503075231319366,4.678609416558926,2.8639173769578603,4.632538271950371
3,mentességet,ment,ess,éget,13.186507225036621,13.545058250427246,9.76794719696045,21.30974006652832,23.933982849121094,22.83357810974121,10.10097599029541,11,4,3,4,2.6503075231319366,4.7775573086390075,3.188084373714938,3.0569048513364727
3,magasabban,mag,as,abban,11.725618362426758,11.317256927490234,8.871260643005371,21.078567504882812,22.015377044677734,21.383092880249023,8.158285140991211,10,3,2,5,2.6483600109809315,3.1755118133634475,3.118595365223762,4.7238741663392725
3,álláspontja,áll,ás,pontja,13.225135803222656,17.088682174682617,16.52069664001465,29.732845306396484,29.8356990814209,19.04191780090332,6.768645286560059,11,3,2,6,2.6483600109809315,4.910149302250238,2.8651039746411278,3.144885418287142
3,éjfélre,éj,fél,re,11.994671821594238,16.003759384155273,16.832788467407227,14.521159172058105,15.324847221374512,26.02568817138672,8.163409233093262,7,2,3,2,2.6473829701146196,3.3153404766272883,4.675833312180064,3.6036855496146996
3,tökkelütött,tök,kel,ütött,14.901074409484863,8.512967109680176,15.189969062805176,17.219533920288086,29.13072395324707,17.561054229736328,4.5534844398498535,11,3,3,5,2.6473829701146196,4.175047699526168,3.4756711883244296,3.926805310111606
3,térdeljen,térd,el,jen,24.985654830932617,22.78204345703125,13.629950523376465,6.8790693283081055,28.604238510131836,26.422618865966797,6.51694393157959,9,4,2,3,2.6473829701146196,2.6830470382388496,6.021003960549296,3.5240064455573727
3,nyomjátok,nyomj,át,ok,22.40544319152832,22.739158630371094,10.321622848510742,7.921577453613281,25.695987701416016,26.059879302978516,8.254110336303711,9,5,2,2,2.6473829701146196,2.9111576087399764,5.1193482825304715,4.570554614307831
3,hogyishívják,hogy,is,hívják,18.440256118774414,12.017120361328125,22.89237403869629,17.25047492980957,31.59950828552246,13.519004821777344,6.978659629821777,12,4,2,6,2.6473829701146196,6.666654799202157,6.274002353245673,4.515992993534467
3,szintjére,szint,jé,re,16.971546173095703,16.011648178100586,12.59338665008545,13.504021644592285,26.689626693725586,26.783435821533203,7.234855651855469,9,5,2,2,2.6464037262230695,3.524266268766979,2.930949031167523,3.6036855496146996
3,lakosok,la,kos,ok,10.293252944946289,10.663734436035156,8.557831764221191,22.552215576171875,20.136030197143555,22.245708465576172,7.095005989074707,7,2,3,2,2.645422269349092,3.957415714722669,2.5514499979728753,4.570554614307831
3,említésre,említ,és,re,21.8781795501709,22.137540817260742,9.258041381835938,8.475090980529785,25.756389617919922,26.038312911987305,7.854704856872559,9,5,2,2,2.645422269349092,2.4456042032735974,6.556241936591766,3.6036855496146996
3,diáktanács,diák,tan,ács,16.697723388671875,16.98851203918457,10.392219543457031,15.031181335449219,26.544147491455078,27.27249526977539,7.873247146606445,10,4,3,3,2.645422269349092,3.6348801407665263,3.0499928569201424,2.534026106056135
3,készenlét,kés,zen,lét,15.516032218933105,11.240245819091797,16.526901245117188,17.331844329833984,29.117034912109375,19.484336853027344,8.923213005065918,9,3,3,3,2.6444385894678386,3.641077313325374,2.8721562727482928,3.0253058652647704
3,emlékeztél,emlék,ez,tél,22.229522705078125,12.610566139221191,15.855544090270996,12.575469017028809,30.698556900024414,19.13521957397461,7.0610761642456055,10,5,2,3,2.6444385894678386,3.4316853446860116,6.333684409097302,3.3209766773428235
3,emlékeztél,emlék,ezt,él,13.340819358825684,21.967626571655273,15.625012397766113,12.575469017028809,20.678770065307617,31.48408317565918,7.626809120178223,10,5,3,2,2.6444385894678386,3.4316853446860116,5.93531677937607,4.520928734708947
3,álláspontját,áll,ás,pontját,13.225135803222656,19.13265609741211,17.476449966430664,29.79275894165039,29.904172897338867,20.987699508666992,6.68617057800293,12,3,2,7,2.6444385894678386,4.910149302250238,2.8651039746411278,2.6580113966571126
3,hozzámész,hozz,ám,ész,17.067123413085938,16.655790328979492,10.093635559082031,13.462690353393555,26.727725982666016,26.362396240234375,8.628691673278809,9,4,2,3,2.6444385894678386,3.9587071910872846,4.292964545382929,3.3012470886362113
3,kannibál,kan,ni,bál,9.899304389953613,17.645551681518555,18.53506851196289,25.96568489074707,26.983442306518555,16.496049880981445,8.11816692352295,8,3,2,3,2.6424645202421213,2.69284691927723,4.016364679456294,3.296665190261531
3,főügyész,fő,ügy,ész,14.385836601257324,18.929004669189453,16.427715301513672,17.363300323486328,18.555147171020508,29.59864044189453,7.9341583251953125,8,2,3,3,2.6424645202421213,4.014772474073064,4.5233562066547925,3.3012470886362113
3,mindezen,min,de,zen,15.352209091186523,14.196554183959961,14.071288108825684,24.08055877685547,24.376785278320312,21.215959548950195,10.734684944152832,8,3,2,3,2.6424645202421213,4.121494186241665,6.256956950858988,2.8721562727482928
3,telefonáltál,tele,fonál,tál,17.04484748840332,16.601699829101562,10.549363136291504,22.679513931274414,11.495969772338867,14.688322067260742,11.834287643432617,12,4,5,3,2.639486489268586,4.456942684749888,2.537819095073274,3.1936810295412816
3,terveztél,terv,ez,tél,17.024904251098633,9.415048599243164,15.855544090270996,13.239072799682617,27.471399307250977,15.531991958618164,4.396876335144043,9,4,2,3,2.6384892569546374,4.295742981095551,6.333684409097302,3.3209766773428235
3,terveztél,terv,ezt,él,10.74869441986084,17.644147872924805,15.625012397766113,13.239072799682617,17.729602813720703,28.419269561767578,6.845819473266602,9,4,3,2,2.6384892569546374,4.295742981095551,5.93531677937607,4.520928734708947
3,kölcsönkérhetem,kölcsön,kér,hetem,17.68754005432129,19.63109016418457,13.658919334411621,11.837224960327148,26.158729553222656,27.577829360961914,5.034853458404541,15,7,3,5,2.6384892569546374,3.813314058945835,4.228939042456542,2.845098040014257
3,szerelőt,szer,el,őt,13.56324577331543,9.701944351196289,12.836756706237793,20.378585815429688,24.54254150390625,21.195640563964844,9.038515090942383,8,4,2,2,2.637489729512511,3.13481437032046,6.021003960549296,5.215082115013175
3,maradhattok,mar,adhat,tok,11.983851432800293,13.662920951843262,11.352888107299805,20.50942039489746,23.60329818725586,24.380517959594727,8.370546340942383,11,3,5,3,2.6364878963533656,3.1245042248342823,3.1950689964685903,2.8779469516291885
3,maradhattok,marad,hat,tok,16.24977684020996,19.791061401367188,13.401586532592773,9.864781379699707,21.758079528808594,24.380517959594727,9.677350044250488,11,5,3,3,2.6364878963533656,4.537982711445016,4.542788093450676,2.8779469516291885
3,üldögél,ül,dög,él,17.70209503173828,11.138694763183594,16.771329879760742,26.86361312866211,16.935588836669922,27.355588912963867,10.070761680603027,7,2,3,2,2.6344772701607315,4.029221394253928,3.2762319579218335,4.520928734708947
3,éjjelre,éj,jel,re,14.601001739501953,16.003759384155273,9.176666259765625,13.52068042755127,24.882993698120117,26.06316566467285,5.234317302703857,7,2,3,2,2.6334684555795866,3.3153404766272883,3.9860099318532614,3.6036855496146996
3,magatartás,maga,tart,ás,16.66986083984375,18.216110229492188,11.647248268127441,16.535614013671875,25.68540382385254,26.35696029663086,9.71319580078125,10,4,4,2,2.6334684555795866,5.509914557741583,4.57142930306149,2.8651039746411278
3,mutathatok,mutat,ha,tok,15.57117748260498,18.1593017578125,11.832426071166992,8.73065185546875,21.616910934448242,23.81313705444336,7.6546311378479,10,5,2,3,2.6324572921847245,3.750354088762708,6.17849550526079,2.8779469516291885
3,mutathatok,mutat,hat,ok,14.739015579223633,16.07900619506836,12.136322021484375,8.73065185546875,20.512523651123047,21.966312408447266,9.869993209838867,10,5,3,2,2.6324572921847245,3.750354088762708,4.542788093450676,4.570554614307831
3,félresikerült,félre,siker,ült,12.617073059082031,21.62155532836914,15.642881393432617,10.836609840393066,18.29738998413086,29.475736618041992,6.87810754776001,13,5,5,3,2.6324572921847245,4.19044375970669,3.517591730711908,3.801472313521471
3,bankárok,bank,ár,ok,10.199220657348633,10.596898078918457,11.714329719543457,21.267732620239258,21.923725128173828,22.566293716430664,11.9696626663208,8,4,2,2,2.629409599102719,3.7658919764300154,3.481012420956573,4.570554614307831
3,kutassátok,kutass,át,ok,16.19771385192871,17.013225555419922,10.321622848510742,13.281004905700684,26.157297134399414,26.900068283081055,6.923206806182861,10,6,2,2,2.629409599102719,2.3443922736851106,5.1193482825304715,4.570554614307831
3,narancslevet,narancs,le,vet,17.119384765625,14.997896194458008,10.502830505371094,13.144402503967285,27.8393497467041,24.937726974487305,5.52081823348999,12,7,2,3,2.6283889300503116,3.1458177144918276,5.581152891966289,3.3602146132953523
3,tanácsadás,tan,ács,adás,10.392219543457031,9.501702308654785,9.062605857849121,26.1355037689209,27.247175216674805,27.28619384765625,9.05811882019043,10,3,3,4,2.6273658565927325,3.0499928569201424,2.534026106056135,3.2638726768652235
3,tanácsadás,tanács,ad,ás,16.51502799987793,16.68970489501953,10.957392692565918,14.283400535583496,27.099599838256836,27.387466430664062,7.601445198059082,10,6,2,2,2.6273658565927325,3.8486816540239506,4.265996370495079,2.8651039746411278
3,napszemüveget,nap,szem,üveget,15.559532165527344,15.631872177124023,10.418499946594238,28.907752990722656,19.781574249267578,18.410137176513672,10.647686958312988,13,3,4,6,2.6263403673750423,5.132003392986632,3.861295393526696,3.469674772551798
3,írjátok,írj,át,ok,14.406052589416504,15.935349464416504,10.321622848510742,12.86783218383789,22.413894653320312,23.425872802734375,11.860032081604004,7,3,2,2,2.6263403673750423,3.4082399653118496,5.1193482825304715,4.570554614307831
3,bérgyilkosok,bér,gyilkos,ok,12.807271003723145,17.449186325073242,21.572786331176758,20.81907844543457,15.029779434204102,33.534671783447266,3.952501058578491,12,3,7,2,2.6263403673750423,2.3541084391474008,4.511228084427306,4.570554614307831
3,fahéjas,fa,héj,as,15.9681396484375,8.791765213012695,15.398383140563965,20.974441528320312,11.303712844848633,21.194671630859375,9.220097541809082,7,2,3,2,2.6263403673750423,3.871514558708382,3.4082399653118496,3.118595365223762
3,módszerekkel,mód,szerek,kel,10.100339889526367,16.42058563232422,14.956510543823242,21.64727783203125,20.570629119873047,32.61512756347656,8.082956314086914,12,3,6,3,2.625312450961674,3.8885164610749454,2.5171958979499744,3.4756711883244296
3,mindazért,mind,az,ért,14.32414436340332,12.74697208404541,12.93533992767334,20.04979133605957,20.928382873535156,22.103853225708008,10.407160758972168,9,4,2,3,2.625312450961674,4.963131168842824,6.741609849017849,4.410439786210347
3,öngyilkosok,ön,gyilkos,ok,21.31301498413086,10.182488441467285,21.572786331176758,29.026763916015625,11.613126754760742,28.757028579711914,6.995896339416504,11,2,7,2,2.6242820958356683,5.066888466169809,4.511228084427306,4.570554614307831
3,sértésért,sért,és,ért,15.70953369140625,16.275856018066406,10.049781799316406,13.264122009277344,26.99170684814453,27.109182357788086,8.152920722961426,9,4,2,3,2.6232492903979003,2.361727836017593,6.556241936591766,4.410439786210347
3,középszerű,köz,ép,szerű,8.392194747924805,16.080984115600586,15.024176597595215,25.924972534179688,25.391115188598633,14.887374877929688,7.083667278289795,10,3,2,5,2.622214022966295,2.6473829701146196,3.2219355998280053,2.595496221825574
3,szentelte,szent,el,te,18.801721572875977,15.837191581726074,12.619887351989746,8.210680961608887,24.473527908325195,21.918458938598633,6.911413192749023,9,5,2,2,2.622214022966295,4.432247538268601,6.021003960549296,5.976474700373688
3,napszemüveg,nap,szem,üveg,15.559532165527344,14.627774238586426,9.945527076721191,28.49654769897461,19.24727439880371,19.177953720092773,9.54172420501709,11,3,4,4,2.621176281775035,5.132003392986632,3.861295393526696,3.9658599368070715
3,írhatok,ír,ha,tok,8.71476936340332,11.355599403381348,11.832426071166992,20.66681480407715,21.392045974731445,23.603235244750977,6.479977130889893,7,2,2,3,2.6190933306267428,3.9566485792052033,6.17849550526079,2.8779469516291885
3,írhatok,ír,hat,ok,10.520371437072754,10.774584770202637,12.136322021484375,20.66681480407715,20.34027671813965,22.191967010498047,7.671909809112549,7,2,3,2,2.6190933306267428,3.9566485792052033,4.542788093450676,4.570554614307831
3,kétbalkezes,két,bal,kezes,17.477338790893555,9.907720565795898,17.376985549926758,20.145044326782227,32.862060546875,19.541763305664062,6.887588977813721,11,3,3,5,2.6180480967120925,5.2855438074150465,4.112739022360173,2.673941998634088
3,személyiséget,személy,is,éget,22.739686965942383,22.012710571289062,11.063506126403809,9.146819114685059,30.394216537475586,29.633317947387695,6.0071916580200195,13,7,2,4,2.617000341120899,4.1433583506154665,6.274002353245673,3.0569048513364727
3,vállaltad,váll,alt,ad,16.251548767089844,15.111482620239258,10.406729698181152,12.97337818145752,26.01584815979004,25.583642959594727,5.164193630218506,9,4,3,2,2.617000341120899,2.667452952889954,2.4899584794248346,4.265996370495079
3,végignézte,végig,néz,te,11.749176979064941,16.222545623779297,16.905393600463867,8.540220260620117,13.835881233215332,22.367219924926758,10.885531425476074,10,5,3,2,2.617000341120899,4.410861554216598,4.756278485725145,5.976474700373688
3,rendelkezünk,rend,el,kezünk,14.113097190856934,17.77594757080078,19.25408935546875,25.323667526245117,28.804738998413086,17.84578514099121,6.558469772338867,12,4,2,6,2.615950051656401,3.4260230156898763,6.021003960549296,2.7993405494535817
3,keresztülmentünk,kereszt,ül,mentünk,23.881027221679688,14.904829978942871,17.850168228149414,12.114497184753418,34.264190673828125,23.082178115844727,5.3962883949279785,16,7,2,7,2.6148972160331345,3.141763230275788,4.029221394253928,3.8276277047674334
3,helyettesíti,helyette,sí,ti,17.003416061401367,16.938295364379883,10.288249015808105,11.903814315795898,24.507221221923828,23.925182342529297,10.199542045593262,12,8,2,2,2.6148972160331345,3.7706311277778064,2.8639173769578603,4.868462219808566
3,naprendszer,nap,rend,szer,11.286603927612305,9.8006010055542,11.649110794067383,20.680923461914062,22.510208129882812,22.542285919189453,5.86045503616333,11,3,4,4,2.6148972160331345,5.132003392986632,3.4260230156898763,3.13481437032046
3,tervelte,terv,el,te,19.595346450805664,15.98984432220459,12.619887351989746,5.201540946960449,18.509803771972656,15.109798431396484,14.123624801635742,8,4,2,2,2.6138418218760693,4.295742981095551,6.021003960549296,5.976474700373688
3,maradhatott,mar,ad,hatott,11.455500602722168,17.375513076782227,16.803035736083984,20.614673614501953,21.72013282775879,11.773272514343262,9.124117851257324,11,3,2,6,2.6138418218760693,3.1245042248342823,4.265996370495079,3.0557604646877348
3,érintettek,ér,int,ettek,11.222932815551758,11.194579124450684,9.330733299255371,22.529640197753906,23.096187591552734,23.547626495361328,10.640487670898438,10,2,3,5,2.6138418218760693,4.4348402532975735,2.4785664955938436,2.9689496809813427
3,nevettess,ne,vett,ess,15.570588111877441,10.411911010742188,16.298738479614258,20.805761337280273,12.650486946105957,22.696130752563477,10.670026779174805,9,2,4,3,2.6138418218760693,5.978838538314173,4.205475036740891,3.188084373714938
3,állampolgárok,állam,polgár,ok,14.536368370056152,16.443206787109375,22.937026977539062,17.711179733276367,13.13854694366455,29.97295570373535,8.069093704223633,13,5,6,2,2.6138418218760693,3.8232133132826673,3.039017321997412,4.570554614307831
3,utasítások,utasít,ás,ok,16.625410079956055,16.74793815612793,11.295794486999512,10.904930114746094,23.29866600036621,23.69602394104004,7.065204620361328,10,6,2,2,2.6138418218760693,2.3909351071033793,2.8651039746411278,4.570554614307831
3,mérföldön,mér,föld,ön,15.269879341125488,7.77700662612915,15.603507995605469,25.6700439453125,14.649043083190918,25.66509437561035,8.252106666564941,9,3,4,2,2.6127838567197355,2.977266212427293,4.316766870141431,5.066888466169809
3,főnővér,fő,nő,vér,16.283071517944336,19.193803787231445,16.273588180541992,18.015010833740234,19.46829605102539,29.13665008544922,11.552517890930176,7,2,2,3,2.6127838567197355,4.014772474073064,4.919742107376001,4.302763708472981
3,tudomására,tudom,ás,ára,21.76764678955078,23.140270233154297,12.729256629943848,7.193583011627197,26.387964248657227,27.278963088989258,7.829891681671143,10,5,2,3,2.6127838567197355,5.832214386747318,2.8651039746411278,3.7218106152125467
3,valakiért,vala,ki,ért,10.861083030700684,10.662582397460938,11.013473510742188,22.08887481689453,22.196670532226562,23.14609146118164,10.740355491638184,9,4,2,3,2.60959440922522,2.859138297294531,5.958297682814038,4.410439786210347
3,helyrehozzam,hely,re,hozzam,11.558045387268066,22.743576049804688,23.219024658203125,28.50103187561035,30.075347900390625,11.354024887084961,8.092926025390625,12,4,2,6,2.6074550232146687,4.7499989765583495,3.6036855496146996,3.2997251539756367
3,utánajárok,után,aj,árok,12.030141830444336,19.96577262878418,16.43513298034668,26.977872848510742,26.186357498168945,16.163440704345703,7.580178737640381,10,4,2,4,2.603144372620182,5.097968400835213,2.984077033902831,2.4409090820652177
3,utánajárok,utána,jár,ok,15.486767768859863,16.534616470336914,10.546549797058105,15.527937889099121,26.271400451660156,26.42733383178711,10.027034759521484,10,5,3,2,2.603144372620182,4.642583217773558,4.564748891813018,4.570554614307831
3,tartottalak,tart,ott,alak,9.103976249694824,9.89979076385498,8.969108581542969,20.7054443359375,22.111133575439453,22.60871124267578,7.509612560272217,11,4,3,4,2.603144372620182,4.57142930306149,5.565865520533478,3.8462752424122133
3,nyúljatok,nyúl,ja,tok,18.46242332458496,20.582624435424805,11.181563377380371,15.38472843170166,26.36025619506836,28.8215389251709,9.660226821899414,9,4,2,3,2.6020599913279625,3.5285310606354114,5.05815640487046,2.8779469516291885
3,ügyésznő,ügy,ész,nő,16.427715301513672,11.950247764587402,17.134788513183594,19.496408462524414,31.309375762939453,21.370553970336914,9.262211799621582,8,3,3,2,2.6020599913279625,4.5233562066547925,3.3012470886362113,4.919742107376001
3,helyiséget,hely,is,éget,11.373108863830566,11.72858715057373,11.063506126403809,20.124242782592773,23.047378540039062,22.432592391967773,8.387323379516602,10,4,2,4,2.6020599913279625,4.7499989765583495,6.274002353245673,3.0569048513364727
3,juthatok,jut,ha,tok,10.6260986328125,12.247308731079102,11.832426071166992,19.83264923095703,21.070899963378906,22.557167053222656,6.912042617797852,8,3,2,3,2.5998830720736876,4.273649334723605,6.17849550526079,2.8779469516291885
3,juthatok,jut,hat,ok,11.815134048461914,11.73215389251709,12.136322021484375,19.83264923095703,20.281558990478516,21.243480682373047,7.938287258148193,8,3,3,2,2.5998830720736876,4.273649334723605,4.542788093450676,4.570554614307831
3,kötelez,köt,el,ez,19.138296127319336,16.988107681274414,13.525771141052246,14.351515769958496,25.794836044311523,23.57663345336914,10.256755828857422,7,3,2,2,2.5998830720736876,3.3575537197430814,6.021003960549296,6.333684409097302
3,egyvalami,egy,vala,mi,15.038711547851562,15.412866592407227,12.268077850341797,21.692588806152344,22.319156646728516,22.689300537109375,9.667264938354492,9,3,4,2,2.5998830720736876,6.513669111473827,2.859138297294531,6.162454474887796
3,mennyiséget,menny,is,éget,17.37047004699707,16.957265853881836,11.063506126403809,12.993223190307617,26.636735916137695,26.176488876342773,8.022591590881348,11,5,2,4,2.598790506763115,3.11293997608408,6.274002353245673,3.0569048513364727
3,helytálló,hely,tál,ló,15.886902809143066,10.69960880279541,14.958877563476562,20.699138641357422,14.263659477233887,22.840457916259766,8.702718734741211,9,4,3,2,2.598790506763115,4.7499989765583495,3.1936810295412816,3.8073320392911905
3,koncentráljatok,koncentrál,ja,tok,25.981586456298828,28.66692352294922,11.181563377380371,7.458078861236572,32.075706481933594,34.683189392089844,4.297961235046387,15,10,2,3,2.598790506763115,2.741151598851785,5.05815640487046,2.8779469516291885
3,harcoljatok,harcol,ja,tok,14.922131538391113,18.18150520324707,11.181563377380371,13.309338569641113,25.7740535736084,28.565845489501953,7.940648078918457,11,6,2,3,2.597695185925512,3.4398062113933303,5.05815640487046,2.8779469516291885
3,gyümölcslevet,gyümölcs,le,vet,28.097776412963867,25.630355834960938,10.502830505371094,8.134982109069824,33.799537658691406,31.000211715698242,6.118913173675537,13,8,2,3,2.597695185925512,3.2211533219547053,5.581152891966289,3.3602146132953523
3,apukáddal,apu,kád,dal,16.25139045715332,9.540454864501953,16.342262268066406,28.881956100463867,17.263290405273438,28.838396072387695,8.002761840820312,9,3,3,3,2.597695185925512,4.3819629776559985,2.714329759745233,3.8783494222177755
3,ajánlhatok,ajánl,ha,tok,21.729618072509766,23.983867645263672,11.832426071166992,9.938712120056152,29.818397521972656,31.747631072998047,5.828980922698975,10,5,2,3,2.59659709562646,3.1277525158329733,6.17849550526079,2.8779469516291885
3,ajánlhatok,ajánl,hat,ok,20.938020706176758,22.254558563232422,12.136322021484375,9.938712120056152,28.62283706665039,30.119539260864258,6.683126449584961,10,5,3,2,2.59659709562646,3.1277525158329733,4.542788093450676,4.570554614307831
3,foglaljatok,foglal,ja,tok,15.791358947753906,19.230712890625,11.181563377380371,11.268198013305664,24.55504608154297,27.278148651123047,6.451173782348633,11,6,2,3,2.595496221825574,2.828015064223977,5.05815640487046,2.8779469516291885
3,tanítottalak,tanít,ott,alak,16.096920013427734,16.83697509765625,8.969108581542969,10.492871284484863,21.480514526367188,22.318078994750977,11.271787643432617,12,5,3,4,2.5943925503754266,3.255272505103306,5.565865520533478,3.8462752424122133
3,értesítették,érte,sí,tették,16.07770538330078,11.654157638549805,16.087949752807617,17.928071975708008,27.55925941467285,16.99820899963379,10.336822509765625,12,4,2,6,2.593286067020457,4.678609416558926,2.8639173769578603,3.8389120274059985
3,maradtatok,mar,adta,tok,16.864913940429688,13.662920951843262,19.318565368652344,21.077674865722656,12.119206428527832,25.43035125732422,8.858481407165527,10,3,4,3,2.593286067020457,3.1245042248342823,4.262735779666486,2.8779469516291885
3,részletét,rész,le,tét,15.544022560119629,9.264628410339355,15.280844688415527,13.591638565063477,26.84638023376465,15.189969062805176,5.218334197998047,9,4,2,3,2.593286067020457,4.320354032817672,5.581152891966289,3.428620672671939
3,középpontban,köz,ép,pontban,8.392194747924805,15.255146980285645,15.00731086730957,29.649511337280273,28.808189392089844,18.811031341552734,7.916727066040039,12,3,2,7,2.593286067020457,2.6473829701146196,3.2219355998280053,3.09795107099415
3,rendszerre,rend,szer,re,11.649110794067383,9.286127090454102,10.863202095031738,21.38836097717285,23.352802276611328,23.16744613647461,5.696202754974365,10,4,4,2,2.593286067020457,3.4260230156898763,3.13481437032046,3.6036855496146996
3,otthagytál,ott,hagy,tál,18.06046485900879,14.799174308776855,12.315808296203613,24.95534324645996,15.420352935791016,15.03153133392334,8.855313301086426,10,3,4,3,2.5921767573958667,5.565865520533478,4.049721822152435,3.1936810295412816
3,bántottad,bánt,ott,ad,16.985816955566406,16.413562774658203,9.695343971252441,13.564230918884277,26.237627029418945,26.24827003479004,6.837957382202148,9,4,3,2,2.5921767573958667,3.636888906983799,5.565865520533478,4.265996370495079
3,találjatok,talál,ja,tok,16.408828735351562,19.801986694335938,11.181563377380371,12.706953048706055,25.654239654541016,28.56022071838379,7.789129734039307,10,5,2,3,2.591064607026499,3.9501700598082,5.05815640487046,2.8779469516291885
3,határhoz,ha,tár,hoz,16.81831932067871,8.2675199508667,16.033864974975586,28.734670639038086,18.165754318237305,27.492403030395508,10.509891510009766,8,2,3,3,2.5899496013257077,6.17849550526079,2.645422269349092,4.024772913079632
3,határhoz,hat,ár,hoz,11.020429611206055,9.885565757751465,10.863707542419434,26.755268096923828,27.59544563293457,27.492403030395508,8.827472686767578,8,3,2,3,2.5899496013257077,4.542788093450676,3.481012420956573,4.024772913079632
3,küzdöttél,küzd,öt,tél,23.670894622802734,15.042168617248535,15.703301429748535,6.67859411239624,28.054603576660156,18.72442626953125,7.300901412963867,9,4,2,3,2.5899496013257077,3.423081958297231,4.697708720591836,3.3209766773428235
3,atyaúristen,atya,úr,isten,18.786582946777344,15.967521667480469,11.235814094543457,17.170211791992188,31.75891876220703,28.897804260253906,4.746188640594482,11,4,2,5,2.5899496013257077,3.914554698517634,4.991177325616665,4.9355425319261474
3,űrhajósok,űr,hajó,sok,18.648544311523438,15.400589942932129,15.377808570861816,29.254568099975586,20.58198356628418,19.435144424438477,9.875024795532227,9,2,4,3,2.5899496013257077,3.193958978019187,4.271562825432305,5.299768711919799
3,űrhajósok,űr,hajós,ok,17.5039119720459,9.934953689575195,18.609163284301758,29.254568099975586,20.55038833618164,29.333358764648438,8.345888137817383,9,2,5,2,2.5899496013257077,3.193958978019187,2.561101383649056,4.570554614307831
3,menekülésre,menekül,és,re,21.528648376464844,21.996305465698242,9.258041381835938,7.462951183319092,26.69061279296875,27.15151596069336,6.710555076599121,11,7,2,2,2.5888317255942073,3.3531465462139796,6.556241936591766,3.6036855496146996
3,vérfarkasok,vér,farka,sok,15.837933540344238,16.25667953491211,11.649730682373047,29.511615753173828,20.205015182495117,20.890869140625,6.972856521606445,11,3,5,3,2.5888317255942073,4.302763708472981,3.1711411510283822,5.299768711919799
3,vérfarkasok,vér,farkas,ok,21.637495040893555,11.183494567871094,22.83349609375,29.511615753173828,12.181238174438477,30.925182342529297,7.226770877838135,11,3,6,2,2.5888317255942073,4.302763708472981,3.6917885244026984,4.570554614307831
3,észrevenné,ész,re,venné,10.576953887939453,16.783443450927734,17.152421951293945,21.22077751159668,22.239458084106445,9.45500373840332,8.129581451416016,10,3,2,5,2.5877109650189114,3.3012470886362113,3.6036855496146996,3.1981069988734014
3,helyreállítani,hely,re,állítani,11.558045387268066,16.05059242248535,16.3881893157959,26.025728225708008,27.51691246032715,16.8973331451416,7.4093146324157715,14,4,2,8,2.586587304671755,4.7499989765583495,3.6036855496146996,3.856910060300786
3,hétköznap,hét,köz,nap,17.410757064819336,17.100421905517578,9.899218559265137,16.450807571411133,29.42234230041504,28.2263240814209,7.568735122680664,9,3,3,3,2.584331224367531,4.561661786781147,2.6473829701146196,5.132003392986632
3,fölötti,föl,öt,ti,16.29076385498047,17.296714782714844,11.807642936706543,13.523714065551758,26.242618560791016,26.829835891723633,4.585798263549805,7,3,2,2,2.582063362911709,3.947874654897698,4.697708720591836,4.868462219808566
3,lépcsőházban,lép,cső,házban,13.178507804870605,11.762022018432617,11.796235084533691,20.825471878051758,20.326135635375977,20.67579460144043,5.5536580085754395,12,3,3,6,2.582063362911709,3.7544247892772584,3.3279716236230104,4.3068965975393665
3,nyomozáshoz,nyomoz,ás,hoz,23.2148380279541,21.627304077148438,11.5131254196167,11.580739974975586,30.685894012451172,29.66838264465332,6.927232265472412,11,6,2,3,2.582063362911709,3.079904467666721,2.8651039746411278,4.024772913079632
3,ügyeljen,ügy,el,jen,19.281862258911133,16.88414192199707,13.629950523376465,12.911474227905273,27.410531997680664,25.22596549987793,5.691312789916992,8,3,2,3,2.5809249756756194,4.5233562066547925,6.021003960549296,3.5240064455573727
3,ismerősök,is,mer,ősök,11.09057903289795,16.735801696777344,17.0393123626709,21.54373550415039,22.098613739013672,12.421518325805664,15.3355131149292,9,2,3,4,2.5809249756756194,6.274002353245673,3.678154038010437,2.9556877503135057
3,szerkezete,szer,keze,te,17.665943145751953,10.685553550720215,16.932035446166992,21.455366134643555,14.88932991027832,23.86536979675293,10.4721040725708,10,4,4,2,2.57978359661681,3.13481437032046,3.815577748324267,5.976474700373688
3,szabadidőm,szab,ad,időm,14.832571029663086,12.882529258728027,21.33321189880371,17.887989044189453,29.427236557006836,13.249333381652832,7.278373718261719,10,4,2,4,2.578639209968072,2.383815365980431,4.265996370495079,4.216350669139196
3,szembeszállt,szem,be,szállt,16.591705322265625,10.649971961975098,23.18015480041504,17.114662170410156,30.312259674072266,9.942647933959961,6.123299598693848,12,4,2,6,2.578639209968072,3.861295393526696,5.611719060607776,3.670709595223797
3,nevettél,ne,vet,tél,10.807351112365723,15.530802726745605,13.787724494934082,20.710704803466797,19.45166778564453,12.984963417053223,12.00937271118164,8,2,3,3,2.578639209968072,5.978838538314173,3.3602146132953523,3.3209766773428235
3,nevettél,ne,vett,él,15.570588111877441,10.181120872497559,16.612390518188477,20.710704803466797,12.88094425201416,22.49085807800293,10.194186210632324,8,2,4,2,2.578639209968072,5.978838538314173,4.205475036740891,4.520928734708947
3,hullámvasút,hull,ám,vasút,9.729429244995117,18.965991973876953,16.95256233215332,27.19573974609375,26.75873565673828,14.107626914978027,9.607987403869629,11,4,2,5,2.575187844927661,2.8129133566428557,4.292964545382929,2.920123326290724
3,hullámvasút,hullám,vas,út,16.09199333190918,16.20909881591797,11.577047348022461,14.174432754516602,25.86628532409668,27.029273986816406,5.455554962158203,11,6,3,2,2.575187844927661,3.2352758766870524,3.204933522354145,4.394836771279156
3,rendeljen,rend,el,jen,14.113097190856934,11.443493843078613,13.629950523376465,20.382719039916992,24.546106338500977,22.21535301208496,8.09008502960205,9,4,2,3,2.574031267727719,3.4260230156898763,6.021003960549296,3.5240064455573727
3,vérnyomok,vér,nyom,ok,17.331188201904297,11.183494567871094,17.989770889282227,25.934534072875977,18.98427963256836,27.41312026977539,8.221264839172363,9,3,4,2,2.574031267727719,4.302763708472981,3.7712934426290596,4.570554614307831
3,félbeszakítani,fél,be,szakítani,16.848331451416016,12.482657432556152,17.251365661621094,17.821125030517578,30.309219360351562,18.85187339782715,6.2328386306762695,14,3,2,9,2.574031267727719,4.675833312180064,5.611719060607776,3.3896975482063856
3,fogjatok,fog,ja,tok,10.788628578186035,13.390116691589355,11.181563377380371,19.812427520751953,22.201797485351562,25.28377914428711,7.3081231117248535,8,3,2,3,2.571708831808688,5.393961071337533,5.05815640487046,2.8779469516291885
3,békefenntartó,béke,fenn,tartó,12.480486869812012,15.289345741271973,14.655725479125977,23.3121280670166,23.675724029541016,23.6568660736084,9.18778133392334,13,4,4,5,2.5705429398818973,3.7965049515532963,3.86840930331496,3.5930644316587177
3,végállomás,vég,állom,ás,14.719740867614746,11.645888328552246,16.201698303222656,20.443912506103516,13.617015838623047,23.36272430419922,7.171584606170654,10,3,5,2,2.568201724066995,3.5085297189712867,3.318689269947746,2.8651039746411278
3,személyleírást,személy,le,írást,23.134328842163086,10.940046310424805,23.17040252685547,14.838866233825684,36.05579376220703,17.67767906188965,7.773408889770508,14,7,2,5,2.568201724066995,4.1433583506154665,5.581152891966289,2.919601023784111
3,jelölte,jel,öl,te,10.19250774383545,9.315173149108887,11.281981468200684,19.245267868041992,18.97559356689453,21.062885284423828,8.146790504455566,7,3,2,2,2.56702636615906,3.9860099318532614,3.506910725551518,5.976474700373688
3,tagjaként,tag,ja,ként,8.223150253295898,11.829029083251953,12.474599838256836,21.323896408081055,21.619558334350586,24.678119659423828,8.954680442810059,9,3,2,4,2.56702636615906,3.6240757311456826,5.05815640487046,2.6665179805548807
3,szívességből,szív,ess,égből,15.701488494873047,10.676008224487305,17.408489227294922,13.559420585632324,27.5092830657959,16.111846923828125,8.804168701171875,12,4,3,5,2.5658478186735176,3.900913067737669,3.188084373714938,3.273695587930092
3,szerszámok,szer,szám,ok,15.063021659851074,11.364592552185059,16.222864151000977,27.152973175048828,16.457109451293945,27.80209732055664,12.924869537353516,10,4,4,2,2.5658478186735176,3.13481437032046,4.107718610520263,4.570554614307831
3,létrehoztam,lét,re,hoztam,16.16950225830078,13.682640075683594,21.829647064208984,20.897218704223633,32.68189239501953,14.750264167785645,6.852535247802734,11,3,2,6,2.5646660642520893,3.0253058652647704,3.6036855496146996,4.395011699578094
3,maradhasson,mar,ad,hasson,11.455500602722168,16.28983497619629,15.267732620239258,20.817344665527344,22.56520652770996,12.369272232055664,8.007760047912598,11,3,2,6,2.5634810853944106,3.1245042248342823,4.265996370495079,2.3636119798921444
3,korlátok,kor,lát,ok,16.55119514465332,10.748482704162598,16.150726318359375,27.90497398376465,19.028818130493164,28.600053787231445,14.697879791259766,8,3,3,2,2.5622928644564746,3.4077307280263356,4.081599312732936,4.570554614307831
3,sebességre,seb,ess,égre,11.492414474487305,17.144149780273438,17.310901641845703,20.30813217163086,23.229785919189453,14.72526741027832,10.287591934204102,10,3,3,4,2.5622928644564746,3.670709595223797,3.188084373714938,3.082066934285113
3,erőforrás,erő,forr,ás,9.735508918762207,16.035301208496094,16.723005294799805,13.834426879882812,15.151313781738281,26.679885864257812,5.788875579833984,9,3,4,2,2.5622928644564746,3.928293412232202,2.6464037262230695,2.8651039746411278
3,középiskolát,köz,ép,iskolát,8.392194747924805,24.447710037231445,23.265180587768555,29.576854705810547,28.922607421875,10.347212791442871,7.875788688659668,12,3,2,7,2.5622928644564746,2.6473829701146196,3.2219355998280053,3.5931752634781025
3,járható,jár,ha,tó,9.41132640838623,14.857270240783691,15.342690467834473,13.398702621459961,15.93501091003418,9.96821403503418,9.86311149597168,7,3,2,2,2.561101383649056,4.564748891813018,6.17849550526079,3.4243915544102776
3,halászok,hal,ász,ok,16.229846954345703,11.287003517150879,15.63753890991211,22.495174407958984,22.79926109313965,23.171171188354492,10.106842041015625,8,3,3,2,2.561101383649056,4.108158951256403,3.220631019448092,4.570554614307831
3,unokaöcséd,un,oka,öcséd,10.549087524414062,22.27604866027832,20.882953643798828,29.503644943237305,28.460002899169922,11.584434509277344,5.283173561096191,10,2,3,5,2.561101383649056,2.926342446625655,4.373316665173873,3.358886204405869
3,rendőrségről,rend,őrs,égről,23.068225860595703,22.134723663330078,20.497652053833008,31.96360206604004,25.260400772094727,14.976561546325684,6.951700210571289,12,4,3,5,2.5599066250361124,3.4260230156898763,2.6532125137753435,2.432969290874406
3,teliholdkor,teli,hold,kor,17.811948776245117,17.013967514038086,14.791962623596191,15.726641654968262,26.903942108154297,26.217714309692383,6.614317893981934,11,4,4,3,2.5599066250361124,3.8521749044203033,3.819609732751585,3.4077307280263356
3,rendőrtisztet,rend,őr,tisztet,10.771529197692871,22.341890335083008,21.85814094543457,30.006826400756836,31.293052673339844,15.211615562438965,9.54605484008789,13,4,2,7,2.5575072019056577,3.4260230156898763,3.721068301797159,2.9876662649262746
3,képviselők,kép,visel,ők,10.411945343017578,16.098697662353516,16.208940505981445,17.09537124633789,18.032943725585938,30.660736083984375,6.122794151306152,10,3,5,2,2.5575072019056577,4.074852995881248,3.579440597139797,4.923886175096466
3,hollétét,hol,lé,tét,9.381975173950195,15.250959396362305,14.961255073547363,26.6649227142334,26.825254440307617,15.779414176940918,11.990461349487305,8,3,2,3,2.5563025007672873,5.46656958913764,2.781755374652469,3.428620672671939
3,segítségül,segíts,ég,ül,16.452186584472656,17.519845962524414,12.672712326049805,13.198752403259277,26.84516716003418,27.27121353149414,4.792839050292969,10,6,2,2,2.5550944485783194,4.421554572419877,4.60959440922522,4.029221394253928
3,napkelte,nap,kel,te,10.91191577911377,10.932458877563477,10.01977252960205,19.40795135498047,20.919498443603516,21.773374557495117,6.223202228546143,8,3,3,2,2.5550944485783194,5.132003392986632,3.4756711883244296,5.976474700373688
3,olyasmiről,oly,as,miről,11.055100440979004,18.27169418334961,16.487302780151367,25.87681770324707,25.22406768798828,13.266497611999512,7.228885173797607,10,3,2,5,2.5550944485783194,4.061942292028086,3.118595365223762,4.827614786833439
3,félretettem,fél,re,tettem,16.832788467407227,12.64331340789795,21.30536651611328,17.496566772460938,29.34915542602539,11.460694313049316,5.6161322593688965,11,3,2,6,2.5538830266438746,4.675833312180064,3.6036855496146996,4.691090337134362
3,számítógépén,számító,gép,én,11.535515785217285,20.772754669189453,14.054932594299316,13.581304550170898,20.86742401123047,31.81564712524414,7.506528854370117,12,7,3,2,2.5538830266438746,2.5658478186735176,4.020402720983878,6.157086084559995
3,észrevétel,ész,re,vétel,10.576953887939453,16.27766227722168,16.016803741455078,20.70975112915039,21.59945297241211,10.43617057800293,8.181654930114746,10,3,2,5,2.552668216112193,3.3012470886362113,3.6036855496146996,3.657151501900967
3,hozzámentél,hozz,ámen,tél,13.020764350891113,11.008611679077148,12.715030670166016,17.476848602294922,20.44573211669922,19.886322021484375,7.019952297210693,11,4,4,3,2.5514499979728753,3.9587071910872846,3.7988577317474856,3.3209766773428235
3,hozzámentél,hozzá,ment,él,23.27989387512207,23.516027450561523,12.808218955993652,10.31850528717041,30.730464935302734,31.830059051513672,4.856880187988281,11,5,4,2,2.5514499979728753,4.9755420915169415,4.7775573086390075,4.520928734708947
3,mogyoróvajas,mogyoró,vaj,as,25.88417625427246,26.562475204467773,9.25174617767334,7.4517717361450195,31.952354431152344,32.585227966308594,3.623744010925293,12,7,3,2,2.5514499979728753,3.0557604646877348,3.061452479087193,3.118595365223762
3,gyógyítható,gyógyít,ha,tó,22.043521881103516,12.768362998962402,15.342690467834473,4.694284439086914,22.665666580200195,13.505887985229492,9.8971586227417,11,7,2,2,2.550228353055094,2.4712917110589387,6.17849550526079,3.4243915544102776
3,szárazföldre,száraz,föld,re,14.310908317565918,23.25664710998535,15.4896879196167,9.287607192993164,19.650285720825195,30.370851516723633,4.100925445556641,12,6,4,2,2.550228353055094,3.5678494505731067,4.316766870141431,3.6036855496146996
3,bárkire,bár,ki,re,17.255115509033203,17.357492446899414,10.96537971496582,14.803032875061035,27.64051055908203,28.278560638427734,7.196653842926025,7,3,2,2,2.5490032620257876,4.661964047212368,5.958297682814038,3.6036855496146996
3,félreértette,fél,re,értette,16.832788467407227,14.573050498962402,18.61793327331543,17.821491241455078,30.025516510009766,19.026918411254883,5.994562149047852,12,3,2,7,2.5490032620257876,4.675833312180064,3.6036855496146996,3.6006462356623943
3,félreértette,félre,ér,tette,22.860122680664062,13.743473052978516,17.625062942504883,10.901143074035645,30.78497886657715,20.297988891601562,7.508718490600586,12,5,2,5,2.5490032620257876,4.19044375970669,4.4348402532975735,4.632538271950371
3,félreértette,félre,ért,ette,22.333580017089844,21.108613967895508,10.495193481445312,10.901143074035645,30.17378044128418,29.651695251464844,7.7618255615234375,12,5,3,4,2.5490032620257876,4.19044375970669,4.410439786210347,2.9014583213961123
3,hajtóművek,haj,tó,művek,14.30066967010498,21.902761459350586,14.24451732635498,27.792997360229492,18.301191329956055,11.594566345214844,9.235243797302246,10,3,2,5,2.5490032620257876,3.5742628297070267,3.4243915544102776,2.741939077729199
3,sütötte,süt,öt,te,15.19405460357666,16.992645263671875,10.373396873474121,14.227919578552246,25.19929313659668,26.59187889099121,6.898077011108398,7,3,2,2,2.5477747053878224,3.2598326990634834,4.697708720591836,5.976474700373688
3,főszereplője,fő,szerep,lője,17.09719467163086,15.489989280700684,9.76984691619873,22.96046257019043,14.636258125305176,14.634360313415527,8.961977005004883,12,2,6,4,2.545307116465824,4.014772474073064,3.182984967003582,2.9395192526186187
3,önmagadat,ön,mag,adat,12.548632621765137,11.311441421508789,11.92747974395752,21.172456741333008,21.89920997619629,21.78643798828125,7.456291198730469,9,2,3,4,2.545307116465824,5.066888466169809,3.1755118133634475,3.2496874278053016
3,rávettél,rá,vet,tél,10.269776344299316,15.236597061157227,13.787724494934082,24.565948486328125,23.929893493652344,14.906651496887207,8.057279586791992,8,2,3,3,2.5440680443502757,5.3862920244277,3.3602146132953523,3.3209766773428235
3,rávettél,rá,vett,él,15.590483665466309,8.892226219177246,16.612390518188477,24.565948486328125,14.23073959350586,26.474233627319336,8.679435729980469,8,2,4,2,2.5440680443502757,5.3862920244277,4.205475036740891,4.520928734708947
3,önmagára,ön,mag,ára,12.548632621765137,14.12954044342041,14.984261512756348,20.814294815063477,21.716819763183594,21.462186813354492,8.952012062072754,8,2,3,3,2.5428254269591797,5.066888466169809,3.1755118133634475,3.7218106152125467
3,válaszolhatok,válaszol,ha,tok,23.02791976928711,25.03200340270996,11.832426071166992,10.60075569152832,30.963327407836914,32.29391098022461,7.5901055335998535,13,8,2,3,2.5428254269591797,3.597804842404293,6.17849550526079,2.8779469516291885
3,válaszolhatok,válaszol,hat,ok,22.095582962036133,22.98509407043457,12.136322021484375,10.60075569152832,29.581523895263672,30.651981353759766,9.878814697265625,13,8,3,2,2.5428254269591797,3.597804842404293,4.542788093450676,4.570554614307831
3,értesítettük,érte,sí,tettük,16.07770538330078,14.219552040100098,22.14502716064453,17.802675247192383,27.504230499267578,11.011190414428711,10.227435111999512,12,4,2,6,2.5403294747908736,4.678609416558926,2.8639173769578603,3.535167485114944
3,készteti,kész,te,ti,15.617781639099121,16.461050033569336,8.603772163391113,15.363426208496094,27.0238037109375,27.257495880126953,8.932796478271484,8,4,2,2,2.5403294747908736,4.7904188808065316,5.976474700373688,4.868462219808566
3,félreeső,fél,re,eső,16.832788467407227,14.85267162322998,18.79058837890625,14.517024993896484,26.748226165771484,17.57401466369629,7.449131011962891,8,3,2,3,2.5390760987927767,4.675833312180064,3.6036855496146996,3.844290743254343
3,harangok,ha,rang,ok,10.513503074645996,11.2070894241333,10.74084186553955,22.545011520385742,22.327245712280273,22.71197509765625,7.323232650756836,8,2,4,2,2.537819095073274,6.17849550526079,2.7299742856995555,4.570554614307831
3,kapjatok,kap,ja,tok,7.339210033416748,10.220327377319336,11.181563377380371,21.00124168395996,20.51352310180664,23.594985961914062,9.888916969299316,8,3,2,3,2.537819095073274,4.301377292349344,5.05815640487046,2.8779469516291885
3,válaszoljatok,válaszol,ja,tok,21.66396713256836,25.03200340270996,11.181563377380371,10.623417854309082,29.6347713470459,32.1978759765625,8.987205505371094,13,8,2,3,2.53655844257153,3.597804842404293,5.05815640487046,2.8779469516291885
3,térképre,tér,kép,re,11.314742088317871,16.126035690307617,17.015316009521484,13.733870506286621,15.677739143371582,26.80727767944336,6.720244884490967,8,3,3,2,2.5352941200427703,3.7175872968554606,4.074852995881248,3.6036855496146996
3,járhatok,jár,ha,tok,9.41132640838623,12.062392234802246,11.832426071166992,20.387067794799805,21.692049026489258,23.610042572021484,6.027928352355957,8,3,2,3,2.5352941200427703,4.564748891813018,6.17849550526079,2.8779469516291885
3,járhatok,jár,hat,ok,10.814179420471191,10.546549797058105,12.136322021484375,20.387067794799805,20.557313919067383,21.42041778564453,8.281448364257812,8,3,3,2,2.5352941200427703,4.564748891813018,4.542788093450676,4.570554614307831
3,ügyvédjének,ügy,védj,ének,11.123284339904785,15.401938438415527,15.405038833618164,18.203413009643555,17.384944915771484,29.00860595703125,8.706765174865723,11,3,4,4,2.534026106056135,4.5233562066547925,2.582063362911709,2.9380190974762104
3,gyorsaság,gyors,as,ág,15.764966011047363,17.26970863342285,10.982884407043457,8.545856475830078,22.180871963500977,23.02849769592285,9.974599838256836,9,5,2,2,2.534026106056135,4.236007926032121,3.118595365223762,2.720159303405957
3,tarthatok,tart,ha,tok,9.954063415527344,11.955657958984375,11.832426071166992,21.748661041259766,22.555095672607422,24.412384033203125,9.88498592376709,9,4,2,3,2.534026106056135,4.57142930306149,6.17849550526079,2.8779469516291885
3,tarthatok,tart,hat,ok,10.054980278015137,11.372574806213379,12.136322021484375,21.748661041259766,21.329530715942383,22.61687660217285,10.110993385314941,9,4,3,2,2.534026106056135,4.57142930306149,4.542788093450676,4.570554614307831
3,főbejáraton,fő,be,járaton,20.305944442749023,17.817045211791992,22.495288848876953,20.951326370239258,33.02921676635742,15.911994934082031,6.171602725982666,11,2,2,7,2.5327543789924976,4.014772474073064,5.611719060607776,2.6655809910179533
3,hallható,hall,ha,tó,7.839544296264648,14.653063774108887,15.342690467834473,13.607507705688477,15.227605819702148,9.602664947509766,11.104656219482422,8,4,2,2,2.5327543789924976,3.9927743642553555,6.17849550526079,3.4243915544102776
3,egyetértettünk,egye,tér,tettünk,11.328424453735352,12.783405303955078,10.66195297241211,18.474611282348633,18.949832916259766,13.392298698425293,8.109596252441406,14,4,3,7,2.5327543789924976,3.2711443179490782,3.7175872968554606,3.7283537820212285
3,egyetértettünk,egye,tért,ettünk,9.99685001373291,12.038113594055176,10.513014793395996,18.474611282348633,18.367965698242188,19.558090209960938,8.238737106323242,14,4,4,6,2.5327543789924976,3.2711443179490782,3.6503075231319366,3.2273724422896364
3,egyetértettünk,egyet,ér,tettünk,16.224302291870117,12.458231925964355,22.0389404296875,17.734556198120117,30.505613327026367,13.392298698425293,6.040173530578613,14,5,2,7,2.5327543789924976,4.8482938278592815,4.4348402532975735,3.7283537820212285
3,egyetértettünk,egyet,ért,ettünk,16.130727767944336,11.66700553894043,16.155515670776367,17.734556198120117,29.826595306396484,19.558090209960938,5.509243488311768,14,5,3,6,2.5327543789924976,4.8482938278592815,4.410439786210347,3.2273724422896364
3,rendeletet,rend,el,etet,14.113097190856934,11.005099296569824,12.036300659179688,20.453445434570312,23.505891799926758,21.0573787689209,10.139307975769043,10,4,2,4,2.531478917042255,3.4260230156898763,6.021003960549296,2.45178643552429
3,támadáshoz,támad,ás,hoz,21.904300689697266,20.655027389526367,11.5131254196167,6.7323503494262695,26.109848022460938,25.03398895263672,8.767400741577148,10,5,2,3,2.530199698203082,3.472171146692363,2.8651039746411278,4.024772913079632
3,észrevesz,ész,re,vesz,10.576953887939453,17.87272834777832,19.036151885986328,26.416166305541992,27.54730796813965,13.646954536437988,11.752638816833496,9,3,2,4,2.5289167002776547,3.3012470886362113,3.6036855496146996,3.994888795364911
3,alsónemű,alsó,ne,mű,15.101234436035156,11.934674263000488,16.340486526489258,15.020112037658691,26.289579391479492,16.144821166992188,7.568117618560791,8,4,2,2,2.5276299008713385,3.5110808455391185,5.978838538314173,2.9175055095525466
3,értesítettem,érte,sí,tettem,16.07770538330078,13.869938850402832,21.99720001220703,17.51899528503418,27.321529388427734,11.086562156677246,10.521618843078613,12,4,2,6,2.526339277389844,4.678609416558926,2.8639173769578603,4.691090337134362
3,olvasható,olvas,ha,tó,16.3424015045166,11.742996215820312,15.342690467834473,15.636876106262207,27.791641235351562,18.711200714111328,9.19013786315918,9,5,2,2,2.526339277389844,3.296665190261531,6.17849550526079,3.4243915544102776
3,semminél,sem,min,él,13.236183166503906,9.946377754211426,12.815091133117676,19.936681747436523,23.060720443725586,21.855396270751953,7.581273078918457,8,3,3,2,2.525044807036845,5.652412675851883,4.121494186241665,4.520928734708947
3,rendelkezel,rend,el,kezel,14.113097190856934,18.11220932006836,19.67165756225586,26.05596923828125,29.427522659301758,14.723335266113281,10.200604438781738,11,4,2,5,2.525044807036845,3.4260230156898763,6.021003960549296,2.8318697742805017
3,mindkettőre,mind,kettő,re,25.461145401000977,12.9345703125,24.529430389404297,30.123035430908203,12.051587104797363,30.928558349609375,7.523828506469727,11,4,5,2,2.525044807036845,4.963131168842824,4.4976344586072825,3.6036855496146996
3,bántottalak,bánt,ott,alak,16.985816955566406,17.17770004272461,8.969108581542969,13.81407356262207,26.49985122680664,27.300779342651367,6.401333332061768,11,4,3,4,2.525044807036845,3.636888906983799,5.565865520533478,3.8462752424122133
3,sorozatgyilkosok,sorozat,gyilkos,ok,12.533329963684082,17.019161224365234,21.572786331176758,20.36144256591797,15.027244567871094,33.316375732421875,4.041392803192139,16,7,7,2,2.525044807036845,3.4240645254174877,4.511228084427306,4.570554614307831
3,állásinterjúra,áll,ás,interjúra,13.225135803222656,24.581132888793945,23.351726531982422,30.395889282226562,29.870771408081055,11.034436225891113,7.268909454345703,14,3,2,9,2.5237464668115646,4.910149302250238,2.8651039746411278,2.9532763366673045
3,híváslistáját,hív,ás,listáját,17.961153030395508,9.62240982055664,16.337919235229492,17.66595458984375,31.056495666503906,18.29877281188965,5.377150535583496,13,3,2,8,2.5224442335063197,3.9635989625972416,2.8651039746411278,3.141136090120739
3,gondoltátok,gondolt,át,ok,21.468725204467773,22.323020935058594,10.321622848510742,11.961042404174805,29.50303077697754,30.376798629760742,6.8568220138549805,11,7,2,2,2.5224442335063197,3.839980557678343,5.1193482825304715,4.570554614307831
3,autóbalesetet,autó,bal,esetet,15.938446998596191,12.619186401367188,15.27893352508545,17.49811553955078,29.16631507873535,20.378305435180664,6.940067768096924,13,4,3,6,2.5224442335063197,4.114010161703462,4.112739022360173,3.3675422735205767
3,zaklatásért,zaklat,ás,ért,15.8612699508667,16.70001983642578,11.39943790435791,14.453383445739746,26.882570266723633,27.23934555053711,10.054880142211914,11,6,2,3,2.5211380837040362,2.8785217955012063,2.8651039746411278,4.410439786210347
3,szobatársad,szoba,társ,ad,11.744086265563965,15.55700969696045,15.362984657287598,15.239177703857422,17.362014770507812,26.153242111206055,6.809638977050781,11,5,4,2,2.5211380837040362,4.056714329516394,3.1925674533365456,4.265996370495079
3,titánok,ti,tán,ok,15.65001392364502,12.395431518554688,16.78955841064453,22.090801239013672,11.529168128967285,21.826711654663086,12.207938194274902,7,2,3,2,2.5211380837040362,4.868462219808566,3.656002320682957,4.570554614307831
3,mindkettőnkre,mind,kettőnk,re,28.508438110351562,12.9345703125,27.936180114746094,33.271724700927734,10.217764854431152,33.94382095336914,7.3613667488098145,13,4,7,2,2.519827993775719,4.963131168842824,3.6238692683503024,3.6036855496146996
3,bántsátok,bánts,át,ok,22.37590217590332,23.759660720825195,10.321622848510742,10.512682914733887,30.402671813964844,31.597631454467773,7.128777503967285,9,5,2,2,2.5185139398778875,2.9242792860618816,5.1193482825304715,4.570554614307831
3,választhatok,választ,ha,tok,17.3192195892334,19.149057388305664,11.832426071166992,13.767191886901855,26.819822311401367,28.331430435180664,8.154378890991211,12,7,2,3,2.5185139398778875,4.160618572399474,6.17849550526079,2.8779469516291885
3,választhatok,választ,hat,ok,16.57866859436035,17.11206817626953,12.136322021484375,13.767191886901855,25.7990665435791,26.474258422851562,7.887664794921875,12,7,3,2,2.5185139398778875,4.160618572399474,4.542788093450676,4.570554614307831
3,kézírás,kéz,ír,ás,17.685626983642578,17.598880767822266,11.55746078491211,10.831125259399414,24.05792808532715,23.59243392944336,11.521424293518066,7,3,2,2,2.5185139398778875,3.732634967539196,3.9566485792052033,2.8651039746411278
3,őrületet,őr,ül,etet,10.915440559387207,7.970320701599121,11.352160453796387,20.687673568725586,22.422895431518555,21.64398765563965,9.85513973236084,8,2,2,4,2.5185139398778875,3.721068301797159,4.029221394253928,2.45178643552429
3,aprólékos,apró,lé,kos,16.97964096069336,16.11963653564453,9.475772857666016,17.26762580871582,27.379968643188477,26.153316497802734,10.402255058288574,9,4,2,3,2.5171958979499744,4.072948031792886,2.781755374652469,2.5514499979728753
3,nővérének,nő,vér,ének,16.273588180541992,15.742902755737305,9.34273910522461,16.955303192138672,29.719995498657227,29.391782760620117,4.89053201675415,9,2,3,4,2.5171958979499744,4.919742107376001,4.302763708472981,2.9380190974762104
3,vicceltél,vicc,el,tél,17.682130813598633,9.991841316223145,17.845909118652344,15.558770179748535,27.05646324157715,15.224222183227539,8.164816856384277,9,4,2,3,2.5171958979499744,4.128269995169627,6.021003960549296,3.3209766773428235
3,nyitottad,nyit,ott,ad,17.97078514099121,18.396503448486328,9.695343971252441,13.976527214050293,25.762514114379883,26.294593811035156,10.038281440734863,9,4,3,2,2.515873843711679,3.228400358703005,5.565865520533478,4.265996370495079
3,félreérti,fél,re,érti,16.832788467407227,12.940396308898926,17.10172462463379,17.433298110961914,29.683406829833984,18.367143630981445,5.946242809295654,9,3,2,4,2.515873843711679,4.675833312180064,3.6036855496146996,4.5298408406753365
3,félreérti,félre,ér,ti,22.860122680664062,22.3603515625,12.21442699432373,10.307413101196289,30.448169708251953,29.951818466186523,5.788426399230957,9,5,2,2,2.515873843711679,4.19044375970669,4.4348402532975735,4.868462219808566
3,köszönhetek,kösz,ön,hetek,16.951631546020508,12.462580680847168,16.60257339477539,14.473319053649902,27.711809158325195,18.138107299804688,8.43494701385498,11,4,2,5,2.515873843711679,4.823226362800612,5.066888466169809,3.4824447919182653
3,eshetőségre,eshet,ős,égre,15.700139045715332,12.253717422485352,17.352298736572266,15.607966423034668,27.325292587280273,17.374958038330078,10.405654907226562,11,5,2,4,2.515873843711679,3.0863598306747484,2.593286067020457,3.082066934285113
3,papírokkal,pap,ír,okkal,5.414376258850098,7.437537670135498,7.691670894622803,26.505430221557617,26.427528381347656,25.78158187866211,7.6910552978515625,10,3,2,5,2.514547752660286,3.7223870941771238,3.9566485792052033,3.5456781497920256
3,őslakos,ős,la,kos,10.522567749023438,9.183612823486328,10.293252944946289,23.07908058166504,23.46500015258789,21.90890884399414,12.37728500366211,7,2,2,3,2.514547752660286,2.593286067020457,3.957415714722669,2.5514499979728753
3,tényezők,tény,ez,ők,16.291946411132812,15.563268661499023,9.763252258300781,15.622079849243164,28.570085525512695,28.4822940826416,7.033308029174805,8,4,2,2,2.514547752660286,3.930847191682497,6.333684409097302,4.923886175096466
3,érdekellek,ér,de,kellek,12.92025089263916,23.560504913330078,24.469951629638672,26.317285537719727,28.065542221069336,10.092103958129883,6.35886812210083,10,2,2,6,2.513217600067939,4.4348402532975735,6.256956950858988,3.396896449142524
3,tornateremben,tor,na,teremben,13.238751411437988,23.39960289001465,22.173974990844727,26.58033561706543,25.5687198638916,9.486621856689453,9.755934715270996,13,3,2,8,2.513217600067939,2.406540180433955,5.210690307241179,3.5182506513085
3,középsuliban,köz,ép,suliban,8.392194747924805,17.015357971191406,16.34063148498535,30.414770126342773,29.69965362548828,20.81873321533203,7.691877365112305,12,3,2,7,2.513217600067939,2.6473829701146196,3.2219355998280053,3.7891574919114395
3,háttere,hát,te,re,17.764142990112305,18.142667770385742,9.373847961425781,8.509814262390137,23.151599884033203,23.352968215942383,7.364085674285889,7,3,2,2,2.5118833609788744,5.473749657013478,5.976474700373688,3.6036855496146996
3,létfenntartó,lét,fenn,tartó,13.002342224121094,14.886106491088867,14.655725479125977,20.78570556640625,21.385953903198242,21.872196197509766,6.719014644622803,12,3,4,5,2.5118833609788744,3.0253058652647704,3.86840930331496,3.5930644316587177
3,papírmunkával,pap,ír,munkával,5.414376258850098,17.130146026611328,17.179306030273438,29.186321258544922,29.07478141784668,17.772720336914062,5.7881550788879395,13,3,2,8,2.510545010206612,3.7223870941771238,3.9566485792052033,3.469380135849925
3,bármiért,bár,mi,ért,17.879907608032227,18.530046463012695,13.198513984680176,18.43016815185547,27.52215003967285,26.494596481323242,16.560340881347656,8,3,2,3,2.509202522331103,4.661964047212368,6.162454474887796,4.410439786210347
3,energiaforrás,energia,forr,ás,14.957247734069824,12.727673530578613,16.723005294799805,19.521142959594727,12.037684440612793,23.281145095825195,6.162283897399902,13,7,4,2,2.507855871695831,3.7770641547424293,2.6464037262230695,2.8651039746411278
3,szabadnapom,szab,ad,napom,14.832571029663086,9.227798461914062,15.95191478729248,13.752832412719727,25.77116584777832,14.391302108764648,6.903446197509766,11,4,2,5,2.507855871695831,2.383815365980431,4.265996370495079,3.758609142659744
3,lányokhoz,lány,ok,hoz,17.716001510620117,16.366897583007812,10.440560340881348,13.591548919677734,27.460784912109375,26.27363395690918,7.667460918426514,9,4,2,3,2.506505032404872,4.882222760686668,4.570554614307831,4.024772913079632
3,emberölésért,ember,ölés,ért,19.613248825073242,9.198294639587402,19.08571434020996,25.715303421020508,14.086322784423828,26.433748245239258,8.549927711486816,12,5,4,3,2.506505032404872,5.316075234838397,2.401400540781544,4.410439786210347
3,főbérlő,fő,bér,lő,16.37204360961914,15.587352752685547,11.990547180175781,20.170629501342773,21.027177810668945,21.74547004699707,7.962249279022217,7,2,3,2,2.505149978319906,4.014772474073064,2.3541084391474008,3.3230457354817013
3,értesítelek,érte,sí,telek,16.07770538330078,16.355209350585938,13.618823051452637,18.798564910888672,28.286550521850586,26.703222274780273,11.785309791564941,11,4,2,5,2.505149978319906,4.678609416558926,2.8639173769578603,2.673941998634088
3,városházára,város,ház,ára,15.934125900268555,16.470504760742188,12.521201133728027,18.071836471557617,31.048295974731445,30.43627166748047,9.61451530456543,11,5,3,3,2.503790683057181,4.365506704077209,4.429510040813138,3.7218106152125467
3,vezetésért,vezet,és,ért,8.94261646270752,10.284101486206055,10.049781799316406,21.90839385986328,22.39129066467285,22.46830177307129,14.584823608398438,10,5,2,3,2.5024271199844326,4.129303107716051,6.556241936591766,4.410439786210347
3,értékelte,érték,el,te,18.66349220275879,16.615001678466797,12.619887351989746,13.260563850402832,27.006633758544922,25.445972442626953,8.462960243225098,9,5,2,2,2.5024271199844326,3.2076343673889616,6.021003960549296,5.976474700373688
3,fogadására,fog,adás,ára,10.645269393920898,14.196557998657227,13.546792984008789,20.525707244873047,23.17027473449707,22.813507080078125,12.62890911102295,10,3,4,3,2.5024271199844326,5.393961071337533,3.2638726768652235,3.7218106152125467
3,fogadására,fogad,ás,ára,17.534374237060547,19.104148864746094,12.729256629943848,11.409716606140137,23.695417404174805,22.813507080078125,12.232135772705078,10,5,2,3,2.5024271199844326,3.5149460053080044,2.8651039746411278,3.7218106152125467
3,karbantartás,karban,tart,ás,17.873519897460938,18.239990234375,11.647248268127441,13.314870834350586,26.021495819091797,26.649126052856445,8.002373695373535,12,6,4,2,2.5024271199844326,2.4265112613645754,4.57142930306149,2.8651039746411278
3,rendőrautó,rend,őr,autó,10.771529197692871,16.57758903503418,15.520323753356934,26.275806427001953,27.783447265625,18.080570220947266,8.213082313537598,10,4,2,4,2.5010592622177517,3.4260230156898763,3.721068301797159,4.114010161703462
3,félmeztelenül,fél,meztelen,ül,14.56911563873291,17.972919464111328,23.26809310913086,20.898906707763672,14.334729194641113,33.509212493896484,7.081043720245361,13,3,8,2,2.5010592622177517,4.675833312180064,3.6434526764861874,4.029221394253928
3,végénél,vég,én,él,9.279319763183594,9.7432279586792,7.8374176025390625,19.673898696899414,21.490995407104492,22.84450340270996,7.538494110107422,7,3,2,2,2.499687082618404,3.5085297189712867,6.157086084559995,4.520928734708947
3,műalkotás,mű,alkot,ás,12.660966873168945,17.272592544555664,16.27715301513672,17.935449600219727,20.714447021484375,30.86356544494629,8.899580955505371,9,2,5,2,2.499687082618404,2.9175055095525466,2.6020599913279625,2.8651039746411278
3,valamelyest,vala,mely,est,15.760064125061035,10.466325759887695,16.694713592529297,26.453418731689453,15.81571102142334,28.08671760559082,9.733540534973145,11,4,4,3,2.499687082618404,2.859138297294531,4.082354451330969,3.326335860928751
3,szembeszáll,szem,be,száll,16.591705322265625,6.6816630363464355,16.84581184387207,13.561997413635254,26.884878158569336,13.187950134277344,6.0661139488220215,11,4,2,5,2.499687082618404,3.861295393526696,5.611719060607776,3.5836521085420436
3,hazafutás,haza,fut,ás,20.28557586669922,17.564617156982422,17.285154342651367,16.49013900756836,29.06891441345215,27.718217849731445,10.20402717590332,9,4,3,2,2.499687082618404,4.848145993412557,3.5689054149828787,2.8651039746411278
3,értelmi,ért,el,mi,12.439559936523438,13.198513984680176,14.398317337036133,13.419023513793945,18.311792373657227,17.348655700683594,9.915329933166504,7,3,2,2,2.4983105537896004,4.410439786210347,6.021003960549296,6.162454474887796
3,rendőrnő,rend,őr,nő,10.771529197692871,16.775508880615234,16.386188507080078,26.52875328063965,28.07185935974121,17.02362632751465,9.565364837646484,8,4,2,2,2.496929648073215,3.4260230156898763,3.721068301797159,4.919742107376001
3,unokatestvérek,un,oka,testvérek,10.549087524414062,21.099376678466797,20.538238525390625,29.715452194213867,28.957780838012695,16.559629440307617,6.714536666870117,14,2,3,9,2.4955443375464483,2.926342446625655,4.373316665173873,3.7001843296221977
3,észreveszed,ész,re,veszed,10.576953887939453,17.770082473754883,18.686016082763672,25.083003997802734,25.874557495117188,14.229571342468262,8.570845603942871,11,3,2,6,2.4955443375464483,3.3012470886362113,3.6036855496146996,3.9840319802711806
3,pohárköszöntőt,pohár,köszönt,őt,9.889016151428223,20.67122459411621,21.744409561157227,15.438244819641113,14.818679809570312,33.6363410949707,4.943808555603027,14,5,7,2,2.4955443375464483,3.859738566197147,2.7520484478194387,5.215082115013175
3,tetthelyre,tett,hely,re,16.074716567993164,15.84702205657959,11.558045387268066,14.875961303710938,25.503713607788086,25.8738956451416,6.891791820526123,10,4,4,2,2.4955443375464483,4.623042434246382,4.7499989765583495,3.6036855496146996
3,tanácsadót,tan,ács,adót,10.392219543457031,15.3590087890625,16.00627899169922,25.024450302124023,26.612415313720703,14.95862865447998,9.03875732421875,10,3,3,4,2.4955443375464483,3.0499928569201424,2.534026106056135,3.2052043639481447
3,történész,tört,én,ész,13.88359260559082,14.85119342803955,9.716032028198242,14.099905967712402,25.308568954467773,25.739526748657227,6.127862930297852,9,4,2,3,2.4927603890268375,3.6473829701146196,6.157086084559995,3.3012470886362113
3,karamellás,kara,mell,ás,11.34747314453125,11.26620101928711,12.545292854309082,26.101119995117188,29.22008514404297,28.186145782470703,12.461678504943848,10,4,4,2,2.4927603890268375,3.3914644118391033,2.8312296938670634,2.8651039746411278
3,észreveszem,ész,re,veszem,10.576953887939453,16.57809066772461,17.28327751159668,25.64715576171875,26.40092658996582,14.453229904174805,6.092630863189697,11,3,2,6,2.4927603890268375,3.3012470886362113,3.6036855496146996,4.103803720955957
3,hadműveletet,had,művel,etet,23.56451988220215,11.105440139770508,22.446861267089844,33.48237991333008,14.887200355529785,33.88077926635742,8.450098037719727,12,3,5,4,2.4913616938342726,3.8217754671834636,3.734399742520567,2.45178643552429
3,fennmaradó,fenn,mar,adó,16.577877044677734,17.032760620117188,11.795948028564453,14.240520477294922,25.260635375976562,27.265134811401367,7.501317501068115,10,4,3,3,2.4913616938342726,3.86840930331496,3.1245042248342823,3.207095540419218
3,hajónapló,ha,jó,napló,8.152987480163574,16.940237045288086,16.72190284729004,25.92752456665039,25.897977828979492,13.160244941711426,8.427986145019531,9,2,2,5,2.4913616938342726,6.17849550526079,5.916272296509418,3.114610984232173
3,hajónapló,hajó,nap,ló,18.929336547851562,18.366268157958984,9.429779052734375,17.65467643737793,24.757286071777344,25.360397338867188,11.501936912536621,9,4,3,2,2.4913616938342726,4.271562825432305,5.132003392986632,3.8073320392911905
3,hitelkártyája,hit,el,kártyája,13.960379600524902,29.908540725708008,30.945791244506836,33.902015686035156,34.71244430541992,10.074496269226074,7.73720121383667,13,3,2,8,2.4899584794248346,3.510410948010177,6.021003960549296,2.791690649020118
3,élénken,él,én,ken,7.8374176025390625,10.611679077148438,8.06338882446289,21.596206665039062,20.423879623413086,19.84379768371582,6.735482692718506,7,2,2,3,2.4899584794248346,4.520928734708947,6.157086084559995,3.559068334034537
3,csalásért,csal,ás,ért,18.076011657714844,18.55879020690918,11.39943790435791,12.425219535827637,27.049711227416992,27.30858039855957,6.124996185302734,9,4,2,3,2.4899584794248346,3.188365926063148,2.8651039746411278,4.410439786210347
3,részmunkaidőben,rész,munka,időben,10.871224403381348,13.276548385620117,14.694676399230957,23.732423782348633,22.857040405273438,19.321786880493164,8.42103099822998,15,4,5,6,2.4899584794248346,4.320354032817672,4.675796665949183,4.361935492421146
3,férjére,fér,jé,re,16.472177505493164,15.663652420043945,12.59338665008545,13.477723121643066,25.776206970214844,26.194591522216797,7.898577690124512,7,3,2,2,2.4899584794248346,3.526597709103452,2.930949031167523,3.6036855496146996
3,útleveled,út,le,veled,9.793317794799805,9.898460388183594,8.963334083557129,20.77151870727539,22.123111724853516,20.479446411132812,9.788237571716309,9,2,2,5,2.4885507165004443,4.394836771279156,5.581152891966289,5.169615662222747
3,repülésre,repül,és,re,16.00800895690918,15.422154426574707,9.258041381835938,10.899553298950195,21.500652313232422,21.430952072143555,9.604591369628906,9,5,2,2,2.4871383754771865,3.5402042998420598,6.556241936591766,3.6036855496146996
3,rendőrként,rend,őr,ként,10.771529197692871,13.804543495178223,12.321226119995117,20.680801391601562,22.765520095825195,23.305635452270508,11.500927925109863,10,4,2,4,2.4871383754771865,3.4260230156898763,3.721068301797159,2.6665179805548807
3,észbontó,ész,bon,tó,12.079319953918457,15.439631462097168,16.21419906616211,26.92478370666504,27.577959060668945,19.029462814331055,17.774486541748047,8,3,3,2,2.48572142648158,3.3012470886362113,3.0927206446840994,3.4243915544102776
3,költötte,költ,öt,te,16.507568359375,17.080886840820312,10.373396873474121,13.424443244934082,27.038291931152344,27.76474380493164,6.960547924041748,8,4,2,2,2.48572142648158,2.6646419755561257,4.697708720591836,5.976474700373688
3,tengerészgyalogság,tenger,ész,gyalogság,17.210582733154297,16.60274887084961,26.62230682373047,22.62362289428711,34.64619064331055,11.158102035522461,5.589661598205566,18,6,3,9,2.484299839346786,3.673941998634088,3.3012470886362113,2.4424797690644486
3,középkorban,köz,ép,korban,8.392194747924805,17.65650177001953,16.58370590209961,25.18255615234375,24.7430477142334,15.157387733459473,10.124271392822266,11,3,2,6,2.482873583608754,2.6473829701146196,3.2219355998280053,3.363235804483694
3,hajnala,haj,na,la,10.516815185546875,8.59333324432373,10.213327407836914,13.492012023925781,14.65068531036377,15.013628005981445,8.579577445983887,7,3,2,2,2.482873583608754,3.5742628297070267,5.210690307241179,3.957415714722669
3,ösztöndíjas,ösztön,díj,as,12.785850524902344,22.797021865844727,15.699546813964844,12.4132080078125,20.63414764404297,31.82073974609375,8.293517112731934,11,6,3,2,2.482873583608754,3.000434077479319,3.354876422516234,3.118595365223762
3,ügyvédként,ügy,véd,ként,16.484783172607422,18.705101013183594,13.387688636779785,14.070112228393555,25.253936767578125,27.213973999023438,8.180825233459473,10,3,3,4,2.482873583608754,4.5233562066547925,3.0610753236297916,2.6665179805548807
3,páncélterem,pán,cél,terem,11.941473960876465,10.349617958068848,11.712672233581543,20.62127685546875,21.289535522460938,20.077804565429688,9.78244686126709,11,3,3,5,2.481442628502305,2.747411807886423,3.7837606957439243,3.459844642388208
3,bankszámla,bank,szám,la,15.036598205566406,9.015884399414062,15.974418640136719,22.100717544555664,13.291637420654297,23.224267959594727,8.728245735168457,10,4,4,2,2.4800069429571505,3.7658919764300154,4.107718610520263,3.957415714722669
3,fejvadászok,fej,vadász,ok,11.305501937866211,16.933544158935547,16.562156677246094,17.56048011779785,18.441518783569336,30.62113380432129,5.758792877197266,11,3,6,2,2.4800069429571505,3.8232133132826673,3.5633624094866074,4.570554614307831
3,egyedüllét,egyed,ül,lét,17.70570182800293,13.0467529296875,16.764751434326172,14.317715644836426,27.27816390991211,16.82431983947754,5.881147861480713,10,5,2,3,2.4785664955938436,2.6009728956867484,4.029221394253928,3.0253058652647704
3,forráshoz,forr,ás,hoz,16.723005294799805,14.390958786010742,11.5131254196167,9.964027404785156,21.752317428588867,20.423046112060547,11.112972259521484,9,4,2,3,2.4785664955938436,2.6464037262230695,2.8651039746411278,4.024772913079632
3,igazgatótanács,igazgató,tan,ács,21.755489349365234,22.25669288635254,10.392219543457031,10.070706367492676,29.58258819580078,30.362228393554688,5.560038089752197,14,8,3,3,2.4785664955938436,4.093841766912128,3.0499928569201424,2.534026106056135
3,rendőrőrs,rend,őr,őrs,10.771529197692871,23.068225860595703,21.589719772338867,28.80988311767578,29.976564407348633,18.284141540527344,13.236687660217285,9,4,2,3,2.4785664955938436,3.4260230156898763,3.721068301797159,2.6532125137753435
3,fogadhat,fog,ad,hat,11.0886812210083,10.703269004821777,10.606886863708496,12.980406761169434,16.37004852294922,16.04098892211914,10.950390815734863,8,3,2,3,2.4771212547196626,5.393961071337533,4.265996370495079,4.542788093450676
3,pofonegyszerű,pofon,egy,szerű,20.319116592407227,11.307856559753418,18.22684669494629,14.22011947631836,27.979528427124023,15.429527282714844,9.860931396484375,13,5,3,5,2.4756711883244296,3.0681858617461617,6.513669111473827,2.595496221825574
3,fedezzen,fed,ez,zen,10.597304344177246,11.241066932678223,9.711639404296875,21.210369110107422,21.197011947631836,20.569744110107422,8.772459983825684,8,3,2,3,2.4756711883244296,2.5289167002776547,6.333684409097302,2.8721562727482928
3,láthatok,lát,ha,tok,16.18095588684082,17.57386589050293,11.832426071166992,14.392035484313965,22.369274139404297,24.319089889526367,9.954277992248535,8,3,2,3,2.4756711883244296,4.081599312732936,6.17849550526079,2.8779469516291885
3,láthatok,lát,hat,ok,15.192808151245117,16.150726318359375,12.136322021484375,14.392035484313965,20.871509552001953,22.377317428588867,11.719331741333008,8,3,3,2,2.4756711883244296,4.081599312732936,4.542788093450676,4.570554614307831
3,robbanások,robban,ás,ok,18.246109008789062,18.636341094970703,11.295794486999512,10.290656089782715,24.19454002380371,24.710723876953125,8.92823314666748,10,6,2,2,2.4727564493172123,3.0569048513364727,2.8651039746411278,4.570554614307831
3,középiskolából,köz,ép,iskolából,8.392194747924805,23.953590393066406,22.79744529724121,29.985414505004883,29.41423225402832,10.047916412353516,8.61553955078125,14,3,2,9,2.4727564493172123,2.6473829701146196,3.2219355998280053,3.498172660636544
3,szembenéznie,szem,be,néznie,16.591705322265625,12.623249053955078,22.6929874420166,15.767170906066895,28.60495948791504,13.322071075439453,9.717578887939453,12,4,2,6,2.4727564493172123,3.861295393526696,5.611719060607776,3.161667412437736
3,félreértettél,fél,re,értettél,16.832788467407227,19.178640365600586,26.233800888061523,20.905691146850586,32.83319854736328,16.777971267700195,6.102051258087158,13,3,2,8,2.4712917110589387,4.675833312180064,3.6036855496146996,2.7958800173440754
3,félreértettél,félre,ér,tettél,22.860122680664062,10.332783699035645,23.29592514038086,13.791855812072754,33.6161003112793,15.26722526550293,6.517141342163086,13,5,2,6,2.4712917110589387,4.19044375970669,4.4348402532975735,4.34682222839354
3,félreértettél,félre,ért,ettél,22.333580017089844,12.031489372253418,16.638578414916992,13.791855812072754,33.06138229370117,21.012048721313477,6.717597961425781,13,5,3,5,2.4712917110589387,4.19044375970669,4.410439786210347,3.5388249889379035
3,félreértettél,félre,értett,él,14.844854354858398,21.73658561706543,18.981578826904297,13.791855812072754,20.986753463745117,33.43058776855469,7.8068461418151855,13,5,6,2,2.4712917110589387,4.19044375970669,3.210318519826232,4.520928734708947
3,kosárlabdát,kos,ár,labdát,10.552871704101562,20.675067901611328,20.588199615478516,24.952045440673828,25.9979248046875,10.631271362304688,8.492820739746094,11,3,2,6,2.4712917110589387,2.5514499979728753,3.481012420956573,3.7579271831133294
3,önjelölt,ön,jel,ölt,8.996271133422852,11.175411224365234,9.706339836120605,21.322595596313477,21.257177352905273,22.46462059020996,8.705065727233887,8,2,3,3,2.4712917110589387,5.066888466169809,3.9860099318532614,3.6413749451921253
3,vérveszteség,vér,vesztes,ég,22.992456436157227,10.397741317749023,24.433237075805664,29.30876350402832,10.643585205078125,31.2022647857666,7.909824371337891,12,3,7,2,2.4712917110589387,4.302763708472981,3.5577477416414682,4.60959440922522
3,helyreállt,hely,re,állt,11.558045387268066,15.983823776245117,16.1115779876709,25.809486389160156,27.261140823364258,17.356773376464844,6.262872695922852,10,4,2,4,2.469822015978163,4.7499989765583495,3.6036855496146996,4.3132765156490525
3,tanácsért,tan,ács,ért,10.392219543457031,11.476346015930176,10.395774841308594,21.374303817749023,22.68790626525879,23.61067008972168,10.427209854125977,9,3,3,3,2.469822015978163,3.0499928569201424,2.534026106056135,4.410439786210347
3,másokért,más,ok,ért,11.866559028625488,11.663610458374023,11.28988265991211,21.74542808532715,22.714200973510742,22.676420211791992,10.902839660644531,8,3,2,3,2.469822015978163,5.199343718689392,4.570554614307831,4.410439786210347
3,függőséget,függ,ős,éget,16.750993728637695,16.072351455688477,10.076294898986816,13.088957786560059,26.106931686401367,25.723257064819336,10.913019180297852,10,4,2,4,2.4683473304121573,4.052540045934022,2.593286067020457,3.0569048513364727
3,autóbalesete,autó,bal,esete,15.938446998596191,13.354879379272461,16.1511287689209,18.06450653076172,29.54328727722168,19.767162322998047,5.911900520324707,12,4,3,5,2.4668676203541096,4.114010161703462,4.112739022360173,3.2000292665537704
3,holttestre,holt,test,re,12.926294326782227,9.389137268066406,14.28125286102295,21.061296463012695,25.895915985107422,22.085573196411133,9.447265625,10,4,4,2,2.4653828514484184,3.339848783037637,3.8831501996832776,3.6036855496146996
3,ezenfelül,ezen,fel,ül,15.312335968017578,16.63165283203125,13.653348922729492,13.762550354003906,24.68308448791504,26.522274017333984,5.413779258728027,9,4,3,2,2.4638929889859074,4.829561056299393,5.574717489638529,4.029221394253928
3,tengerészgyalogosok,tengerész,gyalogos,ok,10.304823875427246,22.83033561706543,21.647130966186523,15.238457679748535,16.695186614990234,35.119991302490234,4.030686378479004,19,9,8,2,2.4638929889859074,3.355834495884936,2.749736315569061,4.570554614307831
3,erősítette,erő,sí,tette,16.30992317199707,12.611783027648926,17.092382431030273,14.356182098388672,27.2100772857666,17.791318893432617,8.261842727661133,10,3,2,5,2.4638929889859074,3.928293412232202,2.8639173769578603,4.632538271950371
3,tornaterem,tor,na,terem,13.238751411437988,17.216442108154297,16.263734817504883,22.569808959960938,21.47161102294922,10.132050514221191,9.454469680786133,10,3,2,5,2.4638929889859074,2.406540180433955,5.210690307241179,3.459844642388208
3,hagyhatok,hagy,ha,tok,17.110462188720703,20.520076751708984,11.832426071166992,13.260306358337402,28.07088279724121,30.294950485229492,6.481706619262695,9,4,2,3,2.4638929889859074,4.049721822152435,6.17849550526079,2.8779469516291885
3,hagyhatok,hagy,hat,ok,16.951719284057617,18.767126083374023,12.136322021484375,13.260306358337402,26.96074676513672,28.616518020629883,7.148184776306152,9,4,3,2,2.4638929889859074,4.049721822152435,4.542788093450676,4.570554614307831
3,helyőrség,hely,őrs,ég,23.08696746826172,11.857878684997559,22.413719177246094,26.003511428833008,18.645795822143555,28.173458099365234,9.524264335632324,9,4,3,2,2.462397997898956,4.7499989765583495,2.6532125137753435,4.60959440922522
3,újságírás,újság,ír,ás,21.673412322998047,21.23371696472168,11.55746078491211,5.717341423034668,26.0985164642334,25.5808162689209,9.050095558166504,9,5,2,2,2.462397997898956,4.101747073946366,3.9566485792052033,2.8651039746411278
3,ügyfelének,ügy,fel,ének,17.003908157348633,15.401938438415527,11.678201675415039,16.017902374267578,27.544784545898438,26.919431686401367,9.704009056091309,10,3,3,4,2.462397997898956,4.5233562066547925,5.574717489638529,2.9380190974762104
3,tanuljatok,tanul,ja,tok,15.92725944519043,18.82521629333496,11.181563377380371,13.000447273254395,26.02907943725586,28.45347785949707,6.233072280883789,10,5,2,3,2.4608978427565478,3.424718337331567,5.05815640487046,2.8779469516291885
3,cégénél,cég,én,él,15.539121627807617,16.77777862548828,7.8374176025390625,14.098467826843262,26.06397247314453,27.630823135375977,7.512577056884766,7,3,2,2,2.4608978427565478,4.020775488193558,6.157086084559995,4.520928734708947
3,szerkezetét,szer,keze,tét,17.665943145751953,15.354358673095703,10.646322250366211,26.27449607849121,15.588476181030273,16.75093650817871,5.884994029998779,11,4,4,3,2.4608978427565478,3.13481437032046,3.815577748324267,3.428620672671939
3,költészetet,költ,ész,etet,17.38117790222168,16.898420333862305,9.177340507507324,13.154239654541016,27.383575439453125,27.338674545288086,8.367462158203125,11,4,3,4,2.4608978427565478,2.6646419755561257,3.3012470886362113,2.45178643552429
3,marhahúst,mar,ha,húst,11.813581466674805,17.064069747924805,16.2514705657959,20.782621383666992,22.985549926757812,12.824722290039062,9.042120933532715,9,3,2,4,2.459392487759231,3.1245042248342823,6.17849550526079,3.689131197234498
3,olyasmiért,olyas,mi,ért,16.6954288482666,17.25681495666504,13.198513984680176,13.258557319641113,25.5760555267334,25.95819664001465,7.729681491851807,10,5,2,3,2.459392487759231,2.513217600067939,6.162454474887796,4.410439786210347
3,férfire,fér,fi,re,14.31536865234375,15.663652420043945,10.374703407287598,9.41983413696289,21.639541625976562,22.363834381103516,8.052267074584961,7,3,2,2,2.4578818967339924,3.526597709103452,3.204662511748219,3.6036855496146996
3,olyasvalakinek,oly,as,valakinek,11.055100440979004,25.48916244506836,23.50080680847168,30.988004684448242,30.24837303161621,10.796399116516113,4.890467643737793,14,3,2,9,2.456366033129043,4.061942292028086,3.118595365223762,4.370624100841535
3,tartásdíjat,tart,ás,díjat,11.647248268127441,15.748586654663086,16.948184967041016,26.104825973510742,27.359771728515625,17.01384162902832,9.94007396697998,11,4,2,5,2.456366033129043,4.57142930306149,2.8651039746411278,3.6379897807846855
3,üldögélek,ül,dög,élek,17.70209503173828,18.096635818481445,13.1292085647583,29.77958869934082,18.87347412109375,18.366943359375,8.01259708404541,9,2,3,4,2.456366033129043,4.029221394253928,3.2762319579218335,4.127881943484625
3,unokahúgod,un,oka,húgod,10.549087524414062,23.247072219848633,21.963830947875977,28.595863342285156,27.80385398864746,11.024693489074707,6.073548793792725,10,2,3,5,2.456366033129043,2.926342446625655,4.373316665173873,3.5055569386638217
3,félbeszakítottam,fél,be,szakítottam,16.848331451416016,15.890233039855957,24.468948364257812,19.497081756591797,31.92696189880371,15.027494430541992,6.367612361907959,16,3,2,11,2.45484486000851,4.675833312180064,5.611719060607776,3.208710019906401
3,névjegykártyám,név,jegy,kártyám,11.130230903625488,19.204730987548828,16.89616584777832,22.88890266418457,23.1115779876709,12.320048332214355,6.204726696014404,14,3,4,7,2.45484486000851,4.159206133646325,3.3306166672944384,2.8394780473741985
3,üldögélsz,ül,dög,élsz,17.70209503173828,23.630290985107422,14.915221214294434,32.86082458496094,22.30467414855957,14.180386543273926,8.630667686462402,9,2,3,4,2.45484486000851,4.029221394253928,3.2762319579218335,3.956792520370495
3,rendőrbírók,rend,őr,bírók,10.771529197692871,22.11162567138672,21.365108489990234,31.970232009887695,33.14802932739258,17.546030044555664,6.843369007110596,11,4,2,5,2.4533183400470375,3.4260230156898763,3.721068301797159,2.7403626894942437
3,ágynemű,ágy,ne,mű,17.862573623657227,12.914636611938477,16.340486526489258,18.641054153442383,26.747211456298828,17.10871124267578,10.974225997924805,7,3,2,2,2.4533183400470375,3.705007959333336,5.978838538314173,2.9175055095525466
3,mondhattál,mond,hat,tál,10.70759105682373,16.114818572998047,15.144216537475586,21.426307678222656,20.337026596069336,12.81423282623291,9.23620891571045,10,4,3,3,2.4533183400470375,4.603274316614141,4.542788093450676,3.1936810295412816
3,olvassátok,olvass,át,ok,21.95751190185547,22.837860107421875,10.321622848510742,11.620949745178223,29.753122329711914,30.96822166442871,6.596532821655273,10,6,2,2,2.45178643552429,2.996949248495381,5.1193482825304715,4.570554614307831
3,rendőrkapitány,rend,őr,kapitány,10.771529197692871,22.42867088317871,22.22829246520996,29.903579711914062,31.280517578125,12.506501197814941,7.566576957702637,14,4,2,8,2.45178643552429,3.4260230156898763,3.721068301797159,4.626740596252816
3,észrevettétek,ész,re,vettétek,10.576953887939453,26.984384536743164,26.76863670349121,29.37145233154297,29.851289749145508,8.977544784545898,6.685133934020996,13,3,2,8,2.45178643552429,3.3012470886362113,3.6036855496146996,2.808210972924222
3,emlékeztetőt,emlék,ez,tetőt,22.229522705078125,11.719829559326172,16.40302848815918,15.306377410888672,33.93858337402344,21.584514617919922,6.593984127044678,12,5,2,5,2.45178643552429,3.4316853446860116,6.333684409097302,3.010723865391773
3,erőforrások,erő,forr,ások,9.735508918762207,19.336151123046875,19.49953269958496,14.20314884185791,15.706032752990723,29.761127471923828,7.802855014801025,11,3,4,4,2.450249108319361,3.928293412232202,2.6464037262230695,2.3636119798921444
3,erőforrások,erő,forrás,ok,10.827434539794922,16.109174728393555,16.376718521118164,14.20314884185791,16.74284553527832,27.157947540283203,5.74332332611084,11,3,6,2,2.450249108319361,3.928293412232202,3.3531465462139796,4.570554614307831
3,fokhagymát,fok,hagy,mát,12.90865707397461,13.495582580566406,12.43545913696289,20.334239959716797,17.56000328063965,20.42983627319336,9.328721046447754,10,3,4,3,2.450249108319361,3.5435714239623652,4.049721822152435,2.3710678622717363
3,féltestvérem,fél,test,vérem,19.398841857910156,12.197300910949707,20.477312088012695,18.88150405883789,33.89479446411133,18.981529235839844,7.090851783752441,12,3,4,5,2.450249108319361,4.675833312180064,3.8831501996832776,3.274388795550379
3,féltestvérem,félt,est,vérem,16.474037170410156,9.759230613708496,17.142908096313477,18.564489364624023,31.35690689086914,18.981529235839844,8.647974014282227,12,4,3,5,2.450249108319361,3.607562243183588,3.326335860928751,3.274388795550379
3,könnyelmű,könny,el,mű,25.823501586914062,15.162001609802246,20.021574020385742,9.686933517456055,32.8021354675293,20.06161880493164,4.02500057220459,9,5,2,2,2.44870631990508,2.7323937598229686,6.021003960549296,2.9175055095525466
3,társadalombiztosítási,társa,dalom,biztosítási,13.272917747497559,12.297292709350586,17.50016975402832,18.45909309387207,25.096071243286133,12.143548965454102,8.325262069702148,21,5,5,11,2.44870631990508,3.6231458746379395,2.8651039746411278,3.3197304943302246
3,évszázadokkal,év,század,okkal,22.914325714111328,10.227843284606934,22.684946060180664,29.22209358215332,11.968367576599121,30.035762786865234,10.408279418945312,13,2,6,5,2.4471580313422194,4.615886953443552,3.4163075870598827,3.5456781497920256
3,városszerte,város,szer,te,16.749286651611328,16.964550018310547,10.685553550720215,13.71902847290039,26.808441162109375,27.07198143005371,6.966344833374023,11,5,4,2,2.4456042032735974,4.365506704077209,3.13481437032046,5.976474700373688
3,fényévnyire,fény,évnyi,re,11.1442232131958,16.721357345581055,18.17583656311035,16.825397491455078,17.461483001708984,30.61028480529785,4.509428024291992,11,4,5,2,2.444044795918076,4.019697730980192,3.2782962080912736,3.6036855496146996
3,mérföldkő,mér,föld,kő,15.269879341125488,19.90810203552246,13.707499504089355,29.832191467285156,18.515600204467773,17.462261199951172,8.097784996032715,9,3,4,2,2.444044795918076,2.977266212427293,4.316766870141431,3.656194062179186
3,rehabon,re,ha,bon,9.976248741149902,11.615252494812012,11.063983917236328,21.463754653930664,22.813241958618164,23.071674346923828,9.888422012329102,7,2,2,3,2.444044795918076,3.6036855496146996,6.17849550526079,3.0927206446840994
3,hajvágás,haj,vág,ás,16.15886116027832,11.037073135375977,17.308740615844727,26.34300422668457,15.99372673034668,26.968297958374023,9.515283584594727,8,3,3,2,2.444044795918076,3.5742628297070267,3.2823955047425257,2.8651039746411278
3,fordulhatok,fordul,ha,tok,10.523200035095215,11.60594367980957,11.832426071166992,20.900653839111328,21.568130493164062,23.032238006591797,6.117161750793457,11,6,2,3,2.4424797690644486,3.7668588110214176,6.17849550526079,2.8779469516291885
3,fordulhatok,fordul,hat,ok,12.02247142791748,11.003804206848145,12.136322021484375,20.900653839111328,20.771020889282227,21.466629028320312,7.108762741088867,11,6,3,2,2.4424797690644486,3.7668588110214176,4.542788093450676,4.570554614307831
3,nekimentem,ne,ki,mentem,10.96701717376709,16.01960563659668,16.420007705688477,22.030141830444336,22.358936309814453,14.717294692993164,11.366216659545898,10,2,2,6,2.4424797690644486,5.978838538314173,5.958297682814038,4.237669383878425
3,tanácsára,tan,ács,ára,10.392219543457031,13.066852569580078,11.803597450256348,21.579925537109375,22.810422897338867,22.453004837036133,12.290663719177246,9,3,3,3,2.4409090820652177,3.0499928569201424,2.534026106056135,3.7218106152125467
3,lépcsőház,lép,cső,ház,13.178507804870605,15.02056884765625,18.18880844116211,18.204517364501953,17.929540634155273,29.33095359802246,6.140598297119141,9,3,3,3,2.4409090820652177,3.7544247892772584,3.3279716236230104,4.429510040813138
3,egyesíti,egye,sí,ti,16.174598693847656,16.674041748046875,10.288249015808105,9.763447761535645,22.200191497802734,22.117084503173828,8.525915145874023,8,4,2,2,2.4409090820652177,3.2711443179490782,2.8639173769578603,4.868462219808566
3,telefonálhatok,telefonál,ha,tok,18.28710174560547,19.96736717224121,11.832426071166992,12.741443634033203,28.045543670654297,29.71450424194336,4.551405429840088,14,9,2,3,2.4409090820652177,3.226342087163631,6.17849550526079,2.8779469516291885
3,telefonálhatok,telefonál,hat,ok,17.18038558959961,18.290977478027344,12.136322021484375,12.741443634033203,26.80129051208496,28.124279022216797,6.443934440612793,14,9,3,2,2.4409090820652177,3.226342087163631,4.542788093450676,4.570554614307831
3,képviselte,kép,visel,te,10.411945343017578,16.83481216430664,16.19355010986328,13.660540580749512,15.338770866394043,27.51645278930664,6.213780403137207,10,3,5,2,2.439332693830263,4.074852995881248,3.579440597139797,5.976474700373688
3,hatvanas,hat,van,as,10.762568473815918,11.036763191223145,9.872310638427734,20.608905792236328,21.464157104492188,23.310787200927734,5.666327476501465,8,3,3,2,2.437750562820388,4.542788093450676,6.369493791163866,3.118595365223762
3,űrállomás,űr,állom,ás,14.449421882629395,10.611026763916016,16.201698303222656,26.016550064086914,16.38531494140625,26.445409774780273,7.894155502319336,9,2,5,2,2.437750562820388,3.193958978019187,3.318689269947746,2.8651039746411278
3,bankrabló,bank,rab,ló,9.613697052001953,8.190648078918457,9.693896293640137,25.232643127441406,25.429563522338867,25.853862762451172,8.327289581298828,9,4,3,2,2.437750562820388,3.7658919764300154,3.2643455070500926,3.8073320392911905
3,akármire,akár,mi,re,17.651840209960938,17.236467361450195,11.800620079040527,9.834732055664062,22.39248275756836,22.042041778564453,13.425272941589355,8,4,2,2,2.437750562820388,4.639894693554849,6.162454474887796,3.6036855496146996
3,abbahagynátok,abba,hagyná,tok,22.371295928955078,11.702908515930176,24.439815521240234,32.99138259887695,13.936664581298828,34.834327697753906,8.841267585754395,13,4,6,3,2.436162647040756,4.772871562650225,3.241795431295199,2.8779469516291885
3,változtathatok,változtat,ha,tok,16.252113342285156,17.639772415161133,11.832426071166992,14.75583553314209,27.38082504272461,29.000768661499023,8.308563232421875,14,9,2,3,2.436162647040756,3.549861188471943,6.17849550526079,2.8779469516291885
3,változtathatok,változtat,hat,ok,15.47722339630127,16.118059158325195,12.136322021484375,14.75583553314209,26.05451202392578,27.07283592224121,10.803820610046387,14,9,3,2,2.436162647040756,3.549861188471943,4.542788093450676,4.570554614307831
3,hitelkártyával,hit,el,kártyával,13.960379600524902,28.48345375061035,29.69199562072754,33.71834182739258,34.53326416015625,10.016692161560059,8.097038269042969,14,3,2,9,2.436162647040756,3.510410948010177,6.021003960549296,2.716003343634799
3,szabadnap,szab,ad,nap,14.832571029663086,14.80552864074707,10.494068145751953,9.076326370239258,20.886829376220703,20.365861892700195,8.48343276977539,9,4,2,3,2.4345689040341987,2.383815365980431,4.265996370495079,5.132003392986632
3,rendezőt,rend,ez,őt,12.260998725891113,11.161876678466797,10.802363395690918,20.884315490722656,23.071781158447266,22.303665161132812,9.644680976867676,8,4,2,2,2.4345689040341987,3.4260230156898763,6.333684409097302,5.215082115013175
3,helyszínelőket,helyszín,el,őket,25.65371322631836,16.946533203125,20.862573623657227,12.30192756652832,34.294734954833984,24.152170181274414,7.141027450561523,14,8,2,4,2.4345689040341987,3.4679039465228003,6.021003960549296,5.366753455625536
3,jelképez,jel,kép,ez,15.99795150756836,9.587167739868164,17.22702407836914,20.702741622924805,11.280195236206055,22.390352249145508,7.947677135467529,8,3,3,2,2.4345689040341987,3.9860099318532614,4.074852995881248,6.333684409097302
3,hírnévre,hír,név,re,13.717524528503418,17.57921600341797,17.00541114807129,14.204585075378418,17.7368106842041,27.47015380859375,5.2892303466796875,8,3,3,2,2.4345689040341987,4.345314905652313,4.159206133646325,3.6036855496146996
3,weboldalt,web,old,alt,12.822675704956055,10.475935935974121,13.526250839233398,20.9365177154541,22.624008178710938,21.304100036621094,3.886889696121216,9,3,3,3,2.432969290874406,2.683947130751512,3.3029799367482493,2.4899584794248346
3,észrevennéd,ész,re,vennéd,10.576953887939453,22.81291961669922,22.78615951538086,25.997072219848633,26.517148971557617,7.695074081420898,6.546841144561768,11,3,2,6,2.432969290874406,3.3012470886362113,3.6036855496146996,2.8813846567705728
3,magunkért,mag,un,kért,12.46149730682373,19.582136154174805,18.33087730407715,21.976863861083984,23.116863250732422,12.95748233795166,10.388617515563965,9,3,2,4,2.432969290874406,3.1755118133634475,2.926342446625655,4.1156105116743
3,árverésre,ár,verés,re,15.5281982421875,9.764384269714355,15.451748847961426,20.340396881103516,10.904624938964844,22.44975471496582,8.3264741897583,9,2,5,2,2.4313637641589874,3.481012420956573,2.6989700043360187,3.6036855496146996
3,személyleírás,személy,le,írás,23.134328842163086,21.774110794067383,9.813640594482422,8.963400840759277,30.504104614257812,29.161237716674805,5.600489139556885,13,7,2,4,2.4313637641589874,4.1433583506154665,5.581152891966289,3.3736474722092176
3,közmondás,köz,mond,ás,9.349071502685547,11.22567081451416,11.99924087524414,21.92993927001953,22.588863372802734,22.060344696044922,10.820786476135254,9,3,4,2,2.4313637641589874,2.6473829701146196,4.603274316614141,2.8651039746411278
3,névjegykártyát,név,jegy,kártyát,11.130230903625488,19.102794647216797,16.934612274169922,22.90488624572754,23.151819229125977,12.27074909210205,6.165829181671143,14,3,4,7,2.429752280002408,4.159206133646325,3.3306166672944384,3.573103783163991
3,félretenni,fél,re,tenni,16.832788467407227,11.792448997497559,16.54436683654785,13.209864616394043,25.874801635742188,14.862884521484375,8.622995376586914,10,3,2,5,2.429752280002408,4.675833312180064,3.6036855496146996,4.794843423187444
3,szembenézek,szem,be,nézek,16.591705322265625,11.349437713623047,17.22844123840332,17.033809661865234,29.81205177307129,19.141576766967773,10.056121826171875,11,4,2,5,2.429752280002408,3.861295393526696,5.611719060607776,4.161996525422446
3,árulásért,árul,ás,ért,17.220409393310547,16.734027862548828,11.39943790435791,12.595945358276367,27.12568473815918,26.921682357788086,6.575433731079102,9,4,2,3,2.429752280002408,3.3604040547299387,2.8651039746411278,4.410439786210347
3,tanácsadók,tan,ács,adók,10.392219543457031,16.48539161682129,16.504411697387695,25.50138282775879,26.93737030029297,15.305315017700195,8.042081832885742,10,3,3,4,2.428134794028789,3.0499928569201424,2.534026106056135,2.6444385894678386
3,köszönjön,kösz,ön,jön,16.951631546020508,10.298154830932617,14.468015670776367,14.773931503295898,27.71511459350586,17.486757278442383,9.064311981201172,9,4,2,3,2.428134794028789,4.823226362800612,5.066888466169809,4.970137583284107
3,mosolyogjatok,mosolyog,ja,tok,21.19751739501953,23.960369110107422,11.181563377380371,10.084626197814941,28.909116744995117,31.504627227783203,5.391810894012451,13,8,2,3,2.428134794028789,3.330413773349191,5.05815640487046,2.8779469516291885
3,férfiért,fér,fi,ért,14.31536865234375,16.11749267578125,11.753763198852539,14.116564750671387,26.198381423950195,27.059755325317383,6.283025741577148,8,3,2,3,2.4265112613645754,3.526597709103452,3.204662511748219,4.410439786210347
3,középpontja,köz,ép,pontja,8.392194747924805,15.108346939086914,15.151280403137207,29.352909088134766,28.562395095825195,18.49251937866211,8.248939514160156,11,3,2,6,2.4265112613645754,2.6473829701146196,3.2219355998280053,3.144885418287142
3,kockáztathatok,kockáztat,ha,tok,27.97751235961914,29.220186233520508,11.832426071166992,7.635333061218262,32.9195671081543,34.32548904418945,4.964365005493164,14,9,2,3,2.424881636631067,2.6711728427150834,6.17849550526079,2.8779469516291885
3,kockáztathatok,kockáztat,hat,ok,26.671051025390625,27.04914093017578,12.136322021484375,7.635333061218262,31.608192443847656,32.448360443115234,5.377446174621582,14,9,3,2,2.424881636631067,2.6711728427150834,4.542788093450676,4.570554614307831
3,hitelkártyám,hit,el,kártyám,13.960379600524902,29.68621253967285,30.7913875579834,33.94378662109375,34.746368408203125,10.0703763961792,7.684988498687744,12,3,2,7,2.424881636631067,3.510410948010177,6.021003960549296,2.8394780473741985
3,szénsavas,szén,sav,as,16.667295455932617,16.06562614440918,7.995048522949219,9.421902656555176,22.084636688232422,21.739511489868164,8.244612693786621,9,4,3,2,2.423245873936808,2.910090545594068,2.754348335711019,3.118595365223762
3,seggfejjel,segg,fej,jel,11.316247940063477,15.13979721069336,15.201457023620605,17.839914321899414,17.65100860595703,29.167095184326172,6.6257429122924805,10,4,3,3,2.423245873936808,3.3005954838899636,3.8232133132826673,3.9860099318532614
3,képmutatás,kép,mutat,ás,11.101518630981445,17.067424774169922,16.161542892456055,15.417248725891113,17.241064071655273,28.060110092163086,11.744095802307129,10,3,5,2,2.4216039268698313,4.074852995881248,3.750354088762708,2.8651039746411278
3,mindegyikre,mind,egyik,re,22.483383178710938,12.9345703125,21.107770919799805,25.51136016845703,19.62793731689453,26.766685485839844,9.211922645568848,11,4,5,2,2.4216039268698313,4.963131168842824,5.039703552363727,3.6036855496146996
3,fedezéket,fed,ez,éket,10.597304344177246,15.990479469299316,15.268762588500977,26.047470092773438,25.72304344177246,15.36530590057373,7.645419120788574,9,3,2,4,2.419955748489758,2.5289167002776547,6.333684409097302,2.3961993470957363
3,unokatesód,un,oka,tesód,10.549087524414062,15.43845272064209,14.222000122070312,26.151893615722656,25.40785789489746,16.859479904174805,8.043963432312012,10,2,3,5,2.419955748489758,2.926342446625655,4.373316665173873,2.747411807886423
3,közbelépett,köz,be,lépett,9.363311767578125,22.336273193359375,22.2558650970459,27.0513973236084,27.477781295776367,9.901517868041992,7.077639579772949,11,3,2,6,2.419955748489758,2.6473829701146196,5.611719060607776,3.8401688492407557
3,erősítették,erő,sí,tették,16.30992317199707,10.665360450744629,16.087949752807617,15.694157600402832,27.074045181274414,17.5810604095459,9.997385025024414,11,3,2,6,2.4183012913197452,3.928293412232202,2.8639173769578603,3.8389120274059985
3,vasárnapra,vas,ár,napra,11.02346420288086,16.195344924926758,15.990111351013184,25.92670440673828,26.237197875976562,14.0271577835083,8.286860466003418,10,3,2,5,2.416640507338281,3.204933522354145,3.481012420956573,4.017992737766433
3,unokaöcsémet,un,oka,öcsémet,10.549087524414062,27.627124786376953,26.236326217651367,32.373291015625,31.186065673828125,9.980650901794434,4.954934597015381,12,2,3,7,2.416640507338281,2.926342446625655,4.373316665173873,3.0588054866759067
3,munkahelyemre,munka,helyem,re,10.8369722366333,16.5858097076416,16.27556800842285,17.430622100830078,18.442594528198242,30.627500534057617,3.9134163856506348,13,5,6,2,2.416640507338281,4.675796665949183,3.545307116465824,3.6036855496146996
3,négykézláb,négy,kéz,láb,13.668755531311035,13.436254501342773,10.570720672607422,19.89786720275879,20.069625854492188,19.841665267944336,6.338762283325195,10,4,3,3,2.416640507338281,4.631230628305685,3.732634967539196,3.755951041004132
3,szabadidő,szab,ad,idő,14.832571029663086,12.180809020996094,15.647183418273926,14.956006050109863,26.246028900146484,17.38637351989746,8.694435119628906,9,4,2,3,2.4149733479708178,2.383815365980431,4.265996370495079,4.89272331759604
3,költöttél,költ,öt,tél,16.507568359375,10.210103988647461,15.703301429748535,12.852572441101074,26.245990753173828,16.038637161254883,5.266842842102051,9,4,2,3,2.4149733479708178,2.6646419755561257,4.697708720591836,3.3209766773428235
3,öntötte,önt,öt,te,10.48338794708252,9.492461204528809,10.373396873474121,19.890079498291016,20.604089736938477,21.072797775268555,6.417875289916992,7,3,2,2,2.4149733479708178,4.340701838731677,4.697708720591836,5.976474700373688
3,vészkijárat,vész,ki,járat,15.246057510375977,10.528621673583984,16.219316482543945,18.055490493774414,28.70628547668457,18.471771240234375,9.482649803161621,11,4,2,5,2.413299764081252,3.2860071220794747,5.958297682814038,3.3586960995738107
3,vezetésre,vezet,és,re,8.94261646270752,9.705382347106934,9.258041381835938,23.072412490844727,23.330278396606445,23.823060989379883,12.982999801635742,9,5,2,2,2.413299764081252,4.129303107716051,6.556241936591766,3.6036855496146996
3,nagykövete,nagy,köve,te,16.522647857666016,10.017351150512695,17.38022804260254,25.912342071533203,14.529009819030762,26.634611129760742,7.295361518859863,10,4,4,2,2.413299764081252,5.362324109350866,2.6053050461411096,5.976474700373688
3,búvárok,bú,vár,ok,16.76951789855957,17.713726043701172,10.89404296875,14.17262077331543,26.28692054748535,27.162151336669922,7.252903461456299,7,2,3,2,2.413299764081252,2.482873583608754,4.507248513918786,4.570554614307831
3,rágondolok,rá,gondol,ok,21.85013198852539,10.674445152282715,22.340991973876953,24.978099822998047,10.622180938720703,26.394990921020508,7.995676040649414,10,2,6,2,2.413299764081252,5.3862920244277,4.384335489934284,4.570554614307831
3,gyűjtötte,gyűjt,öt,te,21.52613639831543,21.891681671142578,10.373396873474121,11.043092727661133,28.999799728393555,29.564369201660156,9.970388412475586,9,5,2,2,2.413299764081252,3.0013009330204183,4.697708720591836,5.976474700373688
3,érdekét,ér,de,két,12.92025089263916,18.407278060913086,20.494264602661133,20.73660659790039,23.169109344482422,12.648975372314453,8.51894474029541,7,2,2,3,2.413299764081252,4.4348402532975735,6.256956950858988,5.2855438074150465
3,ikertestvérem,iker,test,vérem,15.359091758728027,15.864566802978516,20.477312088012695,28.6885986328125,32.93534469604492,18.378938674926758,7.789656162261963,13,4,4,5,2.413299764081252,2.7024305364455254,3.8831501996832776,3.274388795550379
3,orvostanhallgató,orvos,tan,hallgató,15.565858840942383,9.687137603759766,15.007122039794922,21.148029327392578,32.09904861450195,21.480289459228516,8.00871467590332,16,5,3,8,2.413299764081252,4.386766415717314,3.0499928569201424,2.9304395947667
3,észrevettél,ész,re,vettél,10.576953887939453,23.02272605895996,22.843364715576172,26.91985321044922,27.693775177001953,11.344442367553711,7.966956615447998,11,3,2,6,2.413299764081252,3.3012470886362113,3.6036855496146996,3.7386220279179425
3,észrevettél,észre,vet,tél,14.080653190612793,9.965245246887207,13.787724494934082,15.086380958557129,25.583961486816406,17.46269989013672,8.429544448852539,11,5,3,3,2.413299764081252,4.346783143258122,3.3602146132953523,3.3209766773428235
3,észrevettél,észre,vett,él,10.040907859802246,16.20294952392578,16.612390518188477,15.086380958557129,16.63157844543457,28.700912475585938,10.279740333557129,11,5,4,2,2.413299764081252,4.346783143258122,4.205475036740891,4.520928734708947
3,főtörzsőrmester,fő,törzs,őrmester,15.314875602722168,16.07996940612793,12.773454666137695,24.483314514160156,17.572599411010742,19.561861038208008,6.010532855987549,15,2,5,8,2.41161970596323,4.014772474073064,3.4575791469957626,4.212081015992108
3,főtörzsőrmester,főtörzs,őr,mester,27.218473434448242,17.066743850708008,15.061400413513184,10.544962882995605,36.10972213745117,24.749805450439453,5.124265670776367,15,7,2,6,2.41161970596323,2.5490032620257876,3.721068301797159,4.159927952895985
3,számítások,számít,ás,ok,21.671987533569336,22.148193359375,11.295794486999512,10.722373962402344,27.302108764648438,27.729032516479492,11.46774673461914,10,6,2,2,2.41161970596323,4.7322972392131915,2.8651039746411278,4.570554614307831
3,áramlás,ára,ml,ás,13.758323669433594,12.729256629943848,12.259756088256836,23.2542781829834,23.86166763305664,22.69696807861328,13.295328140258789,7,3,2,2,2.41161970596323,3.7218106152125467,2.4742162640762553,2.8651039746411278
3,keresztülmentem,kereszt,ül,mentem,23.881027221679688,14.287654876708984,18.31244659423828,12.13177490234375,34.24429702758789,22.632522583007812,6.177219867706299,15,7,2,6,2.41161970596323,3.141763230275788,4.029221394253928,4.237669383878425
3,jövőjére,jövő,jé,re,22.768653869628906,22.838022232055664,12.59338665008545,9.496065139770508,30.459476470947266,30.574485778808594,5.684988975524902,8,4,2,2,2.4099331233312946,4.323355245756284,2.930949031167523,3.6036855496146996
3,lábujjhegyen,láb,ujj,hegyen,16.602554321289062,13.33355712890625,22.97652816772461,19.757965087890625,32.632198333740234,15.155445098876953,6.398802280426025,12,3,3,6,2.4099331233312946,3.755951041004132,3.0153597554092144,3.2335037603411343
3,kísérletért,kísér,le,tért,22.896522521972656,12.264575958251953,15.549957275390625,9.562176704406738,30.355632781982422,18.465744018554688,9.045870780944824,11,5,2,4,2.4099331233312946,2.469822015978163,5.581152891966289,3.6503075231319366
3,létrejön,lét,re,jön,16.16950225830078,11.16265869140625,14.994083404541016,14.218209266662598,26.606979370117188,16.253219604492188,7.507959842681885,8,3,2,3,2.4099331233312946,3.0253058652647704,3.6036855496146996,4.970137583284107
3,jótanács,jó,tan,ács,11.065326690673828,9.897539138793945,10.392219543457031,22.107728958129883,20.832096099853516,22.209487915039062,8.668732643127441,8,2,3,3,2.4082399653118496,5.916272296509418,3.0499928569201424,2.534026106056135
3,rejtegette,rejt,eget,te,12.176688194274902,16.099773406982422,15.732613563537598,12.569496154785156,12.057580947875977,21.075904846191406,10.8519287109375,10,4,4,2,2.404833716619938,2.9273703630390235,3.2853322276438846,5.976474700373688
3,büntetésre,büntet,és,re,22.435625076293945,22.92157554626465,9.258041381835938,8.025616645812988,26.810197830200195,27.30982780456543,7.983663558959961,10,6,2,2,2.404833716619938,2.550228353055094,6.556241936591766,3.6036855496146996
3,készpénzre,kész,pénz,re,12.214035034179688,15.81247615814209,22.324039459228516,20.06163215637207,14.171258926391602,32.76008987426758,6.257424831390381,10,4,4,2,2.404833716619938,4.7904188808065316,4.604550032571261,3.6036855496146996
3,színésznőt,szín,ész,nőt,14.574243545532227,10.10568904876709,17.77149772644043,17.035400390625,29.651491165161133,18.0316104888916,7.00600004196167,10,4,3,3,2.404833716619938,3.3820170425748683,3.3012470886362113,4.338217366601095
3,képezte,kép,ez,te,17.22702407836914,16.83481216430664,10.779348373413086,10.87819766998291,22.919143676757812,22.70499038696289,8.655195236206055,7,3,2,2,2.403120521175818,4.074852995881248,6.333684409097302,5.976474700373688
3,mindegyikkel,mind,egyik,kel,22.483383178710938,12.61902904510498,20.245058059692383,26.13660430908203,20.115093231201172,26.639345169067383,9.199049949645996,12,4,5,3,2.403120521175818,4.963131168842824,5.039703552363727,3.4756711883244296
3,írjatok,ír,ja,tok,7.6980814933776855,11.355599403381348,11.181563377380371,19.500431060791016,19.245569229125977,22.540502548217773,9.173324584960938,7,2,2,3,2.403120521175818,3.9566485792052033,5.05815640487046,2.8779469516291885
3,íjászok,íj,ász,ok,16.573078155517578,11.334497451782227,15.63753890991211,23.208148956298828,21.945404052734375,23.449935913085938,11.527437210083008,7,2,3,2,2.403120521175818,2.4683473304121573,3.220631019448092,4.570554614307831
3,félrevezetni,fél,re,vezetni,16.832788467407227,12.619527816772461,17.58199119567871,17.574352264404297,29.950115203857422,16.998929977416992,6.518874645233154,12,3,2,7,2.401400540781544,4.675833312180064,3.6036855496146996,3.9864582127373063
3,végrehajtás,vég,re,hajtás,10.530131340026855,20.196792602539062,21.485477447509766,28.550777435302734,30.731176376342773,15.821296691894531,5.005151271820068,11,3,2,6,2.401400540781544,3.5085297189712867,3.6036855496146996,2.423245873936808
3,végrehajtás,végre,hajt,ás,11.471479415893555,17.1254825592041,15.777956008911133,16.536348342895508,21.68893051147461,30.619802474975586,4.733245372772217,11,5,4,2,2.401400540781544,4.801362542712532,3.281260687055013,2.8651039746411278
3,tanulhatok,tanul,ha,tok,17.227373123168945,18.82521629333496,11.832426071166992,13.92687702178955,27.63295555114746,29.261634826660156,5.840550899505615,10,5,2,3,2.401400540781544,3.424718337331567,6.17849550526079,2.8779469516291885
3,tanulhatok,tanul,hat,ok,16.010400772094727,16.82065773010254,12.136322021484375,13.92687702178955,26.19169044494629,27.47100257873535,6.533378601074219,10,5,3,2,2.401400540781544,3.424718337331567,4.542788093450676,4.570554614307831
3,faterom,fa,te,rom,10.218038558959961,10.456324577331543,10.978612899780273,21.74294662475586,21.945587158203125,21.175323486328125,9.65962028503418,7,2,2,3,2.401400540781544,3.871514558708382,5.976474700373688,2.6541765418779604
3,veszélyeztette,veszély,ez,tette,24.702363967895508,17.25223159790039,16.417770385742188,11.665645599365234,33.05540084838867,23.750877380371094,6.553805351257324,14,7,2,5,2.401400540781544,3.6603910984024672,6.333684409097302,4.632538271950371
3,veszélyeztette,veszély,ezt,ette,15.256115913391113,24.67139434814453,14.43687915802002,11.665645599365234,22.674802780151367,32.86172866821289,6.630810737609863,14,7,3,4,2.401400540781544,3.6603910984024672,5.93531677937607,2.9014583213961123
3,érezzen,ér,ez,zen,11.426950454711914,11.770763397216797,9.711639404296875,16.540983200073242,15.396126747131348,14.525968551635742,11.599249839782715,7,2,2,3,2.399673721481038,4.4348402532975735,6.333684409097302,2.8721562727482928
3,rendőrkapitányság,rend,őr,kapitányság,10.771529197692871,30.391565322875977,30.637596130371094,34.74700164794922,35.88150405883789,9.853836059570312,5.865355491638184,17,4,2,11,2.399673721481038,3.4260230156898763,3.721068301797159,2.4955443375464483
3,örökbefogadás,örök,be,fogadás,16.73522186279297,10.447593688964844,17.679323196411133,16.910266876220703,30.575450897216797,17.9765625,6.658261775970459,13,4,2,7,2.399673721481038,3.7895807121644256,5.611719060607776,3.228400358703005
3,örökbefogadás,örökbe,fog,adás,19.972074508666992,21.123308181762695,10.645269393920898,10.177078247070312,28.094682693481445,29.56321907043457,6.293372631072998,13,6,3,4,2.399673721481038,3.502836638621003,5.393961071337533,3.2638726768652235
3,örökbefogadás,örökbe,fogad,ás,10.49497127532959,21.90494728088379,17.534374237060547,10.177078247070312,17.132137298583984,30.22042465209961,6.676504135131836,13,6,5,2,2.399673721481038,3.502836638621003,3.5149460053080044,2.8651039746411278
3,félrevezetés,fél,re,vezetés,16.832788467407227,14.352519035339355,17.55731964111328,17.577205657958984,29.840829849243164,20.74560546875,6.380796432495117,12,3,2,7,2.399673721481038,4.675833312180064,3.6036855496146996,3.350441856535061
3,érezhetem,ér,ez,hetem,11.426950454711914,17.31024932861328,16.352128982543945,21.58881950378418,20.597108840942383,11.729913711547852,10.117005348205566,9,2,2,5,2.3979400086720375,4.4348402532975735,6.333684409097302,2.845098040014257
3,létrehozza,lét,re,hozza,16.16950225830078,12.516862869262695,17.273468017578125,18.114397048950195,29.934186935424805,17.320615768432617,6.083299160003662,10,3,2,5,2.3979400086720375,3.0253058652647704,3.6036855496146996,4.113508840532819
3,fogadhatok,fog,adhat,ok,11.571063995361328,11.7525053024292,11.61417293548584,19.959026336669922,23.869300842285156,23.1285457611084,9.357069969177246,10,3,5,2,2.3979400086720375,5.393961071337533,3.1950689964685903,4.570554614307831
3,fogadhatok,fogad,ha,tok,17.203662872314453,19.207414627075195,11.832426071166992,9.222152709960938,23.32464599609375,25.188007354736328,8.104930877685547,10,5,2,3,2.3979400086720375,3.5149460053080044,6.17849550526079,2.8779469516291885
3,fogadhatok,fogad,hat,ok,15.913507461547852,17.387483596801758,12.136322021484375,9.222152709960938,22.02050018310547,23.1285457611084,8.627680778503418,10,5,3,2,2.3979400086720375,3.5149460053080044,4.542788093450676,4.570554614307831
3,maradnotok,marad,no,tok,17.166332244873047,19.791061401367188,11.568032264709473,12.974413871765137,26.824487686157227,28.68768310546875,8.287123680114746,10,5,2,3,2.3979400086720375,4.537982711445016,4.162982370585433,2.8779469516291885
3,ejtettél,ej,tett,él,15.776833534240723,8.261837005615234,16.091297149658203,25.413394927978516,14.272889137268066,26.534536361694336,11.783280372619629,8,2,4,2,2.3961993470957363,2.9618954736678504,4.623042434246382,4.520928734708947
3,szerepeltél,szerep,el,tél,24.36341667175293,11.82087230682373,17.845909118652344,10.259862899780273,32.17848587036133,18.478254318237305,5.538961410522461,11,6,2,3,2.3961993470957363,3.182984967003582,6.021003960549296,3.3209766773428235
3,önbizalma,ön,biz,alma,12.387121200561523,11.660009384155273,12.5081205368042,21.294797897338867,21.34657096862793,22.120067596435547,8.475032806396484,9,2,3,4,2.3961993470957363,5.066888466169809,2.406540180433955,3.446381812222442
3,együttest,egy,üt,test,13.82763957977295,17.496274948120117,13.678926467895508,21.024662017822266,23.058456420898438,26.523954391479492,6.666312217712402,9,3,2,4,2.3944516808262164,6.513669111473827,3.257438566859814,3.8831501996832776
3,létrehozták,lét,re,hozták,16.16950225830078,14.670156478881836,23.4028263092041,21.024105072021484,32.888267517089844,14.299394607543945,6.566230297088623,11,3,2,6,2.392696953259666,3.0253058652647704,3.6036855496146996,3.5449357658815024
3,rendőrökre,rend,őrök,re,17.553625106811523,9.286127090454102,16.652515411376953,26.8409481048584,16.8057861328125,28.10184669494629,8.226265907287598,10,4,4,2,2.392696953259666,3.4260230156898763,3.5781806096277777,3.6036855496146996
3,létrehozva,lét,re,hozva,16.16950225830078,11.247868537902832,16.166276931762695,18.09314727783203,30.186168670654297,17.678741455078125,7.2622575759887695,10,3,2,5,2.392696953259666,3.0253058652647704,3.6036855496146996,2.4913616938342726
3,szemrehányást,szem,re,hányást,16.12442970275879,13.813215255737305,19.219268798828125,18.480262756347656,31.183536529541016,18.743370056152344,7.667847156524658,13,4,2,7,2.392696953259666,3.861295393526696,3.6036855496146996,2.4456042032735974
3,síneken,sí,ne,ken,10.595687866210938,10.30691909790039,8.743233680725098,21.649450302124023,20.46027183532715,19.736953735351562,6.351555347442627,7,2,2,3,2.392696953259666,2.8639173769578603,5.978838538314173,3.559068334034537
3,unokatestvér,un,oka,testvér,10.549087524414062,16.732988357543945,16.202903747558594,26.239648818969727,25.707197189331055,17.404035568237305,6.325376987457275,12,2,3,7,2.3909351071033793,2.926342446625655,4.373316665173873,4.143982292223977
3,unokatestvér,unoka,test,vér,20.48744010925293,15.50226879119873,12.834832191467285,14.840364456176758,30.216222763061523,25.629432678222656,8.102008819580078,12,5,4,3,2.3909351071033793,2.4983105537896004,3.8831501996832776,4.302763708472981
3,háztömböt,ház,tömb,öt,21.837276458740234,10.559941291809082,21.21474838256836,30.202186584472656,12.687219619750977,30.1463623046875,8.918476104736328,9,3,4,2,2.3909351071033793,4.429510040813138,2.571708831808688,4.697708720591836
3,félreértetted,fél,re,értetted,16.832788467407227,11.991374015808105,16.27755355834961,17.924224853515625,30.087106704711914,18.610488891601562,5.911513805389404,13,3,2,8,2.3909351071033793,4.675833312180064,3.6036855496146996,3.564073978977147
3,félreértetted,félre,ér,tetted,22.860122680664062,12.589987754821777,16.670995712280273,11.009153366088867,30.830217361450195,19.337129592895508,7.03492546081543,13,5,2,6,2.3909351071033793,4.19044375970669,4.4348402532975735,4.161787118745523
3,félreértetted,félre,ért,etted,22.333580017089844,21.40773582458496,10.124849319458008,11.009153366088867,30.238813400268555,29.71942710876465,8.239059448242188,13,5,3,5,2.3909351071033793,4.19044375970669,4.410439786210347,2.5809249756756194
3,unokaöccsét,un,oka,öccsét,10.549087524414062,24.041536331176758,22.820276260375977,30.27230453491211,29.06711769104004,12.459391593933105,7.86309289932251,11,2,3,6,2.3909351071033793,2.926342446625655,4.373316665173873,2.8549130223078554
3,őslakosok,ős,lakos,ok,15.983796119689941,10.389535903930664,15.5022554397583,28.989957809448242,18.645919799804688,28.603580474853516,15.514379501342773,9,2,5,2,2.3909351071033793,2.593286067020457,2.814913181275074,4.570554614307831
3,személyleírása,személy,le,írása,23.134328842163086,10.914876937866211,16.320484161376953,12.59221076965332,33.925811767578125,20.57547378540039,6.319927215576172,14,7,2,5,2.3909351071033793,4.1433583506154665,5.581152891966289,2.584331224367531
3,hozzátenni,hozz,át,enni,16.417444229125977,17.319517135620117,9.639100074768066,17.683671951293945,29.979032516479492,30.856348037719727,5.688776969909668,10,4,2,4,2.3909351071033793,3.9587071910872846,5.1193482825304715,4.270166229260694
3,artériás,art,éri,ás,14.276521682739258,15.012455940246582,11.883689880371094,22.52457046508789,24.118345260620117,24.01632308959961,8.628538131713867,8,3,3,2,2.3891660843645326,3.1341771075767664,3.65263306808311,2.8651039746411278
3,észrevesznek,ész,re,vesznek,10.576953887939453,23.860347747802734,24.501930236816406,29.87744140625,30.67632293701172,10.622271537780762,10.174844741821289,12,3,2,7,2.3891660843645326,3.3012470886362113,3.6036855496146996,3.6278776945799716
3,mindkettőtökkel,mind,kettőtök,kel,28.549318313598633,12.61902904510498,26.846742630004883,32.606170654296875,9.125870704650879,32.45205307006836,6.09211540222168,15,4,8,3,2.3891660843645326,4.963131168842824,3.0,3.4756711883244296
3,mindkettőtökkel,mindkettő,tök,kel,16.88202476501465,27.417631149291992,14.901074409484863,8.382962226867676,21.289634704589844,32.45205307006836,4.874783039093018,15,9,3,3,2.3891660843645326,3.772615049849171,4.175047699526168,3.4756711883244296
3,találhatok,talál,ha,tok,17.593002319335938,19.801986694335938,11.832426071166992,13.055220603942871,27.337106704711914,29.003896713256836,5.31766414642334,10,5,2,3,2.3891660843645326,3.9501700598082,6.17849550526079,2.8779469516291885
3,találhatok,talál,hat,ok,16.12027931213379,17.616613388061523,12.136322021484375,13.055220603942871,25.801958084106445,27.179304122924805,7.516139984130859,10,5,3,2,2.3891660843645326,3.9501700598082,4.542788093450676,4.570554614307831
3,érdekesség,érdek,ess,ég,16.615781784057617,16.000526428222656,10.510143280029297,8.222027778625488,22.395544052124023,22.052738189697266,7.616861343383789,10,5,3,2,2.387389826338729,2.383815365980431,3.188084373714938,4.60959440922522
3,féltestvére,fél,test,vére,19.398841857910156,12.547898292541504,21.153554916381836,18.633657455444336,33.68433380126953,18.893543243408203,7.405284881591797,11,3,4,4,2.387389826338729,4.675833312180064,3.8831501996832776,3.6716355966021297
3,féltestvére,félt,est,vére,16.474037170410156,10.090888977050781,17.791933059692383,18.361530303955078,31.093778610229492,18.893543243408203,8.635479927062988,11,4,3,4,2.387389826338729,3.607562243183588,3.326335860928751,3.6716355966021297
3,bizonyítható,bizonyít,ha,tó,23.92315101623535,14.976378440856934,15.342690467834473,3.560128688812256,23.913562774658203,15.125920295715332,10.005410194396973,12,8,2,2,2.387389826338729,3.022840610876528,6.17849550526079,3.4243915544102776
3,tudhatok,tud,ha,tok,15.70610237121582,16.89978790283203,11.832426071166992,13.721665382385254,26.284605026245117,27.660844802856445,5.780919551849365,8,3,2,3,2.387389826338729,4.9824657172231515,6.17849550526079,2.8779469516291885
3,tudhatok,tud,hat,ok,14.61109447479248,15.966764450073242,12.136322021484375,13.721665382385254,24.87890625,26.120359420776367,4.849758625030518,8,3,3,2,2.387389826338729,4.9824657172231515,4.542788093450676,4.570554614307831
3,szentírás,szent,ír,ás,15.332087516784668,15.924454689025879,11.55746078491211,7.921571731567383,21.468219757080078,21.580726623535156,10.931530952453613,9,5,2,2,2.385606273598312,4.432247538268601,3.9566485792052033,2.8651039746411278
3,köszöntök,kösz,ön,tök,16.951631546020508,9.961600303649902,15.435189247131348,12.899343490600586,27.402738571166992,15.726900100708008,5.855818271636963,9,4,2,3,2.385606273598312,4.823226362800612,5.066888466169809,4.175047699526168
3,villanykörte,villany,kör,te,19.207717895507812,16.846200942993164,14.03078842163086,12.990540504455566,27.02776527404785,26.545040130615234,4.651946067810059,12,7,3,2,2.385606273598312,2.8524799936368566,3.6807886115066824,5.976474700373688
3,nekilátok,ne,ki,látok,10.96701717376709,23.40581703186035,22.937767028808594,26.727859497070312,26.778722763061523,10.900543212890625,12.235514640808105,9,2,2,5,2.385606273598312,5.978838538314173,5.958297682814038,4.337878377801204
3,nekilátok,neki,lát,ok,13.537818908691406,17.459619522094727,16.150726318359375,17.241453170776367,17.857364654541016,27.218997955322266,13.824470520019531,9,4,3,2,2.385606273598312,5.465213265016937,4.081599312732936,4.570554614307831
3,pénzmosás,pénz,mos,ás,22.43829917907715,22.578754425048828,11.024503707885742,10.04181957244873,30.190364837646484,30.195085525512695,6.1126179695129395,9,4,3,2,2.383815365980431,4.604550032571261,2.8790958795000727,2.8651039746411278
3,hajóútra,ha,jó,útra,8.152987480163574,16.181528091430664,16.006267547607422,27.85092544555664,27.776872634887695,17.05754852294922,9.998536109924316,8,2,2,4,2.383815365980431,6.17849550526079,5.916272296509418,3.8639173769578603
3,napnyugtakor,nap,nyugta,kor,22.381746292114258,11.778470039367676,24.141860961914062,29.025821685791016,14.49206256866455,30.585023880004883,7.773853778839111,12,3,6,3,2.383815365980431,5.132003392986632,2.5276299008713385,3.4077307280263356
3,egyedüllétre,egyed,ül,létre,17.70570182800293,14.806483268737793,22.62784767150879,17.844423294067383,30.494548797607422,14.010677337646484,7.662254333496094,12,5,2,5,2.3820170425748683,2.6009728956867484,4.029221394253928,3.88570038012833
3,egyedüllétre,egyedül,lét,re,14.35098648071289,22.54710578918457,16.16950225830078,10.630361557006836,19.63803482055664,29.987565994262695,5.727926731109619,12,7,3,2,2.3820170425748683,4.960841648374215,3.0253058652647704,3.6036855496146996
3,keresztülmentél,kereszt,ül,mentél,23.881027221679688,13.805843353271484,18.00225257873535,13.308430671691895,35.1537971496582,23.47087860107422,7.303863048553467,15,7,2,6,2.380211241711606,3.141763230275788,4.029221394253928,3.962369335670021
3,keresztülmentél,keresztül,ment,él,27.942344665527344,28.856983184814453,12.808218955993652,7.975947380065918,34.41913604736328,35.6999626159668,7.521322250366211,15,9,4,2,2.380211241711606,4.519946063837529,4.7775573086390075,4.520928734708947
3,létrehoztak,lét,re,hoztak,16.16950225830078,13.722091674804688,22.053783416748047,20.905216217041016,32.6771354675293,14.518560409545898,6.4519734382629395,11,3,2,6,2.380211241711606,3.0253058652647704,3.6036855496146996,3.5869247081448203
3,tisztviselők,tiszt,visel,ők,10.161867141723633,16.684982299804688,16.208940505981445,17.495569229125977,18.17091178894043,30.825096130371094,5.59058141708374,12,5,5,2,2.380211241711606,3.752202153176521,3.579440597139797,4.923886175096466
3,gépjármű,gép,jár,mű,14.663076400756836,10.40799617767334,16.907352447509766,18.18770980834961,29.9942626953125,18.602739334106445,10.36606216430664,8,3,3,2,2.380211241711606,4.020402720983878,4.564748891813018,2.9175055095525466
3,hívására,hív,ás,ára,17.961153030395508,18.714284896850586,12.729256629943848,8.225495338439941,23.214275360107422,23.93545150756836,10.466761589050293,8,3,2,3,2.380211241711606,3.9635989625972416,2.8651039746411278,3.7218106152125467
3,újjászülettem,újjá,szül,ettem,12.277375221252441,12.705370903015137,10.078203201293945,11.735250473022461,18.525775909423828,19.502330780029297,9.673665046691895,13,4,4,5,2.380211241711606,2.9854264740830017,3.0132586652835167,3.787176992470554
3,öleljelek,öl,el,jelek,13.687496185302734,14.88737964630127,16.421066284179688,25.463138580322266,28.167903900146484,15.110529899597168,8.389333724975586,9,2,2,5,2.3783979009481375,3.506910725551518,6.021003960549296,3.513084360465144
3,tisztelte,tiszt,el,te,19.672441482543945,15.983992576599121,12.619887351989746,8.083863258361816,24.94041633605957,21.948747634887695,7.309867858886719,9,5,2,2,2.3783979009481375,3.752202153176521,6.021003960549296,5.976474700373688
3,csinálnotok,csinál,no,tok,23.442058563232422,25.6126766204834,11.568032264709473,9.530447006225586,31.453405380249023,33.397682189941406,4.8019914627075195,11,6,2,3,2.3783979009481375,4.610223520285089,4.162982370585433,2.8779469516291885
3,vasútállomás,vas,út,állomás,11.577047348022461,16.430482864379883,16.870786666870117,26.057966232299805,28.160648345947266,16.10345458984375,7.318586349487305,12,3,2,7,2.376576957056512,3.204933522354145,4.394836771279156,3.564192460626198
3,vasútállomás,vasút,állom,ás,10.9443359375,16.10732650756836,16.201698303222656,13.456503868103027,16.81066131591797,27.468181610107422,7.550694465637207,12,5,5,2,2.376576957056512,2.920123326290724,3.318689269947746,2.8651039746411278
3,vallomások,vallom,ás,ok,15.98137378692627,16.06403350830078,11.295794486999512,9.080757141113281,21.72600555419922,22.185203552246094,7.577991962432861,10,6,2,2,2.376576957056512,2.510545010206612,2.8651039746411278,4.570554614307831
3,szerdánként,szer,dán,ként,17.302743911743164,12.795252799987793,19.6205997467041,26.289653778076172,17.28164291381836,28.53310203552246,8.463462829589844,11,4,3,4,2.376576957056512,3.13481437032046,3.02201573981772,2.6665179805548807
3,rabszolgaként,rab,szolga,ként,21.63800048828125,13.76645565032959,23.829710006713867,31.991735458374023,14.402995109558105,33.99742889404297,9.295547485351562,13,3,6,4,2.376576957056512,3.2643455070500926,3.180412632838324,2.6665179805548807
3,szabadidőmben,szab,ad,időmben,14.832571029663086,15.711395263671875,25.727935791015625,20.58531951904297,32.12858963012695,11.190910339355469,7.199783802032471,13,4,2,7,2.374748346010104,2.383815365980431,4.265996370495079,2.8369567370595505
3,önvédelemre,ön,védelem,re,22.19240951538086,9.683592796325684,22.3870849609375,28.476255416870117,11.69644832611084,28.656539916992188,7.227429389953613,11,2,7,2,2.374748346010104,5.066888466169809,3.615002614524588,3.6036855496146996
3,rendőrfőnököt,rend,őr,főnököt,10.771529197692871,29.369892120361328,29.409835815429688,33.89227294921875,34.944740295410156,13.603893280029297,8.6350679397583,13,4,2,7,2.374748346010104,3.4260230156898763,3.721068301797159,3.228400358703005
3,rendőrfőnököt,rendőr,főnök,öt,15.945136070251465,17.455595016479492,26.43511199951172,22.496212005615234,15.925312042236328,34.49898147583008,6.955601692199707,13,6,5,2,2.374748346010104,4.163221026715578,4.6674529528899535,4.697708720591836
3,rendőrőrsön,rend,őr,őrsön,10.771529197692871,25.327911376953125,24.48505401611328,31.328659057617188,32.42292022705078,14.297222137451172,11.7645845413208,11,4,2,5,2.374748346010104,3.4260230156898763,3.721068301797159,3.13481437032046
3,rendőrőrsön,rendőr,őrs,ön,16.346586227416992,17.904565811157227,22.632360458374023,18.73424530029297,21.494245529174805,32.917354583740234,7.74651575088501,11,6,3,2,2.374748346010104,4.163221026715578,2.6532125137753435,5.066888466169809
3,valóságshow,valós,ág,show,16.371889114379883,17.376440048217773,13.169851303100586,9.905155181884766,23.537935256958008,22.568872451782227,11.31952953338623,11,5,2,4,2.374748346010104,3.5957166199434245,2.720159303405957,3.651956069533074
3,terrortámadás,terror,támad,ás,20.33530044555664,11.289873123168945,21.904300689697266,24.95443344116211,11.08004379272461,26.705394744873047,10.209295272827148,13,6,5,2,2.374748346010104,2.967079734144497,3.472171146692363,2.8651039746411278
3,állásinterjú,áll,ás,interjú,13.225135803222656,24.49753189086914,23.358949661254883,30.507129669189453,30.006935119628906,11.216614723205566,6.423027515411377,12,3,2,7,2.374748346010104,4.910149302250238,2.8651039746411278,3.3322364154914434
3,egybevetve,egy,be,vetve,14.683237075805664,19.900150299072266,18.318050384521484,26.581979751586914,28.603303909301758,14.424298286437988,7.226812839508057,10,3,2,5,2.374748346010104,6.513669111473827,5.611719060607776,2.5622928644564746
3,főbejárat,fő,be,járat,20.305944442749023,16.526521682739258,16.93328285217285,17.74324607849121,30.54231834411621,19.491764068603516,5.679211139678955,9,2,2,5,2.3729120029701067,4.014772474073064,5.611719060607776,3.3586960995738107
3,lányokért,lány,ok,ért,17.716001510620117,18.1717529296875,11.28988265991211,12.93139934539795,27.194326400756836,27.962417602539062,7.26112699508667,9,4,2,3,2.3729120029701067,4.882222760686668,4.570554614307831,4.410439786210347
3,határvonal,ha,tár,vonal,16.81831932067871,17.039039611816406,11.21076488494873,28.21731948852539,16.659093856811523,15.365286827087402,8.937729835510254,10,2,3,5,2.3729120029701067,6.17849550526079,2.645422269349092,3.5689054149828787
3,határvonal,hat,ár,vonal,11.020429611206055,16.553613662719727,16.574312210083008,25.947965621948242,26.88736915588379,15.365286827087402,6.703405380249023,10,3,2,5,2.3729120029701067,4.542788093450676,3.481012420956573,3.5689054149828787
3,hazajöjjön,haza,jöjj,ön,11.817826271057129,17.58439064025879,15.65116024017334,18.176504135131836,18.401756286621094,30.103662490844727,7.573126316070557,10,4,4,2,2.3729120029701067,4.848145993412557,3.4446692309385245,5.066888466169809
3,minőségben,mi,nős,égben,16.60962677001953,15.88076400756836,11.426135063171387,21.989551544189453,14.320169448852539,15.391236305236816,13.40759563446045,10,2,3,5,2.3710678622717363,6.162454474887796,3.5486350598147514,2.9014583213961123
3,minőségben,min,ős,égben,13.605191230773926,17.79888343811035,15.783567428588867,22.154775619506836,23.359149932861328,15.391236305236816,12.635763168334961,10,3,2,5,2.3710678622717363,4.121494186241665,2.593286067020457,2.9014583213961123
3,adatokhoz,adat,ok,hoz,11.973052978515625,11.585376739501953,10.440560340881348,20.8197021484375,21.918209075927734,20.997648239135742,10.594701766967773,9,4,2,3,2.3710678622717363,3.2496874278053016,4.570554614307831,4.024772913079632
3,raktárhoz,rak,tár,hoz,16.44636344909668,9.880749702453613,16.033864974975586,26.681825637817383,16.67795753479004,25.821874618530273,9.523994445800781,9,3,3,3,2.3710678622717363,2.9143431571194407,2.645422269349092,4.024772913079632
3,hagynotok,hagy,no,tok,18.820423126220703,20.520076751708984,11.568032264709473,15.095512390136719,25.814180374145508,27.885826110839844,8.735526084899902,9,4,2,3,2.369215857410143,4.049721822152435,4.162982370585433,2.8779469516291885
3,jelentőséget,jelent,ős,éget,11.537431716918945,11.8700532913208,10.076294898986816,21.935285568237305,23.117326736450195,22.288158416748047,11.381333351135254,12,6,2,4,2.369215857410143,4.715953229841805,2.593286067020457,3.0569048513364727
3,rendelésre,rendel,és,re,17.010595321655273,16.027910232543945,9.258041381835938,8.196622848510742,21.501903533935547,21.252412796020508,9.415742874145508,10,6,2,2,2.369215857410143,2.9813655090785445,6.556241936591766,3.6036855496146996
3,helyreáll,hely,re,áll,11.558045387268066,12.948342323303223,12.198164939880371,20.7165584564209,22.53470802307129,23.86117935180664,6.836679935455322,9,4,2,3,2.369215857410143,4.7499989765583495,3.6036855496146996,4.910149302250238
3,önkéntesnek,ön,ként,esnek,13.366681098937988,15.805556297302246,17.953834533691406,25.808162689208984,27.406564712524414,15.596647262573242,7.690546035766602,11,2,4,5,2.369215857410143,5.066888466169809,2.6665179805548807,3.089198366805149
3,gyorshajtásért,gyors,hajtás,ért,12.76237964630127,17.903594970703125,21.296432495117188,20.248075485229492,15.676819801330566,32.94392776489258,4.661632061004639,14,5,6,3,2.367355921026019,4.236007926032121,2.423245873936808,4.410439786210347
3,emberismerő,ember,is,merő,9.772151947021484,16.862707138061523,18.315752029418945,21.570030212402344,23.356725692749023,11.307117462158203,9.491576194763184,11,5,2,4,2.367355921026019,5.316075234838397,6.274002353245673,2.7558748556724915
3,telefonhívások,telefon,hív,ások,16.05167007446289,16.202341079711914,20.936378479003906,25.365949630737305,16.660411834716797,30.995141983032227,6.342446804046631,14,7,3,4,2.367355921026019,4.016824493667488,3.9635989625972416,2.3636119798921444
3,telefonhívások,telefon,hívás,ok,21.901376724243164,13.278000831604004,23.258630752563477,25.365949630737305,10.660146713256836,28.3901309967041,7.174473762512207,14,7,5,2,2.367355921026019,4.016824493667488,3.809828961067886,4.570554614307831
3,segélyhívás,segély,hív,ás,11.724802017211914,16.16457176208496,17.961153030395508,17.810142517089844,19.01861572265625,30.40749168395996,6.62251091003418,11,6,3,2,2.367355921026019,2.531478917042255,3.9635989625972416,2.8651039746411278
3,hazamentél,haza,ment,él,18.512285232543945,18.107860565185547,12.808218955993652,11.735843658447266,22.477705001831055,22.954139709472656,10.350253105163574,10,4,4,2,2.367355921026019,4.848145993412557,4.7775573086390075,4.520928734708947
3,fennmarad,fenn,mar,ad,16.577877044677734,16.428199768066406,11.455500602722168,14.279058456420898,25.280109405517578,26.5599422454834,6.814759731292725,9,4,3,2,2.367355921026019,3.86840930331496,3.1245042248342823,4.265996370495079
3,semerre,se,mer,re,10.63925838470459,9.440303802490234,9.750327110290527,16.40245819091797,16.7919864654541,16.45508575439453,11.10775375366211,7,2,3,2,2.367355921026019,5.185034756724982,3.678154038010437,3.6036855496146996
3,életbiztosítás,élet,biztosít,ás,14.409976959228516,17.171234130859375,23.589313507080078,17.830184936523438,10.718745231628418,30.315235137939453,5.2691473960876465,14,4,8,2,2.3654879848909,4.5972453046650035,3.0511525224473814,2.8651039746411278
3,létrehoz,lét,re,hoz,16.16950225830078,16.195850372314453,10.824995994567871,14.265844345092773,26.585355758666992,25.49965476989746,7.430349826812744,8,3,2,3,2.3654879848909,3.0253058652647704,3.6036855496146996,4.024772913079632
3,halottkémet,hal,ott,kémet,9.792898178100586,18.67645263671875,17.345897674560547,27.66788673400879,27.064802169799805,15.541653633117676,8.638045310974121,11,3,3,5,2.3654879848909,4.108158951256403,5.565865520533478,2.6794278966121188
3,rendőrre,rend,őr,re,10.771529197692871,9.286127090454102,8.36312198638916,21.54423713684082,23.21371841430664,22.98151397705078,10.273004531860352,8,4,2,2,2.3654879848909,3.4260230156898763,3.721068301797159,3.6036855496146996
3,koronahercegnő,korona,herceg,nő,12.916341781616211,12.021650314331055,12.09780216217041,21.421459197998047,16.767337799072266,22.641082763671875,6.588808536529541,14,6,6,2,2.3654879848909,3.1861083798132053,4.012584163914151,4.919742107376001
3,nagymamát,nagy,ma,mát,8.555858612060547,16.808948516845703,16.101411819458008,26.341907501220703,26.643125534057617,17.846172332763672,10.2507963180542,9,4,2,3,2.3654879848909,5.362324109350866,5.35603733619072,2.3710678622717363
3,tervrajzok,terv,rajz,ok,11.843436241149902,17.311708450317383,16.685522079467773,12.788646697998047,17.620580673217773,27.42147445678711,6.818439483642578,10,4,4,2,2.3654879848909,4.295742981095551,2.9532763366673045,4.570554614307831
3,mindkettőnkkel,mind,kettőnk,kel,28.508438110351562,12.61902904510498,26.790008544921875,32.254241943359375,9.561929702758789,32.17379379272461,6.259700298309326,14,4,7,3,2.3654879848909,4.963131168842824,3.6238692683503024,3.4756711883244296
3,minőséget,mi,nős,éget,16.60962677001953,11.94224739074707,16.186262130737305,22.470624923706055,13.691553115844727,23.171127319335938,12.871842384338379,9,2,3,4,2.3636119798921444,6.162454474887796,3.5486350598147514,3.0569048513364727
3,minőséget,min,ős,éget,13.605191230773926,13.75231647491455,10.076294898986816,22.48050308227539,23.189002990722656,23.171127319335938,10.67759895324707,9,3,2,4,2.3636119798921444,4.121494186241665,2.593286067020457,3.0569048513364727
3,vasútállomáson,vas,út,állomáson,11.577047348022461,26.61211585998535,27.16888427734375,32.798980712890625,34.29698944091797,10.45817756652832,7.903476715087891,14,3,2,9,2.3636119798921444,3.204933522354145,4.394836771279156,3.387389826338729
3,vitaminok,vita,min,ok,15.105836868286133,12.694101333618164,14.246767044067383,14.306695938110352,18.364961624145508,15.49048900604248,11.566690444946289,9,4,3,2,2.3636119798921444,3.5951654147902294,4.121494186241665,4.570554614307831
3,tanácsadóként,tanács,adó,ként,17.54985809326172,18.859783172607422,13.255936622619629,16.542882919311523,30.444536209106445,31.553483963012695,6.294251918792725,13,6,3,4,2.3636119798921444,3.8486816540239506,3.207095540419218,2.6665179805548807
3,végrehajtva,vég,re,hajtva,10.530131340026855,19.447364807128906,20.94171714782715,28.711936950683594,30.919601440429688,14.942583084106445,4.699236869812012,11,3,2,6,2.3636119798921444,3.5085297189712867,3.6036855496146996,2.3636119798921444
3,tudjatok,tud,ja,tok,14.208390235900879,16.89978790283203,11.181563377380371,12.40164566040039,23.75814437866211,26.106800079345703,7.897060871124268,8,3,2,3,2.361727836017593,4.9824657172231515,5.05815640487046,2.8779469516291885
3,lábtörlő,láb,tör,lő,10.651856422424316,9.935918807983398,10.005732536315918,17.36202621459961,19.527210235595703,19.590917587280273,7.419533729553223,8,3,3,2,2.361727836017593,3.755951041004132,3.2753113545418118,3.3230457354817013
3,rendfenntartó,rend,fenn,tartó,16.257389068603516,19.627689361572266,14.655725479125977,29.5194034576416,19.704669952392578,20.346237182617188,8.115525245666504,13,4,4,5,2.361727836017593,3.4260230156898763,3.86840930331496,3.5930644316587177
3,szolgáltatások,szolgáltat,ás,ok,27.525772094726562,27.781147003173828,11.295794486999512,5.053717613220215,30.348012924194336,30.704147338867188,6.379872798919678,14,10,2,2,2.361727836017593,2.423245873936808,2.8651039746411278,4.570554614307831
3,helyiségbe,hely,is,égbe,11.373108863830566,16.479942321777344,17.141117095947266,20.250381469726562,23.247989654541016,13.29033374786377,7.206178188323975,10,4,2,4,2.357934847000454,4.7499989765583495,6.274002353245673,2.8920946026904804
3,ebédeltél,ebéd,el,tél,18.964929580688477,11.335053443908691,17.845909118652344,13.100521087646484,27.925748825073242,14.972073554992676,5.268395900726318,9,4,2,3,2.357934847000454,3.746400644491561,6.021003960549296,3.3209766773428235
3,bankszámlát,bank,szám,lát,15.036598205566406,14.937755584716797,11.361054420471191,25.935955047607422,16.067373275756836,17.221574783325195,10.757682800292969,11,4,4,3,2.357934847000454,3.7658919764300154,4.107718610520263,4.081599312732936
3,rágyújtok,rá,gyújt,ok,14.680075645446777,10.674445152282715,16.01660919189453,25.77749252319336,15.383502960205078,26.976470947265625,6.265592575073242,9,2,5,2,2.357934847000454,5.3862920244277,2.3654879848909,4.570554614307831
3,félrevezetett,fél,re,vezetett,16.832788467407227,10.524300575256348,15.635344505310059,17.542659759521484,29.971189498901367,17.210798263549805,5.6510820388793945,13,3,2,8,2.357934847000454,4.675833312180064,3.6036855496146996,3.8135142715418833
3,hívhatok,hív,ha,tok,15.39228343963623,18.448068618774414,11.832426071166992,13.146051406860352,26.45457649230957,28.59734344482422,4.582216262817383,8,3,2,3,2.357934847000454,3.9635989625972416,6.17849550526079,2.8779469516291885
3,hívhatok,hív,hat,ok,15.417933464050293,17.34813690185547,12.136322021484375,13.146051406860352,25.446134567260742,27.210432052612305,6.773664951324463,8,3,3,2,2.357934847000454,3.9635989625972416,4.542788093450676,4.570554614307831
3,ismerősei,is,mer,ősei,11.09057903289795,18.558591842651367,18.995100021362305,23.155046463012695,23.6165771484375,14.057106018066406,13.681821823120117,9,2,3,4,2.357934847000454,6.274002353245673,3.678154038010437,2.509202522331103
3,hatalmasok,hat,alma,sok,12.40414047241211,16.163307189941406,16.705930709838867,25.01444435119629,27.381832122802734,16.813796997070312,8.040914535522461,10,3,4,3,2.3560258571931225,4.542788093450676,3.446381812222442,5.299768711919799
3,eshetőség,eshet,ős,ég,15.700139045715332,15.686878204345703,11.222471237182617,9.573612213134766,21.999937057495117,22.094621658325195,11.983064651489258,9,5,2,2,2.3560258571931225,3.0863598306747484,2.593286067020457,4.60959440922522
3,mitévők,mit,év,ők,10.907617568969727,9.821064949035645,10.387422561645508,21.486745834350586,21.158029556274414,22.13067626953125,8.746277809143066,7,3,2,2,2.3541084391474008,5.950237760826466,4.615886953443552,4.923886175096466
3,táncoljatok,táncol,ja,tok,21.34527587890625,24.331218719482422,11.181563377380371,10.24489974975586,29.296600341796875,32.07988739013672,5.275367736816406,11,6,2,3,2.3541084391474008,3.3585059114902354,5.05815640487046,2.8779469516291885
3,autólopás,autó,lop,ás,15.709772109985352,16.392650604248047,10.926350593566895,15.523077964782715,26.6307430267334,27.434293746948242,7.555773735046387,9,4,3,2,2.3541084391474008,4.114010161703462,3.04766419460156,2.8651039746411278
3,rendszámtábla,rend,szám,tábla,16.05621910095215,21.70978546142578,13.159655570983887,32.425559997558594,23.31767463684082,16.307289123535156,12.212763786315918,13,4,4,5,2.3521825181113627,3.4260230156898763,4.107718610520263,3.2664668954402414
3,állítható,állít,ha,tó,16.054655075073242,10.527219772338867,15.342690467834473,6.355447769165039,16.857200622558594,11.512166976928711,14.637974739074707,9,5,2,2,2.3502480183341627,3.243286146083446,6.17849550526079,3.4243915544102776
3,kötelesek,köt,el,esek,19.138296127319336,12.259178161621094,18.546003341674805,13.050415992736816,28.222339630126953,17.142902374267578,5.772348403930664,9,3,2,4,2.3502480183341627,3.3575537197430814,6.021003960549296,2.722633922533812
3,háztartás,ház,tart,ás,9.393431663513184,10.398229598999023,11.647248268127441,27.611310958862305,28.075878143310547,27.77326202392578,12.842117309570312,9,3,4,2,2.3502480183341627,4.429510040813138,4.57142930306149,2.8651039746411278
3,bizonyítottad,bizonyít,ott,ad,23.105392456054688,23.04530143737793,9.695343971252441,7.792794704437256,27.262502670288086,27.15116310119629,9.66545295715332,13,8,3,2,2.3502480183341627,3.022840610876528,5.565865520533478,4.265996370495079
3,ajánlottad,ajánl,ott,ad,21.599964141845703,20.954320907592773,9.695343971252441,9.758390426635742,28.90712547302246,28.846397399902344,6.595655918121338,10,5,3,2,2.3502480183341627,3.1277525158329733,5.565865520533478,4.265996370495079
3,bandatagok,banda,tag,ok,16.683303833007812,18.153234481811523,10.330081939697266,13.832049369812012,26.655986785888672,27.163387298583984,7.972888469696045,10,5,3,2,2.3502480183341627,3.8407332346118066,3.6240757311456826,4.570554614307831
3,szembenéz,szem,be,néz,16.591705322265625,11.3080472946167,17.426774978637695,13.66727066040039,26.51325035095215,16.279783248901367,9.513106346130371,9,4,2,3,2.3502480183341627,3.861295393526696,5.611719060607776,4.756278485725145
3,szélesség,szél,ess,ég,18.348745346069336,18.65559959411621,10.510143280029297,14.748147964477539,28.068702697753906,28.14335823059082,6.376795291900635,9,4,3,2,2.3483048630481607,4.018284308426531,3.188084373714938,4.60959440922522
3,szülötte,szül,öt,te,15.729357719421387,16.38409996032715,10.373396873474121,13.105079650878906,25.59463119506836,26.566679000854492,7.409367084503174,8,4,2,2,2.3483048630481607,3.0132586652835167,4.697708720591836,5.976474700373688
3,ismerőseim,is,mer,őseim,11.09057903289795,25.528894424438477,25.309158325195312,27.251861572265625,27.393394470214844,12.978059768676758,11.641447067260742,10,2,3,5,2.3483048630481607,6.274002353245673,3.678154038010437,2.658964842664435
3,jelentettél,jelen,tett,él,21.689374923706055,13.833739280700684,16.091297149658203,28.30272102355957,13.574953079223633,23.33453369140625,11.943620681762695,11,5,4,2,2.346352974450639,4.004192356259714,4.623042434246382,4.520928734708947
3,ölelésre,ölel,és,re,14.711380004882812,15.324896812438965,9.258041381835938,7.976839542388916,21.05517578125,21.497976303100586,8.712907791137695,8,4,2,2,2.346352974450639,2.4183012913197452,6.556241936591766,3.6036855496146996
3,ugyanahhoz,ugyan,ah,hoz,16.697338104248047,16.38504409790039,8.824750900268555,14.801817893981934,28.413665771484375,26.990951538085938,5.697636127471924,10,5,2,3,2.3443922736851106,4.824125833916549,4.312346639030853,4.024772913079632
3,mindkétszer,mind,két,szer,19.040067672729492,10.774298667907715,17.810047149658203,26.95725440979004,17.208913803100586,27.386669158935547,9.102380752563477,11,4,3,4,2.3443922736851106,4.963131168842824,5.2855438074150465,3.13481437032046
3,hónapokra,hó,nap,okra,16.499286651611328,15.882704734802246,9.592094421386719,16.94978141784668,26.441669464111328,26.791059494018555,10.039215087890625,9,2,3,4,2.3443922736851106,3.7712199019495336,5.132003392986632,2.374748346010104
3,olyasvalakire,oly,as,valakire,11.055100440979004,24.82238006591797,22.917497634887695,30.687488555908203,29.947063446044922,10.90178394317627,4.971754550933838,13,3,2,8,2.3443922736851106,4.061942292028086,3.118595365223762,3.706803097037338
3,olyasvalakire,olyas,valaki,re,11.64094352722168,16.34540557861328,16.76465606689453,18.022769927978516,17.17667007446289,30.230674743652344,4.370111465454102,13,5,6,2,2.3443922736851106,2.513217600067939,5.271472183028717,3.6036855496146996
3,létrehoztunk,lét,re,hoztunk,16.16950225830078,13.955322265625,22.186052322387695,20.775514602661133,32.55082321166992,14.812747955322266,6.85423469543457,12,3,2,7,2.3443922736851106,3.0253058652647704,3.6036855496146996,3.394626764272209
3,műsorok,mű,sor,ok,16.845130920410156,17.42364501953125,10.448452949523926,14.966516494750977,28.906150817871094,28.915956497192383,9.232325553894043,7,2,3,2,2.342422680822206,2.9175055095525466,3.9732202468522337,4.570554614307831
3,keltettél,kel,tett,él,15.372902870178223,8.866471290588379,16.091297149658203,25.87278175354004,15.90913200378418,27.902803421020508,9.73203182220459,9,3,4,2,2.342422680822206,3.4756711883244296,4.623042434246382,4.520928734708947
3,támadásért,támad,ás,ért,21.904300689697266,22.381650924682617,11.39943790435791,6.684387683868408,26.301177978515625,26.568370819091797,6.819652080535889,10,5,2,3,2.3404441148401185,3.472171146692363,2.8651039746411278,4.410439786210347
3,próbaidőre,próba,idő,re,15.548749923706055,22.46150016784668,17.22687339782715,13.030654907226562,23.452634811401367,33.17295455932617,6.325990676879883,10,5,3,2,2.3404441148401185,3.4795753101749884,4.89272331759604,3.6036855496146996
3,észrevegye,ész,re,vegye,10.576953887939453,16.420305252075195,16.087011337280273,20.385398864746094,21.380035400390625,10.872281074523926,9.184174537658691,10,3,2,5,2.3404441148401185,3.3012470886362113,3.6036855496146996,4.14863349848935
3,jelenete,jele,ne,te,14.376163482666016,14.733382225036621,9.940202713012695,12.87182903289795,13.918684959411621,13.700285911560059,20.79085922241211,8,4,2,2,2.3404441148401185,3.787247880331954,5.978838538314173,5.976474700373688
3,gyilkosságokhoz,gyilkosság,ok,hoz,22.090192794799805,20.982851028442383,10.440560340881348,10.271222114562988,30.58765983581543,29.516071319580078,4.855010032653809,15,10,2,3,2.3404441148401185,4.209193195719529,4.570554614307831,4.024772913079632
3,kétségbeejtő,kétség,be,ejtő,17.49972152709961,14.444754600524902,23.326709747314453,19.900358200073242,34.15562438964844,17.019197463989258,6.618810653686523,12,6,2,4,2.3404441148401185,3.5220528008688223,5.611719060607776,2.8692317197309762
3,értesíti,érte,sí,ti,16.07770538330078,16.002267837524414,10.288249015808105,14.504012107849121,23.451688766479492,22.9094295501709,11.928884506225586,8,4,2,2,2.3384564936046046,4.678609416558926,2.8639173769578603,4.868462219808566
3,vészhelyzetre,vész,helyzet,re,10.185397148132324,16.03191375732422,16.63141441345215,17.97269630432129,19.18245506286621,31.130746841430664,7.541610240936279,13,4,7,2,2.3384564936046046,3.2860071220794747,4.7762361383202,3.6036855496146996
3,önkéntest,ön,kén,test,16.885332107543945,13.89649486541748,21.28657341003418,21.038471221923828,11.966645240783691,25.7995662689209,9.965368270874023,9,2,3,4,2.3384564936046046,5.066888466169809,2.4785664955938436,3.8831501996832776
3,önkéntest,ön,ként,est,13.366681098937988,9.789145469665527,12.130064010620117,21.038471221923828,23.45208168029785,22.862836837768555,7.8935160636901855,9,2,4,3,2.3384564936046046,5.066888466169809,2.6665179805548807,3.326335860928751
3,hadseregének,had,sereg,ének,16.72893714904785,11.783499717712402,14.62290096282959,27.818973541259766,17.385589599609375,26.62460708618164,8.835277557373047,12,3,5,4,2.3384564936046046,3.8217754671834636,3.4808689236871677,2.9380190974762104
